[0.152s] DEBUG:colcon:Command line arguments: ['/usr/bin/colcon', '--log-base', 'log_diagnostic', 'build', '--symlink-install', '--build-base', 'build_diagnostic', '--install-base', 'install_diagnostic', '--event-handlers', 'console_direct+']
[0.152s] DEBUG:colcon:Parsed command line arguments: Namespace(log_base='log_diagnostic', log_level=None, verb_name='build', build_base='/home/sweepi/SweePi/build_diagnostic', install_base='/home/sweepi/SweePi/install_diagnostic', merge_install=False, symlink_install=True, test_result_base=None, continue_on_error=False, executor='parallel', parallel_workers=4, event_handlers=['console_direct+'], ignore_user_meta=False, metas=['./colcon.meta'], base_paths=['.'], packages_ignore=None, packages_ignore_regex=None, paths=None, packages_up_to=None, packages_up_to_regex=None, packages_above=None, packages_above_and_dependencies=None, packages_above_depth=None, packages_select_by_dep=None, packages_skip_by_dep=None, packages_skip_up_to=None, packages_select_build_failed=False, packages_skip_build_finished=False, packages_select_test_failures=False, packages_skip_test_passed=False, packages_select=None, packages_skip=None, packages_select_regex=None, packages_skip_regex=None, packages_start=None, packages_end=None, allow_overriding=[], cmake_args=None, cmake_target=None, cmake_target_skip_unavailable=False, cmake_clean_cache=False, cmake_clean_first=False, cmake_force_configure=False, ament_cmake_args=None, catkin_cmake_args=None, catkin_skip_building_tests=False, mixin_files=None, mixin=None, verb_parser=<colcon_mixin.mixin.mixin_argument.MixinArgumentDecorator object at 0xffff91d41ca0>, verb_extension=<colcon_core.verb.build.BuildVerb object at 0xffff91ef28d0>, main=<bound method BuildVerb.main of <colcon_core.verb.build.BuildVerb object at 0xffff91ef28d0>>, mixin_verb=('build',))
[0.208s] Level 1:colcon.colcon_core.package_discovery:discover_packages(colcon_meta) check parameters
[0.208s] Level 1:colcon.colcon_core.package_discovery:discover_packages(recursive) check parameters
[0.208s] Level 1:colcon.colcon_core.package_discovery:discover_packages(ignore) check parameters
[0.208s] Level 1:colcon.colcon_core.package_discovery:discover_packages(path) check parameters
[0.208s] Level 1:colcon.colcon_core.package_discovery:discover_packages(colcon_meta) discover
[0.209s] Level 1:colcon.colcon_core.package_discovery:discover_packages(recursive) discover
[0.209s] INFO:colcon.colcon_core.package_discovery:Crawling recursively for packages in '/home/sweepi/SweePi'
[0.209s] Level 1:colcon.colcon_core.package_identification:_identify(.) by extensions ['ignore', 'ignore_ament_install']
[0.209s] Level 1:colcon.colcon_core.package_identification:_identify(.) by extension 'ignore'
[0.209s] Level 1:colcon.colcon_core.package_identification:_identify(.) by extension 'ignore_ament_install'
[0.209s] Level 1:colcon.colcon_core.package_identification:_identify(.) by extensions ['colcon_pkg']
[0.209s] Level 1:colcon.colcon_core.package_identification:_identify(.) by extension 'colcon_pkg'
[0.209s] Level 1:colcon.colcon_core.package_identification:_identify(.) by extensions ['colcon_meta']
[0.209s] Level 1:colcon.colcon_core.package_identification:_identify(.) by extension 'colcon_meta'
[0.209s] Level 1:colcon.colcon_core.package_identification:_identify(.) by extensions ['ros']
[0.209s] Level 1:colcon.colcon_core.package_identification:_identify(.) by extension 'ros'
[0.248s] Level 1:colcon.colcon_core.package_identification:_identify(.) by extensions ['cmake', 'python']
[0.248s] Level 1:colcon.colcon_core.package_identification:_identify(.) by extension 'cmake'
[0.248s] Level 1:colcon.colcon_core.package_identification:_identify(.) by extension 'python'
[0.248s] Level 1:colcon.colcon_core.package_identification:_identify(.) by extensions ['python_setup_py']
[0.248s] Level 1:colcon.colcon_core.package_identification:_identify(.) by extension 'python_setup_py'
[0.248s] Level 1:colcon.colcon_core.package_identification:_identify(build) by extensions ['ignore', 'ignore_ament_install']
[0.248s] Level 1:colcon.colcon_core.package_identification:_identify(build) by extension 'ignore'
[0.248s] Level 1:colcon.colcon_core.package_identification:_identify(build) ignored
[0.249s] Level 1:colcon.colcon_core.package_identification:_identify(build_diagnostic) by extensions ['ignore', 'ignore_ament_install']
[0.249s] Level 1:colcon.colcon_core.package_identification:_identify(build_diagnostic) by extension 'ignore'
[0.249s] Level 1:colcon.colcon_core.package_identification:_identify(build_diagnostic) ignored
[0.249s] Level 1:colcon.colcon_core.package_identification:_identify(diagnostics) by extensions ['ignore', 'ignore_ament_install']
[0.249s] Level 1:colcon.colcon_core.package_identification:_identify(diagnostics) by extension 'ignore'
[0.249s] Level 1:colcon.colcon_core.package_identification:_identify(diagnostics) by extension 'ignore_ament_install'
[0.249s] Level 1:colcon.colcon_core.package_identification:_identify(diagnostics) by extensions ['colcon_pkg']
[0.249s] Level 1:colcon.colcon_core.package_identification:_identify(diagnostics) by extension 'colcon_pkg'
[0.249s] Level 1:colcon.colcon_core.package_identification:_identify(diagnostics) by extensions ['colcon_meta']
[0.249s] Level 1:colcon.colcon_core.package_identification:_identify(diagnostics) by extension 'colcon_meta'
[0.249s] Level 1:colcon.colcon_core.package_identification:_identify(diagnostics) by extensions ['ros']
[0.249s] Level 1:colcon.colcon_core.package_identification:_identify(diagnostics) by extension 'ros'
[0.249s] Level 1:colcon.colcon_core.package_identification:_identify(diagnostics) by extensions ['cmake', 'python']
[0.249s] Level 1:colcon.colcon_core.package_identification:_identify(diagnostics) by extension 'cmake'
[0.249s] Level 1:colcon.colcon_core.package_identification:_identify(diagnostics) by extension 'python'
[0.250s] Level 1:colcon.colcon_core.package_identification:_identify(diagnostics) by extensions ['python_setup_py']
[0.250s] Level 1:colcon.colcon_core.package_identification:_identify(diagnostics) by extension 'python_setup_py'
[0.250s] Level 1:colcon.colcon_core.package_identification:_identify(diagnostics/20260712_010514) by extensions ['ignore', 'ignore_ament_install']
[0.250s] Level 1:colcon.colcon_core.package_identification:_identify(diagnostics/20260712_010514) by extension 'ignore'
[0.250s] Level 1:colcon.colcon_core.package_identification:_identify(diagnostics/20260712_010514) by extension 'ignore_ament_install'
[0.250s] Level 1:colcon.colcon_core.package_identification:_identify(diagnostics/20260712_010514) by extensions ['colcon_pkg']
[0.250s] Level 1:colcon.colcon_core.package_identification:_identify(diagnostics/20260712_010514) by extension 'colcon_pkg'
[0.250s] Level 1:colcon.colcon_core.package_identification:_identify(diagnostics/20260712_010514) by extensions ['colcon_meta']
[0.250s] Level 1:colcon.colcon_core.package_identification:_identify(diagnostics/20260712_010514) by extension 'colcon_meta'
[0.250s] Level 1:colcon.colcon_core.package_identification:_identify(diagnostics/20260712_010514) by extensions ['ros']
[0.250s] Level 1:colcon.colcon_core.package_identification:_identify(diagnostics/20260712_010514) by extension 'ros'
[0.250s] Level 1:colcon.colcon_core.package_identification:_identify(diagnostics/20260712_010514) by extensions ['cmake', 'python']
[0.250s] Level 1:colcon.colcon_core.package_identification:_identify(diagnostics/20260712_010514) by extension 'cmake'
[0.250s] Level 1:colcon.colcon_core.package_identification:_identify(diagnostics/20260712_010514) by extension 'python'
[0.250s] Level 1:colcon.colcon_core.package_identification:_identify(diagnostics/20260712_010514) by extensions ['python_setup_py']
[0.250s] Level 1:colcon.colcon_core.package_identification:_identify(diagnostics/20260712_010514) by extension 'python_setup_py'
[0.251s] Level 1:colcon.colcon_core.package_identification:_identify(diagnostics/20260712_010514/ros_logs_snapshot) by extensions ['ignore', 'ignore_ament_install']
[0.251s] Level 1:colcon.colcon_core.package_identification:_identify(diagnostics/20260712_010514/ros_logs_snapshot) by extension 'ignore'
[0.251s] Level 1:colcon.colcon_core.package_identification:_identify(diagnostics/20260712_010514/ros_logs_snapshot) by extension 'ignore_ament_install'
[0.252s] Level 1:colcon.colcon_core.package_identification:_identify(diagnostics/20260712_010514/ros_logs_snapshot) by extensions ['colcon_pkg']
[0.252s] Level 1:colcon.colcon_core.package_identification:_identify(diagnostics/20260712_010514/ros_logs_snapshot) by extension 'colcon_pkg'
[0.252s] Level 1:colcon.colcon_core.package_identification:_identify(diagnostics/20260712_010514/ros_logs_snapshot) by extensions ['colcon_meta']
[0.252s] Level 1:colcon.colcon_core.package_identification:_identify(diagnostics/20260712_010514/ros_logs_snapshot) by extension 'colcon_meta'
[0.252s] Level 1:colcon.colcon_core.package_identification:_identify(diagnostics/20260712_010514/ros_logs_snapshot) by extensions ['ros']
[0.252s] Level 1:colcon.colcon_core.package_identification:_identify(diagnostics/20260712_010514/ros_logs_snapshot) by extension 'ros'
[0.252s] Level 1:colcon.colcon_core.package_identification:_identify(diagnostics/20260712_010514/ros_logs_snapshot) by extensions ['cmake', 'python']
[0.252s] Level 1:colcon.colcon_core.package_identification:_identify(diagnostics/20260712_010514/ros_logs_snapshot) by extension 'cmake'
[0.252s] Level 1:colcon.colcon_core.package_identification:_identify(diagnostics/20260712_010514/ros_logs_snapshot) by extension 'python'
[0.252s] Level 1:colcon.colcon_core.package_identification:_identify(diagnostics/20260712_010514/ros_logs_snapshot) by extensions ['python_setup_py']
[0.252s] Level 1:colcon.colcon_core.package_identification:_identify(diagnostics/20260712_010514/ros_logs_snapshot) by extension 'python_setup_py'
[0.252s] Level 1:colcon.colcon_core.package_identification:_identify(diagnostics/20260712_010514/ros_logs_snapshot/2026-07-11-18-52-11-415145-sweepi-2114) by extensions ['ignore', 'ignore_ament_install']
[0.252s] Level 1:colcon.colcon_core.package_identification:_identify(diagnostics/20260712_010514/ros_logs_snapshot/2026-07-11-18-52-11-415145-sweepi-2114) by extension 'ignore'
[0.252s] Level 1:colcon.colcon_core.package_identification:_identify(diagnostics/20260712_010514/ros_logs_snapshot/2026-07-11-18-52-11-415145-sweepi-2114) by extension 'ignore_ament_install'
[0.252s] Level 1:colcon.colcon_core.package_identification:_identify(diagnostics/20260712_010514/ros_logs_snapshot/2026-07-11-18-52-11-415145-sweepi-2114) by extensions ['colcon_pkg']
[0.253s] Level 1:colcon.colcon_core.package_identification:_identify(diagnostics/20260712_010514/ros_logs_snapshot/2026-07-11-18-52-11-415145-sweepi-2114) by extension 'colcon_pkg'
[0.253s] Level 1:colcon.colcon_core.package_identification:_identify(diagnostics/20260712_010514/ros_logs_snapshot/2026-07-11-18-52-11-415145-sweepi-2114) by extensions ['colcon_meta']
[0.253s] Level 1:colcon.colcon_core.package_identification:_identify(diagnostics/20260712_010514/ros_logs_snapshot/2026-07-11-18-52-11-415145-sweepi-2114) by extension 'colcon_meta'
[0.253s] Level 1:colcon.colcon_core.package_identification:_identify(diagnostics/20260712_010514/ros_logs_snapshot/2026-07-11-18-52-11-415145-sweepi-2114) by extensions ['ros']
[0.253s] Level 1:colcon.colcon_core.package_identification:_identify(diagnostics/20260712_010514/ros_logs_snapshot/2026-07-11-18-52-11-415145-sweepi-2114) by extension 'ros'
[0.253s] Level 1:colcon.colcon_core.package_identification:_identify(diagnostics/20260712_010514/ros_logs_snapshot/2026-07-11-18-52-11-415145-sweepi-2114) by extensions ['cmake', 'python']
[0.253s] Level 1:colcon.colcon_core.package_identification:_identify(diagnostics/20260712_010514/ros_logs_snapshot/2026-07-11-18-52-11-415145-sweepi-2114) by extension 'cmake'
[0.253s] Level 1:colcon.colcon_core.package_identification:_identify(diagnostics/20260712_010514/ros_logs_snapshot/2026-07-11-18-52-11-415145-sweepi-2114) by extension 'python'
[0.253s] Level 1:colcon.colcon_core.package_identification:_identify(diagnostics/20260712_010514/ros_logs_snapshot/2026-07-11-18-52-11-415145-sweepi-2114) by extensions ['python_setup_py']
[0.253s] Level 1:colcon.colcon_core.package_identification:_identify(diagnostics/20260712_010514/ros_logs_snapshot/2026-07-11-18-52-11-415145-sweepi-2114) by extension 'python_setup_py'
[0.253s] Level 1:colcon.colcon_core.package_identification:_identify(diagnostics/20260712_010514/ros_logs_snapshot/2026-07-11-19-00-26-560959-sweepi-2271) by extensions ['ignore', 'ignore_ament_install']
[0.253s] Level 1:colcon.colcon_core.package_identification:_identify(diagnostics/20260712_010514/ros_logs_snapshot/2026-07-11-19-00-26-560959-sweepi-2271) by extension 'ignore'
[0.253s] Level 1:colcon.colcon_core.package_identification:_identify(diagnostics/20260712_010514/ros_logs_snapshot/2026-07-11-19-00-26-560959-sweepi-2271) by extension 'ignore_ament_install'
[0.253s] Level 1:colcon.colcon_core.package_identification:_identify(diagnostics/20260712_010514/ros_logs_snapshot/2026-07-11-19-00-26-560959-sweepi-2271) by extensions ['colcon_pkg']
[0.253s] Level 1:colcon.colcon_core.package_identification:_identify(diagnostics/20260712_010514/ros_logs_snapshot/2026-07-11-19-00-26-560959-sweepi-2271) by extension 'colcon_pkg'
[0.253s] Level 1:colcon.colcon_core.package_identification:_identify(diagnostics/20260712_010514/ros_logs_snapshot/2026-07-11-19-00-26-560959-sweepi-2271) by extensions ['colcon_meta']
[0.253s] Level 1:colcon.colcon_core.package_identification:_identify(diagnostics/20260712_010514/ros_logs_snapshot/2026-07-11-19-00-26-560959-sweepi-2271) by extension 'colcon_meta'
[0.253s] Level 1:colcon.colcon_core.package_identification:_identify(diagnostics/20260712_010514/ros_logs_snapshot/2026-07-11-19-00-26-560959-sweepi-2271) by extensions ['ros']
[0.253s] Level 1:colcon.colcon_core.package_identification:_identify(diagnostics/20260712_010514/ros_logs_snapshot/2026-07-11-19-00-26-560959-sweepi-2271) by extension 'ros'
[0.254s] Level 1:colcon.colcon_core.package_identification:_identify(diagnostics/20260712_010514/ros_logs_snapshot/2026-07-11-19-00-26-560959-sweepi-2271) by extensions ['cmake', 'python']
[0.254s] Level 1:colcon.colcon_core.package_identification:_identify(diagnostics/20260712_010514/ros_logs_snapshot/2026-07-11-19-00-26-560959-sweepi-2271) by extension 'cmake'
[0.254s] Level 1:colcon.colcon_core.package_identification:_identify(diagnostics/20260712_010514/ros_logs_snapshot/2026-07-11-19-00-26-560959-sweepi-2271) by extension 'python'
[0.254s] Level 1:colcon.colcon_core.package_identification:_identify(diagnostics/20260712_010514/ros_logs_snapshot/2026-07-11-19-00-26-560959-sweepi-2271) by extensions ['python_setup_py']
[0.254s] Level 1:colcon.colcon_core.package_identification:_identify(diagnostics/20260712_010514/ros_logs_snapshot/2026-07-11-19-00-26-560959-sweepi-2271) by extension 'python_setup_py'
[0.254s] Level 1:colcon.colcon_core.package_identification:_identify(diagnostics/20260712_010514/ros_logs_snapshot/2026-07-11-19-04-16-895678-sweepi-2846) by extensions ['ignore', 'ignore_ament_install']
[0.254s] Level 1:colcon.colcon_core.package_identification:_identify(diagnostics/20260712_010514/ros_logs_snapshot/2026-07-11-19-04-16-895678-sweepi-2846) by extension 'ignore'
[0.254s] Level 1:colcon.colcon_core.package_identification:_identify(diagnostics/20260712_010514/ros_logs_snapshot/2026-07-11-19-04-16-895678-sweepi-2846) by extension 'ignore_ament_install'
[0.254s] Level 1:colcon.colcon_core.package_identification:_identify(diagnostics/20260712_010514/ros_logs_snapshot/2026-07-11-19-04-16-895678-sweepi-2846) by extensions ['colcon_pkg']
[0.254s] Level 1:colcon.colcon_core.package_identification:_identify(diagnostics/20260712_010514/ros_logs_snapshot/2026-07-11-19-04-16-895678-sweepi-2846) by extension 'colcon_pkg'
[0.254s] Level 1:colcon.colcon_core.package_identification:_identify(diagnostics/20260712_010514/ros_logs_snapshot/2026-07-11-19-04-16-895678-sweepi-2846) by extensions ['colcon_meta']
[0.254s] Level 1:colcon.colcon_core.package_identification:_identify(diagnostics/20260712_010514/ros_logs_snapshot/2026-07-11-19-04-16-895678-sweepi-2846) by extension 'colcon_meta'
[0.254s] Level 1:colcon.colcon_core.package_identification:_identify(diagnostics/20260712_010514/ros_logs_snapshot/2026-07-11-19-04-16-895678-sweepi-2846) by extensions ['ros']
[0.254s] Level 1:colcon.colcon_core.package_identification:_identify(diagnostics/20260712_010514/ros_logs_snapshot/2026-07-11-19-04-16-895678-sweepi-2846) by extension 'ros'
[0.254s] Level 1:colcon.colcon_core.package_identification:_identify(diagnostics/20260712_010514/ros_logs_snapshot/2026-07-11-19-04-16-895678-sweepi-2846) by extensions ['cmake', 'python']
[0.254s] Level 1:colcon.colcon_core.package_identification:_identify(diagnostics/20260712_010514/ros_logs_snapshot/2026-07-11-19-04-16-895678-sweepi-2846) by extension 'cmake'
[0.254s] Level 1:colcon.colcon_core.package_identification:_identify(diagnostics/20260712_010514/ros_logs_snapshot/2026-07-11-19-04-16-895678-sweepi-2846) by extension 'python'
[0.254s] Level 1:colcon.colcon_core.package_identification:_identify(diagnostics/20260712_010514/ros_logs_snapshot/2026-07-11-19-04-16-895678-sweepi-2846) by extensions ['python_setup_py']
[0.254s] Level 1:colcon.colcon_core.package_identification:_identify(diagnostics/20260712_010514/ros_logs_snapshot/2026-07-11-19-04-16-895678-sweepi-2846) by extension 'python_setup_py'
[0.255s] Level 1:colcon.colcon_core.package_identification:_identify(diagnostics/20260712_010514/ros_logs_snapshot/2026-07-11-19-04-56-601972-sweepi-3084) by extensions ['ignore', 'ignore_ament_install']
[0.255s] Level 1:colcon.colcon_core.package_identification:_identify(diagnostics/20260712_010514/ros_logs_snapshot/2026-07-11-19-04-56-601972-sweepi-3084) by extension 'ignore'
[0.255s] Level 1:colcon.colcon_core.package_identification:_identify(diagnostics/20260712_010514/ros_logs_snapshot/2026-07-11-19-04-56-601972-sweepi-3084) by extension 'ignore_ament_install'
[0.255s] Level 1:colcon.colcon_core.package_identification:_identify(diagnostics/20260712_010514/ros_logs_snapshot/2026-07-11-19-04-56-601972-sweepi-3084) by extensions ['colcon_pkg']
[0.255s] Level 1:colcon.colcon_core.package_identification:_identify(diagnostics/20260712_010514/ros_logs_snapshot/2026-07-11-19-04-56-601972-sweepi-3084) by extension 'colcon_pkg'
[0.255s] Level 1:colcon.colcon_core.package_identification:_identify(diagnostics/20260712_010514/ros_logs_snapshot/2026-07-11-19-04-56-601972-sweepi-3084) by extensions ['colcon_meta']
[0.255s] Level 1:colcon.colcon_core.package_identification:_identify(diagnostics/20260712_010514/ros_logs_snapshot/2026-07-11-19-04-56-601972-sweepi-3084) by extension 'colcon_meta'
[0.255s] Level 1:colcon.colcon_core.package_identification:_identify(diagnostics/20260712_010514/ros_logs_snapshot/2026-07-11-19-04-56-601972-sweepi-3084) by extensions ['ros']
[0.255s] Level 1:colcon.colcon_core.package_identification:_identify(diagnostics/20260712_010514/ros_logs_snapshot/2026-07-11-19-04-56-601972-sweepi-3084) by extension 'ros'
[0.255s] Level 1:colcon.colcon_core.package_identification:_identify(diagnostics/20260712_010514/ros_logs_snapshot/2026-07-11-19-04-56-601972-sweepi-3084) by extensions ['cmake', 'python']
[0.255s] Level 1:colcon.colcon_core.package_identification:_identify(diagnostics/20260712_010514/ros_logs_snapshot/2026-07-11-19-04-56-601972-sweepi-3084) by extension 'cmake'
[0.255s] Level 1:colcon.colcon_core.package_identification:_identify(diagnostics/20260712_010514/ros_logs_snapshot/2026-07-11-19-04-56-601972-sweepi-3084) by extension 'python'
[0.255s] Level 1:colcon.colcon_core.package_identification:_identify(diagnostics/20260712_010514/ros_logs_snapshot/2026-07-11-19-04-56-601972-sweepi-3084) by extensions ['python_setup_py']
[0.255s] Level 1:colcon.colcon_core.package_identification:_identify(diagnostics/20260712_010514/ros_logs_snapshot/2026-07-11-19-04-56-601972-sweepi-3084) by extension 'python_setup_py'
[0.255s] Level 1:colcon.colcon_core.package_identification:_identify(diagnostics/20260712_010514/ros_logs_snapshot/2026-07-11-19-06-39-202531-sweepi-3496) by extensions ['ignore', 'ignore_ament_install']
[0.255s] Level 1:colcon.colcon_core.package_identification:_identify(diagnostics/20260712_010514/ros_logs_snapshot/2026-07-11-19-06-39-202531-sweepi-3496) by extension 'ignore'
[0.256s] Level 1:colcon.colcon_core.package_identification:_identify(diagnostics/20260712_010514/ros_logs_snapshot/2026-07-11-19-06-39-202531-sweepi-3496) by extension 'ignore_ament_install'
[0.256s] Level 1:colcon.colcon_core.package_identification:_identify(diagnostics/20260712_010514/ros_logs_snapshot/2026-07-11-19-06-39-202531-sweepi-3496) by extensions ['colcon_pkg']
[0.256s] Level 1:colcon.colcon_core.package_identification:_identify(diagnostics/20260712_010514/ros_logs_snapshot/2026-07-11-19-06-39-202531-sweepi-3496) by extension 'colcon_pkg'
[0.256s] Level 1:colcon.colcon_core.package_identification:_identify(diagnostics/20260712_010514/ros_logs_snapshot/2026-07-11-19-06-39-202531-sweepi-3496) by extensions ['colcon_meta']
[0.256s] Level 1:colcon.colcon_core.package_identification:_identify(diagnostics/20260712_010514/ros_logs_snapshot/2026-07-11-19-06-39-202531-sweepi-3496) by extension 'colcon_meta'
[0.256s] Level 1:colcon.colcon_core.package_identification:_identify(diagnostics/20260712_010514/ros_logs_snapshot/2026-07-11-19-06-39-202531-sweepi-3496) by extensions ['ros']
[0.256s] Level 1:colcon.colcon_core.package_identification:_identify(diagnostics/20260712_010514/ros_logs_snapshot/2026-07-11-19-06-39-202531-sweepi-3496) by extension 'ros'
[0.256s] Level 1:colcon.colcon_core.package_identification:_identify(diagnostics/20260712_010514/ros_logs_snapshot/2026-07-11-19-06-39-202531-sweepi-3496) by extensions ['cmake', 'python']
[0.256s] Level 1:colcon.colcon_core.package_identification:_identify(diagnostics/20260712_010514/ros_logs_snapshot/2026-07-11-19-06-39-202531-sweepi-3496) by extension 'cmake'
[0.256s] Level 1:colcon.colcon_core.package_identification:_identify(diagnostics/20260712_010514/ros_logs_snapshot/2026-07-11-19-06-39-202531-sweepi-3496) by extension 'python'
[0.256s] Level 1:colcon.colcon_core.package_identification:_identify(diagnostics/20260712_010514/ros_logs_snapshot/2026-07-11-19-06-39-202531-sweepi-3496) by extensions ['python_setup_py']
[0.256s] Level 1:colcon.colcon_core.package_identification:_identify(diagnostics/20260712_010514/ros_logs_snapshot/2026-07-11-19-06-39-202531-sweepi-3496) by extension 'python_setup_py'
[0.256s] Level 1:colcon.colcon_core.package_identification:_identify(diagnostics/20260712_010514/ros_logs_snapshot/2026-07-11-19-14-26-729913-sweepi-4329) by extensions ['ignore', 'ignore_ament_install']
[0.256s] Level 1:colcon.colcon_core.package_identification:_identify(diagnostics/20260712_010514/ros_logs_snapshot/2026-07-11-19-14-26-729913-sweepi-4329) by extension 'ignore'
[0.256s] Level 1:colcon.colcon_core.package_identification:_identify(diagnostics/20260712_010514/ros_logs_snapshot/2026-07-11-19-14-26-729913-sweepi-4329) by extension 'ignore_ament_install'
[0.256s] Level 1:colcon.colcon_core.package_identification:_identify(diagnostics/20260712_010514/ros_logs_snapshot/2026-07-11-19-14-26-729913-sweepi-4329) by extensions ['colcon_pkg']
[0.256s] Level 1:colcon.colcon_core.package_identification:_identify(diagnostics/20260712_010514/ros_logs_snapshot/2026-07-11-19-14-26-729913-sweepi-4329) by extension 'colcon_pkg'
[0.256s] Level 1:colcon.colcon_core.package_identification:_identify(diagnostics/20260712_010514/ros_logs_snapshot/2026-07-11-19-14-26-729913-sweepi-4329) by extensions ['colcon_meta']
[0.256s] Level 1:colcon.colcon_core.package_identification:_identify(diagnostics/20260712_010514/ros_logs_snapshot/2026-07-11-19-14-26-729913-sweepi-4329) by extension 'colcon_meta'
[0.256s] Level 1:colcon.colcon_core.package_identification:_identify(diagnostics/20260712_010514/ros_logs_snapshot/2026-07-11-19-14-26-729913-sweepi-4329) by extensions ['ros']
[0.257s] Level 1:colcon.colcon_core.package_identification:_identify(diagnostics/20260712_010514/ros_logs_snapshot/2026-07-11-19-14-26-729913-sweepi-4329) by extension 'ros'
[0.257s] Level 1:colcon.colcon_core.package_identification:_identify(diagnostics/20260712_010514/ros_logs_snapshot/2026-07-11-19-14-26-729913-sweepi-4329) by extensions ['cmake', 'python']
[0.257s] Level 1:colcon.colcon_core.package_identification:_identify(diagnostics/20260712_010514/ros_logs_snapshot/2026-07-11-19-14-26-729913-sweepi-4329) by extension 'cmake'
[0.257s] Level 1:colcon.colcon_core.package_identification:_identify(diagnostics/20260712_010514/ros_logs_snapshot/2026-07-11-19-14-26-729913-sweepi-4329) by extension 'python'
[0.257s] Level 1:colcon.colcon_core.package_identification:_identify(diagnostics/20260712_010514/ros_logs_snapshot/2026-07-11-19-14-26-729913-sweepi-4329) by extensions ['python_setup_py']
[0.257s] Level 1:colcon.colcon_core.package_identification:_identify(diagnostics/20260712_010514/ros_logs_snapshot/2026-07-11-19-14-26-729913-sweepi-4329) by extension 'python_setup_py'
[0.257s] Level 1:colcon.colcon_core.package_identification:_identify(diagnostics/20260712_010514/ros_logs_snapshot/2026-07-11-19-16-35-670181-sweepi-4762) by extensions ['ignore', 'ignore_ament_install']
[0.257s] Level 1:colcon.colcon_core.package_identification:_identify(diagnostics/20260712_010514/ros_logs_snapshot/2026-07-11-19-16-35-670181-sweepi-4762) by extension 'ignore'
[0.257s] Level 1:colcon.colcon_core.package_identification:_identify(diagnostics/20260712_010514/ros_logs_snapshot/2026-07-11-19-16-35-670181-sweepi-4762) by extension 'ignore_ament_install'
[0.257s] Level 1:colcon.colcon_core.package_identification:_identify(diagnostics/20260712_010514/ros_logs_snapshot/2026-07-11-19-16-35-670181-sweepi-4762) by extensions ['colcon_pkg']
[0.257s] Level 1:colcon.colcon_core.package_identification:_identify(diagnostics/20260712_010514/ros_logs_snapshot/2026-07-11-19-16-35-670181-sweepi-4762) by extension 'colcon_pkg'
[0.257s] Level 1:colcon.colcon_core.package_identification:_identify(diagnostics/20260712_010514/ros_logs_snapshot/2026-07-11-19-16-35-670181-sweepi-4762) by extensions ['colcon_meta']
[0.257s] Level 1:colcon.colcon_core.package_identification:_identify(diagnostics/20260712_010514/ros_logs_snapshot/2026-07-11-19-16-35-670181-sweepi-4762) by extension 'colcon_meta'
[0.257s] Level 1:colcon.colcon_core.package_identification:_identify(diagnostics/20260712_010514/ros_logs_snapshot/2026-07-11-19-16-35-670181-sweepi-4762) by extensions ['ros']
[0.257s] Level 1:colcon.colcon_core.package_identification:_identify(diagnostics/20260712_010514/ros_logs_snapshot/2026-07-11-19-16-35-670181-sweepi-4762) by extension 'ros'
[0.257s] Level 1:colcon.colcon_core.package_identification:_identify(diagnostics/20260712_010514/ros_logs_snapshot/2026-07-11-19-16-35-670181-sweepi-4762) by extensions ['cmake', 'python']
[0.257s] Level 1:colcon.colcon_core.package_identification:_identify(diagnostics/20260712_010514/ros_logs_snapshot/2026-07-11-19-16-35-670181-sweepi-4762) by extension 'cmake'
[0.258s] Level 1:colcon.colcon_core.package_identification:_identify(diagnostics/20260712_010514/ros_logs_snapshot/2026-07-11-19-16-35-670181-sweepi-4762) by extension 'python'
[0.258s] Level 1:colcon.colcon_core.package_identification:_identify(diagnostics/20260712_010514/ros_logs_snapshot/2026-07-11-19-16-35-670181-sweepi-4762) by extensions ['python_setup_py']
[0.258s] Level 1:colcon.colcon_core.package_identification:_identify(diagnostics/20260712_010514/ros_logs_snapshot/2026-07-11-19-16-35-670181-sweepi-4762) by extension 'python_setup_py'
[0.258s] Level 1:colcon.colcon_core.package_identification:_identify(diagnostics/20260712_010514/ros_logs_snapshot/2026-07-11-19-16-58-906555-sweepi-4940) by extensions ['ignore', 'ignore_ament_install']
[0.258s] Level 1:colcon.colcon_core.package_identification:_identify(diagnostics/20260712_010514/ros_logs_snapshot/2026-07-11-19-16-58-906555-sweepi-4940) by extension 'ignore'
[0.258s] Level 1:colcon.colcon_core.package_identification:_identify(diagnostics/20260712_010514/ros_logs_snapshot/2026-07-11-19-16-58-906555-sweepi-4940) by extension 'ignore_ament_install'
[0.258s] Level 1:colcon.colcon_core.package_identification:_identify(diagnostics/20260712_010514/ros_logs_snapshot/2026-07-11-19-16-58-906555-sweepi-4940) by extensions ['colcon_pkg']
[0.258s] Level 1:colcon.colcon_core.package_identification:_identify(diagnostics/20260712_010514/ros_logs_snapshot/2026-07-11-19-16-58-906555-sweepi-4940) by extension 'colcon_pkg'
[0.258s] Level 1:colcon.colcon_core.package_identification:_identify(diagnostics/20260712_010514/ros_logs_snapshot/2026-07-11-19-16-58-906555-sweepi-4940) by extensions ['colcon_meta']
[0.258s] Level 1:colcon.colcon_core.package_identification:_identify(diagnostics/20260712_010514/ros_logs_snapshot/2026-07-11-19-16-58-906555-sweepi-4940) by extension 'colcon_meta'
[0.258s] Level 1:colcon.colcon_core.package_identification:_identify(diagnostics/20260712_010514/ros_logs_snapshot/2026-07-11-19-16-58-906555-sweepi-4940) by extensions ['ros']
[0.258s] Level 1:colcon.colcon_core.package_identification:_identify(diagnostics/20260712_010514/ros_logs_snapshot/2026-07-11-19-16-58-906555-sweepi-4940) by extension 'ros'
[0.258s] Level 1:colcon.colcon_core.package_identification:_identify(diagnostics/20260712_010514/ros_logs_snapshot/2026-07-11-19-16-58-906555-sweepi-4940) by extensions ['cmake', 'python']
[0.258s] Level 1:colcon.colcon_core.package_identification:_identify(diagnostics/20260712_010514/ros_logs_snapshot/2026-07-11-19-16-58-906555-sweepi-4940) by extension 'cmake'
[0.258s] Level 1:colcon.colcon_core.package_identification:_identify(diagnostics/20260712_010514/ros_logs_snapshot/2026-07-11-19-16-58-906555-sweepi-4940) by extension 'python'
[0.258s] Level 1:colcon.colcon_core.package_identification:_identify(diagnostics/20260712_010514/ros_logs_snapshot/2026-07-11-19-16-58-906555-sweepi-4940) by extensions ['python_setup_py']
[0.258s] Level 1:colcon.colcon_core.package_identification:_identify(diagnostics/20260712_010514/ros_logs_snapshot/2026-07-11-19-16-58-906555-sweepi-4940) by extension 'python_setup_py'
[0.259s] Level 1:colcon.colcon_core.package_identification:_identify(diagnostics/20260712_010514/ros_logs_snapshot/2026-07-11-19-25-11-341657-sweepi-7681) by extensions ['ignore', 'ignore_ament_install']
[0.259s] Level 1:colcon.colcon_core.package_identification:_identify(diagnostics/20260712_010514/ros_logs_snapshot/2026-07-11-19-25-11-341657-sweepi-7681) by extension 'ignore'
[0.259s] Level 1:colcon.colcon_core.package_identification:_identify(diagnostics/20260712_010514/ros_logs_snapshot/2026-07-11-19-25-11-341657-sweepi-7681) by extension 'ignore_ament_install'
[0.259s] Level 1:colcon.colcon_core.package_identification:_identify(diagnostics/20260712_010514/ros_logs_snapshot/2026-07-11-19-25-11-341657-sweepi-7681) by extensions ['colcon_pkg']
[0.259s] Level 1:colcon.colcon_core.package_identification:_identify(diagnostics/20260712_010514/ros_logs_snapshot/2026-07-11-19-25-11-341657-sweepi-7681) by extension 'colcon_pkg'
[0.259s] Level 1:colcon.colcon_core.package_identification:_identify(diagnostics/20260712_010514/ros_logs_snapshot/2026-07-11-19-25-11-341657-sweepi-7681) by extensions ['colcon_meta']
[0.259s] Level 1:colcon.colcon_core.package_identification:_identify(diagnostics/20260712_010514/ros_logs_snapshot/2026-07-11-19-25-11-341657-sweepi-7681) by extension 'colcon_meta'
[0.259s] Level 1:colcon.colcon_core.package_identification:_identify(diagnostics/20260712_010514/ros_logs_snapshot/2026-07-11-19-25-11-341657-sweepi-7681) by extensions ['ros']
[0.259s] Level 1:colcon.colcon_core.package_identification:_identify(diagnostics/20260712_010514/ros_logs_snapshot/2026-07-11-19-25-11-341657-sweepi-7681) by extension 'ros'
[0.259s] Level 1:colcon.colcon_core.package_identification:_identify(diagnostics/20260712_010514/ros_logs_snapshot/2026-07-11-19-25-11-341657-sweepi-7681) by extensions ['cmake', 'python']
[0.259s] Level 1:colcon.colcon_core.package_identification:_identify(diagnostics/20260712_010514/ros_logs_snapshot/2026-07-11-19-25-11-341657-sweepi-7681) by extension 'cmake'
[0.259s] Level 1:colcon.colcon_core.package_identification:_identify(diagnostics/20260712_010514/ros_logs_snapshot/2026-07-11-19-25-11-341657-sweepi-7681) by extension 'python'
[0.259s] Level 1:colcon.colcon_core.package_identification:_identify(diagnostics/20260712_010514/ros_logs_snapshot/2026-07-11-19-25-11-341657-sweepi-7681) by extensions ['python_setup_py']
[0.259s] Level 1:colcon.colcon_core.package_identification:_identify(diagnostics/20260712_010514/ros_logs_snapshot/2026-07-11-19-25-11-341657-sweepi-7681) by extension 'python_setup_py'
[0.259s] Level 1:colcon.colcon_core.package_identification:_identify(diagnostics/20260712_010514/ros_logs_snapshot/2026-07-11-19-25-54-370282-sweepi-7954) by extensions ['ignore', 'ignore_ament_install']
[0.259s] Level 1:colcon.colcon_core.package_identification:_identify(diagnostics/20260712_010514/ros_logs_snapshot/2026-07-11-19-25-54-370282-sweepi-7954) by extension 'ignore'
[0.259s] Level 1:colcon.colcon_core.package_identification:_identify(diagnostics/20260712_010514/ros_logs_snapshot/2026-07-11-19-25-54-370282-sweepi-7954) by extension 'ignore_ament_install'
[0.260s] Level 1:colcon.colcon_core.package_identification:_identify(diagnostics/20260712_010514/ros_logs_snapshot/2026-07-11-19-25-54-370282-sweepi-7954) by extensions ['colcon_pkg']
[0.260s] Level 1:colcon.colcon_core.package_identification:_identify(diagnostics/20260712_010514/ros_logs_snapshot/2026-07-11-19-25-54-370282-sweepi-7954) by extension 'colcon_pkg'
[0.260s] Level 1:colcon.colcon_core.package_identification:_identify(diagnostics/20260712_010514/ros_logs_snapshot/2026-07-11-19-25-54-370282-sweepi-7954) by extensions ['colcon_meta']
[0.260s] Level 1:colcon.colcon_core.package_identification:_identify(diagnostics/20260712_010514/ros_logs_snapshot/2026-07-11-19-25-54-370282-sweepi-7954) by extension 'colcon_meta'
[0.260s] Level 1:colcon.colcon_core.package_identification:_identify(diagnostics/20260712_010514/ros_logs_snapshot/2026-07-11-19-25-54-370282-sweepi-7954) by extensions ['ros']
[0.260s] Level 1:colcon.colcon_core.package_identification:_identify(diagnostics/20260712_010514/ros_logs_snapshot/2026-07-11-19-25-54-370282-sweepi-7954) by extension 'ros'
[0.260s] Level 1:colcon.colcon_core.package_identification:_identify(diagnostics/20260712_010514/ros_logs_snapshot/2026-07-11-19-25-54-370282-sweepi-7954) by extensions ['cmake', 'python']
[0.260s] Level 1:colcon.colcon_core.package_identification:_identify(diagnostics/20260712_010514/ros_logs_snapshot/2026-07-11-19-25-54-370282-sweepi-7954) by extension 'cmake'
[0.260s] Level 1:colcon.colcon_core.package_identification:_identify(diagnostics/20260712_010514/ros_logs_snapshot/2026-07-11-19-25-54-370282-sweepi-7954) by extension 'python'
[0.260s] Level 1:colcon.colcon_core.package_identification:_identify(diagnostics/20260712_010514/ros_logs_snapshot/2026-07-11-19-25-54-370282-sweepi-7954) by extensions ['python_setup_py']
[0.260s] Level 1:colcon.colcon_core.package_identification:_identify(diagnostics/20260712_010514/ros_logs_snapshot/2026-07-11-19-25-54-370282-sweepi-7954) by extension 'python_setup_py'
[0.260s] Level 1:colcon.colcon_core.package_identification:_identify(diagnostics/20260712_010514/ros_logs_snapshot/2026-07-11-19-28-38-464025-sweepi-8924) by extensions ['ignore', 'ignore_ament_install']
[0.260s] Level 1:colcon.colcon_core.package_identification:_identify(diagnostics/20260712_010514/ros_logs_snapshot/2026-07-11-19-28-38-464025-sweepi-8924) by extension 'ignore'
[0.260s] Level 1:colcon.colcon_core.package_identification:_identify(diagnostics/20260712_010514/ros_logs_snapshot/2026-07-11-19-28-38-464025-sweepi-8924) by extension 'ignore_ament_install'
[0.260s] Level 1:colcon.colcon_core.package_identification:_identify(diagnostics/20260712_010514/ros_logs_snapshot/2026-07-11-19-28-38-464025-sweepi-8924) by extensions ['colcon_pkg']
[0.260s] Level 1:colcon.colcon_core.package_identification:_identify(diagnostics/20260712_010514/ros_logs_snapshot/2026-07-11-19-28-38-464025-sweepi-8924) by extension 'colcon_pkg'
[0.260s] Level 1:colcon.colcon_core.package_identification:_identify(diagnostics/20260712_010514/ros_logs_snapshot/2026-07-11-19-28-38-464025-sweepi-8924) by extensions ['colcon_meta']
[0.260s] Level 1:colcon.colcon_core.package_identification:_identify(diagnostics/20260712_010514/ros_logs_snapshot/2026-07-11-19-28-38-464025-sweepi-8924) by extension 'colcon_meta'
[0.260s] Level 1:colcon.colcon_core.package_identification:_identify(diagnostics/20260712_010514/ros_logs_snapshot/2026-07-11-19-28-38-464025-sweepi-8924) by extensions ['ros']
[0.260s] Level 1:colcon.colcon_core.package_identification:_identify(diagnostics/20260712_010514/ros_logs_snapshot/2026-07-11-19-28-38-464025-sweepi-8924) by extension 'ros'
[0.261s] Level 1:colcon.colcon_core.package_identification:_identify(diagnostics/20260712_010514/ros_logs_snapshot/2026-07-11-19-28-38-464025-sweepi-8924) by extensions ['cmake', 'python']
[0.261s] Level 1:colcon.colcon_core.package_identification:_identify(diagnostics/20260712_010514/ros_logs_snapshot/2026-07-11-19-28-38-464025-sweepi-8924) by extension 'cmake'
[0.261s] Level 1:colcon.colcon_core.package_identification:_identify(diagnostics/20260712_010514/ros_logs_snapshot/2026-07-11-19-28-38-464025-sweepi-8924) by extension 'python'
[0.261s] Level 1:colcon.colcon_core.package_identification:_identify(diagnostics/20260712_010514/ros_logs_snapshot/2026-07-11-19-28-38-464025-sweepi-8924) by extensions ['python_setup_py']
[0.261s] Level 1:colcon.colcon_core.package_identification:_identify(diagnostics/20260712_010514/ros_logs_snapshot/2026-07-11-19-28-38-464025-sweepi-8924) by extension 'python_setup_py'
[0.261s] Level 1:colcon.colcon_core.package_identification:_identify(diagnostics/20260712_010514/ros_logs_snapshot/2026-07-11-19-29-46-844781-sweepi-9601) by extensions ['ignore', 'ignore_ament_install']
[0.261s] Level 1:colcon.colcon_core.package_identification:_identify(diagnostics/20260712_010514/ros_logs_snapshot/2026-07-11-19-29-46-844781-sweepi-9601) by extension 'ignore'
[0.261s] Level 1:colcon.colcon_core.package_identification:_identify(diagnostics/20260712_010514/ros_logs_snapshot/2026-07-11-19-29-46-844781-sweepi-9601) by extension 'ignore_ament_install'
[0.261s] Level 1:colcon.colcon_core.package_identification:_identify(diagnostics/20260712_010514/ros_logs_snapshot/2026-07-11-19-29-46-844781-sweepi-9601) by extensions ['colcon_pkg']
[0.261s] Level 1:colcon.colcon_core.package_identification:_identify(diagnostics/20260712_010514/ros_logs_snapshot/2026-07-11-19-29-46-844781-sweepi-9601) by extension 'colcon_pkg'
[0.261s] Level 1:colcon.colcon_core.package_identification:_identify(diagnostics/20260712_010514/ros_logs_snapshot/2026-07-11-19-29-46-844781-sweepi-9601) by extensions ['colcon_meta']
[0.261s] Level 1:colcon.colcon_core.package_identification:_identify(diagnostics/20260712_010514/ros_logs_snapshot/2026-07-11-19-29-46-844781-sweepi-9601) by extension 'colcon_meta'
[0.261s] Level 1:colcon.colcon_core.package_identification:_identify(diagnostics/20260712_010514/ros_logs_snapshot/2026-07-11-19-29-46-844781-sweepi-9601) by extensions ['ros']
[0.261s] Level 1:colcon.colcon_core.package_identification:_identify(diagnostics/20260712_010514/ros_logs_snapshot/2026-07-11-19-29-46-844781-sweepi-9601) by extension 'ros'
[0.261s] Level 1:colcon.colcon_core.package_identification:_identify(diagnostics/20260712_010514/ros_logs_snapshot/2026-07-11-19-29-46-844781-sweepi-9601) by extensions ['cmake', 'python']
[0.261s] Level 1:colcon.colcon_core.package_identification:_identify(diagnostics/20260712_010514/ros_logs_snapshot/2026-07-11-19-29-46-844781-sweepi-9601) by extension 'cmake'
[0.261s] Level 1:colcon.colcon_core.package_identification:_identify(diagnostics/20260712_010514/ros_logs_snapshot/2026-07-11-19-29-46-844781-sweepi-9601) by extension 'python'
[0.261s] Level 1:colcon.colcon_core.package_identification:_identify(diagnostics/20260712_010514/ros_logs_snapshot/2026-07-11-19-29-46-844781-sweepi-9601) by extensions ['python_setup_py']
[0.261s] Level 1:colcon.colcon_core.package_identification:_identify(diagnostics/20260712_010514/ros_logs_snapshot/2026-07-11-19-29-46-844781-sweepi-9601) by extension 'python_setup_py'
[0.262s] Level 1:colcon.colcon_core.package_identification:_identify(diagnostics/20260712_010514/ros_logs_snapshot/2026-07-11-19-37-45-991447-sweepi-3987) by extensions ['ignore', 'ignore_ament_install']
[0.262s] Level 1:colcon.colcon_core.package_identification:_identify(diagnostics/20260712_010514/ros_logs_snapshot/2026-07-11-19-37-45-991447-sweepi-3987) by extension 'ignore'
[0.262s] Level 1:colcon.colcon_core.package_identification:_identify(diagnostics/20260712_010514/ros_logs_snapshot/2026-07-11-19-37-45-991447-sweepi-3987) by extension 'ignore_ament_install'
[0.262s] Level 1:colcon.colcon_core.package_identification:_identify(diagnostics/20260712_010514/ros_logs_snapshot/2026-07-11-19-37-45-991447-sweepi-3987) by extensions ['colcon_pkg']
[0.262s] Level 1:colcon.colcon_core.package_identification:_identify(diagnostics/20260712_010514/ros_logs_snapshot/2026-07-11-19-37-45-991447-sweepi-3987) by extension 'colcon_pkg'
[0.262s] Level 1:colcon.colcon_core.package_identification:_identify(diagnostics/20260712_010514/ros_logs_snapshot/2026-07-11-19-37-45-991447-sweepi-3987) by extensions ['colcon_meta']
[0.262s] Level 1:colcon.colcon_core.package_identification:_identify(diagnostics/20260712_010514/ros_logs_snapshot/2026-07-11-19-37-45-991447-sweepi-3987) by extension 'colcon_meta'
[0.262s] Level 1:colcon.colcon_core.package_identification:_identify(diagnostics/20260712_010514/ros_logs_snapshot/2026-07-11-19-37-45-991447-sweepi-3987) by extensions ['ros']
[0.262s] Level 1:colcon.colcon_core.package_identification:_identify(diagnostics/20260712_010514/ros_logs_snapshot/2026-07-11-19-37-45-991447-sweepi-3987) by extension 'ros'
[0.262s] Level 1:colcon.colcon_core.package_identification:_identify(diagnostics/20260712_010514/ros_logs_snapshot/2026-07-11-19-37-45-991447-sweepi-3987) by extensions ['cmake', 'python']
[0.262s] Level 1:colcon.colcon_core.package_identification:_identify(diagnostics/20260712_010514/ros_logs_snapshot/2026-07-11-19-37-45-991447-sweepi-3987) by extension 'cmake'
[0.262s] Level 1:colcon.colcon_core.package_identification:_identify(diagnostics/20260712_010514/ros_logs_snapshot/2026-07-11-19-37-45-991447-sweepi-3987) by extension 'python'
[0.262s] Level 1:colcon.colcon_core.package_identification:_identify(diagnostics/20260712_010514/ros_logs_snapshot/2026-07-11-19-37-45-991447-sweepi-3987) by extensions ['python_setup_py']
[0.262s] Level 1:colcon.colcon_core.package_identification:_identify(diagnostics/20260712_010514/ros_logs_snapshot/2026-07-11-19-37-45-991447-sweepi-3987) by extension 'python_setup_py'
[0.262s] Level 1:colcon.colcon_core.package_identification:_identify(diagnostics/20260712_010514/ros_logs_snapshot/2026-07-11-19-39-40-711799-sweepi-5238) by extensions ['ignore', 'ignore_ament_install']
[0.262s] Level 1:colcon.colcon_core.package_identification:_identify(diagnostics/20260712_010514/ros_logs_snapshot/2026-07-11-19-39-40-711799-sweepi-5238) by extension 'ignore'
[0.262s] Level 1:colcon.colcon_core.package_identification:_identify(diagnostics/20260712_010514/ros_logs_snapshot/2026-07-11-19-39-40-711799-sweepi-5238) by extension 'ignore_ament_install'
[0.263s] Level 1:colcon.colcon_core.package_identification:_identify(diagnostics/20260712_010514/ros_logs_snapshot/2026-07-11-19-39-40-711799-sweepi-5238) by extensions ['colcon_pkg']
[0.263s] Level 1:colcon.colcon_core.package_identification:_identify(diagnostics/20260712_010514/ros_logs_snapshot/2026-07-11-19-39-40-711799-sweepi-5238) by extension 'colcon_pkg'
[0.263s] Level 1:colcon.colcon_core.package_identification:_identify(diagnostics/20260712_010514/ros_logs_snapshot/2026-07-11-19-39-40-711799-sweepi-5238) by extensions ['colcon_meta']
[0.263s] Level 1:colcon.colcon_core.package_identification:_identify(diagnostics/20260712_010514/ros_logs_snapshot/2026-07-11-19-39-40-711799-sweepi-5238) by extension 'colcon_meta'
[0.263s] Level 1:colcon.colcon_core.package_identification:_identify(diagnostics/20260712_010514/ros_logs_snapshot/2026-07-11-19-39-40-711799-sweepi-5238) by extensions ['ros']
[0.263s] Level 1:colcon.colcon_core.package_identification:_identify(diagnostics/20260712_010514/ros_logs_snapshot/2026-07-11-19-39-40-711799-sweepi-5238) by extension 'ros'
[0.263s] Level 1:colcon.colcon_core.package_identification:_identify(diagnostics/20260712_010514/ros_logs_snapshot/2026-07-11-19-39-40-711799-sweepi-5238) by extensions ['cmake', 'python']
[0.263s] Level 1:colcon.colcon_core.package_identification:_identify(diagnostics/20260712_010514/ros_logs_snapshot/2026-07-11-19-39-40-711799-sweepi-5238) by extension 'cmake'
[0.263s] Level 1:colcon.colcon_core.package_identification:_identify(diagnostics/20260712_010514/ros_logs_snapshot/2026-07-11-19-39-40-711799-sweepi-5238) by extension 'python'
[0.263s] Level 1:colcon.colcon_core.package_identification:_identify(diagnostics/20260712_010514/ros_logs_snapshot/2026-07-11-19-39-40-711799-sweepi-5238) by extensions ['python_setup_py']
[0.263s] Level 1:colcon.colcon_core.package_identification:_identify(diagnostics/20260712_010514/ros_logs_snapshot/2026-07-11-19-39-40-711799-sweepi-5238) by extension 'python_setup_py'
[0.263s] Level 1:colcon.colcon_core.package_identification:_identify(diagnostics/20260712_010514/ros_logs_snapshot/2026-07-11-19-40-03-541564-sweepi-5446) by extensions ['ignore', 'ignore_ament_install']
[0.263s] Level 1:colcon.colcon_core.package_identification:_identify(diagnostics/20260712_010514/ros_logs_snapshot/2026-07-11-19-40-03-541564-sweepi-5446) by extension 'ignore'
[0.263s] Level 1:colcon.colcon_core.package_identification:_identify(diagnostics/20260712_010514/ros_logs_snapshot/2026-07-11-19-40-03-541564-sweepi-5446) by extension 'ignore_ament_install'
[0.263s] Level 1:colcon.colcon_core.package_identification:_identify(diagnostics/20260712_010514/ros_logs_snapshot/2026-07-11-19-40-03-541564-sweepi-5446) by extensions ['colcon_pkg']
[0.263s] Level 1:colcon.colcon_core.package_identification:_identify(diagnostics/20260712_010514/ros_logs_snapshot/2026-07-11-19-40-03-541564-sweepi-5446) by extension 'colcon_pkg'
[0.263s] Level 1:colcon.colcon_core.package_identification:_identify(diagnostics/20260712_010514/ros_logs_snapshot/2026-07-11-19-40-03-541564-sweepi-5446) by extensions ['colcon_meta']
[0.263s] Level 1:colcon.colcon_core.package_identification:_identify(diagnostics/20260712_010514/ros_logs_snapshot/2026-07-11-19-40-03-541564-sweepi-5446) by extension 'colcon_meta'
[0.263s] Level 1:colcon.colcon_core.package_identification:_identify(diagnostics/20260712_010514/ros_logs_snapshot/2026-07-11-19-40-03-541564-sweepi-5446) by extensions ['ros']
[0.264s] Level 1:colcon.colcon_core.package_identification:_identify(diagnostics/20260712_010514/ros_logs_snapshot/2026-07-11-19-40-03-541564-sweepi-5446) by extension 'ros'
[0.264s] Level 1:colcon.colcon_core.package_identification:_identify(diagnostics/20260712_010514/ros_logs_snapshot/2026-07-11-19-40-03-541564-sweepi-5446) by extensions ['cmake', 'python']
[0.264s] Level 1:colcon.colcon_core.package_identification:_identify(diagnostics/20260712_010514/ros_logs_snapshot/2026-07-11-19-40-03-541564-sweepi-5446) by extension 'cmake'
[0.264s] Level 1:colcon.colcon_core.package_identification:_identify(diagnostics/20260712_010514/ros_logs_snapshot/2026-07-11-19-40-03-541564-sweepi-5446) by extension 'python'
[0.264s] Level 1:colcon.colcon_core.package_identification:_identify(diagnostics/20260712_010514/ros_logs_snapshot/2026-07-11-19-40-03-541564-sweepi-5446) by extensions ['python_setup_py']
[0.264s] Level 1:colcon.colcon_core.package_identification:_identify(diagnostics/20260712_010514/ros_logs_snapshot/2026-07-11-19-40-03-541564-sweepi-5446) by extension 'python_setup_py'
[0.264s] Level 1:colcon.colcon_core.package_identification:_identify(diagnostics/20260712_010514/ros_logs_snapshot/2026-07-11-19-43-04-415530-sweepi-6428) by extensions ['ignore', 'ignore_ament_install']
[0.264s] Level 1:colcon.colcon_core.package_identification:_identify(diagnostics/20260712_010514/ros_logs_snapshot/2026-07-11-19-43-04-415530-sweepi-6428) by extension 'ignore'
[0.264s] Level 1:colcon.colcon_core.package_identification:_identify(diagnostics/20260712_010514/ros_logs_snapshot/2026-07-11-19-43-04-415530-sweepi-6428) by extension 'ignore_ament_install'
[0.264s] Level 1:colcon.colcon_core.package_identification:_identify(diagnostics/20260712_010514/ros_logs_snapshot/2026-07-11-19-43-04-415530-sweepi-6428) by extensions ['colcon_pkg']
[0.264s] Level 1:colcon.colcon_core.package_identification:_identify(diagnostics/20260712_010514/ros_logs_snapshot/2026-07-11-19-43-04-415530-sweepi-6428) by extension 'colcon_pkg'
[0.264s] Level 1:colcon.colcon_core.package_identification:_identify(diagnostics/20260712_010514/ros_logs_snapshot/2026-07-11-19-43-04-415530-sweepi-6428) by extensions ['colcon_meta']
[0.264s] Level 1:colcon.colcon_core.package_identification:_identify(diagnostics/20260712_010514/ros_logs_snapshot/2026-07-11-19-43-04-415530-sweepi-6428) by extension 'colcon_meta'
[0.264s] Level 1:colcon.colcon_core.package_identification:_identify(diagnostics/20260712_010514/ros_logs_snapshot/2026-07-11-19-43-04-415530-sweepi-6428) by extensions ['ros']
[0.264s] Level 1:colcon.colcon_core.package_identification:_identify(diagnostics/20260712_010514/ros_logs_snapshot/2026-07-11-19-43-04-415530-sweepi-6428) by extension 'ros'
[0.264s] Level 1:colcon.colcon_core.package_identification:_identify(diagnostics/20260712_010514/ros_logs_snapshot/2026-07-11-19-43-04-415530-sweepi-6428) by extensions ['cmake', 'python']
[0.264s] Level 1:colcon.colcon_core.package_identification:_identify(diagnostics/20260712_010514/ros_logs_snapshot/2026-07-11-19-43-04-415530-sweepi-6428) by extension 'cmake'
[0.264s] Level 1:colcon.colcon_core.package_identification:_identify(diagnostics/20260712_010514/ros_logs_snapshot/2026-07-11-19-43-04-415530-sweepi-6428) by extension 'python'
[0.264s] Level 1:colcon.colcon_core.package_identification:_identify(diagnostics/20260712_010514/ros_logs_snapshot/2026-07-11-19-43-04-415530-sweepi-6428) by extensions ['python_setup_py']
[0.265s] Level 1:colcon.colcon_core.package_identification:_identify(diagnostics/20260712_010514/ros_logs_snapshot/2026-07-11-19-43-04-415530-sweepi-6428) by extension 'python_setup_py'
[0.265s] Level 1:colcon.colcon_core.package_identification:_identify(diagnostics/20260712_010514/ros_logs_snapshot/2026-07-11-19-43-38-874950-sweepi-6706) by extensions ['ignore', 'ignore_ament_install']
[0.265s] Level 1:colcon.colcon_core.package_identification:_identify(diagnostics/20260712_010514/ros_logs_snapshot/2026-07-11-19-43-38-874950-sweepi-6706) by extension 'ignore'
[0.265s] Level 1:colcon.colcon_core.package_identification:_identify(diagnostics/20260712_010514/ros_logs_snapshot/2026-07-11-19-43-38-874950-sweepi-6706) by extension 'ignore_ament_install'
[0.265s] Level 1:colcon.colcon_core.package_identification:_identify(diagnostics/20260712_010514/ros_logs_snapshot/2026-07-11-19-43-38-874950-sweepi-6706) by extensions ['colcon_pkg']
[0.265s] Level 1:colcon.colcon_core.package_identification:_identify(diagnostics/20260712_010514/ros_logs_snapshot/2026-07-11-19-43-38-874950-sweepi-6706) by extension 'colcon_pkg'
[0.265s] Level 1:colcon.colcon_core.package_identification:_identify(diagnostics/20260712_010514/ros_logs_snapshot/2026-07-11-19-43-38-874950-sweepi-6706) by extensions ['colcon_meta']
[0.265s] Level 1:colcon.colcon_core.package_identification:_identify(diagnostics/20260712_010514/ros_logs_snapshot/2026-07-11-19-43-38-874950-sweepi-6706) by extension 'colcon_meta'
[0.265s] Level 1:colcon.colcon_core.package_identification:_identify(diagnostics/20260712_010514/ros_logs_snapshot/2026-07-11-19-43-38-874950-sweepi-6706) by extensions ['ros']
[0.265s] Level 1:colcon.colcon_core.package_identification:_identify(diagnostics/20260712_010514/ros_logs_snapshot/2026-07-11-19-43-38-874950-sweepi-6706) by extension 'ros'
[0.265s] Level 1:colcon.colcon_core.package_identification:_identify(diagnostics/20260712_010514/ros_logs_snapshot/2026-07-11-19-43-38-874950-sweepi-6706) by extensions ['cmake', 'python']
[0.265s] Level 1:colcon.colcon_core.package_identification:_identify(diagnostics/20260712_010514/ros_logs_snapshot/2026-07-11-19-43-38-874950-sweepi-6706) by extension 'cmake'
[0.265s] Level 1:colcon.colcon_core.package_identification:_identify(diagnostics/20260712_010514/ros_logs_snapshot/2026-07-11-19-43-38-874950-sweepi-6706) by extension 'python'
[0.265s] Level 1:colcon.colcon_core.package_identification:_identify(diagnostics/20260712_010514/ros_logs_snapshot/2026-07-11-19-43-38-874950-sweepi-6706) by extensions ['python_setup_py']
[0.265s] Level 1:colcon.colcon_core.package_identification:_identify(diagnostics/20260712_010514/ros_logs_snapshot/2026-07-11-19-43-38-874950-sweepi-6706) by extension 'python_setup_py'
[0.265s] Level 1:colcon.colcon_core.package_identification:_identify(diagnostics/20260712_010514/ros_logs_snapshot/2026-07-11-19-48-21-006785-sweepi-8495) by extensions ['ignore', 'ignore_ament_install']
[0.265s] Level 1:colcon.colcon_core.package_identification:_identify(diagnostics/20260712_010514/ros_logs_snapshot/2026-07-11-19-48-21-006785-sweepi-8495) by extension 'ignore'
[0.266s] Level 1:colcon.colcon_core.package_identification:_identify(diagnostics/20260712_010514/ros_logs_snapshot/2026-07-11-19-48-21-006785-sweepi-8495) by extension 'ignore_ament_install'
[0.266s] Level 1:colcon.colcon_core.package_identification:_identify(diagnostics/20260712_010514/ros_logs_snapshot/2026-07-11-19-48-21-006785-sweepi-8495) by extensions ['colcon_pkg']
[0.266s] Level 1:colcon.colcon_core.package_identification:_identify(diagnostics/20260712_010514/ros_logs_snapshot/2026-07-11-19-48-21-006785-sweepi-8495) by extension 'colcon_pkg'
[0.266s] Level 1:colcon.colcon_core.package_identification:_identify(diagnostics/20260712_010514/ros_logs_snapshot/2026-07-11-19-48-21-006785-sweepi-8495) by extensions ['colcon_meta']
[0.266s] Level 1:colcon.colcon_core.package_identification:_identify(diagnostics/20260712_010514/ros_logs_snapshot/2026-07-11-19-48-21-006785-sweepi-8495) by extension 'colcon_meta'
[0.266s] Level 1:colcon.colcon_core.package_identification:_identify(diagnostics/20260712_010514/ros_logs_snapshot/2026-07-11-19-48-21-006785-sweepi-8495) by extensions ['ros']
[0.266s] Level 1:colcon.colcon_core.package_identification:_identify(diagnostics/20260712_010514/ros_logs_snapshot/2026-07-11-19-48-21-006785-sweepi-8495) by extension 'ros'
[0.266s] Level 1:colcon.colcon_core.package_identification:_identify(diagnostics/20260712_010514/ros_logs_snapshot/2026-07-11-19-48-21-006785-sweepi-8495) by extensions ['cmake', 'python']
[0.266s] Level 1:colcon.colcon_core.package_identification:_identify(diagnostics/20260712_010514/ros_logs_snapshot/2026-07-11-19-48-21-006785-sweepi-8495) by extension 'cmake'
[0.266s] Level 1:colcon.colcon_core.package_identification:_identify(diagnostics/20260712_010514/ros_logs_snapshot/2026-07-11-19-48-21-006785-sweepi-8495) by extension 'python'
[0.266s] Level 1:colcon.colcon_core.package_identification:_identify(diagnostics/20260712_010514/ros_logs_snapshot/2026-07-11-19-48-21-006785-sweepi-8495) by extensions ['python_setup_py']
[0.266s] Level 1:colcon.colcon_core.package_identification:_identify(diagnostics/20260712_010514/ros_logs_snapshot/2026-07-11-19-48-21-006785-sweepi-8495) by extension 'python_setup_py'
[0.266s] Level 1:colcon.colcon_core.package_identification:_identify(diagnostics/20260712_010514/ros_logs_snapshot/2026-07-11-19-48-39-681447-sweepi-8637) by extensions ['ignore', 'ignore_ament_install']
[0.266s] Level 1:colcon.colcon_core.package_identification:_identify(diagnostics/20260712_010514/ros_logs_snapshot/2026-07-11-19-48-39-681447-sweepi-8637) by extension 'ignore'
[0.266s] Level 1:colcon.colcon_core.package_identification:_identify(diagnostics/20260712_010514/ros_logs_snapshot/2026-07-11-19-48-39-681447-sweepi-8637) by extension 'ignore_ament_install'
[0.266s] Level 1:colcon.colcon_core.package_identification:_identify(diagnostics/20260712_010514/ros_logs_snapshot/2026-07-11-19-48-39-681447-sweepi-8637) by extensions ['colcon_pkg']
[0.266s] Level 1:colcon.colcon_core.package_identification:_identify(diagnostics/20260712_010514/ros_logs_snapshot/2026-07-11-19-48-39-681447-sweepi-8637) by extension 'colcon_pkg'
[0.266s] Level 1:colcon.colcon_core.package_identification:_identify(diagnostics/20260712_010514/ros_logs_snapshot/2026-07-11-19-48-39-681447-sweepi-8637) by extensions ['colcon_meta']
[0.266s] Level 1:colcon.colcon_core.package_identification:_identify(diagnostics/20260712_010514/ros_logs_snapshot/2026-07-11-19-48-39-681447-sweepi-8637) by extension 'colcon_meta'
[0.267s] Level 1:colcon.colcon_core.package_identification:_identify(diagnostics/20260712_010514/ros_logs_snapshot/2026-07-11-19-48-39-681447-sweepi-8637) by extensions ['ros']
[0.267s] Level 1:colcon.colcon_core.package_identification:_identify(diagnostics/20260712_010514/ros_logs_snapshot/2026-07-11-19-48-39-681447-sweepi-8637) by extension 'ros'
[0.267s] Level 1:colcon.colcon_core.package_identification:_identify(diagnostics/20260712_010514/ros_logs_snapshot/2026-07-11-19-48-39-681447-sweepi-8637) by extensions ['cmake', 'python']
[0.267s] Level 1:colcon.colcon_core.package_identification:_identify(diagnostics/20260712_010514/ros_logs_snapshot/2026-07-11-19-48-39-681447-sweepi-8637) by extension 'cmake'
[0.267s] Level 1:colcon.colcon_core.package_identification:_identify(diagnostics/20260712_010514/ros_logs_snapshot/2026-07-11-19-48-39-681447-sweepi-8637) by extension 'python'
[0.267s] Level 1:colcon.colcon_core.package_identification:_identify(diagnostics/20260712_010514/ros_logs_snapshot/2026-07-11-19-48-39-681447-sweepi-8637) by extensions ['python_setup_py']
[0.267s] Level 1:colcon.colcon_core.package_identification:_identify(diagnostics/20260712_010514/ros_logs_snapshot/2026-07-11-19-48-39-681447-sweepi-8637) by extension 'python_setup_py'
[0.267s] Level 1:colcon.colcon_core.package_identification:_identify(diagnostics/20260712_010514/ros_logs_snapshot/2026-07-11-19-55-13-897426-sweepi-11473) by extensions ['ignore', 'ignore_ament_install']
[0.267s] Level 1:colcon.colcon_core.package_identification:_identify(diagnostics/20260712_010514/ros_logs_snapshot/2026-07-11-19-55-13-897426-sweepi-11473) by extension 'ignore'
[0.267s] Level 1:colcon.colcon_core.package_identification:_identify(diagnostics/20260712_010514/ros_logs_snapshot/2026-07-11-19-55-13-897426-sweepi-11473) by extension 'ignore_ament_install'
[0.267s] Level 1:colcon.colcon_core.package_identification:_identify(diagnostics/20260712_010514/ros_logs_snapshot/2026-07-11-19-55-13-897426-sweepi-11473) by extensions ['colcon_pkg']
[0.267s] Level 1:colcon.colcon_core.package_identification:_identify(diagnostics/20260712_010514/ros_logs_snapshot/2026-07-11-19-55-13-897426-sweepi-11473) by extension 'colcon_pkg'
[0.267s] Level 1:colcon.colcon_core.package_identification:_identify(diagnostics/20260712_010514/ros_logs_snapshot/2026-07-11-19-55-13-897426-sweepi-11473) by extensions ['colcon_meta']
[0.267s] Level 1:colcon.colcon_core.package_identification:_identify(diagnostics/20260712_010514/ros_logs_snapshot/2026-07-11-19-55-13-897426-sweepi-11473) by extension 'colcon_meta'
[0.267s] Level 1:colcon.colcon_core.package_identification:_identify(diagnostics/20260712_010514/ros_logs_snapshot/2026-07-11-19-55-13-897426-sweepi-11473) by extensions ['ros']
[0.267s] Level 1:colcon.colcon_core.package_identification:_identify(diagnostics/20260712_010514/ros_logs_snapshot/2026-07-11-19-55-13-897426-sweepi-11473) by extension 'ros'
[0.267s] Level 1:colcon.colcon_core.package_identification:_identify(diagnostics/20260712_010514/ros_logs_snapshot/2026-07-11-19-55-13-897426-sweepi-11473) by extensions ['cmake', 'python']
[0.267s] Level 1:colcon.colcon_core.package_identification:_identify(diagnostics/20260712_010514/ros_logs_snapshot/2026-07-11-19-55-13-897426-sweepi-11473) by extension 'cmake'
[0.267s] Level 1:colcon.colcon_core.package_identification:_identify(diagnostics/20260712_010514/ros_logs_snapshot/2026-07-11-19-55-13-897426-sweepi-11473) by extension 'python'
[0.268s] Level 1:colcon.colcon_core.package_identification:_identify(diagnostics/20260712_010514/ros_logs_snapshot/2026-07-11-19-55-13-897426-sweepi-11473) by extensions ['python_setup_py']
[0.268s] Level 1:colcon.colcon_core.package_identification:_identify(diagnostics/20260712_010514/ros_logs_snapshot/2026-07-11-19-55-13-897426-sweepi-11473) by extension 'python_setup_py'
[0.268s] Level 1:colcon.colcon_core.package_identification:_identify(diagnostics/20260712_010514/ros_logs_snapshot/2026-07-11-19-55-39-632339-sweepi-11636) by extensions ['ignore', 'ignore_ament_install']
[0.268s] Level 1:colcon.colcon_core.package_identification:_identify(diagnostics/20260712_010514/ros_logs_snapshot/2026-07-11-19-55-39-632339-sweepi-11636) by extension 'ignore'
[0.268s] Level 1:colcon.colcon_core.package_identification:_identify(diagnostics/20260712_010514/ros_logs_snapshot/2026-07-11-19-55-39-632339-sweepi-11636) by extension 'ignore_ament_install'
[0.268s] Level 1:colcon.colcon_core.package_identification:_identify(diagnostics/20260712_010514/ros_logs_snapshot/2026-07-11-19-55-39-632339-sweepi-11636) by extensions ['colcon_pkg']
[0.268s] Level 1:colcon.colcon_core.package_identification:_identify(diagnostics/20260712_010514/ros_logs_snapshot/2026-07-11-19-55-39-632339-sweepi-11636) by extension 'colcon_pkg'
[0.268s] Level 1:colcon.colcon_core.package_identification:_identify(diagnostics/20260712_010514/ros_logs_snapshot/2026-07-11-19-55-39-632339-sweepi-11636) by extensions ['colcon_meta']
[0.268s] Level 1:colcon.colcon_core.package_identification:_identify(diagnostics/20260712_010514/ros_logs_snapshot/2026-07-11-19-55-39-632339-sweepi-11636) by extension 'colcon_meta'
[0.268s] Level 1:colcon.colcon_core.package_identification:_identify(diagnostics/20260712_010514/ros_logs_snapshot/2026-07-11-19-55-39-632339-sweepi-11636) by extensions ['ros']
[0.268s] Level 1:colcon.colcon_core.package_identification:_identify(diagnostics/20260712_010514/ros_logs_snapshot/2026-07-11-19-55-39-632339-sweepi-11636) by extension 'ros'
[0.268s] Level 1:colcon.colcon_core.package_identification:_identify(diagnostics/20260712_010514/ros_logs_snapshot/2026-07-11-19-55-39-632339-sweepi-11636) by extensions ['cmake', 'python']
[0.268s] Level 1:colcon.colcon_core.package_identification:_identify(diagnostics/20260712_010514/ros_logs_snapshot/2026-07-11-19-55-39-632339-sweepi-11636) by extension 'cmake'
[0.268s] Level 1:colcon.colcon_core.package_identification:_identify(diagnostics/20260712_010514/ros_logs_snapshot/2026-07-11-19-55-39-632339-sweepi-11636) by extension 'python'
[0.268s] Level 1:colcon.colcon_core.package_identification:_identify(diagnostics/20260712_010514/ros_logs_snapshot/2026-07-11-19-55-39-632339-sweepi-11636) by extensions ['python_setup_py']
[0.268s] Level 1:colcon.colcon_core.package_identification:_identify(diagnostics/20260712_010514/ros_logs_snapshot/2026-07-11-19-55-39-632339-sweepi-11636) by extension 'python_setup_py'
[0.268s] Level 1:colcon.colcon_core.package_identification:_identify(diagnostics/20260712_010514/ros_logs_snapshot/2026-07-11-20-05-29-647395-sweepi-14159) by extensions ['ignore', 'ignore_ament_install']
[0.268s] Level 1:colcon.colcon_core.package_identification:_identify(diagnostics/20260712_010514/ros_logs_snapshot/2026-07-11-20-05-29-647395-sweepi-14159) by extension 'ignore'
[0.269s] Level 1:colcon.colcon_core.package_identification:_identify(diagnostics/20260712_010514/ros_logs_snapshot/2026-07-11-20-05-29-647395-sweepi-14159) by extension 'ignore_ament_install'
[0.269s] Level 1:colcon.colcon_core.package_identification:_identify(diagnostics/20260712_010514/ros_logs_snapshot/2026-07-11-20-05-29-647395-sweepi-14159) by extensions ['colcon_pkg']
[0.269s] Level 1:colcon.colcon_core.package_identification:_identify(diagnostics/20260712_010514/ros_logs_snapshot/2026-07-11-20-05-29-647395-sweepi-14159) by extension 'colcon_pkg'
[0.269s] Level 1:colcon.colcon_core.package_identification:_identify(diagnostics/20260712_010514/ros_logs_snapshot/2026-07-11-20-05-29-647395-sweepi-14159) by extensions ['colcon_meta']
[0.269s] Level 1:colcon.colcon_core.package_identification:_identify(diagnostics/20260712_010514/ros_logs_snapshot/2026-07-11-20-05-29-647395-sweepi-14159) by extension 'colcon_meta'
[0.269s] Level 1:colcon.colcon_core.package_identification:_identify(diagnostics/20260712_010514/ros_logs_snapshot/2026-07-11-20-05-29-647395-sweepi-14159) by extensions ['ros']
[0.269s] Level 1:colcon.colcon_core.package_identification:_identify(diagnostics/20260712_010514/ros_logs_snapshot/2026-07-11-20-05-29-647395-sweepi-14159) by extension 'ros'
[0.269s] Level 1:colcon.colcon_core.package_identification:_identify(diagnostics/20260712_010514/ros_logs_snapshot/2026-07-11-20-05-29-647395-sweepi-14159) by extensions ['cmake', 'python']
[0.269s] Level 1:colcon.colcon_core.package_identification:_identify(diagnostics/20260712_010514/ros_logs_snapshot/2026-07-11-20-05-29-647395-sweepi-14159) by extension 'cmake'
[0.269s] Level 1:colcon.colcon_core.package_identification:_identify(diagnostics/20260712_010514/ros_logs_snapshot/2026-07-11-20-05-29-647395-sweepi-14159) by extension 'python'
[0.269s] Level 1:colcon.colcon_core.package_identification:_identify(diagnostics/20260712_010514/ros_logs_snapshot/2026-07-11-20-05-29-647395-sweepi-14159) by extensions ['python_setup_py']
[0.269s] Level 1:colcon.colcon_core.package_identification:_identify(diagnostics/20260712_010514/ros_logs_snapshot/2026-07-11-20-05-29-647395-sweepi-14159) by extension 'python_setup_py'
[0.269s] Level 1:colcon.colcon_core.package_identification:_identify(diagnostics/20260712_010514/ros_logs_snapshot/2026-07-11-20-14-38-952762-sweepi-18353) by extensions ['ignore', 'ignore_ament_install']
[0.269s] Level 1:colcon.colcon_core.package_identification:_identify(diagnostics/20260712_010514/ros_logs_snapshot/2026-07-11-20-14-38-952762-sweepi-18353) by extension 'ignore'
[0.269s] Level 1:colcon.colcon_core.package_identification:_identify(diagnostics/20260712_010514/ros_logs_snapshot/2026-07-11-20-14-38-952762-sweepi-18353) by extension 'ignore_ament_install'
[0.269s] Level 1:colcon.colcon_core.package_identification:_identify(diagnostics/20260712_010514/ros_logs_snapshot/2026-07-11-20-14-38-952762-sweepi-18353) by extensions ['colcon_pkg']
[0.269s] Level 1:colcon.colcon_core.package_identification:_identify(diagnostics/20260712_010514/ros_logs_snapshot/2026-07-11-20-14-38-952762-sweepi-18353) by extension 'colcon_pkg'
[0.269s] Level 1:colcon.colcon_core.package_identification:_identify(diagnostics/20260712_010514/ros_logs_snapshot/2026-07-11-20-14-38-952762-sweepi-18353) by extensions ['colcon_meta']
[0.269s] Level 1:colcon.colcon_core.package_identification:_identify(diagnostics/20260712_010514/ros_logs_snapshot/2026-07-11-20-14-38-952762-sweepi-18353) by extension 'colcon_meta'
[0.270s] Level 1:colcon.colcon_core.package_identification:_identify(diagnostics/20260712_010514/ros_logs_snapshot/2026-07-11-20-14-38-952762-sweepi-18353) by extensions ['ros']
[0.270s] Level 1:colcon.colcon_core.package_identification:_identify(diagnostics/20260712_010514/ros_logs_snapshot/2026-07-11-20-14-38-952762-sweepi-18353) by extension 'ros'
[0.270s] Level 1:colcon.colcon_core.package_identification:_identify(diagnostics/20260712_010514/ros_logs_snapshot/2026-07-11-20-14-38-952762-sweepi-18353) by extensions ['cmake', 'python']
[0.270s] Level 1:colcon.colcon_core.package_identification:_identify(diagnostics/20260712_010514/ros_logs_snapshot/2026-07-11-20-14-38-952762-sweepi-18353) by extension 'cmake'
[0.270s] Level 1:colcon.colcon_core.package_identification:_identify(diagnostics/20260712_010514/ros_logs_snapshot/2026-07-11-20-14-38-952762-sweepi-18353) by extension 'python'
[0.270s] Level 1:colcon.colcon_core.package_identification:_identify(diagnostics/20260712_010514/ros_logs_snapshot/2026-07-11-20-14-38-952762-sweepi-18353) by extensions ['python_setup_py']
[0.270s] Level 1:colcon.colcon_core.package_identification:_identify(diagnostics/20260712_010514/ros_logs_snapshot/2026-07-11-20-14-38-952762-sweepi-18353) by extension 'python_setup_py'
[0.270s] Level 1:colcon.colcon_core.package_identification:_identify(diagnostics/20260712_010514/ros_logs_snapshot/2026-07-11-20-14-52-035203-sweepi-18508) by extensions ['ignore', 'ignore_ament_install']
[0.270s] Level 1:colcon.colcon_core.package_identification:_identify(diagnostics/20260712_010514/ros_logs_snapshot/2026-07-11-20-14-52-035203-sweepi-18508) by extension 'ignore'
[0.270s] Level 1:colcon.colcon_core.package_identification:_identify(diagnostics/20260712_010514/ros_logs_snapshot/2026-07-11-20-14-52-035203-sweepi-18508) by extension 'ignore_ament_install'
[0.270s] Level 1:colcon.colcon_core.package_identification:_identify(diagnostics/20260712_010514/ros_logs_snapshot/2026-07-11-20-14-52-035203-sweepi-18508) by extensions ['colcon_pkg']
[0.270s] Level 1:colcon.colcon_core.package_identification:_identify(diagnostics/20260712_010514/ros_logs_snapshot/2026-07-11-20-14-52-035203-sweepi-18508) by extension 'colcon_pkg'
[0.270s] Level 1:colcon.colcon_core.package_identification:_identify(diagnostics/20260712_010514/ros_logs_snapshot/2026-07-11-20-14-52-035203-sweepi-18508) by extensions ['colcon_meta']
[0.270s] Level 1:colcon.colcon_core.package_identification:_identify(diagnostics/20260712_010514/ros_logs_snapshot/2026-07-11-20-14-52-035203-sweepi-18508) by extension 'colcon_meta'
[0.270s] Level 1:colcon.colcon_core.package_identification:_identify(diagnostics/20260712_010514/ros_logs_snapshot/2026-07-11-20-14-52-035203-sweepi-18508) by extensions ['ros']
[0.270s] Level 1:colcon.colcon_core.package_identification:_identify(diagnostics/20260712_010514/ros_logs_snapshot/2026-07-11-20-14-52-035203-sweepi-18508) by extension 'ros'
[0.270s] Level 1:colcon.colcon_core.package_identification:_identify(diagnostics/20260712_010514/ros_logs_snapshot/2026-07-11-20-14-52-035203-sweepi-18508) by extensions ['cmake', 'python']
[0.270s] Level 1:colcon.colcon_core.package_identification:_identify(diagnostics/20260712_010514/ros_logs_snapshot/2026-07-11-20-14-52-035203-sweepi-18508) by extension 'cmake'
[0.270s] Level 1:colcon.colcon_core.package_identification:_identify(diagnostics/20260712_010514/ros_logs_snapshot/2026-07-11-20-14-52-035203-sweepi-18508) by extension 'python'
[0.271s] Level 1:colcon.colcon_core.package_identification:_identify(diagnostics/20260712_010514/ros_logs_snapshot/2026-07-11-20-14-52-035203-sweepi-18508) by extensions ['python_setup_py']
[0.271s] Level 1:colcon.colcon_core.package_identification:_identify(diagnostics/20260712_010514/ros_logs_snapshot/2026-07-11-20-14-52-035203-sweepi-18508) by extension 'python_setup_py'
[0.271s] Level 1:colcon.colcon_core.package_identification:_identify(diagnostics/20260712_010514/ros_logs_snapshot/2026-07-11-20-17-38-200142-sweepi-19379) by extensions ['ignore', 'ignore_ament_install']
[0.271s] Level 1:colcon.colcon_core.package_identification:_identify(diagnostics/20260712_010514/ros_logs_snapshot/2026-07-11-20-17-38-200142-sweepi-19379) by extension 'ignore'
[0.271s] Level 1:colcon.colcon_core.package_identification:_identify(diagnostics/20260712_010514/ros_logs_snapshot/2026-07-11-20-17-38-200142-sweepi-19379) by extension 'ignore_ament_install'
[0.271s] Level 1:colcon.colcon_core.package_identification:_identify(diagnostics/20260712_010514/ros_logs_snapshot/2026-07-11-20-17-38-200142-sweepi-19379) by extensions ['colcon_pkg']
[0.271s] Level 1:colcon.colcon_core.package_identification:_identify(diagnostics/20260712_010514/ros_logs_snapshot/2026-07-11-20-17-38-200142-sweepi-19379) by extension 'colcon_pkg'
[0.271s] Level 1:colcon.colcon_core.package_identification:_identify(diagnostics/20260712_010514/ros_logs_snapshot/2026-07-11-20-17-38-200142-sweepi-19379) by extensions ['colcon_meta']
[0.271s] Level 1:colcon.colcon_core.package_identification:_identify(diagnostics/20260712_010514/ros_logs_snapshot/2026-07-11-20-17-38-200142-sweepi-19379) by extension 'colcon_meta'
[0.271s] Level 1:colcon.colcon_core.package_identification:_identify(diagnostics/20260712_010514/ros_logs_snapshot/2026-07-11-20-17-38-200142-sweepi-19379) by extensions ['ros']
[0.271s] Level 1:colcon.colcon_core.package_identification:_identify(diagnostics/20260712_010514/ros_logs_snapshot/2026-07-11-20-17-38-200142-sweepi-19379) by extension 'ros'
[0.271s] Level 1:colcon.colcon_core.package_identification:_identify(diagnostics/20260712_010514/ros_logs_snapshot/2026-07-11-20-17-38-200142-sweepi-19379) by extensions ['cmake', 'python']
[0.271s] Level 1:colcon.colcon_core.package_identification:_identify(diagnostics/20260712_010514/ros_logs_snapshot/2026-07-11-20-17-38-200142-sweepi-19379) by extension 'cmake'
[0.271s] Level 1:colcon.colcon_core.package_identification:_identify(diagnostics/20260712_010514/ros_logs_snapshot/2026-07-11-20-17-38-200142-sweepi-19379) by extension 'python'
[0.271s] Level 1:colcon.colcon_core.package_identification:_identify(diagnostics/20260712_010514/ros_logs_snapshot/2026-07-11-20-17-38-200142-sweepi-19379) by extensions ['python_setup_py']
[0.271s] Level 1:colcon.colcon_core.package_identification:_identify(diagnostics/20260712_010514/ros_logs_snapshot/2026-07-11-20-17-38-200142-sweepi-19379) by extension 'python_setup_py'
[0.271s] Level 1:colcon.colcon_core.package_identification:_identify(diagnostics/20260712_010514/ros_logs_snapshot/2026-07-11-20-18-04-025838-sweepi-19558) by extensions ['ignore', 'ignore_ament_install']
[0.272s] Level 1:colcon.colcon_core.package_identification:_identify(diagnostics/20260712_010514/ros_logs_snapshot/2026-07-11-20-18-04-025838-sweepi-19558) by extension 'ignore'
[0.272s] Level 1:colcon.colcon_core.package_identification:_identify(diagnostics/20260712_010514/ros_logs_snapshot/2026-07-11-20-18-04-025838-sweepi-19558) by extension 'ignore_ament_install'
[0.272s] Level 1:colcon.colcon_core.package_identification:_identify(diagnostics/20260712_010514/ros_logs_snapshot/2026-07-11-20-18-04-025838-sweepi-19558) by extensions ['colcon_pkg']
[0.272s] Level 1:colcon.colcon_core.package_identification:_identify(diagnostics/20260712_010514/ros_logs_snapshot/2026-07-11-20-18-04-025838-sweepi-19558) by extension 'colcon_pkg'
[0.272s] Level 1:colcon.colcon_core.package_identification:_identify(diagnostics/20260712_010514/ros_logs_snapshot/2026-07-11-20-18-04-025838-sweepi-19558) by extensions ['colcon_meta']
[0.272s] Level 1:colcon.colcon_core.package_identification:_identify(diagnostics/20260712_010514/ros_logs_snapshot/2026-07-11-20-18-04-025838-sweepi-19558) by extension 'colcon_meta'
[0.272s] Level 1:colcon.colcon_core.package_identification:_identify(diagnostics/20260712_010514/ros_logs_snapshot/2026-07-11-20-18-04-025838-sweepi-19558) by extensions ['ros']
[0.272s] Level 1:colcon.colcon_core.package_identification:_identify(diagnostics/20260712_010514/ros_logs_snapshot/2026-07-11-20-18-04-025838-sweepi-19558) by extension 'ros'
[0.272s] Level 1:colcon.colcon_core.package_identification:_identify(diagnostics/20260712_010514/ros_logs_snapshot/2026-07-11-20-18-04-025838-sweepi-19558) by extensions ['cmake', 'python']
[0.272s] Level 1:colcon.colcon_core.package_identification:_identify(diagnostics/20260712_010514/ros_logs_snapshot/2026-07-11-20-18-04-025838-sweepi-19558) by extension 'cmake'
[0.272s] Level 1:colcon.colcon_core.package_identification:_identify(diagnostics/20260712_010514/ros_logs_snapshot/2026-07-11-20-18-04-025838-sweepi-19558) by extension 'python'
[0.272s] Level 1:colcon.colcon_core.package_identification:_identify(diagnostics/20260712_010514/ros_logs_snapshot/2026-07-11-20-18-04-025838-sweepi-19558) by extensions ['python_setup_py']
[0.272s] Level 1:colcon.colcon_core.package_identification:_identify(diagnostics/20260712_010514/ros_logs_snapshot/2026-07-11-20-18-04-025838-sweepi-19558) by extension 'python_setup_py'
[0.272s] Level 1:colcon.colcon_core.package_identification:_identify(diagnostics/20260712_010514/ros_logs_snapshot/2026-07-11-20-51-14-033573-sweepi-4835) by extensions ['ignore', 'ignore_ament_install']
[0.272s] Level 1:colcon.colcon_core.package_identification:_identify(diagnostics/20260712_010514/ros_logs_snapshot/2026-07-11-20-51-14-033573-sweepi-4835) by extension 'ignore'
[0.272s] Level 1:colcon.colcon_core.package_identification:_identify(diagnostics/20260712_010514/ros_logs_snapshot/2026-07-11-20-51-14-033573-sweepi-4835) by extension 'ignore_ament_install'
[0.272s] Level 1:colcon.colcon_core.package_identification:_identify(diagnostics/20260712_010514/ros_logs_snapshot/2026-07-11-20-51-14-033573-sweepi-4835) by extensions ['colcon_pkg']
[0.272s] Level 1:colcon.colcon_core.package_identification:_identify(diagnostics/20260712_010514/ros_logs_snapshot/2026-07-11-20-51-14-033573-sweepi-4835) by extension 'colcon_pkg'
[0.272s] Level 1:colcon.colcon_core.package_identification:_identify(diagnostics/20260712_010514/ros_logs_snapshot/2026-07-11-20-51-14-033573-sweepi-4835) by extensions ['colcon_meta']
[0.272s] Level 1:colcon.colcon_core.package_identification:_identify(diagnostics/20260712_010514/ros_logs_snapshot/2026-07-11-20-51-14-033573-sweepi-4835) by extension 'colcon_meta'
[0.273s] Level 1:colcon.colcon_core.package_identification:_identify(diagnostics/20260712_010514/ros_logs_snapshot/2026-07-11-20-51-14-033573-sweepi-4835) by extensions ['ros']
[0.273s] Level 1:colcon.colcon_core.package_identification:_identify(diagnostics/20260712_010514/ros_logs_snapshot/2026-07-11-20-51-14-033573-sweepi-4835) by extension 'ros'
[0.273s] Level 1:colcon.colcon_core.package_identification:_identify(diagnostics/20260712_010514/ros_logs_snapshot/2026-07-11-20-51-14-033573-sweepi-4835) by extensions ['cmake', 'python']
[0.273s] Level 1:colcon.colcon_core.package_identification:_identify(diagnostics/20260712_010514/ros_logs_snapshot/2026-07-11-20-51-14-033573-sweepi-4835) by extension 'cmake'
[0.273s] Level 1:colcon.colcon_core.package_identification:_identify(diagnostics/20260712_010514/ros_logs_snapshot/2026-07-11-20-51-14-033573-sweepi-4835) by extension 'python'
[0.273s] Level 1:colcon.colcon_core.package_identification:_identify(diagnostics/20260712_010514/ros_logs_snapshot/2026-07-11-20-51-14-033573-sweepi-4835) by extensions ['python_setup_py']
[0.273s] Level 1:colcon.colcon_core.package_identification:_identify(diagnostics/20260712_010514/ros_logs_snapshot/2026-07-11-20-51-14-033573-sweepi-4835) by extension 'python_setup_py'
[0.273s] Level 1:colcon.colcon_core.package_identification:_identify(diagnostics/20260712_010514/ros_logs_snapshot/2026-07-11-20-51-55-394184-sweepi-5262) by extensions ['ignore', 'ignore_ament_install']
[0.273s] Level 1:colcon.colcon_core.package_identification:_identify(diagnostics/20260712_010514/ros_logs_snapshot/2026-07-11-20-51-55-394184-sweepi-5262) by extension 'ignore'
[0.273s] Level 1:colcon.colcon_core.package_identification:_identify(diagnostics/20260712_010514/ros_logs_snapshot/2026-07-11-20-51-55-394184-sweepi-5262) by extension 'ignore_ament_install'
[0.273s] Level 1:colcon.colcon_core.package_identification:_identify(diagnostics/20260712_010514/ros_logs_snapshot/2026-07-11-20-51-55-394184-sweepi-5262) by extensions ['colcon_pkg']
[0.273s] Level 1:colcon.colcon_core.package_identification:_identify(diagnostics/20260712_010514/ros_logs_snapshot/2026-07-11-20-51-55-394184-sweepi-5262) by extension 'colcon_pkg'
[0.273s] Level 1:colcon.colcon_core.package_identification:_identify(diagnostics/20260712_010514/ros_logs_snapshot/2026-07-11-20-51-55-394184-sweepi-5262) by extensions ['colcon_meta']
[0.273s] Level 1:colcon.colcon_core.package_identification:_identify(diagnostics/20260712_010514/ros_logs_snapshot/2026-07-11-20-51-55-394184-sweepi-5262) by extension 'colcon_meta'
[0.273s] Level 1:colcon.colcon_core.package_identification:_identify(diagnostics/20260712_010514/ros_logs_snapshot/2026-07-11-20-51-55-394184-sweepi-5262) by extensions ['ros']
[0.273s] Level 1:colcon.colcon_core.package_identification:_identify(diagnostics/20260712_010514/ros_logs_snapshot/2026-07-11-20-51-55-394184-sweepi-5262) by extension 'ros'
[0.273s] Level 1:colcon.colcon_core.package_identification:_identify(diagnostics/20260712_010514/ros_logs_snapshot/2026-07-11-20-51-55-394184-sweepi-5262) by extensions ['cmake', 'python']
[0.273s] Level 1:colcon.colcon_core.package_identification:_identify(diagnostics/20260712_010514/ros_logs_snapshot/2026-07-11-20-51-55-394184-sweepi-5262) by extension 'cmake'
[0.273s] Level 1:colcon.colcon_core.package_identification:_identify(diagnostics/20260712_010514/ros_logs_snapshot/2026-07-11-20-51-55-394184-sweepi-5262) by extension 'python'
[0.274s] Level 1:colcon.colcon_core.package_identification:_identify(diagnostics/20260712_010514/ros_logs_snapshot/2026-07-11-20-51-55-394184-sweepi-5262) by extensions ['python_setup_py']
[0.274s] Level 1:colcon.colcon_core.package_identification:_identify(diagnostics/20260712_010514/ros_logs_snapshot/2026-07-11-20-51-55-394184-sweepi-5262) by extension 'python_setup_py'
[0.274s] Level 1:colcon.colcon_core.package_identification:_identify(diagnostics/20260712_010514/ros_logs_snapshot/2026-07-11-20-53-30-306985-sweepi-5673) by extensions ['ignore', 'ignore_ament_install']
[0.274s] Level 1:colcon.colcon_core.package_identification:_identify(diagnostics/20260712_010514/ros_logs_snapshot/2026-07-11-20-53-30-306985-sweepi-5673) by extension 'ignore'
[0.274s] Level 1:colcon.colcon_core.package_identification:_identify(diagnostics/20260712_010514/ros_logs_snapshot/2026-07-11-20-53-30-306985-sweepi-5673) by extension 'ignore_ament_install'
[0.274s] Level 1:colcon.colcon_core.package_identification:_identify(diagnostics/20260712_010514/ros_logs_snapshot/2026-07-11-20-53-30-306985-sweepi-5673) by extensions ['colcon_pkg']
[0.274s] Level 1:colcon.colcon_core.package_identification:_identify(diagnostics/20260712_010514/ros_logs_snapshot/2026-07-11-20-53-30-306985-sweepi-5673) by extension 'colcon_pkg'
[0.274s] Level 1:colcon.colcon_core.package_identification:_identify(diagnostics/20260712_010514/ros_logs_snapshot/2026-07-11-20-53-30-306985-sweepi-5673) by extensions ['colcon_meta']
[0.274s] Level 1:colcon.colcon_core.package_identification:_identify(diagnostics/20260712_010514/ros_logs_snapshot/2026-07-11-20-53-30-306985-sweepi-5673) by extension 'colcon_meta'
[0.274s] Level 1:colcon.colcon_core.package_identification:_identify(diagnostics/20260712_010514/ros_logs_snapshot/2026-07-11-20-53-30-306985-sweepi-5673) by extensions ['ros']
[0.274s] Level 1:colcon.colcon_core.package_identification:_identify(diagnostics/20260712_010514/ros_logs_snapshot/2026-07-11-20-53-30-306985-sweepi-5673) by extension 'ros'
[0.274s] Level 1:colcon.colcon_core.package_identification:_identify(diagnostics/20260712_010514/ros_logs_snapshot/2026-07-11-20-53-30-306985-sweepi-5673) by extensions ['cmake', 'python']
[0.274s] Level 1:colcon.colcon_core.package_identification:_identify(diagnostics/20260712_010514/ros_logs_snapshot/2026-07-11-20-53-30-306985-sweepi-5673) by extension 'cmake'
[0.274s] Level 1:colcon.colcon_core.package_identification:_identify(diagnostics/20260712_010514/ros_logs_snapshot/2026-07-11-20-53-30-306985-sweepi-5673) by extension 'python'
[0.274s] Level 1:colcon.colcon_core.package_identification:_identify(diagnostics/20260712_010514/ros_logs_snapshot/2026-07-11-20-53-30-306985-sweepi-5673) by extensions ['python_setup_py']
[0.274s] Level 1:colcon.colcon_core.package_identification:_identify(diagnostics/20260712_010514/ros_logs_snapshot/2026-07-11-20-53-30-306985-sweepi-5673) by extension 'python_setup_py'
[0.274s] Level 1:colcon.colcon_core.package_identification:_identify(diagnostics/20260712_010514/ros_logs_snapshot/2026-07-11-20-54-45-694585-sweepi-6118) by extensions ['ignore', 'ignore_ament_install']
[0.275s] Level 1:colcon.colcon_core.package_identification:_identify(diagnostics/20260712_010514/ros_logs_snapshot/2026-07-11-20-54-45-694585-sweepi-6118) by extension 'ignore'
[0.275s] Level 1:colcon.colcon_core.package_identification:_identify(diagnostics/20260712_010514/ros_logs_snapshot/2026-07-11-20-54-45-694585-sweepi-6118) by extension 'ignore_ament_install'
[0.275s] Level 1:colcon.colcon_core.package_identification:_identify(diagnostics/20260712_010514/ros_logs_snapshot/2026-07-11-20-54-45-694585-sweepi-6118) by extensions ['colcon_pkg']
[0.275s] Level 1:colcon.colcon_core.package_identification:_identify(diagnostics/20260712_010514/ros_logs_snapshot/2026-07-11-20-54-45-694585-sweepi-6118) by extension 'colcon_pkg'
[0.275s] Level 1:colcon.colcon_core.package_identification:_identify(diagnostics/20260712_010514/ros_logs_snapshot/2026-07-11-20-54-45-694585-sweepi-6118) by extensions ['colcon_meta']
[0.275s] Level 1:colcon.colcon_core.package_identification:_identify(diagnostics/20260712_010514/ros_logs_snapshot/2026-07-11-20-54-45-694585-sweepi-6118) by extension 'colcon_meta'
[0.275s] Level 1:colcon.colcon_core.package_identification:_identify(diagnostics/20260712_010514/ros_logs_snapshot/2026-07-11-20-54-45-694585-sweepi-6118) by extensions ['ros']
[0.275s] Level 1:colcon.colcon_core.package_identification:_identify(diagnostics/20260712_010514/ros_logs_snapshot/2026-07-11-20-54-45-694585-sweepi-6118) by extension 'ros'
[0.275s] Level 1:colcon.colcon_core.package_identification:_identify(diagnostics/20260712_010514/ros_logs_snapshot/2026-07-11-20-54-45-694585-sweepi-6118) by extensions ['cmake', 'python']
[0.275s] Level 1:colcon.colcon_core.package_identification:_identify(diagnostics/20260712_010514/ros_logs_snapshot/2026-07-11-20-54-45-694585-sweepi-6118) by extension 'cmake'
[0.275s] Level 1:colcon.colcon_core.package_identification:_identify(diagnostics/20260712_010514/ros_logs_snapshot/2026-07-11-20-54-45-694585-sweepi-6118) by extension 'python'
[0.275s] Level 1:colcon.colcon_core.package_identification:_identify(diagnostics/20260712_010514/ros_logs_snapshot/2026-07-11-20-54-45-694585-sweepi-6118) by extensions ['python_setup_py']
[0.275s] Level 1:colcon.colcon_core.package_identification:_identify(diagnostics/20260712_010514/ros_logs_snapshot/2026-07-11-20-54-45-694585-sweepi-6118) by extension 'python_setup_py'
[0.275s] Level 1:colcon.colcon_core.package_identification:_identify(diagnostics/20260712_010514/ros_logs_snapshot/2026-07-11-20-57-56-216412-sweepi-7252) by extensions ['ignore', 'ignore_ament_install']
[0.275s] Level 1:colcon.colcon_core.package_identification:_identify(diagnostics/20260712_010514/ros_logs_snapshot/2026-07-11-20-57-56-216412-sweepi-7252) by extension 'ignore'
[0.275s] Level 1:colcon.colcon_core.package_identification:_identify(diagnostics/20260712_010514/ros_logs_snapshot/2026-07-11-20-57-56-216412-sweepi-7252) by extension 'ignore_ament_install'
[0.275s] Level 1:colcon.colcon_core.package_identification:_identify(diagnostics/20260712_010514/ros_logs_snapshot/2026-07-11-20-57-56-216412-sweepi-7252) by extensions ['colcon_pkg']
[0.275s] Level 1:colcon.colcon_core.package_identification:_identify(diagnostics/20260712_010514/ros_logs_snapshot/2026-07-11-20-57-56-216412-sweepi-7252) by extension 'colcon_pkg'
[0.275s] Level 1:colcon.colcon_core.package_identification:_identify(diagnostics/20260712_010514/ros_logs_snapshot/2026-07-11-20-57-56-216412-sweepi-7252) by extensions ['colcon_meta']
[0.276s] Level 1:colcon.colcon_core.package_identification:_identify(diagnostics/20260712_010514/ros_logs_snapshot/2026-07-11-20-57-56-216412-sweepi-7252) by extension 'colcon_meta'
[0.276s] Level 1:colcon.colcon_core.package_identification:_identify(diagnostics/20260712_010514/ros_logs_snapshot/2026-07-11-20-57-56-216412-sweepi-7252) by extensions ['ros']
[0.276s] Level 1:colcon.colcon_core.package_identification:_identify(diagnostics/20260712_010514/ros_logs_snapshot/2026-07-11-20-57-56-216412-sweepi-7252) by extension 'ros'
[0.276s] Level 1:colcon.colcon_core.package_identification:_identify(diagnostics/20260712_010514/ros_logs_snapshot/2026-07-11-20-57-56-216412-sweepi-7252) by extensions ['cmake', 'python']
[0.276s] Level 1:colcon.colcon_core.package_identification:_identify(diagnostics/20260712_010514/ros_logs_snapshot/2026-07-11-20-57-56-216412-sweepi-7252) by extension 'cmake'
[0.276s] Level 1:colcon.colcon_core.package_identification:_identify(diagnostics/20260712_010514/ros_logs_snapshot/2026-07-11-20-57-56-216412-sweepi-7252) by extension 'python'
[0.276s] Level 1:colcon.colcon_core.package_identification:_identify(diagnostics/20260712_010514/ros_logs_snapshot/2026-07-11-20-57-56-216412-sweepi-7252) by extensions ['python_setup_py']
[0.276s] Level 1:colcon.colcon_core.package_identification:_identify(diagnostics/20260712_010514/ros_logs_snapshot/2026-07-11-20-57-56-216412-sweepi-7252) by extension 'python_setup_py'
[0.276s] Level 1:colcon.colcon_core.package_identification:_identify(diagnostics/20260712_010514/ros_logs_snapshot/2026-07-11-20-58-27-652049-sweepi-7508) by extensions ['ignore', 'ignore_ament_install']
[0.276s] Level 1:colcon.colcon_core.package_identification:_identify(diagnostics/20260712_010514/ros_logs_snapshot/2026-07-11-20-58-27-652049-sweepi-7508) by extension 'ignore'
[0.276s] Level 1:colcon.colcon_core.package_identification:_identify(diagnostics/20260712_010514/ros_logs_snapshot/2026-07-11-20-58-27-652049-sweepi-7508) by extension 'ignore_ament_install'
[0.276s] Level 1:colcon.colcon_core.package_identification:_identify(diagnostics/20260712_010514/ros_logs_snapshot/2026-07-11-20-58-27-652049-sweepi-7508) by extensions ['colcon_pkg']
[0.276s] Level 1:colcon.colcon_core.package_identification:_identify(diagnostics/20260712_010514/ros_logs_snapshot/2026-07-11-20-58-27-652049-sweepi-7508) by extension 'colcon_pkg'
[0.276s] Level 1:colcon.colcon_core.package_identification:_identify(diagnostics/20260712_010514/ros_logs_snapshot/2026-07-11-20-58-27-652049-sweepi-7508) by extensions ['colcon_meta']
[0.276s] Level 1:colcon.colcon_core.package_identification:_identify(diagnostics/20260712_010514/ros_logs_snapshot/2026-07-11-20-58-27-652049-sweepi-7508) by extension 'colcon_meta'
[0.276s] Level 1:colcon.colcon_core.package_identification:_identify(diagnostics/20260712_010514/ros_logs_snapshot/2026-07-11-20-58-27-652049-sweepi-7508) by extensions ['ros']
[0.276s] Level 1:colcon.colcon_core.package_identification:_identify(diagnostics/20260712_010514/ros_logs_snapshot/2026-07-11-20-58-27-652049-sweepi-7508) by extension 'ros'
[0.276s] Level 1:colcon.colcon_core.package_identification:_identify(diagnostics/20260712_010514/ros_logs_snapshot/2026-07-11-20-58-27-652049-sweepi-7508) by extensions ['cmake', 'python']
[0.276s] Level 1:colcon.colcon_core.package_identification:_identify(diagnostics/20260712_010514/ros_logs_snapshot/2026-07-11-20-58-27-652049-sweepi-7508) by extension 'cmake'
[0.277s] Level 1:colcon.colcon_core.package_identification:_identify(diagnostics/20260712_010514/ros_logs_snapshot/2026-07-11-20-58-27-652049-sweepi-7508) by extension 'python'
[0.277s] Level 1:colcon.colcon_core.package_identification:_identify(diagnostics/20260712_010514/ros_logs_snapshot/2026-07-11-20-58-27-652049-sweepi-7508) by extensions ['python_setup_py']
[0.277s] Level 1:colcon.colcon_core.package_identification:_identify(diagnostics/20260712_010514/ros_logs_snapshot/2026-07-11-20-58-27-652049-sweepi-7508) by extension 'python_setup_py'
[0.277s] Level 1:colcon.colcon_core.package_identification:_identify(diagnostics/20260712_010514/ros_logs_snapshot/2026-07-11-21-07-37-959413-sweepi-11679) by extensions ['ignore', 'ignore_ament_install']
[0.277s] Level 1:colcon.colcon_core.package_identification:_identify(diagnostics/20260712_010514/ros_logs_snapshot/2026-07-11-21-07-37-959413-sweepi-11679) by extension 'ignore'
[0.277s] Level 1:colcon.colcon_core.package_identification:_identify(diagnostics/20260712_010514/ros_logs_snapshot/2026-07-11-21-07-37-959413-sweepi-11679) by extension 'ignore_ament_install'
[0.277s] Level 1:colcon.colcon_core.package_identification:_identify(diagnostics/20260712_010514/ros_logs_snapshot/2026-07-11-21-07-37-959413-sweepi-11679) by extensions ['colcon_pkg']
[0.277s] Level 1:colcon.colcon_core.package_identification:_identify(diagnostics/20260712_010514/ros_logs_snapshot/2026-07-11-21-07-37-959413-sweepi-11679) by extension 'colcon_pkg'
[0.277s] Level 1:colcon.colcon_core.package_identification:_identify(diagnostics/20260712_010514/ros_logs_snapshot/2026-07-11-21-07-37-959413-sweepi-11679) by extensions ['colcon_meta']
[0.277s] Level 1:colcon.colcon_core.package_identification:_identify(diagnostics/20260712_010514/ros_logs_snapshot/2026-07-11-21-07-37-959413-sweepi-11679) by extension 'colcon_meta'
[0.277s] Level 1:colcon.colcon_core.package_identification:_identify(diagnostics/20260712_010514/ros_logs_snapshot/2026-07-11-21-07-37-959413-sweepi-11679) by extensions ['ros']
[0.277s] Level 1:colcon.colcon_core.package_identification:_identify(diagnostics/20260712_010514/ros_logs_snapshot/2026-07-11-21-07-37-959413-sweepi-11679) by extension 'ros'
[0.277s] Level 1:colcon.colcon_core.package_identification:_identify(diagnostics/20260712_010514/ros_logs_snapshot/2026-07-11-21-07-37-959413-sweepi-11679) by extensions ['cmake', 'python']
[0.277s] Level 1:colcon.colcon_core.package_identification:_identify(diagnostics/20260712_010514/ros_logs_snapshot/2026-07-11-21-07-37-959413-sweepi-11679) by extension 'cmake'
[0.277s] Level 1:colcon.colcon_core.package_identification:_identify(diagnostics/20260712_010514/ros_logs_snapshot/2026-07-11-21-07-37-959413-sweepi-11679) by extension 'python'
[0.277s] Level 1:colcon.colcon_core.package_identification:_identify(diagnostics/20260712_010514/ros_logs_snapshot/2026-07-11-21-07-37-959413-sweepi-11679) by extensions ['python_setup_py']
[0.277s] Level 1:colcon.colcon_core.package_identification:_identify(diagnostics/20260712_010514/ros_logs_snapshot/2026-07-11-21-07-37-959413-sweepi-11679) by extension 'python_setup_py'
[0.277s] Level 1:colcon.colcon_core.package_identification:_identify(diagnostics/20260712_010514/ros_logs_snapshot/2026-07-11-21-08-19-395035-sweepi-11824) by extensions ['ignore', 'ignore_ament_install']
[0.278s] Level 1:colcon.colcon_core.package_identification:_identify(diagnostics/20260712_010514/ros_logs_snapshot/2026-07-11-21-08-19-395035-sweepi-11824) by extension 'ignore'
[0.278s] Level 1:colcon.colcon_core.package_identification:_identify(diagnostics/20260712_010514/ros_logs_snapshot/2026-07-11-21-08-19-395035-sweepi-11824) by extension 'ignore_ament_install'
[0.278s] Level 1:colcon.colcon_core.package_identification:_identify(diagnostics/20260712_010514/ros_logs_snapshot/2026-07-11-21-08-19-395035-sweepi-11824) by extensions ['colcon_pkg']
[0.278s] Level 1:colcon.colcon_core.package_identification:_identify(diagnostics/20260712_010514/ros_logs_snapshot/2026-07-11-21-08-19-395035-sweepi-11824) by extension 'colcon_pkg'
[0.278s] Level 1:colcon.colcon_core.package_identification:_identify(diagnostics/20260712_010514/ros_logs_snapshot/2026-07-11-21-08-19-395035-sweepi-11824) by extensions ['colcon_meta']
[0.278s] Level 1:colcon.colcon_core.package_identification:_identify(diagnostics/20260712_010514/ros_logs_snapshot/2026-07-11-21-08-19-395035-sweepi-11824) by extension 'colcon_meta'
[0.278s] Level 1:colcon.colcon_core.package_identification:_identify(diagnostics/20260712_010514/ros_logs_snapshot/2026-07-11-21-08-19-395035-sweepi-11824) by extensions ['ros']
[0.278s] Level 1:colcon.colcon_core.package_identification:_identify(diagnostics/20260712_010514/ros_logs_snapshot/2026-07-11-21-08-19-395035-sweepi-11824) by extension 'ros'
[0.278s] Level 1:colcon.colcon_core.package_identification:_identify(diagnostics/20260712_010514/ros_logs_snapshot/2026-07-11-21-08-19-395035-sweepi-11824) by extensions ['cmake', 'python']
[0.278s] Level 1:colcon.colcon_core.package_identification:_identify(diagnostics/20260712_010514/ros_logs_snapshot/2026-07-11-21-08-19-395035-sweepi-11824) by extension 'cmake'
[0.278s] Level 1:colcon.colcon_core.package_identification:_identify(diagnostics/20260712_010514/ros_logs_snapshot/2026-07-11-21-08-19-395035-sweepi-11824) by extension 'python'
[0.278s] Level 1:colcon.colcon_core.package_identification:_identify(diagnostics/20260712_010514/ros_logs_snapshot/2026-07-11-21-08-19-395035-sweepi-11824) by extensions ['python_setup_py']
[0.278s] Level 1:colcon.colcon_core.package_identification:_identify(diagnostics/20260712_010514/ros_logs_snapshot/2026-07-11-21-08-19-395035-sweepi-11824) by extension 'python_setup_py'
[0.278s] Level 1:colcon.colcon_core.package_identification:_identify(diagnostics/20260712_010514/ros_logs_snapshot/2026-07-11-21-09-13-180145-sweepi-12426) by extensions ['ignore', 'ignore_ament_install']
[0.278s] Level 1:colcon.colcon_core.package_identification:_identify(diagnostics/20260712_010514/ros_logs_snapshot/2026-07-11-21-09-13-180145-sweepi-12426) by extension 'ignore'
[0.278s] Level 1:colcon.colcon_core.package_identification:_identify(diagnostics/20260712_010514/ros_logs_snapshot/2026-07-11-21-09-13-180145-sweepi-12426) by extension 'ignore_ament_install'
[0.278s] Level 1:colcon.colcon_core.package_identification:_identify(diagnostics/20260712_010514/ros_logs_snapshot/2026-07-11-21-09-13-180145-sweepi-12426) by extensions ['colcon_pkg']
[0.278s] Level 1:colcon.colcon_core.package_identification:_identify(diagnostics/20260712_010514/ros_logs_snapshot/2026-07-11-21-09-13-180145-sweepi-12426) by extension 'colcon_pkg'
[0.279s] Level 1:colcon.colcon_core.package_identification:_identify(diagnostics/20260712_010514/ros_logs_snapshot/2026-07-11-21-09-13-180145-sweepi-12426) by extensions ['colcon_meta']
[0.279s] Level 1:colcon.colcon_core.package_identification:_identify(diagnostics/20260712_010514/ros_logs_snapshot/2026-07-11-21-09-13-180145-sweepi-12426) by extension 'colcon_meta'
[0.279s] Level 1:colcon.colcon_core.package_identification:_identify(diagnostics/20260712_010514/ros_logs_snapshot/2026-07-11-21-09-13-180145-sweepi-12426) by extensions ['ros']
[0.279s] Level 1:colcon.colcon_core.package_identification:_identify(diagnostics/20260712_010514/ros_logs_snapshot/2026-07-11-21-09-13-180145-sweepi-12426) by extension 'ros'
[0.279s] Level 1:colcon.colcon_core.package_identification:_identify(diagnostics/20260712_010514/ros_logs_snapshot/2026-07-11-21-09-13-180145-sweepi-12426) by extensions ['cmake', 'python']
[0.279s] Level 1:colcon.colcon_core.package_identification:_identify(diagnostics/20260712_010514/ros_logs_snapshot/2026-07-11-21-09-13-180145-sweepi-12426) by extension 'cmake'
[0.279s] Level 1:colcon.colcon_core.package_identification:_identify(diagnostics/20260712_010514/ros_logs_snapshot/2026-07-11-21-09-13-180145-sweepi-12426) by extension 'python'
[0.279s] Level 1:colcon.colcon_core.package_identification:_identify(diagnostics/20260712_010514/ros_logs_snapshot/2026-07-11-21-09-13-180145-sweepi-12426) by extensions ['python_setup_py']
[0.279s] Level 1:colcon.colcon_core.package_identification:_identify(diagnostics/20260712_010514/ros_logs_snapshot/2026-07-11-21-09-13-180145-sweepi-12426) by extension 'python_setup_py'
[0.279s] Level 1:colcon.colcon_core.package_identification:_identify(diagnostics/20260712_010514/ros_logs_snapshot/2026-07-11-21-09-20-253469-sweepi-12554) by extensions ['ignore', 'ignore_ament_install']
[0.279s] Level 1:colcon.colcon_core.package_identification:_identify(diagnostics/20260712_010514/ros_logs_snapshot/2026-07-11-21-09-20-253469-sweepi-12554) by extension 'ignore'
[0.279s] Level 1:colcon.colcon_core.package_identification:_identify(diagnostics/20260712_010514/ros_logs_snapshot/2026-07-11-21-09-20-253469-sweepi-12554) by extension 'ignore_ament_install'
[0.279s] Level 1:colcon.colcon_core.package_identification:_identify(diagnostics/20260712_010514/ros_logs_snapshot/2026-07-11-21-09-20-253469-sweepi-12554) by extensions ['colcon_pkg']
[0.279s] Level 1:colcon.colcon_core.package_identification:_identify(diagnostics/20260712_010514/ros_logs_snapshot/2026-07-11-21-09-20-253469-sweepi-12554) by extension 'colcon_pkg'
[0.279s] Level 1:colcon.colcon_core.package_identification:_identify(diagnostics/20260712_010514/ros_logs_snapshot/2026-07-11-21-09-20-253469-sweepi-12554) by extensions ['colcon_meta']
[0.279s] Level 1:colcon.colcon_core.package_identification:_identify(diagnostics/20260712_010514/ros_logs_snapshot/2026-07-11-21-09-20-253469-sweepi-12554) by extension 'colcon_meta'
[0.279s] Level 1:colcon.colcon_core.package_identification:_identify(diagnostics/20260712_010514/ros_logs_snapshot/2026-07-11-21-09-20-253469-sweepi-12554) by extensions ['ros']
[0.279s] Level 1:colcon.colcon_core.package_identification:_identify(diagnostics/20260712_010514/ros_logs_snapshot/2026-07-11-21-09-20-253469-sweepi-12554) by extension 'ros'
[0.279s] Level 1:colcon.colcon_core.package_identification:_identify(diagnostics/20260712_010514/ros_logs_snapshot/2026-07-11-21-09-20-253469-sweepi-12554) by extensions ['cmake', 'python']
[0.279s] Level 1:colcon.colcon_core.package_identification:_identify(diagnostics/20260712_010514/ros_logs_snapshot/2026-07-11-21-09-20-253469-sweepi-12554) by extension 'cmake'
[0.280s] Level 1:colcon.colcon_core.package_identification:_identify(diagnostics/20260712_010514/ros_logs_snapshot/2026-07-11-21-09-20-253469-sweepi-12554) by extension 'python'
[0.280s] Level 1:colcon.colcon_core.package_identification:_identify(diagnostics/20260712_010514/ros_logs_snapshot/2026-07-11-21-09-20-253469-sweepi-12554) by extensions ['python_setup_py']
[0.280s] Level 1:colcon.colcon_core.package_identification:_identify(diagnostics/20260712_010514/ros_logs_snapshot/2026-07-11-21-09-20-253469-sweepi-12554) by extension 'python_setup_py'
[0.280s] Level 1:colcon.colcon_core.package_identification:_identify(diagnostics/20260712_010514/ros_logs_snapshot/2026-07-11-21-09-43-347654-sweepi-13196) by extensions ['ignore', 'ignore_ament_install']
[0.280s] Level 1:colcon.colcon_core.package_identification:_identify(diagnostics/20260712_010514/ros_logs_snapshot/2026-07-11-21-09-43-347654-sweepi-13196) by extension 'ignore'
[0.280s] Level 1:colcon.colcon_core.package_identification:_identify(diagnostics/20260712_010514/ros_logs_snapshot/2026-07-11-21-09-43-347654-sweepi-13196) by extension 'ignore_ament_install'
[0.280s] Level 1:colcon.colcon_core.package_identification:_identify(diagnostics/20260712_010514/ros_logs_snapshot/2026-07-11-21-09-43-347654-sweepi-13196) by extensions ['colcon_pkg']
[0.280s] Level 1:colcon.colcon_core.package_identification:_identify(diagnostics/20260712_010514/ros_logs_snapshot/2026-07-11-21-09-43-347654-sweepi-13196) by extension 'colcon_pkg'
[0.280s] Level 1:colcon.colcon_core.package_identification:_identify(diagnostics/20260712_010514/ros_logs_snapshot/2026-07-11-21-09-43-347654-sweepi-13196) by extensions ['colcon_meta']
[0.280s] Level 1:colcon.colcon_core.package_identification:_identify(diagnostics/20260712_010514/ros_logs_snapshot/2026-07-11-21-09-43-347654-sweepi-13196) by extension 'colcon_meta'
[0.280s] Level 1:colcon.colcon_core.package_identification:_identify(diagnostics/20260712_010514/ros_logs_snapshot/2026-07-11-21-09-43-347654-sweepi-13196) by extensions ['ros']
[0.280s] Level 1:colcon.colcon_core.package_identification:_identify(diagnostics/20260712_010514/ros_logs_snapshot/2026-07-11-21-09-43-347654-sweepi-13196) by extension 'ros'
[0.280s] Level 1:colcon.colcon_core.package_identification:_identify(diagnostics/20260712_010514/ros_logs_snapshot/2026-07-11-21-09-43-347654-sweepi-13196) by extensions ['cmake', 'python']
[0.280s] Level 1:colcon.colcon_core.package_identification:_identify(diagnostics/20260712_010514/ros_logs_snapshot/2026-07-11-21-09-43-347654-sweepi-13196) by extension 'cmake'
[0.280s] Level 1:colcon.colcon_core.package_identification:_identify(diagnostics/20260712_010514/ros_logs_snapshot/2026-07-11-21-09-43-347654-sweepi-13196) by extension 'python'
[0.280s] Level 1:colcon.colcon_core.package_identification:_identify(diagnostics/20260712_010514/ros_logs_snapshot/2026-07-11-21-09-43-347654-sweepi-13196) by extensions ['python_setup_py']
[0.280s] Level 1:colcon.colcon_core.package_identification:_identify(diagnostics/20260712_010514/ros_logs_snapshot/2026-07-11-21-09-43-347654-sweepi-13196) by extension 'python_setup_py'
[0.280s] Level 1:colcon.colcon_core.package_identification:_identify(diagnostics/20260712_010514/ros_logs_snapshot/2026-07-11-21-09-51-434429-sweepi-13352) by extensions ['ignore', 'ignore_ament_install']
[0.281s] Level 1:colcon.colcon_core.package_identification:_identify(diagnostics/20260712_010514/ros_logs_snapshot/2026-07-11-21-09-51-434429-sweepi-13352) by extension 'ignore'
[0.281s] Level 1:colcon.colcon_core.package_identification:_identify(diagnostics/20260712_010514/ros_logs_snapshot/2026-07-11-21-09-51-434429-sweepi-13352) by extension 'ignore_ament_install'
[0.281s] Level 1:colcon.colcon_core.package_identification:_identify(diagnostics/20260712_010514/ros_logs_snapshot/2026-07-11-21-09-51-434429-sweepi-13352) by extensions ['colcon_pkg']
[0.281s] Level 1:colcon.colcon_core.package_identification:_identify(diagnostics/20260712_010514/ros_logs_snapshot/2026-07-11-21-09-51-434429-sweepi-13352) by extension 'colcon_pkg'
[0.281s] Level 1:colcon.colcon_core.package_identification:_identify(diagnostics/20260712_010514/ros_logs_snapshot/2026-07-11-21-09-51-434429-sweepi-13352) by extensions ['colcon_meta']
[0.281s] Level 1:colcon.colcon_core.package_identification:_identify(diagnostics/20260712_010514/ros_logs_snapshot/2026-07-11-21-09-51-434429-sweepi-13352) by extension 'colcon_meta'
[0.281s] Level 1:colcon.colcon_core.package_identification:_identify(diagnostics/20260712_010514/ros_logs_snapshot/2026-07-11-21-09-51-434429-sweepi-13352) by extensions ['ros']
[0.281s] Level 1:colcon.colcon_core.package_identification:_identify(diagnostics/20260712_010514/ros_logs_snapshot/2026-07-11-21-09-51-434429-sweepi-13352) by extension 'ros'
[0.281s] Level 1:colcon.colcon_core.package_identification:_identify(diagnostics/20260712_010514/ros_logs_snapshot/2026-07-11-21-09-51-434429-sweepi-13352) by extensions ['cmake', 'python']
[0.281s] Level 1:colcon.colcon_core.package_identification:_identify(diagnostics/20260712_010514/ros_logs_snapshot/2026-07-11-21-09-51-434429-sweepi-13352) by extension 'cmake'
[0.281s] Level 1:colcon.colcon_core.package_identification:_identify(diagnostics/20260712_010514/ros_logs_snapshot/2026-07-11-21-09-51-434429-sweepi-13352) by extension 'python'
[0.281s] Level 1:colcon.colcon_core.package_identification:_identify(diagnostics/20260712_010514/ros_logs_snapshot/2026-07-11-21-09-51-434429-sweepi-13352) by extensions ['python_setup_py']
[0.281s] Level 1:colcon.colcon_core.package_identification:_identify(diagnostics/20260712_010514/ros_logs_snapshot/2026-07-11-21-09-51-434429-sweepi-13352) by extension 'python_setup_py'
[0.281s] Level 1:colcon.colcon_core.package_identification:_identify(diagnostics/20260712_010514/ros_logs_snapshot/2026-07-11-21-18-53-333026-sweepi-3668) by extensions ['ignore', 'ignore_ament_install']
[0.281s] Level 1:colcon.colcon_core.package_identification:_identify(diagnostics/20260712_010514/ros_logs_snapshot/2026-07-11-21-18-53-333026-sweepi-3668) by extension 'ignore'
[0.281s] Level 1:colcon.colcon_core.package_identification:_identify(diagnostics/20260712_010514/ros_logs_snapshot/2026-07-11-21-18-53-333026-sweepi-3668) by extension 'ignore_ament_install'
[0.281s] Level 1:colcon.colcon_core.package_identification:_identify(diagnostics/20260712_010514/ros_logs_snapshot/2026-07-11-21-18-53-333026-sweepi-3668) by extensions ['colcon_pkg']
[0.281s] Level 1:colcon.colcon_core.package_identification:_identify(diagnostics/20260712_010514/ros_logs_snapshot/2026-07-11-21-18-53-333026-sweepi-3668) by extension 'colcon_pkg'
[0.282s] Level 1:colcon.colcon_core.package_identification:_identify(diagnostics/20260712_010514/ros_logs_snapshot/2026-07-11-21-18-53-333026-sweepi-3668) by extensions ['colcon_meta']
[0.282s] Level 1:colcon.colcon_core.package_identification:_identify(diagnostics/20260712_010514/ros_logs_snapshot/2026-07-11-21-18-53-333026-sweepi-3668) by extension 'colcon_meta'
[0.282s] Level 1:colcon.colcon_core.package_identification:_identify(diagnostics/20260712_010514/ros_logs_snapshot/2026-07-11-21-18-53-333026-sweepi-3668) by extensions ['ros']
[0.282s] Level 1:colcon.colcon_core.package_identification:_identify(diagnostics/20260712_010514/ros_logs_snapshot/2026-07-11-21-18-53-333026-sweepi-3668) by extension 'ros'
[0.282s] Level 1:colcon.colcon_core.package_identification:_identify(diagnostics/20260712_010514/ros_logs_snapshot/2026-07-11-21-18-53-333026-sweepi-3668) by extensions ['cmake', 'python']
[0.282s] Level 1:colcon.colcon_core.package_identification:_identify(diagnostics/20260712_010514/ros_logs_snapshot/2026-07-11-21-18-53-333026-sweepi-3668) by extension 'cmake'
[0.282s] Level 1:colcon.colcon_core.package_identification:_identify(diagnostics/20260712_010514/ros_logs_snapshot/2026-07-11-21-18-53-333026-sweepi-3668) by extension 'python'
[0.282s] Level 1:colcon.colcon_core.package_identification:_identify(diagnostics/20260712_010514/ros_logs_snapshot/2026-07-11-21-18-53-333026-sweepi-3668) by extensions ['python_setup_py']
[0.282s] Level 1:colcon.colcon_core.package_identification:_identify(diagnostics/20260712_010514/ros_logs_snapshot/2026-07-11-21-18-53-333026-sweepi-3668) by extension 'python_setup_py'
[0.282s] Level 1:colcon.colcon_core.package_identification:_identify(diagnostics/20260712_010514/ros_logs_snapshot/2026-07-11-21-19-00-828557-sweepi-3872) by extensions ['ignore', 'ignore_ament_install']
[0.282s] Level 1:colcon.colcon_core.package_identification:_identify(diagnostics/20260712_010514/ros_logs_snapshot/2026-07-11-21-19-00-828557-sweepi-3872) by extension 'ignore'
[0.282s] Level 1:colcon.colcon_core.package_identification:_identify(diagnostics/20260712_010514/ros_logs_snapshot/2026-07-11-21-19-00-828557-sweepi-3872) by extension 'ignore_ament_install'
[0.282s] Level 1:colcon.colcon_core.package_identification:_identify(diagnostics/20260712_010514/ros_logs_snapshot/2026-07-11-21-19-00-828557-sweepi-3872) by extensions ['colcon_pkg']
[0.282s] Level 1:colcon.colcon_core.package_identification:_identify(diagnostics/20260712_010514/ros_logs_snapshot/2026-07-11-21-19-00-828557-sweepi-3872) by extension 'colcon_pkg'
[0.282s] Level 1:colcon.colcon_core.package_identification:_identify(diagnostics/20260712_010514/ros_logs_snapshot/2026-07-11-21-19-00-828557-sweepi-3872) by extensions ['colcon_meta']
[0.282s] Level 1:colcon.colcon_core.package_identification:_identify(diagnostics/20260712_010514/ros_logs_snapshot/2026-07-11-21-19-00-828557-sweepi-3872) by extension 'colcon_meta'
[0.282s] Level 1:colcon.colcon_core.package_identification:_identify(diagnostics/20260712_010514/ros_logs_snapshot/2026-07-11-21-19-00-828557-sweepi-3872) by extensions ['ros']
[0.282s] Level 1:colcon.colcon_core.package_identification:_identify(diagnostics/20260712_010514/ros_logs_snapshot/2026-07-11-21-19-00-828557-sweepi-3872) by extension 'ros'
[0.282s] Level 1:colcon.colcon_core.package_identification:_identify(diagnostics/20260712_010514/ros_logs_snapshot/2026-07-11-21-19-00-828557-sweepi-3872) by extensions ['cmake', 'python']
[0.283s] Level 1:colcon.colcon_core.package_identification:_identify(diagnostics/20260712_010514/ros_logs_snapshot/2026-07-11-21-19-00-828557-sweepi-3872) by extension 'cmake'
[0.283s] Level 1:colcon.colcon_core.package_identification:_identify(diagnostics/20260712_010514/ros_logs_snapshot/2026-07-11-21-19-00-828557-sweepi-3872) by extension 'python'
[0.283s] Level 1:colcon.colcon_core.package_identification:_identify(diagnostics/20260712_010514/ros_logs_snapshot/2026-07-11-21-19-00-828557-sweepi-3872) by extensions ['python_setup_py']
[0.283s] Level 1:colcon.colcon_core.package_identification:_identify(diagnostics/20260712_010514/ros_logs_snapshot/2026-07-11-21-19-00-828557-sweepi-3872) by extension 'python_setup_py'
[0.283s] Level 1:colcon.colcon_core.package_identification:_identify(diagnostics/20260712_010514/ros_logs_snapshot/2026-07-11-21-20-23-719284-sweepi-4451) by extensions ['ignore', 'ignore_ament_install']
[0.283s] Level 1:colcon.colcon_core.package_identification:_identify(diagnostics/20260712_010514/ros_logs_snapshot/2026-07-11-21-20-23-719284-sweepi-4451) by extension 'ignore'
[0.283s] Level 1:colcon.colcon_core.package_identification:_identify(diagnostics/20260712_010514/ros_logs_snapshot/2026-07-11-21-20-23-719284-sweepi-4451) by extension 'ignore_ament_install'
[0.283s] Level 1:colcon.colcon_core.package_identification:_identify(diagnostics/20260712_010514/ros_logs_snapshot/2026-07-11-21-20-23-719284-sweepi-4451) by extensions ['colcon_pkg']
[0.283s] Level 1:colcon.colcon_core.package_identification:_identify(diagnostics/20260712_010514/ros_logs_snapshot/2026-07-11-21-20-23-719284-sweepi-4451) by extension 'colcon_pkg'
[0.283s] Level 1:colcon.colcon_core.package_identification:_identify(diagnostics/20260712_010514/ros_logs_snapshot/2026-07-11-21-20-23-719284-sweepi-4451) by extensions ['colcon_meta']
[0.283s] Level 1:colcon.colcon_core.package_identification:_identify(diagnostics/20260712_010514/ros_logs_snapshot/2026-07-11-21-20-23-719284-sweepi-4451) by extension 'colcon_meta'
[0.283s] Level 1:colcon.colcon_core.package_identification:_identify(diagnostics/20260712_010514/ros_logs_snapshot/2026-07-11-21-20-23-719284-sweepi-4451) by extensions ['ros']
[0.283s] Level 1:colcon.colcon_core.package_identification:_identify(diagnostics/20260712_010514/ros_logs_snapshot/2026-07-11-21-20-23-719284-sweepi-4451) by extension 'ros'
[0.283s] Level 1:colcon.colcon_core.package_identification:_identify(diagnostics/20260712_010514/ros_logs_snapshot/2026-07-11-21-20-23-719284-sweepi-4451) by extensions ['cmake', 'python']
[0.283s] Level 1:colcon.colcon_core.package_identification:_identify(diagnostics/20260712_010514/ros_logs_snapshot/2026-07-11-21-20-23-719284-sweepi-4451) by extension 'cmake'
[0.283s] Level 1:colcon.colcon_core.package_identification:_identify(diagnostics/20260712_010514/ros_logs_snapshot/2026-07-11-21-20-23-719284-sweepi-4451) by extension 'python'
[0.283s] Level 1:colcon.colcon_core.package_identification:_identify(diagnostics/20260712_010514/ros_logs_snapshot/2026-07-11-21-20-23-719284-sweepi-4451) by extensions ['python_setup_py']
[0.283s] Level 1:colcon.colcon_core.package_identification:_identify(diagnostics/20260712_010514/ros_logs_snapshot/2026-07-11-21-20-23-719284-sweepi-4451) by extension 'python_setup_py'
[0.284s] Level 1:colcon.colcon_core.package_identification:_identify(diagnostics/20260712_010514/ros_logs_snapshot/2026-07-11-21-20-40-404655-sweepi-4695) by extensions ['ignore', 'ignore_ament_install']
[0.284s] Level 1:colcon.colcon_core.package_identification:_identify(diagnostics/20260712_010514/ros_logs_snapshot/2026-07-11-21-20-40-404655-sweepi-4695) by extension 'ignore'
[0.284s] Level 1:colcon.colcon_core.package_identification:_identify(diagnostics/20260712_010514/ros_logs_snapshot/2026-07-11-21-20-40-404655-sweepi-4695) by extension 'ignore_ament_install'
[0.284s] Level 1:colcon.colcon_core.package_identification:_identify(diagnostics/20260712_010514/ros_logs_snapshot/2026-07-11-21-20-40-404655-sweepi-4695) by extensions ['colcon_pkg']
[0.284s] Level 1:colcon.colcon_core.package_identification:_identify(diagnostics/20260712_010514/ros_logs_snapshot/2026-07-11-21-20-40-404655-sweepi-4695) by extension 'colcon_pkg'
[0.284s] Level 1:colcon.colcon_core.package_identification:_identify(diagnostics/20260712_010514/ros_logs_snapshot/2026-07-11-21-20-40-404655-sweepi-4695) by extensions ['colcon_meta']
[0.284s] Level 1:colcon.colcon_core.package_identification:_identify(diagnostics/20260712_010514/ros_logs_snapshot/2026-07-11-21-20-40-404655-sweepi-4695) by extension 'colcon_meta'
[0.284s] Level 1:colcon.colcon_core.package_identification:_identify(diagnostics/20260712_010514/ros_logs_snapshot/2026-07-11-21-20-40-404655-sweepi-4695) by extensions ['ros']
[0.284s] Level 1:colcon.colcon_core.package_identification:_identify(diagnostics/20260712_010514/ros_logs_snapshot/2026-07-11-21-20-40-404655-sweepi-4695) by extension 'ros'
[0.284s] Level 1:colcon.colcon_core.package_identification:_identify(diagnostics/20260712_010514/ros_logs_snapshot/2026-07-11-21-20-40-404655-sweepi-4695) by extensions ['cmake', 'python']
[0.284s] Level 1:colcon.colcon_core.package_identification:_identify(diagnostics/20260712_010514/ros_logs_snapshot/2026-07-11-21-20-40-404655-sweepi-4695) by extension 'cmake'
[0.284s] Level 1:colcon.colcon_core.package_identification:_identify(diagnostics/20260712_010514/ros_logs_snapshot/2026-07-11-21-20-40-404655-sweepi-4695) by extension 'python'
[0.284s] Level 1:colcon.colcon_core.package_identification:_identify(diagnostics/20260712_010514/ros_logs_snapshot/2026-07-11-21-20-40-404655-sweepi-4695) by extensions ['python_setup_py']
[0.284s] Level 1:colcon.colcon_core.package_identification:_identify(diagnostics/20260712_010514/ros_logs_snapshot/2026-07-11-21-20-40-404655-sweepi-4695) by extension 'python_setup_py'
[0.284s] Level 1:colcon.colcon_core.package_identification:_identify(diagnostics/20260712_010514/ros_logs_snapshot/2026-07-11-21-26-25-103142-sweepi-6315) by extensions ['ignore', 'ignore_ament_install']
[0.284s] Level 1:colcon.colcon_core.package_identification:_identify(diagnostics/20260712_010514/ros_logs_snapshot/2026-07-11-21-26-25-103142-sweepi-6315) by extension 'ignore'
[0.284s] Level 1:colcon.colcon_core.package_identification:_identify(diagnostics/20260712_010514/ros_logs_snapshot/2026-07-11-21-26-25-103142-sweepi-6315) by extension 'ignore_ament_install'
[0.284s] Level 1:colcon.colcon_core.package_identification:_identify(diagnostics/20260712_010514/ros_logs_snapshot/2026-07-11-21-26-25-103142-sweepi-6315) by extensions ['colcon_pkg']
[0.285s] Level 1:colcon.colcon_core.package_identification:_identify(diagnostics/20260712_010514/ros_logs_snapshot/2026-07-11-21-26-25-103142-sweepi-6315) by extension 'colcon_pkg'
[0.285s] Level 1:colcon.colcon_core.package_identification:_identify(diagnostics/20260712_010514/ros_logs_snapshot/2026-07-11-21-26-25-103142-sweepi-6315) by extensions ['colcon_meta']
[0.285s] Level 1:colcon.colcon_core.package_identification:_identify(diagnostics/20260712_010514/ros_logs_snapshot/2026-07-11-21-26-25-103142-sweepi-6315) by extension 'colcon_meta'
[0.285s] Level 1:colcon.colcon_core.package_identification:_identify(diagnostics/20260712_010514/ros_logs_snapshot/2026-07-11-21-26-25-103142-sweepi-6315) by extensions ['ros']
[0.285s] Level 1:colcon.colcon_core.package_identification:_identify(diagnostics/20260712_010514/ros_logs_snapshot/2026-07-11-21-26-25-103142-sweepi-6315) by extension 'ros'
[0.285s] Level 1:colcon.colcon_core.package_identification:_identify(diagnostics/20260712_010514/ros_logs_snapshot/2026-07-11-21-26-25-103142-sweepi-6315) by extensions ['cmake', 'python']
[0.285s] Level 1:colcon.colcon_core.package_identification:_identify(diagnostics/20260712_010514/ros_logs_snapshot/2026-07-11-21-26-25-103142-sweepi-6315) by extension 'cmake'
[0.285s] Level 1:colcon.colcon_core.package_identification:_identify(diagnostics/20260712_010514/ros_logs_snapshot/2026-07-11-21-26-25-103142-sweepi-6315) by extension 'python'
[0.285s] Level 1:colcon.colcon_core.package_identification:_identify(diagnostics/20260712_010514/ros_logs_snapshot/2026-07-11-21-26-25-103142-sweepi-6315) by extensions ['python_setup_py']
[0.285s] Level 1:colcon.colcon_core.package_identification:_identify(diagnostics/20260712_010514/ros_logs_snapshot/2026-07-11-21-26-25-103142-sweepi-6315) by extension 'python_setup_py'
[0.285s] Level 1:colcon.colcon_core.package_identification:_identify(diagnostics/20260712_010514/ros_logs_snapshot/2026-07-11-21-26-46-230844-sweepi-6558) by extensions ['ignore', 'ignore_ament_install']
[0.285s] Level 1:colcon.colcon_core.package_identification:_identify(diagnostics/20260712_010514/ros_logs_snapshot/2026-07-11-21-26-46-230844-sweepi-6558) by extension 'ignore'
[0.285s] Level 1:colcon.colcon_core.package_identification:_identify(diagnostics/20260712_010514/ros_logs_snapshot/2026-07-11-21-26-46-230844-sweepi-6558) by extension 'ignore_ament_install'
[0.285s] Level 1:colcon.colcon_core.package_identification:_identify(diagnostics/20260712_010514/ros_logs_snapshot/2026-07-11-21-26-46-230844-sweepi-6558) by extensions ['colcon_pkg']
[0.285s] Level 1:colcon.colcon_core.package_identification:_identify(diagnostics/20260712_010514/ros_logs_snapshot/2026-07-11-21-26-46-230844-sweepi-6558) by extension 'colcon_pkg'
[0.285s] Level 1:colcon.colcon_core.package_identification:_identify(diagnostics/20260712_010514/ros_logs_snapshot/2026-07-11-21-26-46-230844-sweepi-6558) by extensions ['colcon_meta']
[0.285s] Level 1:colcon.colcon_core.package_identification:_identify(diagnostics/20260712_010514/ros_logs_snapshot/2026-07-11-21-26-46-230844-sweepi-6558) by extension 'colcon_meta'
[0.286s] Level 1:colcon.colcon_core.package_identification:_identify(diagnostics/20260712_010514/ros_logs_snapshot/2026-07-11-21-26-46-230844-sweepi-6558) by extensions ['ros']
[0.286s] Level 1:colcon.colcon_core.package_identification:_identify(diagnostics/20260712_010514/ros_logs_snapshot/2026-07-11-21-26-46-230844-sweepi-6558) by extension 'ros'
[0.286s] Level 1:colcon.colcon_core.package_identification:_identify(diagnostics/20260712_010514/ros_logs_snapshot/2026-07-11-21-26-46-230844-sweepi-6558) by extensions ['cmake', 'python']
[0.286s] Level 1:colcon.colcon_core.package_identification:_identify(diagnostics/20260712_010514/ros_logs_snapshot/2026-07-11-21-26-46-230844-sweepi-6558) by extension 'cmake'
[0.286s] Level 1:colcon.colcon_core.package_identification:_identify(diagnostics/20260712_010514/ros_logs_snapshot/2026-07-11-21-26-46-230844-sweepi-6558) by extension 'python'
[0.286s] Level 1:colcon.colcon_core.package_identification:_identify(diagnostics/20260712_010514/ros_logs_snapshot/2026-07-11-21-26-46-230844-sweepi-6558) by extensions ['python_setup_py']
[0.286s] Level 1:colcon.colcon_core.package_identification:_identify(diagnostics/20260712_010514/ros_logs_snapshot/2026-07-11-21-26-46-230844-sweepi-6558) by extension 'python_setup_py'
[0.286s] Level 1:colcon.colcon_core.package_identification:_identify(diagnostics/20260712_010514/ros_logs_snapshot/2026-07-11-21-36-53-191081-sweepi-3881) by extensions ['ignore', 'ignore_ament_install']
[0.286s] Level 1:colcon.colcon_core.package_identification:_identify(diagnostics/20260712_010514/ros_logs_snapshot/2026-07-11-21-36-53-191081-sweepi-3881) by extension 'ignore'
[0.286s] Level 1:colcon.colcon_core.package_identification:_identify(diagnostics/20260712_010514/ros_logs_snapshot/2026-07-11-21-36-53-191081-sweepi-3881) by extension 'ignore_ament_install'
[0.286s] Level 1:colcon.colcon_core.package_identification:_identify(diagnostics/20260712_010514/ros_logs_snapshot/2026-07-11-21-36-53-191081-sweepi-3881) by extensions ['colcon_pkg']
[0.286s] Level 1:colcon.colcon_core.package_identification:_identify(diagnostics/20260712_010514/ros_logs_snapshot/2026-07-11-21-36-53-191081-sweepi-3881) by extension 'colcon_pkg'
[0.286s] Level 1:colcon.colcon_core.package_identification:_identify(diagnostics/20260712_010514/ros_logs_snapshot/2026-07-11-21-36-53-191081-sweepi-3881) by extensions ['colcon_meta']
[0.286s] Level 1:colcon.colcon_core.package_identification:_identify(diagnostics/20260712_010514/ros_logs_snapshot/2026-07-11-21-36-53-191081-sweepi-3881) by extension 'colcon_meta'
[0.286s] Level 1:colcon.colcon_core.package_identification:_identify(diagnostics/20260712_010514/ros_logs_snapshot/2026-07-11-21-36-53-191081-sweepi-3881) by extensions ['ros']
[0.286s] Level 1:colcon.colcon_core.package_identification:_identify(diagnostics/20260712_010514/ros_logs_snapshot/2026-07-11-21-36-53-191081-sweepi-3881) by extension 'ros'
[0.286s] Level 1:colcon.colcon_core.package_identification:_identify(diagnostics/20260712_010514/ros_logs_snapshot/2026-07-11-21-36-53-191081-sweepi-3881) by extensions ['cmake', 'python']
[0.286s] Level 1:colcon.colcon_core.package_identification:_identify(diagnostics/20260712_010514/ros_logs_snapshot/2026-07-11-21-36-53-191081-sweepi-3881) by extension 'cmake'
[0.287s] Level 1:colcon.colcon_core.package_identification:_identify(diagnostics/20260712_010514/ros_logs_snapshot/2026-07-11-21-36-53-191081-sweepi-3881) by extension 'python'
[0.287s] Level 1:colcon.colcon_core.package_identification:_identify(diagnostics/20260712_010514/ros_logs_snapshot/2026-07-11-21-36-53-191081-sweepi-3881) by extensions ['python_setup_py']
[0.287s] Level 1:colcon.colcon_core.package_identification:_identify(diagnostics/20260712_010514/ros_logs_snapshot/2026-07-11-21-36-53-191081-sweepi-3881) by extension 'python_setup_py'
[0.287s] Level 1:colcon.colcon_core.package_identification:_identify(diagnostics/20260712_010514/ros_logs_snapshot/2026-07-11-21-38-06-221051-sweepi-4328) by extensions ['ignore', 'ignore_ament_install']
[0.287s] Level 1:colcon.colcon_core.package_identification:_identify(diagnostics/20260712_010514/ros_logs_snapshot/2026-07-11-21-38-06-221051-sweepi-4328) by extension 'ignore'
[0.287s] Level 1:colcon.colcon_core.package_identification:_identify(diagnostics/20260712_010514/ros_logs_snapshot/2026-07-11-21-38-06-221051-sweepi-4328) by extension 'ignore_ament_install'
[0.287s] Level 1:colcon.colcon_core.package_identification:_identify(diagnostics/20260712_010514/ros_logs_snapshot/2026-07-11-21-38-06-221051-sweepi-4328) by extensions ['colcon_pkg']
[0.287s] Level 1:colcon.colcon_core.package_identification:_identify(diagnostics/20260712_010514/ros_logs_snapshot/2026-07-11-21-38-06-221051-sweepi-4328) by extension 'colcon_pkg'
[0.287s] Level 1:colcon.colcon_core.package_identification:_identify(diagnostics/20260712_010514/ros_logs_snapshot/2026-07-11-21-38-06-221051-sweepi-4328) by extensions ['colcon_meta']
[0.287s] Level 1:colcon.colcon_core.package_identification:_identify(diagnostics/20260712_010514/ros_logs_snapshot/2026-07-11-21-38-06-221051-sweepi-4328) by extension 'colcon_meta'
[0.287s] Level 1:colcon.colcon_core.package_identification:_identify(diagnostics/20260712_010514/ros_logs_snapshot/2026-07-11-21-38-06-221051-sweepi-4328) by extensions ['ros']
[0.287s] Level 1:colcon.colcon_core.package_identification:_identify(diagnostics/20260712_010514/ros_logs_snapshot/2026-07-11-21-38-06-221051-sweepi-4328) by extension 'ros'
[0.287s] Level 1:colcon.colcon_core.package_identification:_identify(diagnostics/20260712_010514/ros_logs_snapshot/2026-07-11-21-38-06-221051-sweepi-4328) by extensions ['cmake', 'python']
[0.287s] Level 1:colcon.colcon_core.package_identification:_identify(diagnostics/20260712_010514/ros_logs_snapshot/2026-07-11-21-38-06-221051-sweepi-4328) by extension 'cmake'
[0.287s] Level 1:colcon.colcon_core.package_identification:_identify(diagnostics/20260712_010514/ros_logs_snapshot/2026-07-11-21-38-06-221051-sweepi-4328) by extension 'python'
[0.287s] Level 1:colcon.colcon_core.package_identification:_identify(diagnostics/20260712_010514/ros_logs_snapshot/2026-07-11-21-38-06-221051-sweepi-4328) by extensions ['python_setup_py']
[0.287s] Level 1:colcon.colcon_core.package_identification:_identify(diagnostics/20260712_010514/ros_logs_snapshot/2026-07-11-21-38-06-221051-sweepi-4328) by extension 'python_setup_py'
[0.287s] Level 1:colcon.colcon_core.package_identification:_identify(diagnostics/20260712_010514/ros_logs_snapshot/2026-07-11-21-38-13-946320-sweepi-4464) by extensions ['ignore', 'ignore_ament_install']
[0.288s] Level 1:colcon.colcon_core.package_identification:_identify(diagnostics/20260712_010514/ros_logs_snapshot/2026-07-11-21-38-13-946320-sweepi-4464) by extension 'ignore'
[0.288s] Level 1:colcon.colcon_core.package_identification:_identify(diagnostics/20260712_010514/ros_logs_snapshot/2026-07-11-21-38-13-946320-sweepi-4464) by extension 'ignore_ament_install'
[0.288s] Level 1:colcon.colcon_core.package_identification:_identify(diagnostics/20260712_010514/ros_logs_snapshot/2026-07-11-21-38-13-946320-sweepi-4464) by extensions ['colcon_pkg']
[0.288s] Level 1:colcon.colcon_core.package_identification:_identify(diagnostics/20260712_010514/ros_logs_snapshot/2026-07-11-21-38-13-946320-sweepi-4464) by extension 'colcon_pkg'
[0.288s] Level 1:colcon.colcon_core.package_identification:_identify(diagnostics/20260712_010514/ros_logs_snapshot/2026-07-11-21-38-13-946320-sweepi-4464) by extensions ['colcon_meta']
[0.288s] Level 1:colcon.colcon_core.package_identification:_identify(diagnostics/20260712_010514/ros_logs_snapshot/2026-07-11-21-38-13-946320-sweepi-4464) by extension 'colcon_meta'
[0.288s] Level 1:colcon.colcon_core.package_identification:_identify(diagnostics/20260712_010514/ros_logs_snapshot/2026-07-11-21-38-13-946320-sweepi-4464) by extensions ['ros']
[0.288s] Level 1:colcon.colcon_core.package_identification:_identify(diagnostics/20260712_010514/ros_logs_snapshot/2026-07-11-21-38-13-946320-sweepi-4464) by extension 'ros'
[0.288s] Level 1:colcon.colcon_core.package_identification:_identify(diagnostics/20260712_010514/ros_logs_snapshot/2026-07-11-21-38-13-946320-sweepi-4464) by extensions ['cmake', 'python']
[0.288s] Level 1:colcon.colcon_core.package_identification:_identify(diagnostics/20260712_010514/ros_logs_snapshot/2026-07-11-21-38-13-946320-sweepi-4464) by extension 'cmake'
[0.288s] Level 1:colcon.colcon_core.package_identification:_identify(diagnostics/20260712_010514/ros_logs_snapshot/2026-07-11-21-38-13-946320-sweepi-4464) by extension 'python'
[0.288s] Level 1:colcon.colcon_core.package_identification:_identify(diagnostics/20260712_010514/ros_logs_snapshot/2026-07-11-21-38-13-946320-sweepi-4464) by extensions ['python_setup_py']
[0.288s] Level 1:colcon.colcon_core.package_identification:_identify(diagnostics/20260712_010514/ros_logs_snapshot/2026-07-11-21-38-13-946320-sweepi-4464) by extension 'python_setup_py'
[0.288s] Level 1:colcon.colcon_core.package_identification:_identify(diagnostics/20260712_010514/ros_logs_snapshot/2026-07-11-21-43-38-607990-sweepi-5240) by extensions ['ignore', 'ignore_ament_install']
[0.288s] Level 1:colcon.colcon_core.package_identification:_identify(diagnostics/20260712_010514/ros_logs_snapshot/2026-07-11-21-43-38-607990-sweepi-5240) by extension 'ignore'
[0.288s] Level 1:colcon.colcon_core.package_identification:_identify(diagnostics/20260712_010514/ros_logs_snapshot/2026-07-11-21-43-38-607990-sweepi-5240) by extension 'ignore_ament_install'
[0.288s] Level 1:colcon.colcon_core.package_identification:_identify(diagnostics/20260712_010514/ros_logs_snapshot/2026-07-11-21-43-38-607990-sweepi-5240) by extensions ['colcon_pkg']
[0.288s] Level 1:colcon.colcon_core.package_identification:_identify(diagnostics/20260712_010514/ros_logs_snapshot/2026-07-11-21-43-38-607990-sweepi-5240) by extension 'colcon_pkg'
[0.288s] Level 1:colcon.colcon_core.package_identification:_identify(diagnostics/20260712_010514/ros_logs_snapshot/2026-07-11-21-43-38-607990-sweepi-5240) by extensions ['colcon_meta']
[0.289s] Level 1:colcon.colcon_core.package_identification:_identify(diagnostics/20260712_010514/ros_logs_snapshot/2026-07-11-21-43-38-607990-sweepi-5240) by extension 'colcon_meta'
[0.289s] Level 1:colcon.colcon_core.package_identification:_identify(diagnostics/20260712_010514/ros_logs_snapshot/2026-07-11-21-43-38-607990-sweepi-5240) by extensions ['ros']
[0.289s] Level 1:colcon.colcon_core.package_identification:_identify(diagnostics/20260712_010514/ros_logs_snapshot/2026-07-11-21-43-38-607990-sweepi-5240) by extension 'ros'
[0.289s] Level 1:colcon.colcon_core.package_identification:_identify(diagnostics/20260712_010514/ros_logs_snapshot/2026-07-11-21-43-38-607990-sweepi-5240) by extensions ['cmake', 'python']
[0.289s] Level 1:colcon.colcon_core.package_identification:_identify(diagnostics/20260712_010514/ros_logs_snapshot/2026-07-11-21-43-38-607990-sweepi-5240) by extension 'cmake'
[0.289s] Level 1:colcon.colcon_core.package_identification:_identify(diagnostics/20260712_010514/ros_logs_snapshot/2026-07-11-21-43-38-607990-sweepi-5240) by extension 'python'
[0.289s] Level 1:colcon.colcon_core.package_identification:_identify(diagnostics/20260712_010514/ros_logs_snapshot/2026-07-11-21-43-38-607990-sweepi-5240) by extensions ['python_setup_py']
[0.289s] Level 1:colcon.colcon_core.package_identification:_identify(diagnostics/20260712_010514/ros_logs_snapshot/2026-07-11-21-43-38-607990-sweepi-5240) by extension 'python_setup_py'
[0.289s] Level 1:colcon.colcon_core.package_identification:_identify(diagnostics/20260712_010514/ros_logs_snapshot/2026-07-11-21-43-50-670860-sweepi-5425) by extensions ['ignore', 'ignore_ament_install']
[0.289s] Level 1:colcon.colcon_core.package_identification:_identify(diagnostics/20260712_010514/ros_logs_snapshot/2026-07-11-21-43-50-670860-sweepi-5425) by extension 'ignore'
[0.289s] Level 1:colcon.colcon_core.package_identification:_identify(diagnostics/20260712_010514/ros_logs_snapshot/2026-07-11-21-43-50-670860-sweepi-5425) by extension 'ignore_ament_install'
[0.289s] Level 1:colcon.colcon_core.package_identification:_identify(diagnostics/20260712_010514/ros_logs_snapshot/2026-07-11-21-43-50-670860-sweepi-5425) by extensions ['colcon_pkg']
[0.289s] Level 1:colcon.colcon_core.package_identification:_identify(diagnostics/20260712_010514/ros_logs_snapshot/2026-07-11-21-43-50-670860-sweepi-5425) by extension 'colcon_pkg'
[0.289s] Level 1:colcon.colcon_core.package_identification:_identify(diagnostics/20260712_010514/ros_logs_snapshot/2026-07-11-21-43-50-670860-sweepi-5425) by extensions ['colcon_meta']
[0.289s] Level 1:colcon.colcon_core.package_identification:_identify(diagnostics/20260712_010514/ros_logs_snapshot/2026-07-11-21-43-50-670860-sweepi-5425) by extension 'colcon_meta'
[0.289s] Level 1:colcon.colcon_core.package_identification:_identify(diagnostics/20260712_010514/ros_logs_snapshot/2026-07-11-21-43-50-670860-sweepi-5425) by extensions ['ros']
[0.289s] Level 1:colcon.colcon_core.package_identification:_identify(diagnostics/20260712_010514/ros_logs_snapshot/2026-07-11-21-43-50-670860-sweepi-5425) by extension 'ros'
[0.289s] Level 1:colcon.colcon_core.package_identification:_identify(diagnostics/20260712_010514/ros_logs_snapshot/2026-07-11-21-43-50-670860-sweepi-5425) by extensions ['cmake', 'python']
[0.289s] Level 1:colcon.colcon_core.package_identification:_identify(diagnostics/20260712_010514/ros_logs_snapshot/2026-07-11-21-43-50-670860-sweepi-5425) by extension 'cmake'
[0.290s] Level 1:colcon.colcon_core.package_identification:_identify(diagnostics/20260712_010514/ros_logs_snapshot/2026-07-11-21-43-50-670860-sweepi-5425) by extension 'python'
[0.290s] Level 1:colcon.colcon_core.package_identification:_identify(diagnostics/20260712_010514/ros_logs_snapshot/2026-07-11-21-43-50-670860-sweepi-5425) by extensions ['python_setup_py']
[0.290s] Level 1:colcon.colcon_core.package_identification:_identify(diagnostics/20260712_010514/ros_logs_snapshot/2026-07-11-21-43-50-670860-sweepi-5425) by extension 'python_setup_py'
[0.290s] Level 1:colcon.colcon_core.package_identification:_identify(diagnostics/20260712_010514/ros_logs_snapshot/2026-07-11-21-46-44-465676-sweepi-6288) by extensions ['ignore', 'ignore_ament_install']
[0.290s] Level 1:colcon.colcon_core.package_identification:_identify(diagnostics/20260712_010514/ros_logs_snapshot/2026-07-11-21-46-44-465676-sweepi-6288) by extension 'ignore'
[0.290s] Level 1:colcon.colcon_core.package_identification:_identify(diagnostics/20260712_010514/ros_logs_snapshot/2026-07-11-21-46-44-465676-sweepi-6288) by extension 'ignore_ament_install'
[0.290s] Level 1:colcon.colcon_core.package_identification:_identify(diagnostics/20260712_010514/ros_logs_snapshot/2026-07-11-21-46-44-465676-sweepi-6288) by extensions ['colcon_pkg']
[0.290s] Level 1:colcon.colcon_core.package_identification:_identify(diagnostics/20260712_010514/ros_logs_snapshot/2026-07-11-21-46-44-465676-sweepi-6288) by extension 'colcon_pkg'
[0.290s] Level 1:colcon.colcon_core.package_identification:_identify(diagnostics/20260712_010514/ros_logs_snapshot/2026-07-11-21-46-44-465676-sweepi-6288) by extensions ['colcon_meta']
[0.290s] Level 1:colcon.colcon_core.package_identification:_identify(diagnostics/20260712_010514/ros_logs_snapshot/2026-07-11-21-46-44-465676-sweepi-6288) by extension 'colcon_meta'
[0.290s] Level 1:colcon.colcon_core.package_identification:_identify(diagnostics/20260712_010514/ros_logs_snapshot/2026-07-11-21-46-44-465676-sweepi-6288) by extensions ['ros']
[0.290s] Level 1:colcon.colcon_core.package_identification:_identify(diagnostics/20260712_010514/ros_logs_snapshot/2026-07-11-21-46-44-465676-sweepi-6288) by extension 'ros'
[0.290s] Level 1:colcon.colcon_core.package_identification:_identify(diagnostics/20260712_010514/ros_logs_snapshot/2026-07-11-21-46-44-465676-sweepi-6288) by extensions ['cmake', 'python']
[0.290s] Level 1:colcon.colcon_core.package_identification:_identify(diagnostics/20260712_010514/ros_logs_snapshot/2026-07-11-21-46-44-465676-sweepi-6288) by extension 'cmake'
[0.290s] Level 1:colcon.colcon_core.package_identification:_identify(diagnostics/20260712_010514/ros_logs_snapshot/2026-07-11-21-46-44-465676-sweepi-6288) by extension 'python'
[0.290s] Level 1:colcon.colcon_core.package_identification:_identify(diagnostics/20260712_010514/ros_logs_snapshot/2026-07-11-21-46-44-465676-sweepi-6288) by extensions ['python_setup_py']
[0.290s] Level 1:colcon.colcon_core.package_identification:_identify(diagnostics/20260712_010514/ros_logs_snapshot/2026-07-11-21-46-44-465676-sweepi-6288) by extension 'python_setup_py'
[0.290s] Level 1:colcon.colcon_core.package_identification:_identify(diagnostics/20260712_010514/ros_logs_snapshot/2026-07-11-21-46-57-333069-sweepi-6486) by extensions ['ignore', 'ignore_ament_install']
[0.291s] Level 1:colcon.colcon_core.package_identification:_identify(diagnostics/20260712_010514/ros_logs_snapshot/2026-07-11-21-46-57-333069-sweepi-6486) by extension 'ignore'
[0.291s] Level 1:colcon.colcon_core.package_identification:_identify(diagnostics/20260712_010514/ros_logs_snapshot/2026-07-11-21-46-57-333069-sweepi-6486) by extension 'ignore_ament_install'
[0.291s] Level 1:colcon.colcon_core.package_identification:_identify(diagnostics/20260712_010514/ros_logs_snapshot/2026-07-11-21-46-57-333069-sweepi-6486) by extensions ['colcon_pkg']
[0.291s] Level 1:colcon.colcon_core.package_identification:_identify(diagnostics/20260712_010514/ros_logs_snapshot/2026-07-11-21-46-57-333069-sweepi-6486) by extension 'colcon_pkg'
[0.291s] Level 1:colcon.colcon_core.package_identification:_identify(diagnostics/20260712_010514/ros_logs_snapshot/2026-07-11-21-46-57-333069-sweepi-6486) by extensions ['colcon_meta']
[0.291s] Level 1:colcon.colcon_core.package_identification:_identify(diagnostics/20260712_010514/ros_logs_snapshot/2026-07-11-21-46-57-333069-sweepi-6486) by extension 'colcon_meta'
[0.291s] Level 1:colcon.colcon_core.package_identification:_identify(diagnostics/20260712_010514/ros_logs_snapshot/2026-07-11-21-46-57-333069-sweepi-6486) by extensions ['ros']
[0.291s] Level 1:colcon.colcon_core.package_identification:_identify(diagnostics/20260712_010514/ros_logs_snapshot/2026-07-11-21-46-57-333069-sweepi-6486) by extension 'ros'
[0.291s] Level 1:colcon.colcon_core.package_identification:_identify(diagnostics/20260712_010514/ros_logs_snapshot/2026-07-11-21-46-57-333069-sweepi-6486) by extensions ['cmake', 'python']
[0.291s] Level 1:colcon.colcon_core.package_identification:_identify(diagnostics/20260712_010514/ros_logs_snapshot/2026-07-11-21-46-57-333069-sweepi-6486) by extension 'cmake'
[0.291s] Level 1:colcon.colcon_core.package_identification:_identify(diagnostics/20260712_010514/ros_logs_snapshot/2026-07-11-21-46-57-333069-sweepi-6486) by extension 'python'
[0.291s] Level 1:colcon.colcon_core.package_identification:_identify(diagnostics/20260712_010514/ros_logs_snapshot/2026-07-11-21-46-57-333069-sweepi-6486) by extensions ['python_setup_py']
[0.291s] Level 1:colcon.colcon_core.package_identification:_identify(diagnostics/20260712_010514/ros_logs_snapshot/2026-07-11-21-46-57-333069-sweepi-6486) by extension 'python_setup_py'
[0.291s] Level 1:colcon.colcon_core.package_identification:_identify(diagnostics/20260712_010514/ros_logs_snapshot/2026-07-11-21-52-01-362541-sweepi-7358) by extensions ['ignore', 'ignore_ament_install']
[0.291s] Level 1:colcon.colcon_core.package_identification:_identify(diagnostics/20260712_010514/ros_logs_snapshot/2026-07-11-21-52-01-362541-sweepi-7358) by extension 'ignore'
[0.291s] Level 1:colcon.colcon_core.package_identification:_identify(diagnostics/20260712_010514/ros_logs_snapshot/2026-07-11-21-52-01-362541-sweepi-7358) by extension 'ignore_ament_install'
[0.292s] Level 1:colcon.colcon_core.package_identification:_identify(diagnostics/20260712_010514/ros_logs_snapshot/2026-07-11-21-52-01-362541-sweepi-7358) by extensions ['colcon_pkg']
[0.292s] Level 1:colcon.colcon_core.package_identification:_identify(diagnostics/20260712_010514/ros_logs_snapshot/2026-07-11-21-52-01-362541-sweepi-7358) by extension 'colcon_pkg'
[0.292s] Level 1:colcon.colcon_core.package_identification:_identify(diagnostics/20260712_010514/ros_logs_snapshot/2026-07-11-21-52-01-362541-sweepi-7358) by extensions ['colcon_meta']
[0.292s] Level 1:colcon.colcon_core.package_identification:_identify(diagnostics/20260712_010514/ros_logs_snapshot/2026-07-11-21-52-01-362541-sweepi-7358) by extension 'colcon_meta'
[0.292s] Level 1:colcon.colcon_core.package_identification:_identify(diagnostics/20260712_010514/ros_logs_snapshot/2026-07-11-21-52-01-362541-sweepi-7358) by extensions ['ros']
[0.292s] Level 1:colcon.colcon_core.package_identification:_identify(diagnostics/20260712_010514/ros_logs_snapshot/2026-07-11-21-52-01-362541-sweepi-7358) by extension 'ros'
[0.292s] Level 1:colcon.colcon_core.package_identification:_identify(diagnostics/20260712_010514/ros_logs_snapshot/2026-07-11-21-52-01-362541-sweepi-7358) by extensions ['cmake', 'python']
[0.292s] Level 1:colcon.colcon_core.package_identification:_identify(diagnostics/20260712_010514/ros_logs_snapshot/2026-07-11-21-52-01-362541-sweepi-7358) by extension 'cmake'
[0.292s] Level 1:colcon.colcon_core.package_identification:_identify(diagnostics/20260712_010514/ros_logs_snapshot/2026-07-11-21-52-01-362541-sweepi-7358) by extension 'python'
[0.292s] Level 1:colcon.colcon_core.package_identification:_identify(diagnostics/20260712_010514/ros_logs_snapshot/2026-07-11-21-52-01-362541-sweepi-7358) by extensions ['python_setup_py']
[0.292s] Level 1:colcon.colcon_core.package_identification:_identify(diagnostics/20260712_010514/ros_logs_snapshot/2026-07-11-21-52-01-362541-sweepi-7358) by extension 'python_setup_py'
[0.292s] Level 1:colcon.colcon_core.package_identification:_identify(diagnostics/20260712_010514/ros_logs_snapshot/2026-07-11-21-52-21-648443-sweepi-7910) by extensions ['ignore', 'ignore_ament_install']
[0.292s] Level 1:colcon.colcon_core.package_identification:_identify(diagnostics/20260712_010514/ros_logs_snapshot/2026-07-11-21-52-21-648443-sweepi-7910) by extension 'ignore'
[0.292s] Level 1:colcon.colcon_core.package_identification:_identify(diagnostics/20260712_010514/ros_logs_snapshot/2026-07-11-21-52-21-648443-sweepi-7910) by extension 'ignore_ament_install'
[0.292s] Level 1:colcon.colcon_core.package_identification:_identify(diagnostics/20260712_010514/ros_logs_snapshot/2026-07-11-21-52-21-648443-sweepi-7910) by extensions ['colcon_pkg']
[0.292s] Level 1:colcon.colcon_core.package_identification:_identify(diagnostics/20260712_010514/ros_logs_snapshot/2026-07-11-21-52-21-648443-sweepi-7910) by extension 'colcon_pkg'
[0.292s] Level 1:colcon.colcon_core.package_identification:_identify(diagnostics/20260712_010514/ros_logs_snapshot/2026-07-11-21-52-21-648443-sweepi-7910) by extensions ['colcon_meta']
[0.292s] Level 1:colcon.colcon_core.package_identification:_identify(diagnostics/20260712_010514/ros_logs_snapshot/2026-07-11-21-52-21-648443-sweepi-7910) by extension 'colcon_meta'
[0.292s] Level 1:colcon.colcon_core.package_identification:_identify(diagnostics/20260712_010514/ros_logs_snapshot/2026-07-11-21-52-21-648443-sweepi-7910) by extensions ['ros']
[0.292s] Level 1:colcon.colcon_core.package_identification:_identify(diagnostics/20260712_010514/ros_logs_snapshot/2026-07-11-21-52-21-648443-sweepi-7910) by extension 'ros'
[0.293s] Level 1:colcon.colcon_core.package_identification:_identify(diagnostics/20260712_010514/ros_logs_snapshot/2026-07-11-21-52-21-648443-sweepi-7910) by extensions ['cmake', 'python']
[0.293s] Level 1:colcon.colcon_core.package_identification:_identify(diagnostics/20260712_010514/ros_logs_snapshot/2026-07-11-21-52-21-648443-sweepi-7910) by extension 'cmake'
[0.293s] Level 1:colcon.colcon_core.package_identification:_identify(diagnostics/20260712_010514/ros_logs_snapshot/2026-07-11-21-52-21-648443-sweepi-7910) by extension 'python'
[0.293s] Level 1:colcon.colcon_core.package_identification:_identify(diagnostics/20260712_010514/ros_logs_snapshot/2026-07-11-21-52-21-648443-sweepi-7910) by extensions ['python_setup_py']
[0.293s] Level 1:colcon.colcon_core.package_identification:_identify(diagnostics/20260712_010514/ros_logs_snapshot/2026-07-11-21-52-21-648443-sweepi-7910) by extension 'python_setup_py'
[0.293s] Level 1:colcon.colcon_core.package_identification:_identify(diagnostics/20260712_010514/ros_logs_snapshot/2026-07-11-21-53-21-823563-sweepi-8238) by extensions ['ignore', 'ignore_ament_install']
[0.293s] Level 1:colcon.colcon_core.package_identification:_identify(diagnostics/20260712_010514/ros_logs_snapshot/2026-07-11-21-53-21-823563-sweepi-8238) by extension 'ignore'
[0.293s] Level 1:colcon.colcon_core.package_identification:_identify(diagnostics/20260712_010514/ros_logs_snapshot/2026-07-11-21-53-21-823563-sweepi-8238) by extension 'ignore_ament_install'
[0.293s] Level 1:colcon.colcon_core.package_identification:_identify(diagnostics/20260712_010514/ros_logs_snapshot/2026-07-11-21-53-21-823563-sweepi-8238) by extensions ['colcon_pkg']
[0.293s] Level 1:colcon.colcon_core.package_identification:_identify(diagnostics/20260712_010514/ros_logs_snapshot/2026-07-11-21-53-21-823563-sweepi-8238) by extension 'colcon_pkg'
[0.293s] Level 1:colcon.colcon_core.package_identification:_identify(diagnostics/20260712_010514/ros_logs_snapshot/2026-07-11-21-53-21-823563-sweepi-8238) by extensions ['colcon_meta']
[0.293s] Level 1:colcon.colcon_core.package_identification:_identify(diagnostics/20260712_010514/ros_logs_snapshot/2026-07-11-21-53-21-823563-sweepi-8238) by extension 'colcon_meta'
[0.293s] Level 1:colcon.colcon_core.package_identification:_identify(diagnostics/20260712_010514/ros_logs_snapshot/2026-07-11-21-53-21-823563-sweepi-8238) by extensions ['ros']
[0.293s] Level 1:colcon.colcon_core.package_identification:_identify(diagnostics/20260712_010514/ros_logs_snapshot/2026-07-11-21-53-21-823563-sweepi-8238) by extension 'ros'
[0.293s] Level 1:colcon.colcon_core.package_identification:_identify(diagnostics/20260712_010514/ros_logs_snapshot/2026-07-11-21-53-21-823563-sweepi-8238) by extensions ['cmake', 'python']
[0.293s] Level 1:colcon.colcon_core.package_identification:_identify(diagnostics/20260712_010514/ros_logs_snapshot/2026-07-11-21-53-21-823563-sweepi-8238) by extension 'cmake'
[0.293s] Level 1:colcon.colcon_core.package_identification:_identify(diagnostics/20260712_010514/ros_logs_snapshot/2026-07-11-21-53-21-823563-sweepi-8238) by extension 'python'
[0.293s] Level 1:colcon.colcon_core.package_identification:_identify(diagnostics/20260712_010514/ros_logs_snapshot/2026-07-11-21-53-21-823563-sweepi-8238) by extensions ['python_setup_py']
[0.293s] Level 1:colcon.colcon_core.package_identification:_identify(diagnostics/20260712_010514/ros_logs_snapshot/2026-07-11-21-53-21-823563-sweepi-8238) by extension 'python_setup_py'
[0.294s] Level 1:colcon.colcon_core.package_identification:_identify(diagnostics/20260712_010514/ros_logs_snapshot/2026-07-11-21-53-28-248001-sweepi-8390) by extensions ['ignore', 'ignore_ament_install']
[0.294s] Level 1:colcon.colcon_core.package_identification:_identify(diagnostics/20260712_010514/ros_logs_snapshot/2026-07-11-21-53-28-248001-sweepi-8390) by extension 'ignore'
[0.294s] Level 1:colcon.colcon_core.package_identification:_identify(diagnostics/20260712_010514/ros_logs_snapshot/2026-07-11-21-53-28-248001-sweepi-8390) by extension 'ignore_ament_install'
[0.294s] Level 1:colcon.colcon_core.package_identification:_identify(diagnostics/20260712_010514/ros_logs_snapshot/2026-07-11-21-53-28-248001-sweepi-8390) by extensions ['colcon_pkg']
[0.294s] Level 1:colcon.colcon_core.package_identification:_identify(diagnostics/20260712_010514/ros_logs_snapshot/2026-07-11-21-53-28-248001-sweepi-8390) by extension 'colcon_pkg'
[0.294s] Level 1:colcon.colcon_core.package_identification:_identify(diagnostics/20260712_010514/ros_logs_snapshot/2026-07-11-21-53-28-248001-sweepi-8390) by extensions ['colcon_meta']
[0.294s] Level 1:colcon.colcon_core.package_identification:_identify(diagnostics/20260712_010514/ros_logs_snapshot/2026-07-11-21-53-28-248001-sweepi-8390) by extension 'colcon_meta'
[0.294s] Level 1:colcon.colcon_core.package_identification:_identify(diagnostics/20260712_010514/ros_logs_snapshot/2026-07-11-21-53-28-248001-sweepi-8390) by extensions ['ros']
[0.294s] Level 1:colcon.colcon_core.package_identification:_identify(diagnostics/20260712_010514/ros_logs_snapshot/2026-07-11-21-53-28-248001-sweepi-8390) by extension 'ros'
[0.294s] Level 1:colcon.colcon_core.package_identification:_identify(diagnostics/20260712_010514/ros_logs_snapshot/2026-07-11-21-53-28-248001-sweepi-8390) by extensions ['cmake', 'python']
[0.294s] Level 1:colcon.colcon_core.package_identification:_identify(diagnostics/20260712_010514/ros_logs_snapshot/2026-07-11-21-53-28-248001-sweepi-8390) by extension 'cmake'
[0.294s] Level 1:colcon.colcon_core.package_identification:_identify(diagnostics/20260712_010514/ros_logs_snapshot/2026-07-11-21-53-28-248001-sweepi-8390) by extension 'python'
[0.294s] Level 1:colcon.colcon_core.package_identification:_identify(diagnostics/20260712_010514/ros_logs_snapshot/2026-07-11-21-53-28-248001-sweepi-8390) by extensions ['python_setup_py']
[0.294s] Level 1:colcon.colcon_core.package_identification:_identify(diagnostics/20260712_010514/ros_logs_snapshot/2026-07-11-21-53-28-248001-sweepi-8390) by extension 'python_setup_py'
[0.294s] Level 1:colcon.colcon_core.package_identification:_identify(diagnostics/20260712_010514/ros_logs_snapshot/2026-07-11-21-58-41-890658-sweepi-9795) by extensions ['ignore', 'ignore_ament_install']
[0.294s] Level 1:colcon.colcon_core.package_identification:_identify(diagnostics/20260712_010514/ros_logs_snapshot/2026-07-11-21-58-41-890658-sweepi-9795) by extension 'ignore'
[0.295s] Level 1:colcon.colcon_core.package_identification:_identify(diagnostics/20260712_010514/ros_logs_snapshot/2026-07-11-21-58-41-890658-sweepi-9795) by extension 'ignore_ament_install'
[0.295s] Level 1:colcon.colcon_core.package_identification:_identify(diagnostics/20260712_010514/ros_logs_snapshot/2026-07-11-21-58-41-890658-sweepi-9795) by extensions ['colcon_pkg']
[0.295s] Level 1:colcon.colcon_core.package_identification:_identify(diagnostics/20260712_010514/ros_logs_snapshot/2026-07-11-21-58-41-890658-sweepi-9795) by extension 'colcon_pkg'
[0.295s] Level 1:colcon.colcon_core.package_identification:_identify(diagnostics/20260712_010514/ros_logs_snapshot/2026-07-11-21-58-41-890658-sweepi-9795) by extensions ['colcon_meta']
[0.295s] Level 1:colcon.colcon_core.package_identification:_identify(diagnostics/20260712_010514/ros_logs_snapshot/2026-07-11-21-58-41-890658-sweepi-9795) by extension 'colcon_meta'
[0.295s] Level 1:colcon.colcon_core.package_identification:_identify(diagnostics/20260712_010514/ros_logs_snapshot/2026-07-11-21-58-41-890658-sweepi-9795) by extensions ['ros']
[0.295s] Level 1:colcon.colcon_core.package_identification:_identify(diagnostics/20260712_010514/ros_logs_snapshot/2026-07-11-21-58-41-890658-sweepi-9795) by extension 'ros'
[0.295s] Level 1:colcon.colcon_core.package_identification:_identify(diagnostics/20260712_010514/ros_logs_snapshot/2026-07-11-21-58-41-890658-sweepi-9795) by extensions ['cmake', 'python']
[0.295s] Level 1:colcon.colcon_core.package_identification:_identify(diagnostics/20260712_010514/ros_logs_snapshot/2026-07-11-21-58-41-890658-sweepi-9795) by extension 'cmake'
[0.295s] Level 1:colcon.colcon_core.package_identification:_identify(diagnostics/20260712_010514/ros_logs_snapshot/2026-07-11-21-58-41-890658-sweepi-9795) by extension 'python'
[0.295s] Level 1:colcon.colcon_core.package_identification:_identify(diagnostics/20260712_010514/ros_logs_snapshot/2026-07-11-21-58-41-890658-sweepi-9795) by extensions ['python_setup_py']
[0.295s] Level 1:colcon.colcon_core.package_identification:_identify(diagnostics/20260712_010514/ros_logs_snapshot/2026-07-11-21-58-41-890658-sweepi-9795) by extension 'python_setup_py'
[0.295s] Level 1:colcon.colcon_core.package_identification:_identify(diagnostics/20260712_010514/ros_logs_snapshot/2026-07-11-21-59-01-963720-sweepi-9972) by extensions ['ignore', 'ignore_ament_install']
[0.295s] Level 1:colcon.colcon_core.package_identification:_identify(diagnostics/20260712_010514/ros_logs_snapshot/2026-07-11-21-59-01-963720-sweepi-9972) by extension 'ignore'
[0.295s] Level 1:colcon.colcon_core.package_identification:_identify(diagnostics/20260712_010514/ros_logs_snapshot/2026-07-11-21-59-01-963720-sweepi-9972) by extension 'ignore_ament_install'
[0.295s] Level 1:colcon.colcon_core.package_identification:_identify(diagnostics/20260712_010514/ros_logs_snapshot/2026-07-11-21-59-01-963720-sweepi-9972) by extensions ['colcon_pkg']
[0.295s] Level 1:colcon.colcon_core.package_identification:_identify(diagnostics/20260712_010514/ros_logs_snapshot/2026-07-11-21-59-01-963720-sweepi-9972) by extension 'colcon_pkg'
[0.295s] Level 1:colcon.colcon_core.package_identification:_identify(diagnostics/20260712_010514/ros_logs_snapshot/2026-07-11-21-59-01-963720-sweepi-9972) by extensions ['colcon_meta']
[0.295s] Level 1:colcon.colcon_core.package_identification:_identify(diagnostics/20260712_010514/ros_logs_snapshot/2026-07-11-21-59-01-963720-sweepi-9972) by extension 'colcon_meta'
[0.295s] Level 1:colcon.colcon_core.package_identification:_identify(diagnostics/20260712_010514/ros_logs_snapshot/2026-07-11-21-59-01-963720-sweepi-9972) by extensions ['ros']
[0.295s] Level 1:colcon.colcon_core.package_identification:_identify(diagnostics/20260712_010514/ros_logs_snapshot/2026-07-11-21-59-01-963720-sweepi-9972) by extension 'ros'
[0.296s] Level 1:colcon.colcon_core.package_identification:_identify(diagnostics/20260712_010514/ros_logs_snapshot/2026-07-11-21-59-01-963720-sweepi-9972) by extensions ['cmake', 'python']
[0.296s] Level 1:colcon.colcon_core.package_identification:_identify(diagnostics/20260712_010514/ros_logs_snapshot/2026-07-11-21-59-01-963720-sweepi-9972) by extension 'cmake'
[0.296s] Level 1:colcon.colcon_core.package_identification:_identify(diagnostics/20260712_010514/ros_logs_snapshot/2026-07-11-21-59-01-963720-sweepi-9972) by extension 'python'
[0.296s] Level 1:colcon.colcon_core.package_identification:_identify(diagnostics/20260712_010514/ros_logs_snapshot/2026-07-11-21-59-01-963720-sweepi-9972) by extensions ['python_setup_py']
[0.296s] Level 1:colcon.colcon_core.package_identification:_identify(diagnostics/20260712_010514/ros_logs_snapshot/2026-07-11-21-59-01-963720-sweepi-9972) by extension 'python_setup_py'
[0.296s] Level 1:colcon.colcon_core.package_identification:_identify(diagnostics/20260712_010514/ros_logs_snapshot/2026-07-11-22-04-09-451726-sweepi-11213) by extensions ['ignore', 'ignore_ament_install']
[0.296s] Level 1:colcon.colcon_core.package_identification:_identify(diagnostics/20260712_010514/ros_logs_snapshot/2026-07-11-22-04-09-451726-sweepi-11213) by extension 'ignore'
[0.296s] Level 1:colcon.colcon_core.package_identification:_identify(diagnostics/20260712_010514/ros_logs_snapshot/2026-07-11-22-04-09-451726-sweepi-11213) by extension 'ignore_ament_install'
[0.296s] Level 1:colcon.colcon_core.package_identification:_identify(diagnostics/20260712_010514/ros_logs_snapshot/2026-07-11-22-04-09-451726-sweepi-11213) by extensions ['colcon_pkg']
[0.296s] Level 1:colcon.colcon_core.package_identification:_identify(diagnostics/20260712_010514/ros_logs_snapshot/2026-07-11-22-04-09-451726-sweepi-11213) by extension 'colcon_pkg'
[0.296s] Level 1:colcon.colcon_core.package_identification:_identify(diagnostics/20260712_010514/ros_logs_snapshot/2026-07-11-22-04-09-451726-sweepi-11213) by extensions ['colcon_meta']
[0.296s] Level 1:colcon.colcon_core.package_identification:_identify(diagnostics/20260712_010514/ros_logs_snapshot/2026-07-11-22-04-09-451726-sweepi-11213) by extension 'colcon_meta'
[0.296s] Level 1:colcon.colcon_core.package_identification:_identify(diagnostics/20260712_010514/ros_logs_snapshot/2026-07-11-22-04-09-451726-sweepi-11213) by extensions ['ros']
[0.296s] Level 1:colcon.colcon_core.package_identification:_identify(diagnostics/20260712_010514/ros_logs_snapshot/2026-07-11-22-04-09-451726-sweepi-11213) by extension 'ros'
[0.296s] Level 1:colcon.colcon_core.package_identification:_identify(diagnostics/20260712_010514/ros_logs_snapshot/2026-07-11-22-04-09-451726-sweepi-11213) by extensions ['cmake', 'python']
[0.296s] Level 1:colcon.colcon_core.package_identification:_identify(diagnostics/20260712_010514/ros_logs_snapshot/2026-07-11-22-04-09-451726-sweepi-11213) by extension 'cmake'
[0.296s] Level 1:colcon.colcon_core.package_identification:_identify(diagnostics/20260712_010514/ros_logs_snapshot/2026-07-11-22-04-09-451726-sweepi-11213) by extension 'python'
[0.296s] Level 1:colcon.colcon_core.package_identification:_identify(diagnostics/20260712_010514/ros_logs_snapshot/2026-07-11-22-04-09-451726-sweepi-11213) by extensions ['python_setup_py']
[0.296s] Level 1:colcon.colcon_core.package_identification:_identify(diagnostics/20260712_010514/ros_logs_snapshot/2026-07-11-22-04-09-451726-sweepi-11213) by extension 'python_setup_py'
[0.297s] Level 1:colcon.colcon_core.package_identification:_identify(diagnostics/20260712_010514/ros_logs_snapshot/2026-07-11-22-04-24-476066-sweepi-11439) by extensions ['ignore', 'ignore_ament_install']
[0.297s] Level 1:colcon.colcon_core.package_identification:_identify(diagnostics/20260712_010514/ros_logs_snapshot/2026-07-11-22-04-24-476066-sweepi-11439) by extension 'ignore'
[0.297s] Level 1:colcon.colcon_core.package_identification:_identify(diagnostics/20260712_010514/ros_logs_snapshot/2026-07-11-22-04-24-476066-sweepi-11439) by extension 'ignore_ament_install'
[0.297s] Level 1:colcon.colcon_core.package_identification:_identify(diagnostics/20260712_010514/ros_logs_snapshot/2026-07-11-22-04-24-476066-sweepi-11439) by extensions ['colcon_pkg']
[0.297s] Level 1:colcon.colcon_core.package_identification:_identify(diagnostics/20260712_010514/ros_logs_snapshot/2026-07-11-22-04-24-476066-sweepi-11439) by extension 'colcon_pkg'
[0.297s] Level 1:colcon.colcon_core.package_identification:_identify(diagnostics/20260712_010514/ros_logs_snapshot/2026-07-11-22-04-24-476066-sweepi-11439) by extensions ['colcon_meta']
[0.297s] Level 1:colcon.colcon_core.package_identification:_identify(diagnostics/20260712_010514/ros_logs_snapshot/2026-07-11-22-04-24-476066-sweepi-11439) by extension 'colcon_meta'
[0.297s] Level 1:colcon.colcon_core.package_identification:_identify(diagnostics/20260712_010514/ros_logs_snapshot/2026-07-11-22-04-24-476066-sweepi-11439) by extensions ['ros']
[0.297s] Level 1:colcon.colcon_core.package_identification:_identify(diagnostics/20260712_010514/ros_logs_snapshot/2026-07-11-22-04-24-476066-sweepi-11439) by extension 'ros'
[0.297s] Level 1:colcon.colcon_core.package_identification:_identify(diagnostics/20260712_010514/ros_logs_snapshot/2026-07-11-22-04-24-476066-sweepi-11439) by extensions ['cmake', 'python']
[0.297s] Level 1:colcon.colcon_core.package_identification:_identify(diagnostics/20260712_010514/ros_logs_snapshot/2026-07-11-22-04-24-476066-sweepi-11439) by extension 'cmake'
[0.297s] Level 1:colcon.colcon_core.package_identification:_identify(diagnostics/20260712_010514/ros_logs_snapshot/2026-07-11-22-04-24-476066-sweepi-11439) by extension 'python'
[0.297s] Level 1:colcon.colcon_core.package_identification:_identify(diagnostics/20260712_010514/ros_logs_snapshot/2026-07-11-22-04-24-476066-sweepi-11439) by extensions ['python_setup_py']
[0.297s] Level 1:colcon.colcon_core.package_identification:_identify(diagnostics/20260712_010514/ros_logs_snapshot/2026-07-11-22-04-24-476066-sweepi-11439) by extension 'python_setup_py'
[0.297s] Level 1:colcon.colcon_core.package_identification:_identify(diagnostics/20260712_010514/ros_logs_snapshot/2026-07-11-22-09-54-904089-sweepi-3055) by extensions ['ignore', 'ignore_ament_install']
[0.297s] Level 1:colcon.colcon_core.package_identification:_identify(diagnostics/20260712_010514/ros_logs_snapshot/2026-07-11-22-09-54-904089-sweepi-3055) by extension 'ignore'
[0.298s] Level 1:colcon.colcon_core.package_identification:_identify(diagnostics/20260712_010514/ros_logs_snapshot/2026-07-11-22-09-54-904089-sweepi-3055) by extension 'ignore_ament_install'
[0.298s] Level 1:colcon.colcon_core.package_identification:_identify(diagnostics/20260712_010514/ros_logs_snapshot/2026-07-11-22-09-54-904089-sweepi-3055) by extensions ['colcon_pkg']
[0.298s] Level 1:colcon.colcon_core.package_identification:_identify(diagnostics/20260712_010514/ros_logs_snapshot/2026-07-11-22-09-54-904089-sweepi-3055) by extension 'colcon_pkg'
[0.298s] Level 1:colcon.colcon_core.package_identification:_identify(diagnostics/20260712_010514/ros_logs_snapshot/2026-07-11-22-09-54-904089-sweepi-3055) by extensions ['colcon_meta']
[0.298s] Level 1:colcon.colcon_core.package_identification:_identify(diagnostics/20260712_010514/ros_logs_snapshot/2026-07-11-22-09-54-904089-sweepi-3055) by extension 'colcon_meta'
[0.298s] Level 1:colcon.colcon_core.package_identification:_identify(diagnostics/20260712_010514/ros_logs_snapshot/2026-07-11-22-09-54-904089-sweepi-3055) by extensions ['ros']
[0.298s] Level 1:colcon.colcon_core.package_identification:_identify(diagnostics/20260712_010514/ros_logs_snapshot/2026-07-11-22-09-54-904089-sweepi-3055) by extension 'ros'
[0.298s] Level 1:colcon.colcon_core.package_identification:_identify(diagnostics/20260712_010514/ros_logs_snapshot/2026-07-11-22-09-54-904089-sweepi-3055) by extensions ['cmake', 'python']
[0.298s] Level 1:colcon.colcon_core.package_identification:_identify(diagnostics/20260712_010514/ros_logs_snapshot/2026-07-11-22-09-54-904089-sweepi-3055) by extension 'cmake'
[0.298s] Level 1:colcon.colcon_core.package_identification:_identify(diagnostics/20260712_010514/ros_logs_snapshot/2026-07-11-22-09-54-904089-sweepi-3055) by extension 'python'
[0.298s] Level 1:colcon.colcon_core.package_identification:_identify(diagnostics/20260712_010514/ros_logs_snapshot/2026-07-11-22-09-54-904089-sweepi-3055) by extensions ['python_setup_py']
[0.298s] Level 1:colcon.colcon_core.package_identification:_identify(diagnostics/20260712_010514/ros_logs_snapshot/2026-07-11-22-09-54-904089-sweepi-3055) by extension 'python_setup_py'
[0.298s] Level 1:colcon.colcon_core.package_identification:_identify(diagnostics/20260712_010514/ros_logs_snapshot/2026-07-11-22-10-07-252207-sweepi-3427) by extensions ['ignore', 'ignore_ament_install']
[0.298s] Level 1:colcon.colcon_core.package_identification:_identify(diagnostics/20260712_010514/ros_logs_snapshot/2026-07-11-22-10-07-252207-sweepi-3427) by extension 'ignore'
[0.298s] Level 1:colcon.colcon_core.package_identification:_identify(diagnostics/20260712_010514/ros_logs_snapshot/2026-07-11-22-10-07-252207-sweepi-3427) by extension 'ignore_ament_install'
[0.298s] Level 1:colcon.colcon_core.package_identification:_identify(diagnostics/20260712_010514/ros_logs_snapshot/2026-07-11-22-10-07-252207-sweepi-3427) by extensions ['colcon_pkg']
[0.298s] Level 1:colcon.colcon_core.package_identification:_identify(diagnostics/20260712_010514/ros_logs_snapshot/2026-07-11-22-10-07-252207-sweepi-3427) by extension 'colcon_pkg'
[0.298s] Level 1:colcon.colcon_core.package_identification:_identify(diagnostics/20260712_010514/ros_logs_snapshot/2026-07-11-22-10-07-252207-sweepi-3427) by extensions ['colcon_meta']
[0.298s] Level 1:colcon.colcon_core.package_identification:_identify(diagnostics/20260712_010514/ros_logs_snapshot/2026-07-11-22-10-07-252207-sweepi-3427) by extension 'colcon_meta'
[0.298s] Level 1:colcon.colcon_core.package_identification:_identify(diagnostics/20260712_010514/ros_logs_snapshot/2026-07-11-22-10-07-252207-sweepi-3427) by extensions ['ros']
[0.299s] Level 1:colcon.colcon_core.package_identification:_identify(diagnostics/20260712_010514/ros_logs_snapshot/2026-07-11-22-10-07-252207-sweepi-3427) by extension 'ros'
[0.299s] Level 1:colcon.colcon_core.package_identification:_identify(diagnostics/20260712_010514/ros_logs_snapshot/2026-07-11-22-10-07-252207-sweepi-3427) by extensions ['cmake', 'python']
[0.299s] Level 1:colcon.colcon_core.package_identification:_identify(diagnostics/20260712_010514/ros_logs_snapshot/2026-07-11-22-10-07-252207-sweepi-3427) by extension 'cmake'
[0.299s] Level 1:colcon.colcon_core.package_identification:_identify(diagnostics/20260712_010514/ros_logs_snapshot/2026-07-11-22-10-07-252207-sweepi-3427) by extension 'python'
[0.299s] Level 1:colcon.colcon_core.package_identification:_identify(diagnostics/20260712_010514/ros_logs_snapshot/2026-07-11-22-10-07-252207-sweepi-3427) by extensions ['python_setup_py']
[0.299s] Level 1:colcon.colcon_core.package_identification:_identify(diagnostics/20260712_010514/ros_logs_snapshot/2026-07-11-22-10-07-252207-sweepi-3427) by extension 'python_setup_py'
[0.299s] Level 1:colcon.colcon_core.package_identification:_identify(diagnostics/20260712_010514/ros_logs_snapshot/2026-07-11-22-25-29-636050-sweepi-3478) by extensions ['ignore', 'ignore_ament_install']
[0.299s] Level 1:colcon.colcon_core.package_identification:_identify(diagnostics/20260712_010514/ros_logs_snapshot/2026-07-11-22-25-29-636050-sweepi-3478) by extension 'ignore'
[0.299s] Level 1:colcon.colcon_core.package_identification:_identify(diagnostics/20260712_010514/ros_logs_snapshot/2026-07-11-22-25-29-636050-sweepi-3478) by extension 'ignore_ament_install'
[0.299s] Level 1:colcon.colcon_core.package_identification:_identify(diagnostics/20260712_010514/ros_logs_snapshot/2026-07-11-22-25-29-636050-sweepi-3478) by extensions ['colcon_pkg']
[0.299s] Level 1:colcon.colcon_core.package_identification:_identify(diagnostics/20260712_010514/ros_logs_snapshot/2026-07-11-22-25-29-636050-sweepi-3478) by extension 'colcon_pkg'
[0.299s] Level 1:colcon.colcon_core.package_identification:_identify(diagnostics/20260712_010514/ros_logs_snapshot/2026-07-11-22-25-29-636050-sweepi-3478) by extensions ['colcon_meta']
[0.299s] Level 1:colcon.colcon_core.package_identification:_identify(diagnostics/20260712_010514/ros_logs_snapshot/2026-07-11-22-25-29-636050-sweepi-3478) by extension 'colcon_meta'
[0.299s] Level 1:colcon.colcon_core.package_identification:_identify(diagnostics/20260712_010514/ros_logs_snapshot/2026-07-11-22-25-29-636050-sweepi-3478) by extensions ['ros']
[0.299s] Level 1:colcon.colcon_core.package_identification:_identify(diagnostics/20260712_010514/ros_logs_snapshot/2026-07-11-22-25-29-636050-sweepi-3478) by extension 'ros'
[0.299s] Level 1:colcon.colcon_core.package_identification:_identify(diagnostics/20260712_010514/ros_logs_snapshot/2026-07-11-22-25-29-636050-sweepi-3478) by extensions ['cmake', 'python']
[0.299s] Level 1:colcon.colcon_core.package_identification:_identify(diagnostics/20260712_010514/ros_logs_snapshot/2026-07-11-22-25-29-636050-sweepi-3478) by extension 'cmake'
[0.299s] Level 1:colcon.colcon_core.package_identification:_identify(diagnostics/20260712_010514/ros_logs_snapshot/2026-07-11-22-25-29-636050-sweepi-3478) by extension 'python'
[0.299s] Level 1:colcon.colcon_core.package_identification:_identify(diagnostics/20260712_010514/ros_logs_snapshot/2026-07-11-22-25-29-636050-sweepi-3478) by extensions ['python_setup_py']
[0.300s] Level 1:colcon.colcon_core.package_identification:_identify(diagnostics/20260712_010514/ros_logs_snapshot/2026-07-11-22-25-29-636050-sweepi-3478) by extension 'python_setup_py'
[0.300s] Level 1:colcon.colcon_core.package_identification:_identify(diagnostics/20260712_010514/ros_logs_snapshot/2026-07-11-22-31-37-639719-sweepi-3865) by extensions ['ignore', 'ignore_ament_install']
[0.300s] Level 1:colcon.colcon_core.package_identification:_identify(diagnostics/20260712_010514/ros_logs_snapshot/2026-07-11-22-31-37-639719-sweepi-3865) by extension 'ignore'
[0.300s] Level 1:colcon.colcon_core.package_identification:_identify(diagnostics/20260712_010514/ros_logs_snapshot/2026-07-11-22-31-37-639719-sweepi-3865) by extension 'ignore_ament_install'
[0.300s] Level 1:colcon.colcon_core.package_identification:_identify(diagnostics/20260712_010514/ros_logs_snapshot/2026-07-11-22-31-37-639719-sweepi-3865) by extensions ['colcon_pkg']
[0.300s] Level 1:colcon.colcon_core.package_identification:_identify(diagnostics/20260712_010514/ros_logs_snapshot/2026-07-11-22-31-37-639719-sweepi-3865) by extension 'colcon_pkg'
[0.300s] Level 1:colcon.colcon_core.package_identification:_identify(diagnostics/20260712_010514/ros_logs_snapshot/2026-07-11-22-31-37-639719-sweepi-3865) by extensions ['colcon_meta']
[0.300s] Level 1:colcon.colcon_core.package_identification:_identify(diagnostics/20260712_010514/ros_logs_snapshot/2026-07-11-22-31-37-639719-sweepi-3865) by extension 'colcon_meta'
[0.300s] Level 1:colcon.colcon_core.package_identification:_identify(diagnostics/20260712_010514/ros_logs_snapshot/2026-07-11-22-31-37-639719-sweepi-3865) by extensions ['ros']
[0.300s] Level 1:colcon.colcon_core.package_identification:_identify(diagnostics/20260712_010514/ros_logs_snapshot/2026-07-11-22-31-37-639719-sweepi-3865) by extension 'ros'
[0.300s] Level 1:colcon.colcon_core.package_identification:_identify(diagnostics/20260712_010514/ros_logs_snapshot/2026-07-11-22-31-37-639719-sweepi-3865) by extensions ['cmake', 'python']
[0.300s] Level 1:colcon.colcon_core.package_identification:_identify(diagnostics/20260712_010514/ros_logs_snapshot/2026-07-11-22-31-37-639719-sweepi-3865) by extension 'cmake'
[0.300s] Level 1:colcon.colcon_core.package_identification:_identify(diagnostics/20260712_010514/ros_logs_snapshot/2026-07-11-22-31-37-639719-sweepi-3865) by extension 'python'
[0.300s] Level 1:colcon.colcon_core.package_identification:_identify(diagnostics/20260712_010514/ros_logs_snapshot/2026-07-11-22-31-37-639719-sweepi-3865) by extensions ['python_setup_py']
[0.300s] Level 1:colcon.colcon_core.package_identification:_identify(diagnostics/20260712_010514/ros_logs_snapshot/2026-07-11-22-31-37-639719-sweepi-3865) by extension 'python_setup_py'
[0.300s] Level 1:colcon.colcon_core.package_identification:_identify(diagnostics/20260712_010514/ros_logs_snapshot/2026-07-11-22-31-48-747761-sweepi-4199) by extensions ['ignore', 'ignore_ament_install']
[0.300s] Level 1:colcon.colcon_core.package_identification:_identify(diagnostics/20260712_010514/ros_logs_snapshot/2026-07-11-22-31-48-747761-sweepi-4199) by extension 'ignore'
[0.301s] Level 1:colcon.colcon_core.package_identification:_identify(diagnostics/20260712_010514/ros_logs_snapshot/2026-07-11-22-31-48-747761-sweepi-4199) by extension 'ignore_ament_install'
[0.301s] Level 1:colcon.colcon_core.package_identification:_identify(diagnostics/20260712_010514/ros_logs_snapshot/2026-07-11-22-31-48-747761-sweepi-4199) by extensions ['colcon_pkg']
[0.301s] Level 1:colcon.colcon_core.package_identification:_identify(diagnostics/20260712_010514/ros_logs_snapshot/2026-07-11-22-31-48-747761-sweepi-4199) by extension 'colcon_pkg'
[0.301s] Level 1:colcon.colcon_core.package_identification:_identify(diagnostics/20260712_010514/ros_logs_snapshot/2026-07-11-22-31-48-747761-sweepi-4199) by extensions ['colcon_meta']
[0.301s] Level 1:colcon.colcon_core.package_identification:_identify(diagnostics/20260712_010514/ros_logs_snapshot/2026-07-11-22-31-48-747761-sweepi-4199) by extension 'colcon_meta'
[0.301s] Level 1:colcon.colcon_core.package_identification:_identify(diagnostics/20260712_010514/ros_logs_snapshot/2026-07-11-22-31-48-747761-sweepi-4199) by extensions ['ros']
[0.301s] Level 1:colcon.colcon_core.package_identification:_identify(diagnostics/20260712_010514/ros_logs_snapshot/2026-07-11-22-31-48-747761-sweepi-4199) by extension 'ros'
[0.301s] Level 1:colcon.colcon_core.package_identification:_identify(diagnostics/20260712_010514/ros_logs_snapshot/2026-07-11-22-31-48-747761-sweepi-4199) by extensions ['cmake', 'python']
[0.301s] Level 1:colcon.colcon_core.package_identification:_identify(diagnostics/20260712_010514/ros_logs_snapshot/2026-07-11-22-31-48-747761-sweepi-4199) by extension 'cmake'
[0.301s] Level 1:colcon.colcon_core.package_identification:_identify(diagnostics/20260712_010514/ros_logs_snapshot/2026-07-11-22-31-48-747761-sweepi-4199) by extension 'python'
[0.301s] Level 1:colcon.colcon_core.package_identification:_identify(diagnostics/20260712_010514/ros_logs_snapshot/2026-07-11-22-31-48-747761-sweepi-4199) by extensions ['python_setup_py']
[0.301s] Level 1:colcon.colcon_core.package_identification:_identify(diagnostics/20260712_010514/ros_logs_snapshot/2026-07-11-22-31-48-747761-sweepi-4199) by extension 'python_setup_py'
[0.301s] Level 1:colcon.colcon_core.package_identification:_identify(diagnostics/20260712_010514/ros_logs_snapshot/2026-07-11-22-32-59-895227-sweepi-5391) by extensions ['ignore', 'ignore_ament_install']
[0.301s] Level 1:colcon.colcon_core.package_identification:_identify(diagnostics/20260712_010514/ros_logs_snapshot/2026-07-11-22-32-59-895227-sweepi-5391) by extension 'ignore'
[0.301s] Level 1:colcon.colcon_core.package_identification:_identify(diagnostics/20260712_010514/ros_logs_snapshot/2026-07-11-22-32-59-895227-sweepi-5391) by extension 'ignore_ament_install'
[0.301s] Level 1:colcon.colcon_core.package_identification:_identify(diagnostics/20260712_010514/ros_logs_snapshot/2026-07-11-22-32-59-895227-sweepi-5391) by extensions ['colcon_pkg']
[0.301s] Level 1:colcon.colcon_core.package_identification:_identify(diagnostics/20260712_010514/ros_logs_snapshot/2026-07-11-22-32-59-895227-sweepi-5391) by extension 'colcon_pkg'
[0.301s] Level 1:colcon.colcon_core.package_identification:_identify(diagnostics/20260712_010514/ros_logs_snapshot/2026-07-11-22-32-59-895227-sweepi-5391) by extensions ['colcon_meta']
[0.301s] Level 1:colcon.colcon_core.package_identification:_identify(diagnostics/20260712_010514/ros_logs_snapshot/2026-07-11-22-32-59-895227-sweepi-5391) by extension 'colcon_meta'
[0.301s] Level 1:colcon.colcon_core.package_identification:_identify(diagnostics/20260712_010514/ros_logs_snapshot/2026-07-11-22-32-59-895227-sweepi-5391) by extensions ['ros']
[0.302s] Level 1:colcon.colcon_core.package_identification:_identify(diagnostics/20260712_010514/ros_logs_snapshot/2026-07-11-22-32-59-895227-sweepi-5391) by extension 'ros'
[0.302s] Level 1:colcon.colcon_core.package_identification:_identify(diagnostics/20260712_010514/ros_logs_snapshot/2026-07-11-22-32-59-895227-sweepi-5391) by extensions ['cmake', 'python']
[0.302s] Level 1:colcon.colcon_core.package_identification:_identify(diagnostics/20260712_010514/ros_logs_snapshot/2026-07-11-22-32-59-895227-sweepi-5391) by extension 'cmake'
[0.302s] Level 1:colcon.colcon_core.package_identification:_identify(diagnostics/20260712_010514/ros_logs_snapshot/2026-07-11-22-32-59-895227-sweepi-5391) by extension 'python'
[0.302s] Level 1:colcon.colcon_core.package_identification:_identify(diagnostics/20260712_010514/ros_logs_snapshot/2026-07-11-22-32-59-895227-sweepi-5391) by extensions ['python_setup_py']
[0.302s] Level 1:colcon.colcon_core.package_identification:_identify(diagnostics/20260712_010514/ros_logs_snapshot/2026-07-11-22-32-59-895227-sweepi-5391) by extension 'python_setup_py'
[0.302s] Level 1:colcon.colcon_core.package_identification:_identify(diagnostics/20260712_010514/ros_logs_snapshot/2026-07-11-22-33-07-932610-sweepi-5554) by extensions ['ignore', 'ignore_ament_install']
[0.302s] Level 1:colcon.colcon_core.package_identification:_identify(diagnostics/20260712_010514/ros_logs_snapshot/2026-07-11-22-33-07-932610-sweepi-5554) by extension 'ignore'
[0.302s] Level 1:colcon.colcon_core.package_identification:_identify(diagnostics/20260712_010514/ros_logs_snapshot/2026-07-11-22-33-07-932610-sweepi-5554) by extension 'ignore_ament_install'
[0.302s] Level 1:colcon.colcon_core.package_identification:_identify(diagnostics/20260712_010514/ros_logs_snapshot/2026-07-11-22-33-07-932610-sweepi-5554) by extensions ['colcon_pkg']
[0.302s] Level 1:colcon.colcon_core.package_identification:_identify(diagnostics/20260712_010514/ros_logs_snapshot/2026-07-11-22-33-07-932610-sweepi-5554) by extension 'colcon_pkg'
[0.302s] Level 1:colcon.colcon_core.package_identification:_identify(diagnostics/20260712_010514/ros_logs_snapshot/2026-07-11-22-33-07-932610-sweepi-5554) by extensions ['colcon_meta']
[0.302s] Level 1:colcon.colcon_core.package_identification:_identify(diagnostics/20260712_010514/ros_logs_snapshot/2026-07-11-22-33-07-932610-sweepi-5554) by extension 'colcon_meta'
[0.302s] Level 1:colcon.colcon_core.package_identification:_identify(diagnostics/20260712_010514/ros_logs_snapshot/2026-07-11-22-33-07-932610-sweepi-5554) by extensions ['ros']
[0.302s] Level 1:colcon.colcon_core.package_identification:_identify(diagnostics/20260712_010514/ros_logs_snapshot/2026-07-11-22-33-07-932610-sweepi-5554) by extension 'ros'
[0.302s] Level 1:colcon.colcon_core.package_identification:_identify(diagnostics/20260712_010514/ros_logs_snapshot/2026-07-11-22-33-07-932610-sweepi-5554) by extensions ['cmake', 'python']
[0.302s] Level 1:colcon.colcon_core.package_identification:_identify(diagnostics/20260712_010514/ros_logs_snapshot/2026-07-11-22-33-07-932610-sweepi-5554) by extension 'cmake'
[0.302s] Level 1:colcon.colcon_core.package_identification:_identify(diagnostics/20260712_010514/ros_logs_snapshot/2026-07-11-22-33-07-932610-sweepi-5554) by extension 'python'
[0.302s] Level 1:colcon.colcon_core.package_identification:_identify(diagnostics/20260712_010514/ros_logs_snapshot/2026-07-11-22-33-07-932610-sweepi-5554) by extensions ['python_setup_py']
[0.303s] Level 1:colcon.colcon_core.package_identification:_identify(diagnostics/20260712_010514/ros_logs_snapshot/2026-07-11-22-33-07-932610-sweepi-5554) by extension 'python_setup_py'
[0.303s] Level 1:colcon.colcon_core.package_identification:_identify(diagnostics/20260712_010514/ros_logs_snapshot/2026-07-11-22-35-34-862276-sweepi-6556) by extensions ['ignore', 'ignore_ament_install']
[0.303s] Level 1:colcon.colcon_core.package_identification:_identify(diagnostics/20260712_010514/ros_logs_snapshot/2026-07-11-22-35-34-862276-sweepi-6556) by extension 'ignore'
[0.303s] Level 1:colcon.colcon_core.package_identification:_identify(diagnostics/20260712_010514/ros_logs_snapshot/2026-07-11-22-35-34-862276-sweepi-6556) by extension 'ignore_ament_install'
[0.303s] Level 1:colcon.colcon_core.package_identification:_identify(diagnostics/20260712_010514/ros_logs_snapshot/2026-07-11-22-35-34-862276-sweepi-6556) by extensions ['colcon_pkg']
[0.303s] Level 1:colcon.colcon_core.package_identification:_identify(diagnostics/20260712_010514/ros_logs_snapshot/2026-07-11-22-35-34-862276-sweepi-6556) by extension 'colcon_pkg'
[0.303s] Level 1:colcon.colcon_core.package_identification:_identify(diagnostics/20260712_010514/ros_logs_snapshot/2026-07-11-22-35-34-862276-sweepi-6556) by extensions ['colcon_meta']
[0.303s] Level 1:colcon.colcon_core.package_identification:_identify(diagnostics/20260712_010514/ros_logs_snapshot/2026-07-11-22-35-34-862276-sweepi-6556) by extension 'colcon_meta'
[0.303s] Level 1:colcon.colcon_core.package_identification:_identify(diagnostics/20260712_010514/ros_logs_snapshot/2026-07-11-22-35-34-862276-sweepi-6556) by extensions ['ros']
[0.303s] Level 1:colcon.colcon_core.package_identification:_identify(diagnostics/20260712_010514/ros_logs_snapshot/2026-07-11-22-35-34-862276-sweepi-6556) by extension 'ros'
[0.303s] Level 1:colcon.colcon_core.package_identification:_identify(diagnostics/20260712_010514/ros_logs_snapshot/2026-07-11-22-35-34-862276-sweepi-6556) by extensions ['cmake', 'python']
[0.303s] Level 1:colcon.colcon_core.package_identification:_identify(diagnostics/20260712_010514/ros_logs_snapshot/2026-07-11-22-35-34-862276-sweepi-6556) by extension 'cmake'
[0.303s] Level 1:colcon.colcon_core.package_identification:_identify(diagnostics/20260712_010514/ros_logs_snapshot/2026-07-11-22-35-34-862276-sweepi-6556) by extension 'python'
[0.303s] Level 1:colcon.colcon_core.package_identification:_identify(diagnostics/20260712_010514/ros_logs_snapshot/2026-07-11-22-35-34-862276-sweepi-6556) by extensions ['python_setup_py']
[0.303s] Level 1:colcon.colcon_core.package_identification:_identify(diagnostics/20260712_010514/ros_logs_snapshot/2026-07-11-22-35-34-862276-sweepi-6556) by extension 'python_setup_py'
[0.303s] Level 1:colcon.colcon_core.package_identification:_identify(diagnostics/20260712_010514/ros_logs_snapshot/2026-07-11-22-35-43-565057-sweepi-6691) by extensions ['ignore', 'ignore_ament_install']
[0.303s] Level 1:colcon.colcon_core.package_identification:_identify(diagnostics/20260712_010514/ros_logs_snapshot/2026-07-11-22-35-43-565057-sweepi-6691) by extension 'ignore'
[0.304s] Level 1:colcon.colcon_core.package_identification:_identify(diagnostics/20260712_010514/ros_logs_snapshot/2026-07-11-22-35-43-565057-sweepi-6691) by extension 'ignore_ament_install'
[0.304s] Level 1:colcon.colcon_core.package_identification:_identify(diagnostics/20260712_010514/ros_logs_snapshot/2026-07-11-22-35-43-565057-sweepi-6691) by extensions ['colcon_pkg']
[0.304s] Level 1:colcon.colcon_core.package_identification:_identify(diagnostics/20260712_010514/ros_logs_snapshot/2026-07-11-22-35-43-565057-sweepi-6691) by extension 'colcon_pkg'
[0.304s] Level 1:colcon.colcon_core.package_identification:_identify(diagnostics/20260712_010514/ros_logs_snapshot/2026-07-11-22-35-43-565057-sweepi-6691) by extensions ['colcon_meta']
[0.304s] Level 1:colcon.colcon_core.package_identification:_identify(diagnostics/20260712_010514/ros_logs_snapshot/2026-07-11-22-35-43-565057-sweepi-6691) by extension 'colcon_meta'
[0.304s] Level 1:colcon.colcon_core.package_identification:_identify(diagnostics/20260712_010514/ros_logs_snapshot/2026-07-11-22-35-43-565057-sweepi-6691) by extensions ['ros']
[0.304s] Level 1:colcon.colcon_core.package_identification:_identify(diagnostics/20260712_010514/ros_logs_snapshot/2026-07-11-22-35-43-565057-sweepi-6691) by extension 'ros'
[0.304s] Level 1:colcon.colcon_core.package_identification:_identify(diagnostics/20260712_010514/ros_logs_snapshot/2026-07-11-22-35-43-565057-sweepi-6691) by extensions ['cmake', 'python']
[0.304s] Level 1:colcon.colcon_core.package_identification:_identify(diagnostics/20260712_010514/ros_logs_snapshot/2026-07-11-22-35-43-565057-sweepi-6691) by extension 'cmake'
[0.304s] Level 1:colcon.colcon_core.package_identification:_identify(diagnostics/20260712_010514/ros_logs_snapshot/2026-07-11-22-35-43-565057-sweepi-6691) by extension 'python'
[0.304s] Level 1:colcon.colcon_core.package_identification:_identify(diagnostics/20260712_010514/ros_logs_snapshot/2026-07-11-22-35-43-565057-sweepi-6691) by extensions ['python_setup_py']
[0.304s] Level 1:colcon.colcon_core.package_identification:_identify(diagnostics/20260712_010514/ros_logs_snapshot/2026-07-11-22-35-43-565057-sweepi-6691) by extension 'python_setup_py'
[0.304s] Level 1:colcon.colcon_core.package_identification:_identify(diagnostics/20260712_010514/ros_logs_snapshot/2026-07-11-22-36-36-387318-sweepi-7427) by extensions ['ignore', 'ignore_ament_install']
[0.304s] Level 1:colcon.colcon_core.package_identification:_identify(diagnostics/20260712_010514/ros_logs_snapshot/2026-07-11-22-36-36-387318-sweepi-7427) by extension 'ignore'
[0.304s] Level 1:colcon.colcon_core.package_identification:_identify(diagnostics/20260712_010514/ros_logs_snapshot/2026-07-11-22-36-36-387318-sweepi-7427) by extension 'ignore_ament_install'
[0.304s] Level 1:colcon.colcon_core.package_identification:_identify(diagnostics/20260712_010514/ros_logs_snapshot/2026-07-11-22-36-36-387318-sweepi-7427) by extensions ['colcon_pkg']
[0.304s] Level 1:colcon.colcon_core.package_identification:_identify(diagnostics/20260712_010514/ros_logs_snapshot/2026-07-11-22-36-36-387318-sweepi-7427) by extension 'colcon_pkg'
[0.304s] Level 1:colcon.colcon_core.package_identification:_identify(diagnostics/20260712_010514/ros_logs_snapshot/2026-07-11-22-36-36-387318-sweepi-7427) by extensions ['colcon_meta']
[0.304s] Level 1:colcon.colcon_core.package_identification:_identify(diagnostics/20260712_010514/ros_logs_snapshot/2026-07-11-22-36-36-387318-sweepi-7427) by extension 'colcon_meta'
[0.305s] Level 1:colcon.colcon_core.package_identification:_identify(diagnostics/20260712_010514/ros_logs_snapshot/2026-07-11-22-36-36-387318-sweepi-7427) by extensions ['ros']
[0.305s] Level 1:colcon.colcon_core.package_identification:_identify(diagnostics/20260712_010514/ros_logs_snapshot/2026-07-11-22-36-36-387318-sweepi-7427) by extension 'ros'
[0.305s] Level 1:colcon.colcon_core.package_identification:_identify(diagnostics/20260712_010514/ros_logs_snapshot/2026-07-11-22-36-36-387318-sweepi-7427) by extensions ['cmake', 'python']
[0.305s] Level 1:colcon.colcon_core.package_identification:_identify(diagnostics/20260712_010514/ros_logs_snapshot/2026-07-11-22-36-36-387318-sweepi-7427) by extension 'cmake'
[0.305s] Level 1:colcon.colcon_core.package_identification:_identify(diagnostics/20260712_010514/ros_logs_snapshot/2026-07-11-22-36-36-387318-sweepi-7427) by extension 'python'
[0.305s] Level 1:colcon.colcon_core.package_identification:_identify(diagnostics/20260712_010514/ros_logs_snapshot/2026-07-11-22-36-36-387318-sweepi-7427) by extensions ['python_setup_py']
[0.305s] Level 1:colcon.colcon_core.package_identification:_identify(diagnostics/20260712_010514/ros_logs_snapshot/2026-07-11-22-36-36-387318-sweepi-7427) by extension 'python_setup_py'
[0.305s] Level 1:colcon.colcon_core.package_identification:_identify(diagnostics/20260712_010514/ros_logs_snapshot/2026-07-11-22-36-46-879439-sweepi-7554) by extensions ['ignore', 'ignore_ament_install']
[0.305s] Level 1:colcon.colcon_core.package_identification:_identify(diagnostics/20260712_010514/ros_logs_snapshot/2026-07-11-22-36-46-879439-sweepi-7554) by extension 'ignore'
[0.305s] Level 1:colcon.colcon_core.package_identification:_identify(diagnostics/20260712_010514/ros_logs_snapshot/2026-07-11-22-36-46-879439-sweepi-7554) by extension 'ignore_ament_install'
[0.305s] Level 1:colcon.colcon_core.package_identification:_identify(diagnostics/20260712_010514/ros_logs_snapshot/2026-07-11-22-36-46-879439-sweepi-7554) by extensions ['colcon_pkg']
[0.305s] Level 1:colcon.colcon_core.package_identification:_identify(diagnostics/20260712_010514/ros_logs_snapshot/2026-07-11-22-36-46-879439-sweepi-7554) by extension 'colcon_pkg'
[0.305s] Level 1:colcon.colcon_core.package_identification:_identify(diagnostics/20260712_010514/ros_logs_snapshot/2026-07-11-22-36-46-879439-sweepi-7554) by extensions ['colcon_meta']
[0.305s] Level 1:colcon.colcon_core.package_identification:_identify(diagnostics/20260712_010514/ros_logs_snapshot/2026-07-11-22-36-46-879439-sweepi-7554) by extension 'colcon_meta'
[0.305s] Level 1:colcon.colcon_core.package_identification:_identify(diagnostics/20260712_010514/ros_logs_snapshot/2026-07-11-22-36-46-879439-sweepi-7554) by extensions ['ros']
[0.305s] Level 1:colcon.colcon_core.package_identification:_identify(diagnostics/20260712_010514/ros_logs_snapshot/2026-07-11-22-36-46-879439-sweepi-7554) by extension 'ros'
[0.305s] Level 1:colcon.colcon_core.package_identification:_identify(diagnostics/20260712_010514/ros_logs_snapshot/2026-07-11-22-36-46-879439-sweepi-7554) by extensions ['cmake', 'python']
[0.306s] Level 1:colcon.colcon_core.package_identification:_identify(diagnostics/20260712_010514/ros_logs_snapshot/2026-07-11-22-36-46-879439-sweepi-7554) by extension 'cmake'
[0.306s] Level 1:colcon.colcon_core.package_identification:_identify(diagnostics/20260712_010514/ros_logs_snapshot/2026-07-11-22-36-46-879439-sweepi-7554) by extension 'python'
[0.306s] Level 1:colcon.colcon_core.package_identification:_identify(diagnostics/20260712_010514/ros_logs_snapshot/2026-07-11-22-36-46-879439-sweepi-7554) by extensions ['python_setup_py']
[0.306s] Level 1:colcon.colcon_core.package_identification:_identify(diagnostics/20260712_010514/ros_logs_snapshot/2026-07-11-22-36-46-879439-sweepi-7554) by extension 'python_setup_py'
[0.306s] Level 1:colcon.colcon_core.package_identification:_identify(diagnostics/20260712_010514/ros_logs_snapshot/2026-07-12-00-43-26-655051-sweepi-3749) by extensions ['ignore', 'ignore_ament_install']
[0.306s] Level 1:colcon.colcon_core.package_identification:_identify(diagnostics/20260712_010514/ros_logs_snapshot/2026-07-12-00-43-26-655051-sweepi-3749) by extension 'ignore'
[0.306s] Level 1:colcon.colcon_core.package_identification:_identify(diagnostics/20260712_010514/ros_logs_snapshot/2026-07-12-00-43-26-655051-sweepi-3749) by extension 'ignore_ament_install'
[0.306s] Level 1:colcon.colcon_core.package_identification:_identify(diagnostics/20260712_010514/ros_logs_snapshot/2026-07-12-00-43-26-655051-sweepi-3749) by extensions ['colcon_pkg']
[0.306s] Level 1:colcon.colcon_core.package_identification:_identify(diagnostics/20260712_010514/ros_logs_snapshot/2026-07-12-00-43-26-655051-sweepi-3749) by extension 'colcon_pkg'
[0.306s] Level 1:colcon.colcon_core.package_identification:_identify(diagnostics/20260712_010514/ros_logs_snapshot/2026-07-12-00-43-26-655051-sweepi-3749) by extensions ['colcon_meta']
[0.306s] Level 1:colcon.colcon_core.package_identification:_identify(diagnostics/20260712_010514/ros_logs_snapshot/2026-07-12-00-43-26-655051-sweepi-3749) by extension 'colcon_meta'
[0.306s] Level 1:colcon.colcon_core.package_identification:_identify(diagnostics/20260712_010514/ros_logs_snapshot/2026-07-12-00-43-26-655051-sweepi-3749) by extensions ['ros']
[0.306s] Level 1:colcon.colcon_core.package_identification:_identify(diagnostics/20260712_010514/ros_logs_snapshot/2026-07-12-00-43-26-655051-sweepi-3749) by extension 'ros'
[0.306s] Level 1:colcon.colcon_core.package_identification:_identify(diagnostics/20260712_010514/ros_logs_snapshot/2026-07-12-00-43-26-655051-sweepi-3749) by extensions ['cmake', 'python']
[0.306s] Level 1:colcon.colcon_core.package_identification:_identify(diagnostics/20260712_010514/ros_logs_snapshot/2026-07-12-00-43-26-655051-sweepi-3749) by extension 'cmake'
[0.306s] Level 1:colcon.colcon_core.package_identification:_identify(diagnostics/20260712_010514/ros_logs_snapshot/2026-07-12-00-43-26-655051-sweepi-3749) by extension 'python'
[0.306s] Level 1:colcon.colcon_core.package_identification:_identify(diagnostics/20260712_010514/ros_logs_snapshot/2026-07-12-00-43-26-655051-sweepi-3749) by extensions ['python_setup_py']
[0.306s] Level 1:colcon.colcon_core.package_identification:_identify(diagnostics/20260712_010514/ros_logs_snapshot/2026-07-12-00-43-26-655051-sweepi-3749) by extension 'python_setup_py'
[0.307s] Level 1:colcon.colcon_core.package_identification:_identify(diagnostics/20260712_010514/ros_logs_snapshot/2026-07-12-00-44-07-578533-sweepi-4423) by extensions ['ignore', 'ignore_ament_install']
[0.307s] Level 1:colcon.colcon_core.package_identification:_identify(diagnostics/20260712_010514/ros_logs_snapshot/2026-07-12-00-44-07-578533-sweepi-4423) by extension 'ignore'
[0.307s] Level 1:colcon.colcon_core.package_identification:_identify(diagnostics/20260712_010514/ros_logs_snapshot/2026-07-12-00-44-07-578533-sweepi-4423) by extension 'ignore_ament_install'
[0.307s] Level 1:colcon.colcon_core.package_identification:_identify(diagnostics/20260712_010514/ros_logs_snapshot/2026-07-12-00-44-07-578533-sweepi-4423) by extensions ['colcon_pkg']
[0.307s] Level 1:colcon.colcon_core.package_identification:_identify(diagnostics/20260712_010514/ros_logs_snapshot/2026-07-12-00-44-07-578533-sweepi-4423) by extension 'colcon_pkg'
[0.307s] Level 1:colcon.colcon_core.package_identification:_identify(diagnostics/20260712_010514/ros_logs_snapshot/2026-07-12-00-44-07-578533-sweepi-4423) by extensions ['colcon_meta']
[0.307s] Level 1:colcon.colcon_core.package_identification:_identify(diagnostics/20260712_010514/ros_logs_snapshot/2026-07-12-00-44-07-578533-sweepi-4423) by extension 'colcon_meta'
[0.307s] Level 1:colcon.colcon_core.package_identification:_identify(diagnostics/20260712_010514/ros_logs_snapshot/2026-07-12-00-44-07-578533-sweepi-4423) by extensions ['ros']
[0.307s] Level 1:colcon.colcon_core.package_identification:_identify(diagnostics/20260712_010514/ros_logs_snapshot/2026-07-12-00-44-07-578533-sweepi-4423) by extension 'ros'
[0.307s] Level 1:colcon.colcon_core.package_identification:_identify(diagnostics/20260712_010514/ros_logs_snapshot/2026-07-12-00-44-07-578533-sweepi-4423) by extensions ['cmake', 'python']
[0.307s] Level 1:colcon.colcon_core.package_identification:_identify(diagnostics/20260712_010514/ros_logs_snapshot/2026-07-12-00-44-07-578533-sweepi-4423) by extension 'cmake'
[0.307s] Level 1:colcon.colcon_core.package_identification:_identify(diagnostics/20260712_010514/ros_logs_snapshot/2026-07-12-00-44-07-578533-sweepi-4423) by extension 'python'
[0.307s] Level 1:colcon.colcon_core.package_identification:_identify(diagnostics/20260712_010514/ros_logs_snapshot/2026-07-12-00-44-07-578533-sweepi-4423) by extensions ['python_setup_py']
[0.307s] Level 1:colcon.colcon_core.package_identification:_identify(diagnostics/20260712_010514/ros_logs_snapshot/2026-07-12-00-44-07-578533-sweepi-4423) by extension 'python_setup_py'
[0.307s] Level 1:colcon.colcon_core.package_identification:_identify(diagnostics/20260712_010514/ros_logs_snapshot/2026-07-12-00-44-26-314920-sweepi-4580) by extensions ['ignore', 'ignore_ament_install']
[0.307s] Level 1:colcon.colcon_core.package_identification:_identify(diagnostics/20260712_010514/ros_logs_snapshot/2026-07-12-00-44-26-314920-sweepi-4580) by extension 'ignore'
[0.307s] Level 1:colcon.colcon_core.package_identification:_identify(diagnostics/20260712_010514/ros_logs_snapshot/2026-07-12-00-44-26-314920-sweepi-4580) by extension 'ignore_ament_install'
[0.307s] Level 1:colcon.colcon_core.package_identification:_identify(diagnostics/20260712_010514/ros_logs_snapshot/2026-07-12-00-44-26-314920-sweepi-4580) by extensions ['colcon_pkg']
[0.308s] Level 1:colcon.colcon_core.package_identification:_identify(diagnostics/20260712_010514/ros_logs_snapshot/2026-07-12-00-44-26-314920-sweepi-4580) by extension 'colcon_pkg'
[0.308s] Level 1:colcon.colcon_core.package_identification:_identify(diagnostics/20260712_010514/ros_logs_snapshot/2026-07-12-00-44-26-314920-sweepi-4580) by extensions ['colcon_meta']
[0.308s] Level 1:colcon.colcon_core.package_identification:_identify(diagnostics/20260712_010514/ros_logs_snapshot/2026-07-12-00-44-26-314920-sweepi-4580) by extension 'colcon_meta'
[0.308s] Level 1:colcon.colcon_core.package_identification:_identify(diagnostics/20260712_010514/ros_logs_snapshot/2026-07-12-00-44-26-314920-sweepi-4580) by extensions ['ros']
[0.308s] Level 1:colcon.colcon_core.package_identification:_identify(diagnostics/20260712_010514/ros_logs_snapshot/2026-07-12-00-44-26-314920-sweepi-4580) by extension 'ros'
[0.308s] Level 1:colcon.colcon_core.package_identification:_identify(diagnostics/20260712_010514/ros_logs_snapshot/2026-07-12-00-44-26-314920-sweepi-4580) by extensions ['cmake', 'python']
[0.308s] Level 1:colcon.colcon_core.package_identification:_identify(diagnostics/20260712_010514/ros_logs_snapshot/2026-07-12-00-44-26-314920-sweepi-4580) by extension 'cmake'
[0.308s] Level 1:colcon.colcon_core.package_identification:_identify(diagnostics/20260712_010514/ros_logs_snapshot/2026-07-12-00-44-26-314920-sweepi-4580) by extension 'python'
[0.308s] Level 1:colcon.colcon_core.package_identification:_identify(diagnostics/20260712_010514/ros_logs_snapshot/2026-07-12-00-44-26-314920-sweepi-4580) by extensions ['python_setup_py']
[0.308s] Level 1:colcon.colcon_core.package_identification:_identify(diagnostics/20260712_010514/ros_logs_snapshot/2026-07-12-00-44-26-314920-sweepi-4580) by extension 'python_setup_py'
[0.308s] Level 1:colcon.colcon_core.package_identification:_identify(diagnostics/20260712_010514/ros_logs_snapshot/latest) by extensions ['ignore', 'ignore_ament_install']
[0.308s] Level 1:colcon.colcon_core.package_identification:_identify(diagnostics/20260712_010514/ros_logs_snapshot/latest) by extension 'ignore'
[0.308s] Level 1:colcon.colcon_core.package_identification:_identify(diagnostics/20260712_010514/ros_logs_snapshot/latest) by extension 'ignore_ament_install'
[0.308s] Level 1:colcon.colcon_core.package_identification:_identify(diagnostics/20260712_010514/ros_logs_snapshot/latest) by extensions ['colcon_pkg']
[0.308s] Level 1:colcon.colcon_core.package_identification:_identify(diagnostics/20260712_010514/ros_logs_snapshot/latest) by extension 'colcon_pkg'
[0.308s] Level 1:colcon.colcon_core.package_identification:_identify(diagnostics/20260712_010514/ros_logs_snapshot/latest) by extensions ['colcon_meta']
[0.308s] Level 1:colcon.colcon_core.package_identification:_identify(diagnostics/20260712_010514/ros_logs_snapshot/latest) by extension 'colcon_meta'
[0.308s] Level 1:colcon.colcon_core.package_identification:_identify(diagnostics/20260712_010514/ros_logs_snapshot/latest) by extensions ['ros']
[0.308s] Level 1:colcon.colcon_core.package_identification:_identify(diagnostics/20260712_010514/ros_logs_snapshot/latest) by extension 'ros'
[0.309s] Level 1:colcon.colcon_core.package_identification:_identify(diagnostics/20260712_010514/ros_logs_snapshot/latest) by extensions ['cmake', 'python']
[0.309s] Level 1:colcon.colcon_core.package_identification:_identify(diagnostics/20260712_010514/ros_logs_snapshot/latest) by extension 'cmake'
[0.309s] Level 1:colcon.colcon_core.package_identification:_identify(diagnostics/20260712_010514/ros_logs_snapshot/latest) by extension 'python'
[0.309s] Level 1:colcon.colcon_core.package_identification:_identify(diagnostics/20260712_010514/ros_logs_snapshot/latest) by extensions ['python_setup_py']
[0.309s] Level 1:colcon.colcon_core.package_identification:_identify(diagnostics/20260712_010514/ros_logs_snapshot/latest) by extension 'python_setup_py'
[0.309s] Level 1:colcon.colcon_core.package_identification:_identify(docs) by extensions ['ignore', 'ignore_ament_install']
[0.309s] Level 1:colcon.colcon_core.package_identification:_identify(docs) by extension 'ignore'
[0.309s] Level 1:colcon.colcon_core.package_identification:_identify(docs) by extension 'ignore_ament_install'
[0.309s] Level 1:colcon.colcon_core.package_identification:_identify(docs) by extensions ['colcon_pkg']
[0.309s] Level 1:colcon.colcon_core.package_identification:_identify(docs) by extension 'colcon_pkg'
[0.309s] Level 1:colcon.colcon_core.package_identification:_identify(docs) by extensions ['colcon_meta']
[0.309s] Level 1:colcon.colcon_core.package_identification:_identify(docs) by extension 'colcon_meta'
[0.309s] Level 1:colcon.colcon_core.package_identification:_identify(docs) by extensions ['ros']
[0.309s] Level 1:colcon.colcon_core.package_identification:_identify(docs) by extension 'ros'
[0.309s] Level 1:colcon.colcon_core.package_identification:_identify(docs) by extensions ['cmake', 'python']
[0.309s] Level 1:colcon.colcon_core.package_identification:_identify(docs) by extension 'cmake'
[0.309s] Level 1:colcon.colcon_core.package_identification:_identify(docs) by extension 'python'
[0.309s] Level 1:colcon.colcon_core.package_identification:_identify(docs) by extensions ['python_setup_py']
[0.309s] Level 1:colcon.colcon_core.package_identification:_identify(docs) by extension 'python_setup_py'
[0.310s] Level 1:colcon.colcon_core.package_identification:_identify(install) by extensions ['ignore', 'ignore_ament_install']
[0.310s] Level 1:colcon.colcon_core.package_identification:_identify(install) by extension 'ignore'
[0.310s] Level 1:colcon.colcon_core.package_identification:_identify(install) ignored
[0.310s] Level 1:colcon.colcon_core.package_identification:_identify(install_diagnostic) by extensions ['ignore', 'ignore_ament_install']
[0.310s] Level 1:colcon.colcon_core.package_identification:_identify(install_diagnostic) by extension 'ignore'
[0.310s] Level 1:colcon.colcon_core.package_identification:_identify(install_diagnostic) ignored
[0.310s] Level 1:colcon.colcon_core.package_identification:_identify(log) by extensions ['ignore', 'ignore_ament_install']
[0.310s] Level 1:colcon.colcon_core.package_identification:_identify(log) by extension 'ignore'
[0.310s] Level 1:colcon.colcon_core.package_identification:_identify(log) ignored
[0.310s] Level 1:colcon.colcon_core.package_identification:_identify(log_diagnostic) by extensions ['ignore', 'ignore_ament_install']
[0.310s] Level 1:colcon.colcon_core.package_identification:_identify(log_diagnostic) by extension 'ignore'
[0.310s] Level 1:colcon.colcon_core.package_identification:_identify(log_diagnostic) ignored
[0.311s] Level 1:colcon.colcon_core.package_identification:_identify(maps) by extensions ['ignore', 'ignore_ament_install']
[0.311s] Level 1:colcon.colcon_core.package_identification:_identify(maps) by extension 'ignore'
[0.311s] Level 1:colcon.colcon_core.package_identification:_identify(maps) by extension 'ignore_ament_install'
[0.311s] Level 1:colcon.colcon_core.package_identification:_identify(maps) by extensions ['colcon_pkg']
[0.311s] Level 1:colcon.colcon_core.package_identification:_identify(maps) by extension 'colcon_pkg'
[0.311s] Level 1:colcon.colcon_core.package_identification:_identify(maps) by extensions ['colcon_meta']
[0.311s] Level 1:colcon.colcon_core.package_identification:_identify(maps) by extension 'colcon_meta'
[0.311s] Level 1:colcon.colcon_core.package_identification:_identify(maps) by extensions ['ros']
[0.311s] Level 1:colcon.colcon_core.package_identification:_identify(maps) by extension 'ros'
[0.311s] Level 1:colcon.colcon_core.package_identification:_identify(maps) by extensions ['cmake', 'python']
[0.311s] Level 1:colcon.colcon_core.package_identification:_identify(maps) by extension 'cmake'
[0.311s] Level 1:colcon.colcon_core.package_identification:_identify(maps) by extension 'python'
[0.311s] Level 1:colcon.colcon_core.package_identification:_identify(maps) by extensions ['python_setup_py']
[0.311s] Level 1:colcon.colcon_core.package_identification:_identify(maps) by extension 'python_setup_py'
[0.311s] Level 1:colcon.colcon_core.package_identification:_identify(src) by extensions ['ignore', 'ignore_ament_install']
[0.311s] Level 1:colcon.colcon_core.package_identification:_identify(src) by extension 'ignore'
[0.311s] Level 1:colcon.colcon_core.package_identification:_identify(src) by extension 'ignore_ament_install'
[0.311s] Level 1:colcon.colcon_core.package_identification:_identify(src) by extensions ['colcon_pkg']
[0.311s] Level 1:colcon.colcon_core.package_identification:_identify(src) by extension 'colcon_pkg'
[0.312s] Level 1:colcon.colcon_core.package_identification:_identify(src) by extensions ['colcon_meta']
[0.312s] Level 1:colcon.colcon_core.package_identification:_identify(src) by extension 'colcon_meta'
[0.312s] Level 1:colcon.colcon_core.package_identification:_identify(src) by extensions ['ros']
[0.312s] Level 1:colcon.colcon_core.package_identification:_identify(src) by extension 'ros'
[0.312s] Level 1:colcon.colcon_core.package_identification:_identify(src) by extensions ['cmake', 'python']
[0.312s] Level 1:colcon.colcon_core.package_identification:_identify(src) by extension 'cmake'
[0.312s] Level 1:colcon.colcon_core.package_identification:_identify(src) by extension 'python'
[0.312s] Level 1:colcon.colcon_core.package_identification:_identify(src) by extensions ['python_setup_py']
[0.312s] Level 1:colcon.colcon_core.package_identification:_identify(src) by extension 'python_setup_py'
[0.312s] Level 1:colcon.colcon_core.package_identification:_identify(src/sllidar_ros2) by extensions ['ignore', 'ignore_ament_install']
[0.312s] Level 1:colcon.colcon_core.package_identification:_identify(src/sllidar_ros2) by extension 'ignore'
[0.312s] Level 1:colcon.colcon_core.package_identification:_identify(src/sllidar_ros2) by extension 'ignore_ament_install'
[0.312s] Level 1:colcon.colcon_core.package_identification:_identify(src/sllidar_ros2) by extensions ['colcon_pkg']
[0.312s] Level 1:colcon.colcon_core.package_identification:_identify(src/sllidar_ros2) by extension 'colcon_pkg'
[0.312s] Level 1:colcon.colcon_core.package_identification:_identify(src/sllidar_ros2) by extensions ['colcon_meta']
[0.312s] Level 1:colcon.colcon_core.package_identification:_identify(src/sllidar_ros2) by extension 'colcon_meta'
[0.312s] Level 1:colcon.colcon_core.package_identification:_identify(src/sllidar_ros2) by extensions ['ros']
[0.312s] Level 1:colcon.colcon_core.package_identification:_identify(src/sllidar_ros2) by extension 'ros'
[0.316s] DEBUG:colcon.colcon_core.package_identification:Package 'src/sllidar_ros2' with type 'ros.ament_cmake' and name 'sllidar_ros2'
[0.316s] Level 1:colcon.colcon_core.package_identification:_identify(src/sweepi_api_bridge) by extensions ['ignore', 'ignore_ament_install']
[0.316s] Level 1:colcon.colcon_core.package_identification:_identify(src/sweepi_api_bridge) by extension 'ignore'
[0.316s] Level 1:colcon.colcon_core.package_identification:_identify(src/sweepi_api_bridge) by extension 'ignore_ament_install'
[0.316s] Level 1:colcon.colcon_core.package_identification:_identify(src/sweepi_api_bridge) by extensions ['colcon_pkg']
[0.316s] Level 1:colcon.colcon_core.package_identification:_identify(src/sweepi_api_bridge) by extension 'colcon_pkg'
[0.316s] Level 1:colcon.colcon_core.package_identification:_identify(src/sweepi_api_bridge) by extensions ['colcon_meta']
[0.316s] Level 1:colcon.colcon_core.package_identification:_identify(src/sweepi_api_bridge) by extension 'colcon_meta'
[0.316s] Level 1:colcon.colcon_core.package_identification:_identify(src/sweepi_api_bridge) by extensions ['ros']
[0.316s] Level 1:colcon.colcon_core.package_identification:_identify(src/sweepi_api_bridge) by extension 'ros'
[0.317s] DEBUG:colcon.colcon_core.package_identification:Package 'src/sweepi_api_bridge' with type 'ros.ament_python' and name 'sweepi_api_bridge'
[0.318s] Level 1:colcon.colcon_core.package_identification:_identify(src/sweepi_base_driver) by extensions ['ignore', 'ignore_ament_install']
[0.318s] Level 1:colcon.colcon_core.package_identification:_identify(src/sweepi_base_driver) by extension 'ignore'
[0.318s] Level 1:colcon.colcon_core.package_identification:_identify(src/sweepi_base_driver) by extension 'ignore_ament_install'
[0.318s] Level 1:colcon.colcon_core.package_identification:_identify(src/sweepi_base_driver) by extensions ['colcon_pkg']
[0.318s] Level 1:colcon.colcon_core.package_identification:_identify(src/sweepi_base_driver) by extension 'colcon_pkg'
[0.318s] Level 1:colcon.colcon_core.package_identification:_identify(src/sweepi_base_driver) by extensions ['colcon_meta']
[0.318s] Level 1:colcon.colcon_core.package_identification:_identify(src/sweepi_base_driver) by extension 'colcon_meta'
[0.318s] Level 1:colcon.colcon_core.package_identification:_identify(src/sweepi_base_driver) by extensions ['ros']
[0.318s] Level 1:colcon.colcon_core.package_identification:_identify(src/sweepi_base_driver) by extension 'ros'
[0.319s] DEBUG:colcon.colcon_core.package_identification:Package 'src/sweepi_base_driver' with type 'ros.ament_python' and name 'sweepi_base_driver'
[0.319s] Level 1:colcon.colcon_core.package_identification:_identify(src/sweepi_bringup) by extensions ['ignore', 'ignore_ament_install']
[0.319s] Level 1:colcon.colcon_core.package_identification:_identify(src/sweepi_bringup) by extension 'ignore'
[0.319s] Level 1:colcon.colcon_core.package_identification:_identify(src/sweepi_bringup) by extension 'ignore_ament_install'
[0.319s] Level 1:colcon.colcon_core.package_identification:_identify(src/sweepi_bringup) by extensions ['colcon_pkg']
[0.319s] Level 1:colcon.colcon_core.package_identification:_identify(src/sweepi_bringup) by extension 'colcon_pkg'
[0.319s] Level 1:colcon.colcon_core.package_identification:_identify(src/sweepi_bringup) by extensions ['colcon_meta']
[0.319s] Level 1:colcon.colcon_core.package_identification:_identify(src/sweepi_bringup) by extension 'colcon_meta'
[0.319s] Level 1:colcon.colcon_core.package_identification:_identify(src/sweepi_bringup) by extensions ['ros']
[0.320s] Level 1:colcon.colcon_core.package_identification:_identify(src/sweepi_bringup) by extension 'ros'
[0.322s] DEBUG:colcon.colcon_core.package_identification:Package 'src/sweepi_bringup' with type 'ros.ament_cmake' and name 'sweepi_bringup'
[0.323s] Level 1:colcon.colcon_core.package_identification:_identify(src/sweepi_coverage) by extensions ['ignore', 'ignore_ament_install']
[0.323s] Level 1:colcon.colcon_core.package_identification:_identify(src/sweepi_coverage) by extension 'ignore'
[0.323s] Level 1:colcon.colcon_core.package_identification:_identify(src/sweepi_coverage) by extension 'ignore_ament_install'
[0.323s] Level 1:colcon.colcon_core.package_identification:_identify(src/sweepi_coverage) by extensions ['colcon_pkg']
[0.323s] Level 1:colcon.colcon_core.package_identification:_identify(src/sweepi_coverage) by extension 'colcon_pkg'
[0.323s] Level 1:colcon.colcon_core.package_identification:_identify(src/sweepi_coverage) by extensions ['colcon_meta']
[0.323s] Level 1:colcon.colcon_core.package_identification:_identify(src/sweepi_coverage) by extension 'colcon_meta'
[0.323s] Level 1:colcon.colcon_core.package_identification:_identify(src/sweepi_coverage) by extensions ['ros']
[0.323s] Level 1:colcon.colcon_core.package_identification:_identify(src/sweepi_coverage) by extension 'ros'
[0.324s] DEBUG:colcon.colcon_core.package_identification:Package 'src/sweepi_coverage' with type 'ros.ament_cmake' and name 'sweepi_coverage'
[0.324s] Level 1:colcon.colcon_core.package_identification:_identify(src/sweepi_description) by extensions ['ignore', 'ignore_ament_install']
[0.325s] Level 1:colcon.colcon_core.package_identification:_identify(src/sweepi_description) by extension 'ignore'
[0.325s] Level 1:colcon.colcon_core.package_identification:_identify(src/sweepi_description) by extension 'ignore_ament_install'
[0.325s] Level 1:colcon.colcon_core.package_identification:_identify(src/sweepi_description) by extensions ['colcon_pkg']
[0.325s] Level 1:colcon.colcon_core.package_identification:_identify(src/sweepi_description) by extension 'colcon_pkg'
[0.325s] Level 1:colcon.colcon_core.package_identification:_identify(src/sweepi_description) by extensions ['colcon_meta']
[0.325s] Level 1:colcon.colcon_core.package_identification:_identify(src/sweepi_description) by extension 'colcon_meta'
[0.325s] Level 1:colcon.colcon_core.package_identification:_identify(src/sweepi_description) by extensions ['ros']
[0.325s] Level 1:colcon.colcon_core.package_identification:_identify(src/sweepi_description) by extension 'ros'
[0.325s] DEBUG:colcon.colcon_core.package_identification:Package 'src/sweepi_description' with type 'ros.ament_cmake' and name 'sweepi_description'
[0.326s] Level 1:colcon.colcon_core.package_identification:_identify(src/sweepi_exploration) by extensions ['ignore', 'ignore_ament_install']
[0.326s] Level 1:colcon.colcon_core.package_identification:_identify(src/sweepi_exploration) by extension 'ignore'
[0.326s] Level 1:colcon.colcon_core.package_identification:_identify(src/sweepi_exploration) by extension 'ignore_ament_install'
[0.326s] Level 1:colcon.colcon_core.package_identification:_identify(src/sweepi_exploration) by extensions ['colcon_pkg']
[0.326s] Level 1:colcon.colcon_core.package_identification:_identify(src/sweepi_exploration) by extension 'colcon_pkg'
[0.326s] Level 1:colcon.colcon_core.package_identification:_identify(src/sweepi_exploration) by extensions ['colcon_meta']
[0.326s] Level 1:colcon.colcon_core.package_identification:_identify(src/sweepi_exploration) by extension 'colcon_meta'
[0.326s] Level 1:colcon.colcon_core.package_identification:_identify(src/sweepi_exploration) by extensions ['ros']
[0.326s] Level 1:colcon.colcon_core.package_identification:_identify(src/sweepi_exploration) by extension 'ros'
[0.327s] DEBUG:colcon.colcon_core.package_identification:Package 'src/sweepi_exploration' with type 'ros.ament_cmake' and name 'sweepi_exploration'
[0.327s] Level 1:colcon.colcon_core.package_identification:_identify(src/sweepi_real_bringup) by extensions ['ignore', 'ignore_ament_install']
[0.327s] Level 1:colcon.colcon_core.package_identification:_identify(src/sweepi_real_bringup) by extension 'ignore'
[0.328s] Level 1:colcon.colcon_core.package_identification:_identify(src/sweepi_real_bringup) by extension 'ignore_ament_install'
[0.328s] Level 1:colcon.colcon_core.package_identification:_identify(src/sweepi_real_bringup) by extensions ['colcon_pkg']
[0.328s] Level 1:colcon.colcon_core.package_identification:_identify(src/sweepi_real_bringup) by extension 'colcon_pkg'
[0.328s] Level 1:colcon.colcon_core.package_identification:_identify(src/sweepi_real_bringup) by extensions ['colcon_meta']
[0.328s] Level 1:colcon.colcon_core.package_identification:_identify(src/sweepi_real_bringup) by extension 'colcon_meta'
[0.328s] Level 1:colcon.colcon_core.package_identification:_identify(src/sweepi_real_bringup) by extensions ['ros']
[0.328s] Level 1:colcon.colcon_core.package_identification:_identify(src/sweepi_real_bringup) by extension 'ros'
[0.328s] DEBUG:colcon.colcon_core.package_identification:Package 'src/sweepi_real_bringup' with type 'ros.ament_cmake' and name 'sweepi_real_bringup'
[0.328s] Level 1:colcon.colcon_core.package_identification:_identify(src/sweepi_robot_manager) by extensions ['ignore', 'ignore_ament_install']
[0.329s] Level 1:colcon.colcon_core.package_identification:_identify(src/sweepi_robot_manager) by extension 'ignore'
[0.329s] Level 1:colcon.colcon_core.package_identification:_identify(src/sweepi_robot_manager) by extension 'ignore_ament_install'
[0.329s] Level 1:colcon.colcon_core.package_identification:_identify(src/sweepi_robot_manager) by extensions ['colcon_pkg']
[0.329s] Level 1:colcon.colcon_core.package_identification:_identify(src/sweepi_robot_manager) by extension 'colcon_pkg'
[0.329s] Level 1:colcon.colcon_core.package_identification:_identify(src/sweepi_robot_manager) by extensions ['colcon_meta']
[0.329s] Level 1:colcon.colcon_core.package_identification:_identify(src/sweepi_robot_manager) by extension 'colcon_meta'
[0.329s] Level 1:colcon.colcon_core.package_identification:_identify(src/sweepi_robot_manager) by extensions ['ros']
[0.329s] Level 1:colcon.colcon_core.package_identification:_identify(src/sweepi_robot_manager) by extension 'ros'
[0.330s] DEBUG:colcon.colcon_core.package_identification:Package 'src/sweepi_robot_manager' with type 'ros.ament_cmake' and name 'sweepi_robot_manager'
[0.330s] Level 1:colcon.colcon_core.package_identification:_identify(src/sweepi_robot_manager_interfaces) by extensions ['ignore', 'ignore_ament_install']
[0.330s] Level 1:colcon.colcon_core.package_identification:_identify(src/sweepi_robot_manager_interfaces) by extension 'ignore'
[0.330s] Level 1:colcon.colcon_core.package_identification:_identify(src/sweepi_robot_manager_interfaces) by extension 'ignore_ament_install'
[0.330s] Level 1:colcon.colcon_core.package_identification:_identify(src/sweepi_robot_manager_interfaces) by extensions ['colcon_pkg']
[0.330s] Level 1:colcon.colcon_core.package_identification:_identify(src/sweepi_robot_manager_interfaces) by extension 'colcon_pkg'
[0.330s] Level 1:colcon.colcon_core.package_identification:_identify(src/sweepi_robot_manager_interfaces) by extensions ['colcon_meta']
[0.331s] Level 1:colcon.colcon_core.package_identification:_identify(src/sweepi_robot_manager_interfaces) by extension 'colcon_meta'
[0.331s] Level 1:colcon.colcon_core.package_identification:_identify(src/sweepi_robot_manager_interfaces) by extensions ['ros']
[0.331s] Level 1:colcon.colcon_core.package_identification:_identify(src/sweepi_robot_manager_interfaces) by extension 'ros'
[0.331s] DEBUG:colcon.colcon_core.package_identification:Package 'src/sweepi_robot_manager_interfaces' with type 'ros.ament_cmake' and name 'sweepi_robot_manager_interfaces'
[0.331s] Level 1:colcon.colcon_core.package_identification:_identify(src/sweepi_slam) by extensions ['ignore', 'ignore_ament_install']
[0.331s] Level 1:colcon.colcon_core.package_identification:_identify(src/sweepi_slam) by extension 'ignore'
[0.331s] Level 1:colcon.colcon_core.package_identification:_identify(src/sweepi_slam) by extension 'ignore_ament_install'
[0.331s] Level 1:colcon.colcon_core.package_identification:_identify(src/sweepi_slam) by extensions ['colcon_pkg']
[0.331s] Level 1:colcon.colcon_core.package_identification:_identify(src/sweepi_slam) by extension 'colcon_pkg'
[0.332s] Level 1:colcon.colcon_core.package_identification:_identify(src/sweepi_slam) by extensions ['colcon_meta']
[0.332s] Level 1:colcon.colcon_core.package_identification:_identify(src/sweepi_slam) by extension 'colcon_meta'
[0.332s] Level 1:colcon.colcon_core.package_identification:_identify(src/sweepi_slam) by extensions ['ros']
[0.332s] Level 1:colcon.colcon_core.package_identification:_identify(src/sweepi_slam) by extension 'ros'
[0.333s] DEBUG:colcon.colcon_core.package_identification:Package 'src/sweepi_slam' with type 'ros.ament_cmake' and name 'sweepi_slam'
[0.333s] Level 1:colcon.colcon_core.package_identification:_identify(src/sweepi_state_estimation) by extensions ['ignore', 'ignore_ament_install']
[0.333s] Level 1:colcon.colcon_core.package_identification:_identify(src/sweepi_state_estimation) by extension 'ignore'
[0.333s] Level 1:colcon.colcon_core.package_identification:_identify(src/sweepi_state_estimation) by extension 'ignore_ament_install'
[0.333s] Level 1:colcon.colcon_core.package_identification:_identify(src/sweepi_state_estimation) by extensions ['colcon_pkg']
[0.333s] Level 1:colcon.colcon_core.package_identification:_identify(src/sweepi_state_estimation) by extension 'colcon_pkg'
[0.333s] Level 1:colcon.colcon_core.package_identification:_identify(src/sweepi_state_estimation) by extensions ['colcon_meta']
[0.333s] Level 1:colcon.colcon_core.package_identification:_identify(src/sweepi_state_estimation) by extension 'colcon_meta'
[0.333s] Level 1:colcon.colcon_core.package_identification:_identify(src/sweepi_state_estimation) by extensions ['ros']
[0.333s] Level 1:colcon.colcon_core.package_identification:_identify(src/sweepi_state_estimation) by extension 'ros'
[0.334s] DEBUG:colcon.colcon_core.package_identification:Package 'src/sweepi_state_estimation' with type 'ros.ament_cmake' and name 'sweepi_state_estimation'
[0.334s] Level 1:colcon.colcon_core.package_identification:_identify(src/sweepi_temp_rpi_hardware) by extensions ['ignore', 'ignore_ament_install']
[0.334s] Level 1:colcon.colcon_core.package_identification:_identify(src/sweepi_temp_rpi_hardware) by extension 'ignore'
[0.334s] Level 1:colcon.colcon_core.package_identification:_identify(src/sweepi_temp_rpi_hardware) by extension 'ignore_ament_install'
[0.334s] Level 1:colcon.colcon_core.package_identification:_identify(src/sweepi_temp_rpi_hardware) by extensions ['colcon_pkg']
[0.334s] Level 1:colcon.colcon_core.package_identification:_identify(src/sweepi_temp_rpi_hardware) by extension 'colcon_pkg'
[0.334s] Level 1:colcon.colcon_core.package_identification:_identify(src/sweepi_temp_rpi_hardware) by extensions ['colcon_meta']
[0.334s] Level 1:colcon.colcon_core.package_identification:_identify(src/sweepi_temp_rpi_hardware) by extension 'colcon_meta'
[0.334s] Level 1:colcon.colcon_core.package_identification:_identify(src/sweepi_temp_rpi_hardware) by extensions ['ros']
[0.334s] Level 1:colcon.colcon_core.package_identification:_identify(src/sweepi_temp_rpi_hardware) by extension 'ros'
[0.336s] DEBUG:colcon.colcon_core.package_identification:Package 'src/sweepi_temp_rpi_hardware' with type 'ros.ament_python' and name 'sweepi_temp_rpi_hardware'
[0.336s] Level 1:colcon.colcon_core.package_discovery:discover_packages(recursive) using defaults
[0.336s] Level 1:colcon.colcon_core.package_discovery:discover_packages(ignore) discover
[0.336s] Level 1:colcon.colcon_core.package_discovery:discover_packages(ignore) using defaults
[0.336s] Level 1:colcon.colcon_core.package_discovery:discover_packages(path) discover
[0.336s] Level 1:colcon.colcon_core.package_discovery:discover_packages(path) using defaults
[0.368s] Level 1:colcon.colcon_core.package_discovery:discover_packages(prefix_path) check parameters
[0.368s] Level 1:colcon.colcon_core.package_discovery:discover_packages(prefix_path) discover
[0.371s] DEBUG:colcon.colcon_installed_package_information.package_discovery:Found 13 installed packages in /home/sweepi/SweePi/install
[0.373s] DEBUG:colcon.colcon_installed_package_information.package_discovery:Found 395 installed packages in /opt/ros/jazzy
[0.375s] Level 1:colcon.colcon_core.package_discovery:discover_packages(prefix_path) using defaults
[0.453s] Level 5:colcon.colcon_core.verb:set package 'sllidar_ros2' build argument 'cmake_args' from command line to 'None'
[0.453s] Level 5:colcon.colcon_core.verb:set package 'sllidar_ros2' build argument 'cmake_target' from command line to 'None'
[0.453s] Level 5:colcon.colcon_core.verb:set package 'sllidar_ros2' build argument 'cmake_target_skip_unavailable' from command line to 'False'
[0.453s] Level 5:colcon.colcon_core.verb:set package 'sllidar_ros2' build argument 'cmake_clean_cache' from command line to 'False'
[0.453s] Level 5:colcon.colcon_core.verb:set package 'sllidar_ros2' build argument 'cmake_clean_first' from command line to 'False'
[0.453s] Level 5:colcon.colcon_core.verb:set package 'sllidar_ros2' build argument 'cmake_force_configure' from command line to 'False'
[0.453s] Level 5:colcon.colcon_core.verb:set package 'sllidar_ros2' build argument 'ament_cmake_args' from command line to 'None'
[0.453s] Level 5:colcon.colcon_core.verb:set package 'sllidar_ros2' build argument 'catkin_cmake_args' from command line to 'None'
[0.453s] Level 5:colcon.colcon_core.verb:set package 'sllidar_ros2' build argument 'catkin_skip_building_tests' from command line to 'False'
[0.453s] DEBUG:colcon.colcon_core.verb:Building package 'sllidar_ros2' with the following arguments: {'ament_cmake_args': None, 'build_base': '/home/sweepi/SweePi/build_diagnostic/sllidar_ros2', 'catkin_cmake_args': None, 'catkin_skip_building_tests': False, 'cmake_args': None, 'cmake_clean_cache': False, 'cmake_clean_first': False, 'cmake_force_configure': False, 'cmake_target': None, 'cmake_target_skip_unavailable': False, 'install_base': '/home/sweepi/SweePi/install_diagnostic/sllidar_ros2', 'merge_install': False, 'path': '/home/sweepi/SweePi/src/sllidar_ros2', 'symlink_install': True, 'test_result_base': None}
[0.454s] Level 5:colcon.colcon_core.verb:set package 'sweepi_base_driver' build argument 'cmake_args' from command line to 'None'
[0.454s] Level 5:colcon.colcon_core.verb:set package 'sweepi_base_driver' build argument 'cmake_target' from command line to 'None'
[0.454s] Level 5:colcon.colcon_core.verb:set package 'sweepi_base_driver' build argument 'cmake_target_skip_unavailable' from command line to 'False'
[0.454s] Level 5:colcon.colcon_core.verb:set package 'sweepi_base_driver' build argument 'cmake_clean_cache' from command line to 'False'
[0.454s] Level 5:colcon.colcon_core.verb:set package 'sweepi_base_driver' build argument 'cmake_clean_first' from command line to 'False'
[0.454s] Level 5:colcon.colcon_core.verb:set package 'sweepi_base_driver' build argument 'cmake_force_configure' from command line to 'False'
[0.454s] Level 5:colcon.colcon_core.verb:set package 'sweepi_base_driver' build argument 'ament_cmake_args' from command line to 'None'
[0.454s] Level 5:colcon.colcon_core.verb:set package 'sweepi_base_driver' build argument 'catkin_cmake_args' from command line to 'None'
[0.454s] Level 5:colcon.colcon_core.verb:set package 'sweepi_base_driver' build argument 'catkin_skip_building_tests' from command line to 'False'
[0.454s] DEBUG:colcon.colcon_core.verb:Building package 'sweepi_base_driver' with the following arguments: {'ament_cmake_args': None, 'build_base': '/home/sweepi/SweePi/build_diagnostic/sweepi_base_driver', 'catkin_cmake_args': None, 'catkin_skip_building_tests': False, 'cmake_args': None, 'cmake_clean_cache': False, 'cmake_clean_first': False, 'cmake_force_configure': False, 'cmake_target': None, 'cmake_target_skip_unavailable': False, 'install_base': '/home/sweepi/SweePi/install_diagnostic/sweepi_base_driver', 'merge_install': False, 'path': '/home/sweepi/SweePi/src/sweepi_base_driver', 'symlink_install': True, 'test_result_base': None}
[0.454s] Level 5:colcon.colcon_core.verb:set package 'sweepi_coverage' build argument 'cmake_args' from command line to 'None'
[0.454s] Level 5:colcon.colcon_core.verb:set package 'sweepi_coverage' build argument 'cmake_target' from command line to 'None'
[0.454s] Level 5:colcon.colcon_core.verb:set package 'sweepi_coverage' build argument 'cmake_target_skip_unavailable' from command line to 'False'
[0.454s] Level 5:colcon.colcon_core.verb:set package 'sweepi_coverage' build argument 'cmake_clean_cache' from command line to 'False'
[0.455s] Level 5:colcon.colcon_core.verb:set package 'sweepi_coverage' build argument 'cmake_clean_first' from command line to 'False'
[0.455s] Level 5:colcon.colcon_core.verb:set package 'sweepi_coverage' build argument 'cmake_force_configure' from command line to 'False'
[0.455s] Level 5:colcon.colcon_core.verb:set package 'sweepi_coverage' build argument 'ament_cmake_args' from command line to 'None'
[0.455s] Level 5:colcon.colcon_core.verb:set package 'sweepi_coverage' build argument 'catkin_cmake_args' from command line to 'None'
[0.455s] Level 5:colcon.colcon_core.verb:set package 'sweepi_coverage' build argument 'catkin_skip_building_tests' from command line to 'False'
[0.455s] DEBUG:colcon.colcon_core.verb:Building package 'sweepi_coverage' with the following arguments: {'ament_cmake_args': None, 'build_base': '/home/sweepi/SweePi/build_diagnostic/sweepi_coverage', 'catkin_cmake_args': None, 'catkin_skip_building_tests': False, 'cmake_args': None, 'cmake_clean_cache': False, 'cmake_clean_first': False, 'cmake_force_configure': False, 'cmake_target': None, 'cmake_target_skip_unavailable': False, 'install_base': '/home/sweepi/SweePi/install_diagnostic/sweepi_coverage', 'merge_install': False, 'path': '/home/sweepi/SweePi/src/sweepi_coverage', 'symlink_install': True, 'test_result_base': None}
[0.455s] Level 5:colcon.colcon_core.verb:set package 'sweepi_description' build argument 'cmake_args' from command line to 'None'
[0.455s] Level 5:colcon.colcon_core.verb:set package 'sweepi_description' build argument 'cmake_target' from command line to 'None'
[0.455s] Level 5:colcon.colcon_core.verb:set package 'sweepi_description' build argument 'cmake_target_skip_unavailable' from command line to 'False'
[0.455s] Level 5:colcon.colcon_core.verb:set package 'sweepi_description' build argument 'cmake_clean_cache' from command line to 'False'
[0.455s] Level 5:colcon.colcon_core.verb:set package 'sweepi_description' build argument 'cmake_clean_first' from command line to 'False'
[0.455s] Level 5:colcon.colcon_core.verb:set package 'sweepi_description' build argument 'cmake_force_configure' from command line to 'False'
[0.455s] Level 5:colcon.colcon_core.verb:set package 'sweepi_description' build argument 'ament_cmake_args' from command line to 'None'
[0.455s] Level 5:colcon.colcon_core.verb:set package 'sweepi_description' build argument 'catkin_cmake_args' from command line to 'None'
[0.455s] Level 5:colcon.colcon_core.verb:set package 'sweepi_description' build argument 'catkin_skip_building_tests' from command line to 'False'
[0.455s] DEBUG:colcon.colcon_core.verb:Building package 'sweepi_description' with the following arguments: {'ament_cmake_args': None, 'build_base': '/home/sweepi/SweePi/build_diagnostic/sweepi_description', 'catkin_cmake_args': None, 'catkin_skip_building_tests': False, 'cmake_args': None, 'cmake_clean_cache': False, 'cmake_clean_first': False, 'cmake_force_configure': False, 'cmake_target': None, 'cmake_target_skip_unavailable': False, 'install_base': '/home/sweepi/SweePi/install_diagnostic/sweepi_description', 'merge_install': False, 'path': '/home/sweepi/SweePi/src/sweepi_description', 'symlink_install': True, 'test_result_base': None}
[0.456s] Level 5:colcon.colcon_core.verb:set package 'sweepi_robot_manager_interfaces' build argument 'cmake_args' from command line to 'None'
[0.456s] Level 5:colcon.colcon_core.verb:set package 'sweepi_robot_manager_interfaces' build argument 'cmake_target' from command line to 'None'
[0.456s] Level 5:colcon.colcon_core.verb:set package 'sweepi_robot_manager_interfaces' build argument 'cmake_target_skip_unavailable' from command line to 'False'
[0.456s] Level 5:colcon.colcon_core.verb:set package 'sweepi_robot_manager_interfaces' build argument 'cmake_clean_cache' from command line to 'False'
[0.456s] Level 5:colcon.colcon_core.verb:set package 'sweepi_robot_manager_interfaces' build argument 'cmake_clean_first' from command line to 'False'
[0.456s] Level 5:colcon.colcon_core.verb:set package 'sweepi_robot_manager_interfaces' build argument 'cmake_force_configure' from command line to 'False'
[0.456s] Level 5:colcon.colcon_core.verb:set package 'sweepi_robot_manager_interfaces' build argument 'ament_cmake_args' from command line to 'None'
[0.456s] Level 5:colcon.colcon_core.verb:set package 'sweepi_robot_manager_interfaces' build argument 'catkin_cmake_args' from command line to 'None'
[0.456s] Level 5:colcon.colcon_core.verb:set package 'sweepi_robot_manager_interfaces' build argument 'catkin_skip_building_tests' from command line to 'False'
[0.456s] DEBUG:colcon.colcon_core.verb:Building package 'sweepi_robot_manager_interfaces' with the following arguments: {'ament_cmake_args': None, 'build_base': '/home/sweepi/SweePi/build_diagnostic/sweepi_robot_manager_interfaces', 'catkin_cmake_args': None, 'catkin_skip_building_tests': False, 'cmake_args': None, 'cmake_clean_cache': False, 'cmake_clean_first': False, 'cmake_force_configure': False, 'cmake_target': None, 'cmake_target_skip_unavailable': False, 'install_base': '/home/sweepi/SweePi/install_diagnostic/sweepi_robot_manager_interfaces', 'merge_install': False, 'path': '/home/sweepi/SweePi/src/sweepi_robot_manager_interfaces', 'symlink_install': True, 'test_result_base': None}
[0.456s] Level 5:colcon.colcon_core.verb:set package 'sweepi_slam' build argument 'cmake_args' from command line to 'None'
[0.456s] Level 5:colcon.colcon_core.verb:set package 'sweepi_slam' build argument 'cmake_target' from command line to 'None'
[0.456s] Level 5:colcon.colcon_core.verb:set package 'sweepi_slam' build argument 'cmake_target_skip_unavailable' from command line to 'False'
[0.456s] Level 5:colcon.colcon_core.verb:set package 'sweepi_slam' build argument 'cmake_clean_cache' from command line to 'False'
[0.456s] Level 5:colcon.colcon_core.verb:set package 'sweepi_slam' build argument 'cmake_clean_first' from command line to 'False'
[0.456s] Level 5:colcon.colcon_core.verb:set package 'sweepi_slam' build argument 'cmake_force_configure' from command line to 'False'
[0.456s] Level 5:colcon.colcon_core.verb:set package 'sweepi_slam' build argument 'ament_cmake_args' from command line to 'None'
[0.456s] Level 5:colcon.colcon_core.verb:set package 'sweepi_slam' build argument 'catkin_cmake_args' from command line to 'None'
[0.456s] Level 5:colcon.colcon_core.verb:set package 'sweepi_slam' build argument 'catkin_skip_building_tests' from command line to 'False'
[0.456s] DEBUG:colcon.colcon_core.verb:Building package 'sweepi_slam' with the following arguments: {'ament_cmake_args': None, 'build_base': '/home/sweepi/SweePi/build_diagnostic/sweepi_slam', 'catkin_cmake_args': None, 'catkin_skip_building_tests': False, 'cmake_args': None, 'cmake_clean_cache': False, 'cmake_clean_first': False, 'cmake_force_configure': False, 'cmake_target': None, 'cmake_target_skip_unavailable': False, 'install_base': '/home/sweepi/SweePi/install_diagnostic/sweepi_slam', 'merge_install': False, 'path': '/home/sweepi/SweePi/src/sweepi_slam', 'symlink_install': True, 'test_result_base': None}
[0.457s] Level 5:colcon.colcon_core.verb:set package 'sweepi_state_estimation' build argument 'cmake_args' from command line to 'None'
[0.457s] Level 5:colcon.colcon_core.verb:set package 'sweepi_state_estimation' build argument 'cmake_target' from command line to 'None'
[0.457s] Level 5:colcon.colcon_core.verb:set package 'sweepi_state_estimation' build argument 'cmake_target_skip_unavailable' from command line to 'False'
[0.457s] Level 5:colcon.colcon_core.verb:set package 'sweepi_state_estimation' build argument 'cmake_clean_cache' from command line to 'False'
[0.457s] Level 5:colcon.colcon_core.verb:set package 'sweepi_state_estimation' build argument 'cmake_clean_first' from command line to 'False'
[0.457s] Level 5:colcon.colcon_core.verb:set package 'sweepi_state_estimation' build argument 'cmake_force_configure' from command line to 'False'
[0.457s] Level 5:colcon.colcon_core.verb:set package 'sweepi_state_estimation' build argument 'ament_cmake_args' from command line to 'None'
[0.457s] Level 5:colcon.colcon_core.verb:set package 'sweepi_state_estimation' build argument 'catkin_cmake_args' from command line to 'None'
[0.457s] Level 5:colcon.colcon_core.verb:set package 'sweepi_state_estimation' build argument 'catkin_skip_building_tests' from command line to 'False'
[0.457s] DEBUG:colcon.colcon_core.verb:Building package 'sweepi_state_estimation' with the following arguments: {'ament_cmake_args': None, 'build_base': '/home/sweepi/SweePi/build_diagnostic/sweepi_state_estimation', 'catkin_cmake_args': None, 'catkin_skip_building_tests': False, 'cmake_args': None, 'cmake_clean_cache': False, 'cmake_clean_first': False, 'cmake_force_configure': False, 'cmake_target': None, 'cmake_target_skip_unavailable': False, 'install_base': '/home/sweepi/SweePi/install_diagnostic/sweepi_state_estimation', 'merge_install': False, 'path': '/home/sweepi/SweePi/src/sweepi_state_estimation', 'symlink_install': True, 'test_result_base': None}
[0.457s] Level 5:colcon.colcon_core.verb:set package 'sweepi_temp_rpi_hardware' build argument 'cmake_args' from command line to 'None'
[0.457s] Level 5:colcon.colcon_core.verb:set package 'sweepi_temp_rpi_hardware' build argument 'cmake_target' from command line to 'None'
[0.457s] Level 5:colcon.colcon_core.verb:set package 'sweepi_temp_rpi_hardware' build argument 'cmake_target_skip_unavailable' from command line to 'False'
[0.457s] Level 5:colcon.colcon_core.verb:set package 'sweepi_temp_rpi_hardware' build argument 'cmake_clean_cache' from command line to 'False'
[0.457s] Level 5:colcon.colcon_core.verb:set package 'sweepi_temp_rpi_hardware' build argument 'cmake_clean_first' from command line to 'False'
[0.457s] Level 5:colcon.colcon_core.verb:set package 'sweepi_temp_rpi_hardware' build argument 'cmake_force_configure' from command line to 'False'
[0.457s] Level 5:colcon.colcon_core.verb:set package 'sweepi_temp_rpi_hardware' build argument 'ament_cmake_args' from command line to 'None'
[0.457s] Level 5:colcon.colcon_core.verb:set package 'sweepi_temp_rpi_hardware' build argument 'catkin_cmake_args' from command line to 'None'
[0.457s] Level 5:colcon.colcon_core.verb:set package 'sweepi_temp_rpi_hardware' build argument 'catkin_skip_building_tests' from command line to 'False'
[0.457s] DEBUG:colcon.colcon_core.verb:Building package 'sweepi_temp_rpi_hardware' with the following arguments: {'ament_cmake_args': None, 'build_base': '/home/sweepi/SweePi/build_diagnostic/sweepi_temp_rpi_hardware', 'catkin_cmake_args': None, 'catkin_skip_building_tests': False, 'cmake_args': None, 'cmake_clean_cache': False, 'cmake_clean_first': False, 'cmake_force_configure': False, 'cmake_target': None, 'cmake_target_skip_unavailable': False, 'install_base': '/home/sweepi/SweePi/install_diagnostic/sweepi_temp_rpi_hardware', 'merge_install': False, 'path': '/home/sweepi/SweePi/src/sweepi_temp_rpi_hardware', 'symlink_install': True, 'test_result_base': None}
[0.458s] Level 5:colcon.colcon_core.verb:set package 'sweepi_api_bridge' build argument 'cmake_args' from command line to 'None'
[0.458s] Level 5:colcon.colcon_core.verb:set package 'sweepi_api_bridge' build argument 'cmake_target' from command line to 'None'
[0.458s] Level 5:colcon.colcon_core.verb:set package 'sweepi_api_bridge' build argument 'cmake_target_skip_unavailable' from command line to 'False'
[0.458s] Level 5:colcon.colcon_core.verb:set package 'sweepi_api_bridge' build argument 'cmake_clean_cache' from command line to 'False'
[0.458s] Level 5:colcon.colcon_core.verb:set package 'sweepi_api_bridge' build argument 'cmake_clean_first' from command line to 'False'
[0.458s] Level 5:colcon.colcon_core.verb:set package 'sweepi_api_bridge' build argument 'cmake_force_configure' from command line to 'False'
[0.458s] Level 5:colcon.colcon_core.verb:set package 'sweepi_api_bridge' build argument 'ament_cmake_args' from command line to 'None'
[0.458s] Level 5:colcon.colcon_core.verb:set package 'sweepi_api_bridge' build argument 'catkin_cmake_args' from command line to 'None'
[0.458s] Level 5:colcon.colcon_core.verb:set package 'sweepi_api_bridge' build argument 'catkin_skip_building_tests' from command line to 'False'
[0.458s] DEBUG:colcon.colcon_core.verb:Building package 'sweepi_api_bridge' with the following arguments: {'ament_cmake_args': None, 'build_base': '/home/sweepi/SweePi/build_diagnostic/sweepi_api_bridge', 'catkin_cmake_args': None, 'catkin_skip_building_tests': False, 'cmake_args': None, 'cmake_clean_cache': False, 'cmake_clean_first': False, 'cmake_force_configure': False, 'cmake_target': None, 'cmake_target_skip_unavailable': False, 'install_base': '/home/sweepi/SweePi/install_diagnostic/sweepi_api_bridge', 'merge_install': False, 'path': '/home/sweepi/SweePi/src/sweepi_api_bridge', 'symlink_install': True, 'test_result_base': None}
[0.458s] Level 5:colcon.colcon_core.verb:set package 'sweepi_bringup' build argument 'cmake_args' from command line to 'None'
[0.458s] Level 5:colcon.colcon_core.verb:set package 'sweepi_bringup' build argument 'cmake_target' from command line to 'None'
[0.458s] Level 5:colcon.colcon_core.verb:set package 'sweepi_bringup' build argument 'cmake_target_skip_unavailable' from command line to 'False'
[0.458s] Level 5:colcon.colcon_core.verb:set package 'sweepi_bringup' build argument 'cmake_clean_cache' from command line to 'False'
[0.458s] Level 5:colcon.colcon_core.verb:set package 'sweepi_bringup' build argument 'cmake_clean_first' from command line to 'False'
[0.458s] Level 5:colcon.colcon_core.verb:set package 'sweepi_bringup' build argument 'cmake_force_configure' from command line to 'False'
[0.458s] Level 5:colcon.colcon_core.verb:set package 'sweepi_bringup' build argument 'ament_cmake_args' from command line to 'None'
[0.458s] Level 5:colcon.colcon_core.verb:set package 'sweepi_bringup' build argument 'catkin_cmake_args' from command line to 'None'
[0.458s] Level 5:colcon.colcon_core.verb:set package 'sweepi_bringup' build argument 'catkin_skip_building_tests' from command line to 'False'
[0.459s] DEBUG:colcon.colcon_core.verb:Building package 'sweepi_bringup' with the following arguments: {'ament_cmake_args': None, 'build_base': '/home/sweepi/SweePi/build_diagnostic/sweepi_bringup', 'catkin_cmake_args': None, 'catkin_skip_building_tests': False, 'cmake_args': None, 'cmake_clean_cache': False, 'cmake_clean_first': False, 'cmake_force_configure': False, 'cmake_target': None, 'cmake_target_skip_unavailable': False, 'install_base': '/home/sweepi/SweePi/install_diagnostic/sweepi_bringup', 'merge_install': False, 'path': '/home/sweepi/SweePi/src/sweepi_bringup', 'symlink_install': True, 'test_result_base': None}
[0.459s] Level 5:colcon.colcon_core.verb:set package 'sweepi_exploration' build argument 'cmake_args' from command line to 'None'
[0.459s] Level 5:colcon.colcon_core.verb:set package 'sweepi_exploration' build argument 'cmake_target' from command line to 'None'
[0.459s] Level 5:colcon.colcon_core.verb:set package 'sweepi_exploration' build argument 'cmake_target_skip_unavailable' from command line to 'False'
[0.459s] Level 5:colcon.colcon_core.verb:set package 'sweepi_exploration' build argument 'cmake_clean_cache' from command line to 'False'
[0.459s] Level 5:colcon.colcon_core.verb:set package 'sweepi_exploration' build argument 'cmake_clean_first' from command line to 'False'
[0.459s] Level 5:colcon.colcon_core.verb:set package 'sweepi_exploration' build argument 'cmake_force_configure' from command line to 'False'
[0.459s] Level 5:colcon.colcon_core.verb:set package 'sweepi_exploration' build argument 'ament_cmake_args' from command line to 'None'
[0.459s] Level 5:colcon.colcon_core.verb:set package 'sweepi_exploration' build argument 'catkin_cmake_args' from command line to 'None'
[0.459s] Level 5:colcon.colcon_core.verb:set package 'sweepi_exploration' build argument 'catkin_skip_building_tests' from command line to 'False'
[0.459s] DEBUG:colcon.colcon_core.verb:Building package 'sweepi_exploration' with the following arguments: {'ament_cmake_args': None, 'build_base': '/home/sweepi/SweePi/build_diagnostic/sweepi_exploration', 'catkin_cmake_args': None, 'catkin_skip_building_tests': False, 'cmake_args': None, 'cmake_clean_cache': False, 'cmake_clean_first': False, 'cmake_force_configure': False, 'cmake_target': None, 'cmake_target_skip_unavailable': False, 'install_base': '/home/sweepi/SweePi/install_diagnostic/sweepi_exploration', 'merge_install': False, 'path': '/home/sweepi/SweePi/src/sweepi_exploration', 'symlink_install': True, 'test_result_base': None}
[0.459s] Level 5:colcon.colcon_core.verb:set package 'sweepi_real_bringup' build argument 'cmake_args' from command line to 'None'
[0.459s] Level 5:colcon.colcon_core.verb:set package 'sweepi_real_bringup' build argument 'cmake_target' from command line to 'None'
[0.459s] Level 5:colcon.colcon_core.verb:set package 'sweepi_real_bringup' build argument 'cmake_target_skip_unavailable' from command line to 'False'
[0.459s] Level 5:colcon.colcon_core.verb:set package 'sweepi_real_bringup' build argument 'cmake_clean_cache' from command line to 'False'
[0.459s] Level 5:colcon.colcon_core.verb:set package 'sweepi_real_bringup' build argument 'cmake_clean_first' from command line to 'False'
[0.459s] Level 5:colcon.colcon_core.verb:set package 'sweepi_real_bringup' build argument 'cmake_force_configure' from command line to 'False'
[0.460s] Level 5:colcon.colcon_core.verb:set package 'sweepi_real_bringup' build argument 'ament_cmake_args' from command line to 'None'
[0.460s] Level 5:colcon.colcon_core.verb:set package 'sweepi_real_bringup' build argument 'catkin_cmake_args' from command line to 'None'
[0.460s] Level 5:colcon.colcon_core.verb:set package 'sweepi_real_bringup' build argument 'catkin_skip_building_tests' from command line to 'False'
[0.460s] DEBUG:colcon.colcon_core.verb:Building package 'sweepi_real_bringup' with the following arguments: {'ament_cmake_args': None, 'build_base': '/home/sweepi/SweePi/build_diagnostic/sweepi_real_bringup', 'catkin_cmake_args': None, 'catkin_skip_building_tests': False, 'cmake_args': None, 'cmake_clean_cache': False, 'cmake_clean_first': False, 'cmake_force_configure': False, 'cmake_target': None, 'cmake_target_skip_unavailable': False, 'install_base': '/home/sweepi/SweePi/install_diagnostic/sweepi_real_bringup', 'merge_install': False, 'path': '/home/sweepi/SweePi/src/sweepi_real_bringup', 'symlink_install': True, 'test_result_base': None}
[0.460s] Level 5:colcon.colcon_core.verb:set package 'sweepi_robot_manager' build argument 'cmake_args' from command line to 'None'
[0.460s] Level 5:colcon.colcon_core.verb:set package 'sweepi_robot_manager' build argument 'cmake_target' from command line to 'None'
[0.460s] Level 5:colcon.colcon_core.verb:set package 'sweepi_robot_manager' build argument 'cmake_target_skip_unavailable' from command line to 'False'
[0.460s] Level 5:colcon.colcon_core.verb:set package 'sweepi_robot_manager' build argument 'cmake_clean_cache' from command line to 'False'
[0.460s] Level 5:colcon.colcon_core.verb:set package 'sweepi_robot_manager' build argument 'cmake_clean_first' from command line to 'False'
[0.460s] Level 5:colcon.colcon_core.verb:set package 'sweepi_robot_manager' build argument 'cmake_force_configure' from command line to 'False'
[0.460s] Level 5:colcon.colcon_core.verb:set package 'sweepi_robot_manager' build argument 'ament_cmake_args' from command line to 'None'
[0.460s] Level 5:colcon.colcon_core.verb:set package 'sweepi_robot_manager' build argument 'catkin_cmake_args' from command line to 'None'
[0.460s] Level 5:colcon.colcon_core.verb:set package 'sweepi_robot_manager' build argument 'catkin_skip_building_tests' from command line to 'False'
[0.460s] DEBUG:colcon.colcon_core.verb:Building package 'sweepi_robot_manager' with the following arguments: {'ament_cmake_args': None, 'build_base': '/home/sweepi/SweePi/build_diagnostic/sweepi_robot_manager', 'catkin_cmake_args': None, 'catkin_skip_building_tests': False, 'cmake_args': None, 'cmake_clean_cache': False, 'cmake_clean_first': False, 'cmake_force_configure': False, 'cmake_target': None, 'cmake_target_skip_unavailable': False, 'install_base': '/home/sweepi/SweePi/install_diagnostic/sweepi_robot_manager', 'merge_install': False, 'path': '/home/sweepi/SweePi/src/sweepi_robot_manager', 'symlink_install': True, 'test_result_base': None}
[0.460s] INFO:colcon.colcon_core.executor:Executing jobs using 'parallel' executor
[0.462s] DEBUG:colcon.colcon_parallel_executor.executor.parallel:run_until_complete
[0.462s] INFO:colcon.colcon_ros.task.ament_cmake.build:Building ROS package in '/home/sweepi/SweePi/src/sweepi_description' with build type 'ament_cmake'
[0.462s] INFO:colcon.colcon_cmake.task.cmake.build:Building CMake package in '/home/sweepi/SweePi/src/sweepi_description'
[0.465s] INFO:colcon.colcon_core.plugin_system:Skipping extension 'colcon_core.shell.bat': Not used on non-Windows systems
[0.465s] INFO:colcon.colcon_core.shell:Skip shell extension 'powershell' for command environment: Not usable outside of PowerShell
[0.465s] DEBUG:colcon.colcon_core.shell:Skip shell extension 'dsv' for command environment
[0.471s] INFO:colcon.colcon_ros.task.ament_cmake.build:Building ROS package in '/home/sweepi/SweePi/src/sweepi_slam' with build type 'ament_cmake'
[0.472s] INFO:colcon.colcon_cmake.task.cmake.build:Building CMake package in '/home/sweepi/SweePi/src/sweepi_slam'
[0.472s] INFO:colcon.colcon_core.shell:Skip shell extension 'powershell' for command environment: Not usable outside of PowerShell
[0.473s] DEBUG:colcon.colcon_core.shell:Skip shell extension 'dsv' for command environment
[0.479s] INFO:colcon.colcon_ros.task.ament_cmake.build:Building ROS package in '/home/sweepi/SweePi/src/sllidar_ros2' with build type 'ament_cmake'
[0.479s] INFO:colcon.colcon_cmake.task.cmake.build:Building CMake package in '/home/sweepi/SweePi/src/sllidar_ros2'
[0.479s] INFO:colcon.colcon_core.shell:Skip shell extension 'powershell' for command environment: Not usable outside of PowerShell
[0.479s] DEBUG:colcon.colcon_core.shell:Skip shell extension 'dsv' for command environment
[0.486s] INFO:colcon.colcon_ros.task.ament_python.build:Building ROS package in '/home/sweepi/SweePi/src/sweepi_base_driver' with build type 'ament_python'
[0.486s] Level 1:colcon.colcon_core.shell:create_environment_hook('sweepi_base_driver', 'ament_prefix_path')
[0.486s] INFO:colcon.colcon_core.shell:Creating environment hook '/home/sweepi/SweePi/install_diagnostic/sweepi_base_driver/share/sweepi_base_driver/hook/ament_prefix_path.ps1'
[0.487s] INFO:colcon.colcon_core.shell:Creating environment descriptor '/home/sweepi/SweePi/install_diagnostic/sweepi_base_driver/share/sweepi_base_driver/hook/ament_prefix_path.dsv'
[0.488s] INFO:colcon.colcon_core.shell:Creating environment hook '/home/sweepi/SweePi/install_diagnostic/sweepi_base_driver/share/sweepi_base_driver/hook/ament_prefix_path.sh'
[0.489s] INFO:colcon.colcon_core.shell:Skip shell extension 'powershell' for command environment: Not usable outside of PowerShell
[0.489s] DEBUG:colcon.colcon_core.shell:Skip shell extension 'dsv' for command environment
[0.500s] DEBUG:colcon.colcon_core.event_handler.log_command:Invoking command in '/home/sweepi/SweePi/build_diagnostic/sweepi_description': CMAKE_PREFIX_PATH=${CMAKE_PREFIX_PATH}:/home/sweepi/SweePi/install/sweepi_temp_rpi_hardware:/home/sweepi/SweePi/install/sweepi_api_bridge:/home/sweepi/SweePi/install/sweepi_base_driver:/opt/ros/jazzy /usr/bin/cmake --build /home/sweepi/SweePi/build_diagnostic/sweepi_description -- -j4 -l4
[0.507s] DEBUG:colcon.colcon_core.event_handler.log_command:Invoking command in '/home/sweepi/SweePi/build_diagnostic/sweepi_slam': CMAKE_PREFIX_PATH=${CMAKE_PREFIX_PATH}:/home/sweepi/SweePi/install/sweepi_temp_rpi_hardware:/home/sweepi/SweePi/install/sweepi_api_bridge:/home/sweepi/SweePi/install/sweepi_base_driver:/opt/ros/jazzy /usr/bin/cmake --build /home/sweepi/SweePi/build_diagnostic/sweepi_slam -- -j4 -l4
[0.513s] DEBUG:colcon.colcon_core.event_handler.log_command:Invoking command in '/home/sweepi/SweePi/build_diagnostic/sllidar_ros2': CMAKE_PREFIX_PATH=${CMAKE_PREFIX_PATH}:/home/sweepi/SweePi/install/sweepi_temp_rpi_hardware:/home/sweepi/SweePi/install/sweepi_api_bridge:/home/sweepi/SweePi/install/sweepi_base_driver:/opt/ros/jazzy /usr/bin/cmake --build /home/sweepi/SweePi/build_diagnostic/sllidar_ros2 -- -j4 -l4
[0.934s] INFO:colcon.colcon_core.task.python.build:Building Python package in '/home/sweepi/SweePi/src/sweepi_base_driver'
[0.934s] INFO:colcon.colcon_core.shell:Skip shell extension 'powershell' for command environment: Not usable outside of PowerShell
[0.934s] DEBUG:colcon.colcon_core.shell:Skip shell extension 'dsv' for command environment
[0.943s] DEBUG:colcon.colcon_core.event_handler.log_command:Invoked command in '/home/sweepi/SweePi/build_diagnostic/sweepi_description' returned '0': CMAKE_PREFIX_PATH=${CMAKE_PREFIX_PATH}:/home/sweepi/SweePi/install/sweepi_temp_rpi_hardware:/home/sweepi/SweePi/install/sweepi_api_bridge:/home/sweepi/SweePi/install/sweepi_base_driver:/opt/ros/jazzy /usr/bin/cmake --build /home/sweepi/SweePi/build_diagnostic/sweepi_description -- -j4 -l4
[0.960s] DEBUG:colcon.colcon_core.event_handler.log_command:Invoking command in '/home/sweepi/SweePi/build_diagnostic/sweepi_description': CMAKE_PREFIX_PATH=${CMAKE_PREFIX_PATH}:/home/sweepi/SweePi/install/sweepi_temp_rpi_hardware:/home/sweepi/SweePi/install/sweepi_api_bridge:/home/sweepi/SweePi/install/sweepi_base_driver:/opt/ros/jazzy /usr/bin/cmake --install /home/sweepi/SweePi/build_diagnostic/sweepi_description
[0.962s] DEBUG:colcon.colcon_core.event_handler.log_command:Invoked command in '/home/sweepi/SweePi/build_diagnostic/sweepi_slam' returned '0': CMAKE_PREFIX_PATH=${CMAKE_PREFIX_PATH}:/home/sweepi/SweePi/install/sweepi_temp_rpi_hardware:/home/sweepi/SweePi/install/sweepi_api_bridge:/home/sweepi/SweePi/install/sweepi_base_driver:/opt/ros/jazzy /usr/bin/cmake --build /home/sweepi/SweePi/build_diagnostic/sweepi_slam -- -j4 -l4
[0.963s] DEBUG:colcon.colcon_core.event_handler.log_command:Invoking command in '/home/sweepi/SweePi/build_diagnostic/sweepi_slam': CMAKE_PREFIX_PATH=${CMAKE_PREFIX_PATH}:/home/sweepi/SweePi/install/sweepi_temp_rpi_hardware:/home/sweepi/SweePi/install/sweepi_api_bridge:/home/sweepi/SweePi/install/sweepi_base_driver:/opt/ros/jazzy /usr/bin/cmake --install /home/sweepi/SweePi/build_diagnostic/sweepi_slam
[0.964s] DEBUG:colcon.colcon_core.event_handler.log_command:Invoked command in '/home/sweepi/SweePi/build_diagnostic/sllidar_ros2' returned '0': CMAKE_PREFIX_PATH=${CMAKE_PREFIX_PATH}:/home/sweepi/SweePi/install/sweepi_temp_rpi_hardware:/home/sweepi/SweePi/install/sweepi_api_bridge:/home/sweepi/SweePi/install/sweepi_base_driver:/opt/ros/jazzy /usr/bin/cmake --build /home/sweepi/SweePi/build_diagnostic/sllidar_ros2 -- -j4 -l4
[0.966s] DEBUG:colcon.colcon_core.event_handler.log_command:Invoking command in '/home/sweepi/SweePi/build_diagnostic/sllidar_ros2': CMAKE_PREFIX_PATH=${CMAKE_PREFIX_PATH}:/home/sweepi/SweePi/install/sweepi_temp_rpi_hardware:/home/sweepi/SweePi/install/sweepi_api_bridge:/home/sweepi/SweePi/install/sweepi_base_driver:/opt/ros/jazzy /usr/bin/cmake --install /home/sweepi/SweePi/build_diagnostic/sllidar_ros2
[1.017s] Level 1:colcon.colcon_core.environment:create_environment_scripts_only(sweepi_slam)
[1.024s] Level 1:colcon.colcon_core.environment:checking '/home/sweepi/SweePi/install_diagnostic/sweepi_slam' for CMake module files
[1.028s] Level 1:colcon.colcon_core.environment:checking '/home/sweepi/SweePi/install_diagnostic/sweepi_slam' for CMake config files
[1.030s] Level 1:colcon.colcon_core.shell:create_environment_hook('sweepi_slam', 'cmake_prefix_path')
[1.031s] INFO:colcon.colcon_core.shell:Creating environment hook '/home/sweepi/SweePi/install_diagnostic/sweepi_slam/share/sweepi_slam/hook/cmake_prefix_path.ps1'
[1.032s] INFO:colcon.colcon_core.shell:Creating environment descriptor '/home/sweepi/SweePi/install_diagnostic/sweepi_slam/share/sweepi_slam/hook/cmake_prefix_path.dsv'
[1.033s] INFO:colcon.colcon_core.shell:Creating environment hook '/home/sweepi/SweePi/install_diagnostic/sweepi_slam/share/sweepi_slam/hook/cmake_prefix_path.sh'
[1.036s] DEBUG:colcon.colcon_core.event_handler.log_command:Invoked command in '/home/sweepi/SweePi/build_diagnostic/sweepi_slam' returned '0': CMAKE_PREFIX_PATH=${CMAKE_PREFIX_PATH}:/home/sweepi/SweePi/install/sweepi_temp_rpi_hardware:/home/sweepi/SweePi/install/sweepi_api_bridge:/home/sweepi/SweePi/install/sweepi_base_driver:/opt/ros/jazzy /usr/bin/cmake --install /home/sweepi/SweePi/build_diagnostic/sweepi_slam
[1.037s] Level 1:colcon.colcon_core.environment:checking '/home/sweepi/SweePi/install_diagnostic/sweepi_slam/lib'
[1.037s] Level 1:colcon.colcon_core.environment:checking '/home/sweepi/SweePi/install_diagnostic/sweepi_slam/bin'
[1.037s] Level 1:colcon.colcon_core.environment:checking '/home/sweepi/SweePi/install_diagnostic/sweepi_slam/lib/pkgconfig/sweepi_slam.pc'
[1.038s] Level 1:colcon.colcon_core.environment:checking '/home/sweepi/SweePi/install_diagnostic/sweepi_slam/lib/python3.12/site-packages'
[1.038s] Level 1:colcon.colcon_core.environment:checking '/home/sweepi/SweePi/install_diagnostic/sweepi_slam/bin'
[1.039s] INFO:colcon.colcon_core.shell:Creating package script '/home/sweepi/SweePi/install_diagnostic/sweepi_slam/share/sweepi_slam/package.ps1'
[1.040s] INFO:colcon.colcon_core.shell:Creating package descriptor '/home/sweepi/SweePi/install_diagnostic/sweepi_slam/share/sweepi_slam/package.dsv'
[1.041s] INFO:colcon.colcon_core.shell:Creating package script '/home/sweepi/SweePi/install_diagnostic/sweepi_slam/share/sweepi_slam/package.sh'
[1.042s] INFO:colcon.colcon_core.shell:Creating package script '/home/sweepi/SweePi/install_diagnostic/sweepi_slam/share/sweepi_slam/package.bash'
[1.043s] INFO:colcon.colcon_core.shell:Creating package script '/home/sweepi/SweePi/install_diagnostic/sweepi_slam/share/sweepi_slam/package.zsh'
[1.044s] Level 1:colcon.colcon_core.environment:create_file_with_runtime_dependencies(/home/sweepi/SweePi/install_diagnostic/sweepi_slam/share/colcon-core/packages/sweepi_slam)
[1.045s] Level 1:colcon.colcon_core.environment:create_environment_scripts_only(sweepi_slam)
[1.045s] Level 1:colcon.colcon_core.environment:checking '/home/sweepi/SweePi/install_diagnostic/sweepi_slam' for CMake module files
[1.047s] Level 1:colcon.colcon_core.environment:checking '/home/sweepi/SweePi/install_diagnostic/sweepi_slam' for CMake config files
[1.047s] Level 1:colcon.colcon_core.shell:create_environment_hook('sweepi_slam', 'cmake_prefix_path')
[1.048s] INFO:colcon.colcon_core.shell:Creating environment hook '/home/sweepi/SweePi/install_diagnostic/sweepi_slam/share/sweepi_slam/hook/cmake_prefix_path.ps1'
[1.049s] INFO:colcon.colcon_core.shell:Creating environment descriptor '/home/sweepi/SweePi/install_diagnostic/sweepi_slam/share/sweepi_slam/hook/cmake_prefix_path.dsv'
[1.050s] INFO:colcon.colcon_core.shell:Creating environment hook '/home/sweepi/SweePi/install_diagnostic/sweepi_slam/share/sweepi_slam/hook/cmake_prefix_path.sh'
[1.051s] Level 1:colcon.colcon_core.environment:checking '/home/sweepi/SweePi/install_diagnostic/sweepi_slam/lib'
[1.051s] Level 1:colcon.colcon_core.environment:checking '/home/sweepi/SweePi/install_diagnostic/sweepi_slam/bin'
[1.051s] Level 1:colcon.colcon_core.environment:checking '/home/sweepi/SweePi/install_diagnostic/sweepi_slam/lib/pkgconfig/sweepi_slam.pc'
[1.051s] Level 1:colcon.colcon_core.environment:checking '/home/sweepi/SweePi/install_diagnostic/sweepi_slam/lib/python3.12/site-packages'
[1.052s] Level 1:colcon.colcon_core.environment:checking '/home/sweepi/SweePi/install_diagnostic/sweepi_slam/bin'
[1.052s] INFO:colcon.colcon_core.shell:Creating package script '/home/sweepi/SweePi/install_diagnostic/sweepi_slam/share/sweepi_slam/package.ps1'
[1.053s] INFO:colcon.colcon_core.shell:Creating package descriptor '/home/sweepi/SweePi/install_diagnostic/sweepi_slam/share/sweepi_slam/package.dsv'
[1.054s] INFO:colcon.colcon_core.shell:Creating package script '/home/sweepi/SweePi/install_diagnostic/sweepi_slam/share/sweepi_slam/package.sh'
[1.055s] INFO:colcon.colcon_core.shell:Creating package script '/home/sweepi/SweePi/install_diagnostic/sweepi_slam/share/sweepi_slam/package.bash'
[1.056s] INFO:colcon.colcon_core.shell:Creating package script '/home/sweepi/SweePi/install_diagnostic/sweepi_slam/share/sweepi_slam/package.zsh'
[1.057s] Level 1:colcon.colcon_core.environment:create_file_with_runtime_dependencies(/home/sweepi/SweePi/install_diagnostic/sweepi_slam/share/colcon-core/packages/sweepi_slam)
[1.060s] INFO:colcon.colcon_ros.task.ament_cmake.build:Building ROS package in '/home/sweepi/SweePi/src/sweepi_robot_manager_interfaces' with build type 'ament_cmake'
[1.060s] INFO:colcon.colcon_cmake.task.cmake.build:Building CMake package in '/home/sweepi/SweePi/src/sweepi_robot_manager_interfaces'
[1.060s] INFO:colcon.colcon_core.shell:Skip shell extension 'powershell' for command environment: Not usable outside of PowerShell
[1.060s] DEBUG:colcon.colcon_core.shell:Skip shell extension 'dsv' for command environment
[1.068s] Level 1:colcon.colcon_core.environment:create_environment_scripts_only(sllidar_ros2)
[1.069s] Level 1:colcon.colcon_core.environment:checking '/home/sweepi/SweePi/install_diagnostic/sllidar_ros2' for CMake module files
[1.070s] Level 1:colcon.colcon_core.environment:checking '/home/sweepi/SweePi/install_diagnostic/sllidar_ros2' for CMake config files
[1.071s] DEBUG:colcon.colcon_core.event_handler.log_command:Invoked command in '/home/sweepi/SweePi/build_diagnostic/sllidar_ros2' returned '0': CMAKE_PREFIX_PATH=${CMAKE_PREFIX_PATH}:/home/sweepi/SweePi/install/sweepi_temp_rpi_hardware:/home/sweepi/SweePi/install/sweepi_api_bridge:/home/sweepi/SweePi/install/sweepi_base_driver:/opt/ros/jazzy /usr/bin/cmake --install /home/sweepi/SweePi/build_diagnostic/sllidar_ros2
[1.072s] Level 1:colcon.colcon_core.shell:create_environment_hook('sllidar_ros2', 'cmake_prefix_path')
[1.072s] INFO:colcon.colcon_core.shell:Creating environment hook '/home/sweepi/SweePi/install_diagnostic/sllidar_ros2/share/sllidar_ros2/hook/cmake_prefix_path.ps1'
[1.073s] INFO:colcon.colcon_core.shell:Creating environment descriptor '/home/sweepi/SweePi/install_diagnostic/sllidar_ros2/share/sllidar_ros2/hook/cmake_prefix_path.dsv'
[1.076s] INFO:colcon.colcon_core.shell:Creating environment hook '/home/sweepi/SweePi/install_diagnostic/sllidar_ros2/share/sllidar_ros2/hook/cmake_prefix_path.sh'
[1.078s] Level 1:colcon.colcon_core.environment:checking '/home/sweepi/SweePi/install_diagnostic/sllidar_ros2/lib'
[1.078s] Level 1:colcon.colcon_core.environment:checking '/home/sweepi/SweePi/install_diagnostic/sllidar_ros2/bin'
[1.078s] Level 1:colcon.colcon_core.environment:checking '/home/sweepi/SweePi/install_diagnostic/sllidar_ros2/lib/pkgconfig/sllidar_ros2.pc'
[1.078s] Level 1:colcon.colcon_core.environment:checking '/home/sweepi/SweePi/install_diagnostic/sllidar_ros2/lib/python3.12/site-packages'
[1.079s] Level 1:colcon.colcon_core.environment:checking '/home/sweepi/SweePi/install_diagnostic/sllidar_ros2/bin'
[1.079s] INFO:colcon.colcon_core.shell:Creating package script '/home/sweepi/SweePi/install_diagnostic/sllidar_ros2/share/sllidar_ros2/package.ps1'
[1.080s] INFO:colcon.colcon_core.shell:Creating package descriptor '/home/sweepi/SweePi/install_diagnostic/sllidar_ros2/share/sllidar_ros2/package.dsv'
[1.080s] INFO:colcon.colcon_core.shell:Creating package script '/home/sweepi/SweePi/install_diagnostic/sllidar_ros2/share/sllidar_ros2/package.sh'
[1.081s] INFO:colcon.colcon_core.shell:Creating package script '/home/sweepi/SweePi/install_diagnostic/sllidar_ros2/share/sllidar_ros2/package.bash'
[1.082s] INFO:colcon.colcon_core.shell:Creating package script '/home/sweepi/SweePi/install_diagnostic/sllidar_ros2/share/sllidar_ros2/package.zsh'
[1.083s] Level 1:colcon.colcon_core.environment:create_file_with_runtime_dependencies(/home/sweepi/SweePi/install_diagnostic/sllidar_ros2/share/colcon-core/packages/sllidar_ros2)
[1.085s] Level 1:colcon.colcon_core.environment:create_environment_scripts_only(sllidar_ros2)
[1.085s] Level 1:colcon.colcon_core.environment:checking '/home/sweepi/SweePi/install_diagnostic/sllidar_ros2' for CMake module files
[1.086s] Level 1:colcon.colcon_core.environment:checking '/home/sweepi/SweePi/install_diagnostic/sllidar_ros2' for CMake config files
[1.086s] Level 1:colcon.colcon_core.shell:create_environment_hook('sllidar_ros2', 'cmake_prefix_path')
[1.087s] INFO:colcon.colcon_core.shell:Creating environment hook '/home/sweepi/SweePi/install_diagnostic/sllidar_ros2/share/sllidar_ros2/hook/cmake_prefix_path.ps1'
[1.087s] INFO:colcon.colcon_core.shell:Creating environment descriptor '/home/sweepi/SweePi/install_diagnostic/sllidar_ros2/share/sllidar_ros2/hook/cmake_prefix_path.dsv'
[1.088s] INFO:colcon.colcon_core.shell:Creating environment hook '/home/sweepi/SweePi/install_diagnostic/sllidar_ros2/share/sllidar_ros2/hook/cmake_prefix_path.sh'
[1.090s] Level 1:colcon.colcon_core.environment:checking '/home/sweepi/SweePi/install_diagnostic/sllidar_ros2/lib'
[1.090s] Level 1:colcon.colcon_core.environment:checking '/home/sweepi/SweePi/install_diagnostic/sllidar_ros2/bin'
[1.090s] Level 1:colcon.colcon_core.environment:checking '/home/sweepi/SweePi/install_diagnostic/sllidar_ros2/lib/pkgconfig/sllidar_ros2.pc'
[1.090s] Level 1:colcon.colcon_core.environment:checking '/home/sweepi/SweePi/install_diagnostic/sllidar_ros2/lib/python3.12/site-packages'
[1.091s] Level 1:colcon.colcon_core.environment:checking '/home/sweepi/SweePi/install_diagnostic/sllidar_ros2/bin'
[1.091s] INFO:colcon.colcon_core.shell:Creating package script '/home/sweepi/SweePi/install_diagnostic/sllidar_ros2/share/sllidar_ros2/package.ps1'
[1.092s] INFO:colcon.colcon_core.shell:Creating package descriptor '/home/sweepi/SweePi/install_diagnostic/sllidar_ros2/share/sllidar_ros2/package.dsv'
[1.093s] INFO:colcon.colcon_core.shell:Creating package script '/home/sweepi/SweePi/install_diagnostic/sllidar_ros2/share/sllidar_ros2/package.sh'
[1.094s] INFO:colcon.colcon_core.shell:Creating package script '/home/sweepi/SweePi/install_diagnostic/sllidar_ros2/share/sllidar_ros2/package.bash'
[1.095s] INFO:colcon.colcon_core.shell:Creating package script '/home/sweepi/SweePi/install_diagnostic/sllidar_ros2/share/sllidar_ros2/package.zsh'
[1.096s] Level 1:colcon.colcon_core.environment:create_file_with_runtime_dependencies(/home/sweepi/SweePi/install_diagnostic/sllidar_ros2/share/colcon-core/packages/sllidar_ros2)
[1.097s] Level 1:colcon.colcon_core.environment:create_environment_scripts_only(sweepi_description)
[1.098s] Level 1:colcon.colcon_core.environment:checking '/home/sweepi/SweePi/install_diagnostic/sweepi_description' for CMake module files
[1.099s] DEBUG:colcon.colcon_core.event_handler.log_command:Invoked command in '/home/sweepi/SweePi/build_diagnostic/sweepi_description' returned '0': CMAKE_PREFIX_PATH=${CMAKE_PREFIX_PATH}:/home/sweepi/SweePi/install/sweepi_temp_rpi_hardware:/home/sweepi/SweePi/install/sweepi_api_bridge:/home/sweepi/SweePi/install/sweepi_base_driver:/opt/ros/jazzy /usr/bin/cmake --install /home/sweepi/SweePi/build_diagnostic/sweepi_description
[1.100s] Level 1:colcon.colcon_core.environment:checking '/home/sweepi/SweePi/install_diagnostic/sweepi_description' for CMake config files
[1.100s] Level 1:colcon.colcon_core.shell:create_environment_hook('sweepi_description', 'cmake_prefix_path')
[1.101s] INFO:colcon.colcon_core.shell:Creating environment hook '/home/sweepi/SweePi/install_diagnostic/sweepi_description/share/sweepi_description/hook/cmake_prefix_path.ps1'
[1.101s] INFO:colcon.colcon_core.shell:Creating environment descriptor '/home/sweepi/SweePi/install_diagnostic/sweepi_description/share/sweepi_description/hook/cmake_prefix_path.dsv'
[1.102s] INFO:colcon.colcon_core.shell:Creating environment hook '/home/sweepi/SweePi/install_diagnostic/sweepi_description/share/sweepi_description/hook/cmake_prefix_path.sh'
[1.104s] Level 1:colcon.colcon_core.environment:checking '/home/sweepi/SweePi/install_diagnostic/sweepi_description/bin'
[1.104s] Level 1:colcon.colcon_core.environment:checking '/home/sweepi/SweePi/install_diagnostic/sweepi_description/lib/pkgconfig/sweepi_description.pc'
[1.104s] Level 1:colcon.colcon_core.environment:checking '/home/sweepi/SweePi/install_diagnostic/sweepi_description/lib/python3.12/site-packages'
[1.105s] Level 1:colcon.colcon_core.environment:checking '/home/sweepi/SweePi/install_diagnostic/sweepi_description/bin'
[1.105s] INFO:colcon.colcon_core.shell:Creating package script '/home/sweepi/SweePi/install_diagnostic/sweepi_description/share/sweepi_description/package.ps1'
[1.106s] INFO:colcon.colcon_core.shell:Creating package descriptor '/home/sweepi/SweePi/install_diagnostic/sweepi_description/share/sweepi_description/package.dsv'
[1.107s] INFO:colcon.colcon_core.shell:Creating package script '/home/sweepi/SweePi/install_diagnostic/sweepi_description/share/sweepi_description/package.sh'
[1.110s] INFO:colcon.colcon_core.shell:Creating package script '/home/sweepi/SweePi/install_diagnostic/sweepi_description/share/sweepi_description/package.bash'
[1.111s] INFO:colcon.colcon_core.shell:Creating package script '/home/sweepi/SweePi/install_diagnostic/sweepi_description/share/sweepi_description/package.zsh'
[1.112s] Level 1:colcon.colcon_core.environment:create_file_with_runtime_dependencies(/home/sweepi/SweePi/install_diagnostic/sweepi_description/share/colcon-core/packages/sweepi_description)
[1.113s] Level 1:colcon.colcon_core.environment:create_environment_scripts_only(sweepi_description)
[1.113s] Level 1:colcon.colcon_core.environment:checking '/home/sweepi/SweePi/install_diagnostic/sweepi_description' for CMake module files
[1.114s] Level 1:colcon.colcon_core.environment:checking '/home/sweepi/SweePi/install_diagnostic/sweepi_description' for CMake config files
[1.114s] Level 1:colcon.colcon_core.shell:create_environment_hook('sweepi_description', 'cmake_prefix_path')
[1.114s] INFO:colcon.colcon_core.shell:Creating environment hook '/home/sweepi/SweePi/install_diagnostic/sweepi_description/share/sweepi_description/hook/cmake_prefix_path.ps1'
[1.115s] INFO:colcon.colcon_core.shell:Creating environment descriptor '/home/sweepi/SweePi/install_diagnostic/sweepi_description/share/sweepi_description/hook/cmake_prefix_path.dsv'
[1.116s] INFO:colcon.colcon_core.shell:Creating environment hook '/home/sweepi/SweePi/install_diagnostic/sweepi_description/share/sweepi_description/hook/cmake_prefix_path.sh'
[1.117s] Level 1:colcon.colcon_core.environment:checking '/home/sweepi/SweePi/install_diagnostic/sweepi_description/bin'
[1.117s] Level 1:colcon.colcon_core.environment:checking '/home/sweepi/SweePi/install_diagnostic/sweepi_description/lib/pkgconfig/sweepi_description.pc'
[1.118s] Level 1:colcon.colcon_core.environment:checking '/home/sweepi/SweePi/install_diagnostic/sweepi_description/lib/python3.12/site-packages'
[1.118s] Level 1:colcon.colcon_core.environment:checking '/home/sweepi/SweePi/install_diagnostic/sweepi_description/bin'
[1.119s] INFO:colcon.colcon_core.shell:Creating package script '/home/sweepi/SweePi/install_diagnostic/sweepi_description/share/sweepi_description/package.ps1'
[1.120s] INFO:colcon.colcon_core.shell:Creating package descriptor '/home/sweepi/SweePi/install_diagnostic/sweepi_description/share/sweepi_description/package.dsv'
[1.121s] INFO:colcon.colcon_core.shell:Creating package script '/home/sweepi/SweePi/install_diagnostic/sweepi_description/share/sweepi_description/package.sh'
[1.122s] INFO:colcon.colcon_core.shell:Creating package script '/home/sweepi/SweePi/install_diagnostic/sweepi_description/share/sweepi_description/package.bash'
[1.123s] INFO:colcon.colcon_core.shell:Creating package script '/home/sweepi/SweePi/install_diagnostic/sweepi_description/share/sweepi_description/package.zsh'
[1.124s] Level 1:colcon.colcon_core.environment:create_file_with_runtime_dependencies(/home/sweepi/SweePi/install_diagnostic/sweepi_description/share/colcon-core/packages/sweepi_description)
[1.125s] INFO:colcon.colcon_ros.task.ament_cmake.build:Building ROS package in '/home/sweepi/SweePi/src/sweepi_state_estimation' with build type 'ament_cmake'
[1.125s] INFO:colcon.colcon_cmake.task.cmake.build:Building CMake package in '/home/sweepi/SweePi/src/sweepi_state_estimation'
[1.125s] INFO:colcon.colcon_core.shell:Skip shell extension 'powershell' for command environment: Not usable outside of PowerShell
[1.125s] DEBUG:colcon.colcon_core.shell:Skip shell extension 'dsv' for command environment
[1.133s] INFO:colcon.colcon_ros.task.ament_python.build:Building ROS package in '/home/sweepi/SweePi/src/sweepi_temp_rpi_hardware' with build type 'ament_python'
[1.133s] Level 1:colcon.colcon_core.shell:create_environment_hook('sweepi_temp_rpi_hardware', 'ament_prefix_path')
[1.133s] INFO:colcon.colcon_core.shell:Creating environment hook '/home/sweepi/SweePi/install_diagnostic/sweepi_temp_rpi_hardware/share/sweepi_temp_rpi_hardware/hook/ament_prefix_path.ps1'
[1.134s] INFO:colcon.colcon_core.shell:Creating environment descriptor '/home/sweepi/SweePi/install_diagnostic/sweepi_temp_rpi_hardware/share/sweepi_temp_rpi_hardware/hook/ament_prefix_path.dsv'
[1.135s] INFO:colcon.colcon_core.shell:Creating environment hook '/home/sweepi/SweePi/install_diagnostic/sweepi_temp_rpi_hardware/share/sweepi_temp_rpi_hardware/hook/ament_prefix_path.sh'
[1.137s] INFO:colcon.colcon_core.shell:Skip shell extension 'powershell' for command environment: Not usable outside of PowerShell
[1.137s] DEBUG:colcon.colcon_core.shell:Skip shell extension 'dsv' for command environment
[1.148s] DEBUG:colcon.colcon_core.event_handler.log_command:Invoking command in '/home/sweepi/SweePi/build_diagnostic/sweepi_robot_manager_interfaces': CMAKE_PREFIX_PATH=${CMAKE_PREFIX_PATH}:/home/sweepi/SweePi/install/sweepi_temp_rpi_hardware:/home/sweepi/SweePi/install/sweepi_api_bridge:/home/sweepi/SweePi/install/sweepi_base_driver:/opt/ros/jazzy /usr/bin/cmake --build /home/sweepi/SweePi/build_diagnostic/sweepi_robot_manager_interfaces -- -j4 -l4
[1.152s] DEBUG:colcon.colcon_core.event_handler.log_command:Invoking command in '/home/sweepi/SweePi/build_diagnostic/sweepi_state_estimation': CMAKE_PREFIX_PATH=${CMAKE_PREFIX_PATH}:/home/sweepi/SweePi/install/sweepi_temp_rpi_hardware:/home/sweepi/SweePi/install/sweepi_api_bridge:/home/sweepi/SweePi/install/sweepi_base_driver:/opt/ros/jazzy /usr/bin/cmake --build /home/sweepi/SweePi/build_diagnostic/sweepi_state_estimation -- -j4 -l4
[1.752s] INFO:colcon.colcon_core.task.python.build:Building Python package in '/home/sweepi/SweePi/src/sweepi_temp_rpi_hardware'
[1.753s] INFO:colcon.colcon_core.shell:Skip shell extension 'powershell' for command environment: Not usable outside of PowerShell
[1.754s] DEBUG:colcon.colcon_core.shell:Skip shell extension 'dsv' for command environment
[1.778s] DEBUG:colcon.colcon_core.event_handler.log_command:Invoked command in '/home/sweepi/SweePi/build_diagnostic/sweepi_state_estimation' returned '0': CMAKE_PREFIX_PATH=${CMAKE_PREFIX_PATH}:/home/sweepi/SweePi/install/sweepi_temp_rpi_hardware:/home/sweepi/SweePi/install/sweepi_api_bridge:/home/sweepi/SweePi/install/sweepi_base_driver:/opt/ros/jazzy /usr/bin/cmake --build /home/sweepi/SweePi/build_diagnostic/sweepi_state_estimation -- -j4 -l4
[1.780s] DEBUG:colcon.colcon_core.event_handler.log_command:Invoking command in '/home/sweepi/SweePi/build_diagnostic/sweepi_state_estimation': CMAKE_PREFIX_PATH=${CMAKE_PREFIX_PATH}:/home/sweepi/SweePi/install/sweepi_temp_rpi_hardware:/home/sweepi/SweePi/install/sweepi_api_bridge:/home/sweepi/SweePi/install/sweepi_base_driver:/opt/ros/jazzy /usr/bin/cmake --install /home/sweepi/SweePi/build_diagnostic/sweepi_state_estimation
[1.870s] Level 1:colcon.colcon_core.environment:create_environment_scripts_only(sweepi_state_estimation)
[1.870s] Level 1:colcon.colcon_core.environment:checking '/home/sweepi/SweePi/install_diagnostic/sweepi_state_estimation' for CMake module files
[1.875s] DEBUG:colcon.colcon_core.event_handler.log_command:Invoked command in '/home/sweepi/SweePi/build_diagnostic/sweepi_state_estimation' returned '0': CMAKE_PREFIX_PATH=${CMAKE_PREFIX_PATH}:/home/sweepi/SweePi/install/sweepi_temp_rpi_hardware:/home/sweepi/SweePi/install/sweepi_api_bridge:/home/sweepi/SweePi/install/sweepi_base_driver:/opt/ros/jazzy /usr/bin/cmake --install /home/sweepi/SweePi/build_diagnostic/sweepi_state_estimation
[1.875s] Level 1:colcon.colcon_core.environment:checking '/home/sweepi/SweePi/install_diagnostic/sweepi_state_estimation' for CMake config files
[1.876s] Level 1:colcon.colcon_core.shell:create_environment_hook('sweepi_state_estimation', 'cmake_prefix_path')
[1.876s] INFO:colcon.colcon_core.shell:Creating environment hook '/home/sweepi/SweePi/install_diagnostic/sweepi_state_estimation/share/sweepi_state_estimation/hook/cmake_prefix_path.ps1'
[1.882s] INFO:colcon.colcon_core.shell:Creating environment descriptor '/home/sweepi/SweePi/install_diagnostic/sweepi_state_estimation/share/sweepi_state_estimation/hook/cmake_prefix_path.dsv'
[1.884s] INFO:colcon.colcon_core.shell:Creating environment hook '/home/sweepi/SweePi/install_diagnostic/sweepi_state_estimation/share/sweepi_state_estimation/hook/cmake_prefix_path.sh'
[1.886s] Level 1:colcon.colcon_core.environment:checking '/home/sweepi/SweePi/install_diagnostic/sweepi_state_estimation/bin'
[1.887s] Level 1:colcon.colcon_core.environment:checking '/home/sweepi/SweePi/install_diagnostic/sweepi_state_estimation/lib/pkgconfig/sweepi_state_estimation.pc'
[1.887s] Level 1:colcon.colcon_core.environment:checking '/home/sweepi/SweePi/install_diagnostic/sweepi_state_estimation/lib/python3.12/site-packages'
[1.888s] Level 1:colcon.colcon_core.environment:checking '/home/sweepi/SweePi/install_diagnostic/sweepi_state_estimation/bin'
[1.888s] INFO:colcon.colcon_core.shell:Creating package script '/home/sweepi/SweePi/install_diagnostic/sweepi_state_estimation/share/sweepi_state_estimation/package.ps1'
[1.893s] INFO:colcon.colcon_core.shell:Creating package descriptor '/home/sweepi/SweePi/install_diagnostic/sweepi_state_estimation/share/sweepi_state_estimation/package.dsv'
[1.894s] INFO:colcon.colcon_core.shell:Creating package script '/home/sweepi/SweePi/install_diagnostic/sweepi_state_estimation/share/sweepi_state_estimation/package.sh'
[1.895s] INFO:colcon.colcon_core.shell:Creating package script '/home/sweepi/SweePi/install_diagnostic/sweepi_state_estimation/share/sweepi_state_estimation/package.bash'
[1.899s] INFO:colcon.colcon_core.shell:Creating package script '/home/sweepi/SweePi/install_diagnostic/sweepi_state_estimation/share/sweepi_state_estimation/package.zsh'
[1.899s] Level 1:colcon.colcon_core.environment:create_file_with_runtime_dependencies(/home/sweepi/SweePi/install_diagnostic/sweepi_state_estimation/share/colcon-core/packages/sweepi_state_estimation)
[1.900s] Level 1:colcon.colcon_core.environment:create_environment_scripts_only(sweepi_state_estimation)
[1.905s] Level 1:colcon.colcon_core.environment:checking '/home/sweepi/SweePi/install_diagnostic/sweepi_state_estimation' for CMake module files
[1.905s] Level 1:colcon.colcon_core.environment:checking '/home/sweepi/SweePi/install_diagnostic/sweepi_state_estimation' for CMake config files
[1.906s] Level 1:colcon.colcon_core.shell:create_environment_hook('sweepi_state_estimation', 'cmake_prefix_path')
[1.906s] INFO:colcon.colcon_core.shell:Creating environment hook '/home/sweepi/SweePi/install_diagnostic/sweepi_state_estimation/share/sweepi_state_estimation/hook/cmake_prefix_path.ps1'
[1.907s] INFO:colcon.colcon_core.shell:Creating environment descriptor '/home/sweepi/SweePi/install_diagnostic/sweepi_state_estimation/share/sweepi_state_estimation/hook/cmake_prefix_path.dsv'
[1.911s] INFO:colcon.colcon_core.shell:Creating environment hook '/home/sweepi/SweePi/install_diagnostic/sweepi_state_estimation/share/sweepi_state_estimation/hook/cmake_prefix_path.sh'
[1.912s] Level 1:colcon.colcon_core.environment:checking '/home/sweepi/SweePi/install_diagnostic/sweepi_state_estimation/bin'
[1.912s] Level 1:colcon.colcon_core.environment:checking '/home/sweepi/SweePi/install_diagnostic/sweepi_state_estimation/lib/pkgconfig/sweepi_state_estimation.pc'
[1.913s] Level 1:colcon.colcon_core.environment:checking '/home/sweepi/SweePi/install_diagnostic/sweepi_state_estimation/lib/python3.12/site-packages'
[1.913s] Level 1:colcon.colcon_core.environment:checking '/home/sweepi/SweePi/install_diagnostic/sweepi_state_estimation/bin'
[1.917s] INFO:colcon.colcon_core.shell:Creating package script '/home/sweepi/SweePi/install_diagnostic/sweepi_state_estimation/share/sweepi_state_estimation/package.ps1'
[1.918s] INFO:colcon.colcon_core.shell:Creating package descriptor '/home/sweepi/SweePi/install_diagnostic/sweepi_state_estimation/share/sweepi_state_estimation/package.dsv'
[1.922s] INFO:colcon.colcon_core.shell:Creating package script '/home/sweepi/SweePi/install_diagnostic/sweepi_state_estimation/share/sweepi_state_estimation/package.sh'
[1.923s] INFO:colcon.colcon_core.shell:Creating package script '/home/sweepi/SweePi/install_diagnostic/sweepi_state_estimation/share/sweepi_state_estimation/package.bash'
[1.925s] INFO:colcon.colcon_core.shell:Creating package script '/home/sweepi/SweePi/install_diagnostic/sweepi_state_estimation/share/sweepi_state_estimation/package.zsh'
[1.926s] Level 1:colcon.colcon_core.environment:create_file_with_runtime_dependencies(/home/sweepi/SweePi/install_diagnostic/sweepi_state_estimation/share/colcon-core/packages/sweepi_state_estimation)
[1.929s] INFO:colcon.colcon_ros.task.ament_cmake.build:Building ROS package in '/home/sweepi/SweePi/src/sweepi_coverage' with build type 'ament_cmake'
[1.929s] INFO:colcon.colcon_cmake.task.cmake.build:Building CMake package in '/home/sweepi/SweePi/src/sweepi_coverage'
[1.929s] INFO:colcon.colcon_core.shell:Skip shell extension 'powershell' for command environment: Not usable outside of PowerShell
[1.929s] DEBUG:colcon.colcon_core.shell:Skip shell extension 'dsv' for command environment
[1.963s] DEBUG:colcon.colcon_core.event_handler.log_command:Invoking command in '/home/sweepi/SweePi/build_diagnostic/sweepi_coverage': CMAKE_PREFIX_PATH=${CMAKE_PREFIX_PATH}:/home/sweepi/SweePi/install/sweepi_temp_rpi_hardware:/home/sweepi/SweePi/install/sweepi_api_bridge:/home/sweepi/SweePi/install/sweepi_base_driver:/opt/ros/jazzy /usr/bin/cmake --build /home/sweepi/SweePi/build_diagnostic/sweepi_coverage -- -j4 -l4
[2.427s] DEBUG:colcon.colcon_core.task.python.build:Available setuptools commands: install_egg_info, check, test, install_lib, register, compile_catalog, build_clib, bdist_wheel, bdist, install_scripts, update_catalog, bdist_dumb, build_scripts, alias, install_data, rotate, install_headers, build, egg_info, build_py, install, build_ext, sdist, develop, saveopts, extract_messages, init_catalog, setopt, bdist_rpm, clean, easy_install, bdist_egg, dist_info, symlink_data, upload_docs, editable_wheel, upload
[2.441s] DEBUG:colcon.colcon_core.event_handler.log_command:Invoked command in '/home/sweepi/SweePi/build_diagnostic/sweepi_robot_manager_interfaces' returned '0': CMAKE_PREFIX_PATH=${CMAKE_PREFIX_PATH}:/home/sweepi/SweePi/install/sweepi_temp_rpi_hardware:/home/sweepi/SweePi/install/sweepi_api_bridge:/home/sweepi/SweePi/install/sweepi_base_driver:/opt/ros/jazzy /usr/bin/cmake --build /home/sweepi/SweePi/build_diagnostic/sweepi_robot_manager_interfaces -- -j4 -l4
[2.444s] DEBUG:colcon.colcon_core.event_handler.log_command:Invoking command in '/home/sweepi/SweePi/build_diagnostic/sweepi_robot_manager_interfaces': CMAKE_PREFIX_PATH=${CMAKE_PREFIX_PATH}:/home/sweepi/SweePi/install/sweepi_temp_rpi_hardware:/home/sweepi/SweePi/install/sweepi_api_bridge:/home/sweepi/SweePi/install/sweepi_base_driver:/opt/ros/jazzy /usr/bin/cmake --install /home/sweepi/SweePi/build_diagnostic/sweepi_robot_manager_interfaces
[2.741s] Level 1:colcon.colcon_core.environment:create_environment_scripts_only(sweepi_robot_manager_interfaces)
[2.742s] Level 1:colcon.colcon_core.environment:checking '/home/sweepi/SweePi/install_diagnostic/sweepi_robot_manager_interfaces' for CMake module files
[2.744s] Level 1:colcon.colcon_core.environment:checking '/home/sweepi/SweePi/install_diagnostic/sweepi_robot_manager_interfaces' for CMake config files
[2.744s] DEBUG:colcon.colcon_core.event_handler.log_command:Invoked command in '/home/sweepi/SweePi/build_diagnostic/sweepi_robot_manager_interfaces' returned '0': CMAKE_PREFIX_PATH=${CMAKE_PREFIX_PATH}:/home/sweepi/SweePi/install/sweepi_temp_rpi_hardware:/home/sweepi/SweePi/install/sweepi_api_bridge:/home/sweepi/SweePi/install/sweepi_base_driver:/opt/ros/jazzy /usr/bin/cmake --install /home/sweepi/SweePi/build_diagnostic/sweepi_robot_manager_interfaces
[2.746s] Level 1:colcon.colcon_core.shell:create_environment_hook('sweepi_robot_manager_interfaces', 'cmake_prefix_path')
[2.746s] INFO:colcon.colcon_core.shell:Creating environment hook '/home/sweepi/SweePi/install_diagnostic/sweepi_robot_manager_interfaces/share/sweepi_robot_manager_interfaces/hook/cmake_prefix_path.ps1'
[2.747s] INFO:colcon.colcon_core.shell:Creating environment descriptor '/home/sweepi/SweePi/install_diagnostic/sweepi_robot_manager_interfaces/share/sweepi_robot_manager_interfaces/hook/cmake_prefix_path.dsv'
[2.748s] INFO:colcon.colcon_core.shell:Creating environment hook '/home/sweepi/SweePi/install_diagnostic/sweepi_robot_manager_interfaces/share/sweepi_robot_manager_interfaces/hook/cmake_prefix_path.sh'
[2.750s] Level 1:colcon.colcon_core.environment:checking '/home/sweepi/SweePi/install_diagnostic/sweepi_robot_manager_interfaces/lib'
[2.750s] Level 1:colcon.colcon_core.shell:create_environment_hook('sweepi_robot_manager_interfaces', 'ld_library_path_lib')
[2.751s] INFO:colcon.colcon_core.shell:Creating environment hook '/home/sweepi/SweePi/install_diagnostic/sweepi_robot_manager_interfaces/share/sweepi_robot_manager_interfaces/hook/ld_library_path_lib.ps1'
[2.751s] INFO:colcon.colcon_core.shell:Creating environment descriptor '/home/sweepi/SweePi/install_diagnostic/sweepi_robot_manager_interfaces/share/sweepi_robot_manager_interfaces/hook/ld_library_path_lib.dsv'
[2.753s] INFO:colcon.colcon_core.shell:Creating environment hook '/home/sweepi/SweePi/install_diagnostic/sweepi_robot_manager_interfaces/share/sweepi_robot_manager_interfaces/hook/ld_library_path_lib.sh'
[2.754s] Level 1:colcon.colcon_core.environment:checking '/home/sweepi/SweePi/install_diagnostic/sweepi_robot_manager_interfaces/bin'
[2.754s] Level 1:colcon.colcon_core.environment:checking '/home/sweepi/SweePi/install_diagnostic/sweepi_robot_manager_interfaces/lib/pkgconfig/sweepi_robot_manager_interfaces.pc'
[2.755s] Level 1:colcon.colcon_core.environment:checking '/home/sweepi/SweePi/install_diagnostic/sweepi_robot_manager_interfaces/lib/python3.12/site-packages'
[2.755s] Level 1:colcon.colcon_core.shell:create_environment_hook('sweepi_robot_manager_interfaces', 'pythonpath')
[2.756s] INFO:colcon.colcon_core.shell:Creating environment hook '/home/sweepi/SweePi/install_diagnostic/sweepi_robot_manager_interfaces/share/sweepi_robot_manager_interfaces/hook/pythonpath.ps1'
[2.757s] INFO:colcon.colcon_core.shell:Creating environment descriptor '/home/sweepi/SweePi/install_diagnostic/sweepi_robot_manager_interfaces/share/sweepi_robot_manager_interfaces/hook/pythonpath.dsv'
[2.757s] INFO:colcon.colcon_core.shell:Creating environment hook '/home/sweepi/SweePi/install_diagnostic/sweepi_robot_manager_interfaces/share/sweepi_robot_manager_interfaces/hook/pythonpath.sh'
[2.759s] Level 1:colcon.colcon_core.environment:checking '/home/sweepi/SweePi/install_diagnostic/sweepi_robot_manager_interfaces/bin'
[2.760s] INFO:colcon.colcon_core.shell:Creating package script '/home/sweepi/SweePi/install_diagnostic/sweepi_robot_manager_interfaces/share/sweepi_robot_manager_interfaces/package.ps1'
[2.761s] INFO:colcon.colcon_core.shell:Creating package descriptor '/home/sweepi/SweePi/install_diagnostic/sweepi_robot_manager_interfaces/share/sweepi_robot_manager_interfaces/package.dsv'
[2.762s] INFO:colcon.colcon_core.shell:Creating package script '/home/sweepi/SweePi/install_diagnostic/sweepi_robot_manager_interfaces/share/sweepi_robot_manager_interfaces/package.sh'
[2.763s] INFO:colcon.colcon_core.shell:Creating package script '/home/sweepi/SweePi/install_diagnostic/sweepi_robot_manager_interfaces/share/sweepi_robot_manager_interfaces/package.bash'
[2.764s] INFO:colcon.colcon_core.shell:Creating package script '/home/sweepi/SweePi/install_diagnostic/sweepi_robot_manager_interfaces/share/sweepi_robot_manager_interfaces/package.zsh'
[2.765s] Level 1:colcon.colcon_core.environment:create_file_with_runtime_dependencies(/home/sweepi/SweePi/install_diagnostic/sweepi_robot_manager_interfaces/share/colcon-core/packages/sweepi_robot_manager_interfaces)
[2.767s] Level 1:colcon.colcon_core.environment:create_environment_scripts_only(sweepi_robot_manager_interfaces)
[2.768s] Level 1:colcon.colcon_core.environment:checking '/home/sweepi/SweePi/install_diagnostic/sweepi_robot_manager_interfaces' for CMake module files
[2.769s] Level 1:colcon.colcon_core.environment:checking '/home/sweepi/SweePi/install_diagnostic/sweepi_robot_manager_interfaces' for CMake config files
[2.771s] Level 1:colcon.colcon_core.shell:create_environment_hook('sweepi_robot_manager_interfaces', 'cmake_prefix_path')
[2.771s] INFO:colcon.colcon_core.shell:Creating environment hook '/home/sweepi/SweePi/install_diagnostic/sweepi_robot_manager_interfaces/share/sweepi_robot_manager_interfaces/hook/cmake_prefix_path.ps1'
[2.772s] INFO:colcon.colcon_core.shell:Creating environment descriptor '/home/sweepi/SweePi/install_diagnostic/sweepi_robot_manager_interfaces/share/sweepi_robot_manager_interfaces/hook/cmake_prefix_path.dsv'
[2.773s] INFO:colcon.colcon_core.shell:Creating environment hook '/home/sweepi/SweePi/install_diagnostic/sweepi_robot_manager_interfaces/share/sweepi_robot_manager_interfaces/hook/cmake_prefix_path.sh'
[2.775s] Level 1:colcon.colcon_core.environment:checking '/home/sweepi/SweePi/install_diagnostic/sweepi_robot_manager_interfaces/lib'
[2.775s] Level 1:colcon.colcon_core.shell:create_environment_hook('sweepi_robot_manager_interfaces', 'ld_library_path_lib')
[2.775s] INFO:colcon.colcon_core.shell:Creating environment hook '/home/sweepi/SweePi/install_diagnostic/sweepi_robot_manager_interfaces/share/sweepi_robot_manager_interfaces/hook/ld_library_path_lib.ps1'
[2.778s] INFO:colcon.colcon_core.shell:Creating environment descriptor '/home/sweepi/SweePi/install_diagnostic/sweepi_robot_manager_interfaces/share/sweepi_robot_manager_interfaces/hook/ld_library_path_lib.dsv'
[2.779s] INFO:colcon.colcon_core.shell:Creating environment hook '/home/sweepi/SweePi/install_diagnostic/sweepi_robot_manager_interfaces/share/sweepi_robot_manager_interfaces/hook/ld_library_path_lib.sh'
[2.780s] Level 1:colcon.colcon_core.environment:checking '/home/sweepi/SweePi/install_diagnostic/sweepi_robot_manager_interfaces/bin'
[2.780s] Level 1:colcon.colcon_core.environment:checking '/home/sweepi/SweePi/install_diagnostic/sweepi_robot_manager_interfaces/lib/pkgconfig/sweepi_robot_manager_interfaces.pc'
[2.781s] Level 1:colcon.colcon_core.environment:checking '/home/sweepi/SweePi/install_diagnostic/sweepi_robot_manager_interfaces/lib/python3.12/site-packages'
[2.781s] Level 1:colcon.colcon_core.shell:create_environment_hook('sweepi_robot_manager_interfaces', 'pythonpath')
[2.782s] INFO:colcon.colcon_core.shell:Creating environment hook '/home/sweepi/SweePi/install_diagnostic/sweepi_robot_manager_interfaces/share/sweepi_robot_manager_interfaces/hook/pythonpath.ps1'
[2.783s] INFO:colcon.colcon_core.shell:Creating environment descriptor '/home/sweepi/SweePi/install_diagnostic/sweepi_robot_manager_interfaces/share/sweepi_robot_manager_interfaces/hook/pythonpath.dsv'
[2.784s] INFO:colcon.colcon_core.shell:Creating environment hook '/home/sweepi/SweePi/install_diagnostic/sweepi_robot_manager_interfaces/share/sweepi_robot_manager_interfaces/hook/pythonpath.sh'
[2.785s] Level 1:colcon.colcon_core.environment:checking '/home/sweepi/SweePi/install_diagnostic/sweepi_robot_manager_interfaces/bin'
[2.786s] INFO:colcon.colcon_core.shell:Creating package script '/home/sweepi/SweePi/install_diagnostic/sweepi_robot_manager_interfaces/share/sweepi_robot_manager_interfaces/package.ps1'
[2.787s] INFO:colcon.colcon_core.shell:Creating package descriptor '/home/sweepi/SweePi/install_diagnostic/sweepi_robot_manager_interfaces/share/sweepi_robot_manager_interfaces/package.dsv'
[2.789s] INFO:colcon.colcon_core.shell:Creating package script '/home/sweepi/SweePi/install_diagnostic/sweepi_robot_manager_interfaces/share/sweepi_robot_manager_interfaces/package.sh'
[2.790s] INFO:colcon.colcon_core.shell:Creating package script '/home/sweepi/SweePi/install_diagnostic/sweepi_robot_manager_interfaces/share/sweepi_robot_manager_interfaces/package.bash'
[2.792s] INFO:colcon.colcon_core.shell:Creating package script '/home/sweepi/SweePi/install_diagnostic/sweepi_robot_manager_interfaces/share/sweepi_robot_manager_interfaces/package.zsh'
[2.793s] Level 1:colcon.colcon_core.environment:create_file_with_runtime_dependencies(/home/sweepi/SweePi/install_diagnostic/sweepi_robot_manager_interfaces/share/colcon-core/packages/sweepi_robot_manager_interfaces)
[2.795s] INFO:colcon.colcon_ros.task.ament_python.build:Building ROS package in '/home/sweepi/SweePi/src/sweepi_api_bridge' with build type 'ament_python'
[2.796s] Level 1:colcon.colcon_core.shell:create_environment_hook('sweepi_api_bridge', 'ament_prefix_path')
[2.796s] INFO:colcon.colcon_core.shell:Creating environment hook '/home/sweepi/SweePi/install_diagnostic/sweepi_api_bridge/share/sweepi_api_bridge/hook/ament_prefix_path.ps1'
[2.798s] INFO:colcon.colcon_core.shell:Creating environment descriptor '/home/sweepi/SweePi/install_diagnostic/sweepi_api_bridge/share/sweepi_api_bridge/hook/ament_prefix_path.dsv'
[2.799s] INFO:colcon.colcon_core.shell:Creating environment hook '/home/sweepi/SweePi/install_diagnostic/sweepi_api_bridge/share/sweepi_api_bridge/hook/ament_prefix_path.sh'
[2.800s] INFO:colcon.colcon_core.shell:Skip shell extension 'powershell' for command environment: Not usable outside of PowerShell
[2.800s] DEBUG:colcon.colcon_core.shell:Skip shell extension 'dsv' for command environment
[3.284s] INFO:colcon.colcon_core.task.python.build:Building Python package in '/home/sweepi/SweePi/src/sweepi_api_bridge'
[3.284s] INFO:colcon.colcon_core.shell:Skip shell extension 'powershell' for command environment: Not usable outside of PowerShell
[3.284s] DEBUG:colcon.colcon_core.shell:Skip shell extension 'dsv' for command environment
[3.294s] DEBUG:colcon.colcon_core.event_handler.log_command:Invoked command in '/home/sweepi/SweePi/build_diagnostic/sweepi_coverage' returned '0': CMAKE_PREFIX_PATH=${CMAKE_PREFIX_PATH}:/home/sweepi/SweePi/install/sweepi_temp_rpi_hardware:/home/sweepi/SweePi/install/sweepi_api_bridge:/home/sweepi/SweePi/install/sweepi_base_driver:/opt/ros/jazzy /usr/bin/cmake --build /home/sweepi/SweePi/build_diagnostic/sweepi_coverage -- -j4 -l4
[3.294s] DEBUG:colcon.colcon_core.event_handler.log_command:Invoking command in '/home/sweepi/SweePi/build_diagnostic/sweepi_coverage': CMAKE_PREFIX_PATH=${CMAKE_PREFIX_PATH}:/home/sweepi/SweePi/install/sweepi_temp_rpi_hardware:/home/sweepi/SweePi/install/sweepi_api_bridge:/home/sweepi/SweePi/install/sweepi_base_driver:/opt/ros/jazzy /usr/bin/cmake --install /home/sweepi/SweePi/build_diagnostic/sweepi_coverage
[3.295s] DEBUG:colcon.colcon_core.task.python.build:Available setuptools commands: install_egg_info, check, test, install_lib, register, compile_catalog, build_clib, bdist_wheel, bdist, install_scripts, update_catalog, bdist_dumb, build_scripts, alias, install_data, rotate, install_headers, build, egg_info, build_py, install, build_ext, sdist, develop, saveopts, extract_messages, init_catalog, setopt, bdist_rpm, clean, easy_install, bdist_egg, dist_info, symlink_data, upload_docs, editable_wheel, upload
[3.296s] DEBUG:colcon.colcon_core.task.python.build:Available setuptools 'develop' options: --always-unzip, --force-installation-into-system-dir, --local-snapshots-ok, --zip-ok, --user, --no-find-links, --version, --always-copy, --script-dir, --no-user-cfg, --exclude-scripts, --site-dirs, --upgrade, --install-layout, --editable, --find-links, --no-deps, --record, --install-dir, --dry-run, --egg-path, --verbose, --uninstall, --build-directory, --quiet, --index-url, --optimize, --help, --multi-version, --allow-hosts, --prefix
[3.301s] DEBUG:colcon.colcon_core.event_handler.log_command:Invoking command in '/home/sweepi/SweePi/build_diagnostic/sweepi_base_driver': PYTHONPATH=/home/sweepi/SweePi/build_diagnostic/sweepi_base_driver/prefix_override:/usr/lib/python3/dist-packages/colcon_core/task/python/colcon_distutils_commands:/home/sweepi/SweePi/install_diagnostic/sweepi_base_driver/lib/python3.12/site-packages:${PYTHONPATH} /usr/bin/python3 -W ignore:setup.py install is deprecated -W ignore:easy_install command is deprecated setup.py develop --editable --build-directory /home/sweepi/SweePi/build_diagnostic/sweepi_base_driver/build --no-deps symlink_data
[3.484s] Level 1:colcon.colcon_core.environment:create_environment_scripts_only(sweepi_coverage)
[3.485s] Level 1:colcon.colcon_core.environment:checking '/home/sweepi/SweePi/install_diagnostic/sweepi_coverage' for CMake module files
[3.486s] DEBUG:colcon.colcon_core.event_handler.log_command:Invoked command in '/home/sweepi/SweePi/build_diagnostic/sweepi_coverage' returned '0': CMAKE_PREFIX_PATH=${CMAKE_PREFIX_PATH}:/home/sweepi/SweePi/install/sweepi_temp_rpi_hardware:/home/sweepi/SweePi/install/sweepi_api_bridge:/home/sweepi/SweePi/install/sweepi_base_driver:/opt/ros/jazzy /usr/bin/cmake --install /home/sweepi/SweePi/build_diagnostic/sweepi_coverage
[3.487s] Level 1:colcon.colcon_core.environment:checking '/home/sweepi/SweePi/install_diagnostic/sweepi_coverage' for CMake config files
[3.488s] Level 1:colcon.colcon_core.shell:create_environment_hook('sweepi_coverage', 'cmake_prefix_path')
[3.489s] INFO:colcon.colcon_core.shell:Creating environment hook '/home/sweepi/SweePi/install_diagnostic/sweepi_coverage/share/sweepi_coverage/hook/cmake_prefix_path.ps1'
[3.490s] INFO:colcon.colcon_core.shell:Creating environment descriptor '/home/sweepi/SweePi/install_diagnostic/sweepi_coverage/share/sweepi_coverage/hook/cmake_prefix_path.dsv'
[3.492s] INFO:colcon.colcon_core.shell:Creating environment hook '/home/sweepi/SweePi/install_diagnostic/sweepi_coverage/share/sweepi_coverage/hook/cmake_prefix_path.sh'
[3.493s] Level 1:colcon.colcon_core.environment:checking '/home/sweepi/SweePi/install_diagnostic/sweepi_coverage/lib'
[3.494s] Level 1:colcon.colcon_core.environment:checking '/home/sweepi/SweePi/install_diagnostic/sweepi_coverage/bin'
[3.494s] Level 1:colcon.colcon_core.environment:checking '/home/sweepi/SweePi/install_diagnostic/sweepi_coverage/lib/pkgconfig/sweepi_coverage.pc'
[3.495s] Level 1:colcon.colcon_core.environment:checking '/home/sweepi/SweePi/install_diagnostic/sweepi_coverage/lib/python3.12/site-packages'
[3.495s] Level 1:colcon.colcon_core.shell:create_environment_hook('sweepi_coverage', 'pythonpath')
[3.496s] INFO:colcon.colcon_core.shell:Creating environment hook '/home/sweepi/SweePi/install_diagnostic/sweepi_coverage/share/sweepi_coverage/hook/pythonpath.ps1'
[3.497s] INFO:colcon.colcon_core.shell:Creating environment descriptor '/home/sweepi/SweePi/install_diagnostic/sweepi_coverage/share/sweepi_coverage/hook/pythonpath.dsv'
[3.498s] INFO:colcon.colcon_core.shell:Creating environment hook '/home/sweepi/SweePi/install_diagnostic/sweepi_coverage/share/sweepi_coverage/hook/pythonpath.sh'
[3.500s] Level 1:colcon.colcon_core.environment:checking '/home/sweepi/SweePi/install_diagnostic/sweepi_coverage/bin'
[3.501s] INFO:colcon.colcon_core.shell:Creating package script '/home/sweepi/SweePi/install_diagnostic/sweepi_coverage/share/sweepi_coverage/package.ps1'
[3.503s] INFO:colcon.colcon_core.shell:Creating package descriptor '/home/sweepi/SweePi/install_diagnostic/sweepi_coverage/share/sweepi_coverage/package.dsv'
[3.504s] INFO:colcon.colcon_core.shell:Creating package script '/home/sweepi/SweePi/install_diagnostic/sweepi_coverage/share/sweepi_coverage/package.sh'
[3.506s] INFO:colcon.colcon_core.shell:Creating package script '/home/sweepi/SweePi/install_diagnostic/sweepi_coverage/share/sweepi_coverage/package.bash'
[3.507s] INFO:colcon.colcon_core.shell:Creating package script '/home/sweepi/SweePi/install_diagnostic/sweepi_coverage/share/sweepi_coverage/package.zsh'
[3.509s] Level 1:colcon.colcon_core.environment:create_file_with_runtime_dependencies(/home/sweepi/SweePi/install_diagnostic/sweepi_coverage/share/colcon-core/packages/sweepi_coverage)
[3.510s] Level 1:colcon.colcon_core.environment:create_environment_scripts_only(sweepi_coverage)
[3.511s] Level 1:colcon.colcon_core.environment:checking '/home/sweepi/SweePi/install_diagnostic/sweepi_coverage' for CMake module files
[3.512s] Level 1:colcon.colcon_core.environment:checking '/home/sweepi/SweePi/install_diagnostic/sweepi_coverage' for CMake config files
[3.514s] Level 1:colcon.colcon_core.shell:create_environment_hook('sweepi_coverage', 'cmake_prefix_path')
[3.515s] INFO:colcon.colcon_core.shell:Creating environment hook '/home/sweepi/SweePi/install_diagnostic/sweepi_coverage/share/sweepi_coverage/hook/cmake_prefix_path.ps1'
[3.516s] INFO:colcon.colcon_core.shell:Creating environment descriptor '/home/sweepi/SweePi/install_diagnostic/sweepi_coverage/share/sweepi_coverage/hook/cmake_prefix_path.dsv'
[3.517s] INFO:colcon.colcon_core.shell:Creating environment hook '/home/sweepi/SweePi/install_diagnostic/sweepi_coverage/share/sweepi_coverage/hook/cmake_prefix_path.sh'
[3.519s] Level 1:colcon.colcon_core.environment:checking '/home/sweepi/SweePi/install_diagnostic/sweepi_coverage/lib'
[3.520s] Level 1:colcon.colcon_core.environment:checking '/home/sweepi/SweePi/install_diagnostic/sweepi_coverage/bin'
[3.520s] Level 1:colcon.colcon_core.environment:checking '/home/sweepi/SweePi/install_diagnostic/sweepi_coverage/lib/pkgconfig/sweepi_coverage.pc'
[3.520s] Level 1:colcon.colcon_core.environment:checking '/home/sweepi/SweePi/install_diagnostic/sweepi_coverage/lib/python3.12/site-packages'
[3.521s] Level 1:colcon.colcon_core.shell:create_environment_hook('sweepi_coverage', 'pythonpath')
[3.521s] INFO:colcon.colcon_core.shell:Creating environment hook '/home/sweepi/SweePi/install_diagnostic/sweepi_coverage/share/sweepi_coverage/hook/pythonpath.ps1'
[3.523s] INFO:colcon.colcon_core.shell:Creating environment descriptor '/home/sweepi/SweePi/install_diagnostic/sweepi_coverage/share/sweepi_coverage/hook/pythonpath.dsv'
[3.524s] INFO:colcon.colcon_core.shell:Creating environment hook '/home/sweepi/SweePi/install_diagnostic/sweepi_coverage/share/sweepi_coverage/hook/pythonpath.sh'
[3.526s] Level 1:colcon.colcon_core.environment:checking '/home/sweepi/SweePi/install_diagnostic/sweepi_coverage/bin'
[3.526s] INFO:colcon.colcon_core.shell:Creating package script '/home/sweepi/SweePi/install_diagnostic/sweepi_coverage/share/sweepi_coverage/package.ps1'
[3.528s] INFO:colcon.colcon_core.shell:Creating package descriptor '/home/sweepi/SweePi/install_diagnostic/sweepi_coverage/share/sweepi_coverage/package.dsv'
[3.532s] INFO:colcon.colcon_core.shell:Creating package script '/home/sweepi/SweePi/install_diagnostic/sweepi_coverage/share/sweepi_coverage/package.sh'
[3.534s] INFO:colcon.colcon_core.shell:Creating package script '/home/sweepi/SweePi/install_diagnostic/sweepi_coverage/share/sweepi_coverage/package.bash'
[3.535s] INFO:colcon.colcon_core.shell:Creating package script '/home/sweepi/SweePi/install_diagnostic/sweepi_coverage/share/sweepi_coverage/package.zsh'
[3.537s] Level 1:colcon.colcon_core.environment:create_file_with_runtime_dependencies(/home/sweepi/SweePi/install_diagnostic/sweepi_coverage/share/colcon-core/packages/sweepi_coverage)
[3.538s] INFO:colcon.colcon_ros.task.ament_cmake.build:Building ROS package in '/home/sweepi/SweePi/src/sweepi_bringup' with build type 'ament_cmake'
[3.540s] INFO:colcon.colcon_cmake.task.cmake.build:Building CMake package in '/home/sweepi/SweePi/src/sweepi_bringup'
[3.541s] INFO:colcon.colcon_core.shell:Skip shell extension 'powershell' for command environment: Not usable outside of PowerShell
[3.542s] DEBUG:colcon.colcon_core.shell:Skip shell extension 'dsv' for command environment
[3.568s] DEBUG:colcon.colcon_core.event_handler.log_command:Invoking command in '/home/sweepi/SweePi/build_diagnostic/sweepi_bringup': AMENT_PREFIX_PATH=/home/sweepi/SweePi/install_diagnostic/sweepi_slam:/home/sweepi/SweePi/install_diagnostic/sweepi_description:${AMENT_PREFIX_PATH} CMAKE_PREFIX_PATH=/home/sweepi/SweePi/install_diagnostic/sweepi_slam:/home/sweepi/SweePi/install_diagnostic/sweepi_description:/home/sweepi/SweePi/install/sweepi_robot_manager:/home/sweepi/SweePi/install/sweepi_real_bringup:/home/sweepi/SweePi/install/sweepi_state_estimation:/home/sweepi/SweePi/install/sweepi_exploration:/home/sweepi/SweePi/install/sweepi_bringup:/home/sweepi/SweePi/install/sweepi_slam:/home/sweepi/SweePi/install/sweepi_robot_manager_interfaces:/home/sweepi/SweePi/install/sweepi_description:/home/sweepi/SweePi/install/sweepi_coverage:/home/sweepi/SweePi/install/sllidar_ros2:/opt/ros/jazzy/opt/gz_sim_vendor:/opt/ros/jazzy/opt/gz_sensors_vendor:/opt/ros/jazzy/opt/gz_physics_vendor:/opt/ros/jazzy/opt/sdformat_vendor:/opt/ros/jazzy/opt/gz_gui_vendor:/opt/ros/jazzy/opt/gz_transport_vendor:/opt/ros/jazzy/opt/gz_rendering_vendor:/opt/ros/jazzy/opt/gz_plugin_vendor:/opt/ros/jazzy/opt/gz_fuel_tools_vendor:/opt/ros/jazzy/opt/gz_msgs_vendor:/opt/ros/jazzy/opt/gz_common_vendor:/opt/ros/jazzy/opt/gz_math_vendor:/opt/ros/jazzy/opt/gz_utils_vendor:/opt/ros/jazzy/opt/gz_tools_vendor:/opt/ros/jazzy/opt/gz_ogre_next_vendor:/opt/ros/jazzy/opt/gz_dartsim_vendor:/opt/ros/jazzy/opt/gz_cmake_vendor:/home/sweepi/SweePi/install/sweepi_temp_rpi_hardware:/home/sweepi/SweePi/install/sweepi_api_bridge:/home/sweepi/SweePi/install/sweepi_base_driver:/opt/ros/jazzy /usr/bin/cmake --build /home/sweepi/SweePi/build_diagnostic/sweepi_bringup -- -j4 -l4
[3.654s] DEBUG:colcon.colcon_core.event_handler.log_command:Invoked command in '/home/sweepi/SweePi/build_diagnostic/sweepi_bringup' returned '0': AMENT_PREFIX_PATH=/home/sweepi/SweePi/install_diagnostic/sweepi_slam:/home/sweepi/SweePi/install_diagnostic/sweepi_description:${AMENT_PREFIX_PATH} CMAKE_PREFIX_PATH=/home/sweepi/SweePi/install_diagnostic/sweepi_slam:/home/sweepi/SweePi/install_diagnostic/sweepi_description:/home/sweepi/SweePi/install/sweepi_robot_manager:/home/sweepi/SweePi/install/sweepi_real_bringup:/home/sweepi/SweePi/install/sweepi_state_estimation:/home/sweepi/SweePi/install/sweepi_exploration:/home/sweepi/SweePi/install/sweepi_bringup:/home/sweepi/SweePi/install/sweepi_slam:/home/sweepi/SweePi/install/sweepi_robot_manager_interfaces:/home/sweepi/SweePi/install/sweepi_description:/home/sweepi/SweePi/install/sweepi_coverage:/home/sweepi/SweePi/install/sllidar_ros2:/opt/ros/jazzy/opt/gz_sim_vendor:/opt/ros/jazzy/opt/gz_sensors_vendor:/opt/ros/jazzy/opt/gz_physics_vendor:/opt/ros/jazzy/opt/sdformat_vendor:/opt/ros/jazzy/opt/gz_gui_vendor:/opt/ros/jazzy/opt/gz_transport_vendor:/opt/ros/jazzy/opt/gz_rendering_vendor:/opt/ros/jazzy/opt/gz_plugin_vendor:/opt/ros/jazzy/opt/gz_fuel_tools_vendor:/opt/ros/jazzy/opt/gz_msgs_vendor:/opt/ros/jazzy/opt/gz_common_vendor:/opt/ros/jazzy/opt/gz_math_vendor:/opt/ros/jazzy/opt/gz_utils_vendor:/opt/ros/jazzy/opt/gz_tools_vendor:/opt/ros/jazzy/opt/gz_ogre_next_vendor:/opt/ros/jazzy/opt/gz_dartsim_vendor:/opt/ros/jazzy/opt/gz_cmake_vendor:/home/sweepi/SweePi/install/sweepi_temp_rpi_hardware:/home/sweepi/SweePi/install/sweepi_api_bridge:/home/sweepi/SweePi/install/sweepi_base_driver:/opt/ros/jazzy /usr/bin/cmake --build /home/sweepi/SweePi/build_diagnostic/sweepi_bringup -- -j4 -l4
[3.655s] DEBUG:colcon.colcon_core.event_handler.log_command:Invoking command in '/home/sweepi/SweePi/build_diagnostic/sweepi_bringup': AMENT_PREFIX_PATH=/home/sweepi/SweePi/install_diagnostic/sweepi_slam:/home/sweepi/SweePi/install_diagnostic/sweepi_description:${AMENT_PREFIX_PATH} CMAKE_PREFIX_PATH=/home/sweepi/SweePi/install_diagnostic/sweepi_slam:/home/sweepi/SweePi/install_diagnostic/sweepi_description:/home/sweepi/SweePi/install/sweepi_robot_manager:/home/sweepi/SweePi/install/sweepi_real_bringup:/home/sweepi/SweePi/install/sweepi_state_estimation:/home/sweepi/SweePi/install/sweepi_exploration:/home/sweepi/SweePi/install/sweepi_bringup:/home/sweepi/SweePi/install/sweepi_slam:/home/sweepi/SweePi/install/sweepi_robot_manager_interfaces:/home/sweepi/SweePi/install/sweepi_description:/home/sweepi/SweePi/install/sweepi_coverage:/home/sweepi/SweePi/install/sllidar_ros2:/opt/ros/jazzy/opt/gz_sim_vendor:/opt/ros/jazzy/opt/gz_sensors_vendor:/opt/ros/jazzy/opt/gz_physics_vendor:/opt/ros/jazzy/opt/sdformat_vendor:/opt/ros/jazzy/opt/gz_gui_vendor:/opt/ros/jazzy/opt/gz_transport_vendor:/opt/ros/jazzy/opt/gz_rendering_vendor:/opt/ros/jazzy/opt/gz_plugin_vendor:/opt/ros/jazzy/opt/gz_fuel_tools_vendor:/opt/ros/jazzy/opt/gz_msgs_vendor:/opt/ros/jazzy/opt/gz_common_vendor:/opt/ros/jazzy/opt/gz_math_vendor:/opt/ros/jazzy/opt/gz_utils_vendor:/opt/ros/jazzy/opt/gz_tools_vendor:/opt/ros/jazzy/opt/gz_ogre_next_vendor:/opt/ros/jazzy/opt/gz_dartsim_vendor:/opt/ros/jazzy/opt/gz_cmake_vendor:/home/sweepi/SweePi/install/sweepi_temp_rpi_hardware:/home/sweepi/SweePi/install/sweepi_api_bridge:/home/sweepi/SweePi/install/sweepi_base_driver:/opt/ros/jazzy /usr/bin/cmake --install /home/sweepi/SweePi/build_diagnostic/sweepi_bringup
[3.752s] Level 1:colcon.colcon_core.environment:create_environment_scripts_only(sweepi_bringup)
[3.752s] Level 1:colcon.colcon_core.environment:checking '/home/sweepi/SweePi/install_diagnostic/sweepi_bringup' for CMake module files
[3.753s] Level 1:colcon.colcon_core.environment:checking '/home/sweepi/SweePi/install_diagnostic/sweepi_bringup' for CMake config files
[3.754s] DEBUG:colcon.colcon_core.event_handler.log_command:Invoked command in '/home/sweepi/SweePi/build_diagnostic/sweepi_bringup' returned '0': AMENT_PREFIX_PATH=/home/sweepi/SweePi/install_diagnostic/sweepi_slam:/home/sweepi/SweePi/install_diagnostic/sweepi_description:${AMENT_PREFIX_PATH} CMAKE_PREFIX_PATH=/home/sweepi/SweePi/install_diagnostic/sweepi_slam:/home/sweepi/SweePi/install_diagnostic/sweepi_description:/home/sweepi/SweePi/install/sweepi_robot_manager:/home/sweepi/SweePi/install/sweepi_real_bringup:/home/sweepi/SweePi/install/sweepi_state_estimation:/home/sweepi/SweePi/install/sweepi_exploration:/home/sweepi/SweePi/install/sweepi_bringup:/home/sweepi/SweePi/install/sweepi_slam:/home/sweepi/SweePi/install/sweepi_robot_manager_interfaces:/home/sweepi/SweePi/install/sweepi_description:/home/sweepi/SweePi/install/sweepi_coverage:/home/sweepi/SweePi/install/sllidar_ros2:/opt/ros/jazzy/opt/gz_sim_vendor:/opt/ros/jazzy/opt/gz_sensors_vendor:/opt/ros/jazzy/opt/gz_physics_vendor:/opt/ros/jazzy/opt/sdformat_vendor:/opt/ros/jazzy/opt/gz_gui_vendor:/opt/ros/jazzy/opt/gz_transport_vendor:/opt/ros/jazzy/opt/gz_rendering_vendor:/opt/ros/jazzy/opt/gz_plugin_vendor:/opt/ros/jazzy/opt/gz_fuel_tools_vendor:/opt/ros/jazzy/opt/gz_msgs_vendor:/opt/ros/jazzy/opt/gz_common_vendor:/opt/ros/jazzy/opt/gz_math_vendor:/opt/ros/jazzy/opt/gz_utils_vendor:/opt/ros/jazzy/opt/gz_tools_vendor:/opt/ros/jazzy/opt/gz_ogre_next_vendor:/opt/ros/jazzy/opt/gz_dartsim_vendor:/opt/ros/jazzy/opt/gz_cmake_vendor:/home/sweepi/SweePi/install/sweepi_temp_rpi_hardware:/home/sweepi/SweePi/install/sweepi_api_bridge:/home/sweepi/SweePi/install/sweepi_base_driver:/opt/ros/jazzy /usr/bin/cmake --install /home/sweepi/SweePi/build_diagnostic/sweepi_bringup
[3.755s] Level 1:colcon.colcon_core.shell:create_environment_hook('sweepi_bringup', 'cmake_prefix_path')
[3.756s] INFO:colcon.colcon_core.shell:Creating environment hook '/home/sweepi/SweePi/install_diagnostic/sweepi_bringup/share/sweepi_bringup/hook/cmake_prefix_path.ps1'
[3.757s] INFO:colcon.colcon_core.shell:Creating environment descriptor '/home/sweepi/SweePi/install_diagnostic/sweepi_bringup/share/sweepi_bringup/hook/cmake_prefix_path.dsv'
[3.758s] INFO:colcon.colcon_core.shell:Creating environment hook '/home/sweepi/SweePi/install_diagnostic/sweepi_bringup/share/sweepi_bringup/hook/cmake_prefix_path.sh'
[3.760s] Level 1:colcon.colcon_core.environment:checking '/home/sweepi/SweePi/install_diagnostic/sweepi_bringup/lib'
[3.760s] Level 1:colcon.colcon_core.environment:checking '/home/sweepi/SweePi/install_diagnostic/sweepi_bringup/bin'
[3.760s] Level 1:colcon.colcon_core.environment:checking '/home/sweepi/SweePi/install_diagnostic/sweepi_bringup/lib/pkgconfig/sweepi_bringup.pc'
[3.761s] Level 1:colcon.colcon_core.environment:checking '/home/sweepi/SweePi/install_diagnostic/sweepi_bringup/lib/python3.12/site-packages'
[3.761s] Level 1:colcon.colcon_core.environment:checking '/home/sweepi/SweePi/install_diagnostic/sweepi_bringup/bin'
[3.762s] INFO:colcon.colcon_core.shell:Creating package script '/home/sweepi/SweePi/install_diagnostic/sweepi_bringup/share/sweepi_bringup/package.ps1'
[3.763s] INFO:colcon.colcon_core.shell:Creating package descriptor '/home/sweepi/SweePi/install_diagnostic/sweepi_bringup/share/sweepi_bringup/package.dsv'
[3.764s] INFO:colcon.colcon_core.shell:Creating package script '/home/sweepi/SweePi/install_diagnostic/sweepi_bringup/share/sweepi_bringup/package.sh'
[3.765s] INFO:colcon.colcon_core.shell:Creating package script '/home/sweepi/SweePi/install_diagnostic/sweepi_bringup/share/sweepi_bringup/package.bash'
[3.766s] INFO:colcon.colcon_core.shell:Creating package script '/home/sweepi/SweePi/install_diagnostic/sweepi_bringup/share/sweepi_bringup/package.zsh'
[3.767s] Level 1:colcon.colcon_core.environment:create_file_with_runtime_dependencies(/home/sweepi/SweePi/install_diagnostic/sweepi_bringup/share/colcon-core/packages/sweepi_bringup)
[3.769s] Level 1:colcon.colcon_core.environment:create_environment_scripts_only(sweepi_bringup)
[3.770s] Level 1:colcon.colcon_core.environment:checking '/home/sweepi/SweePi/install_diagnostic/sweepi_bringup' for CMake module files
[3.771s] Level 1:colcon.colcon_core.environment:checking '/home/sweepi/SweePi/install_diagnostic/sweepi_bringup' for CMake config files
[3.772s] Level 1:colcon.colcon_core.shell:create_environment_hook('sweepi_bringup', 'cmake_prefix_path')
[3.772s] INFO:colcon.colcon_core.shell:Creating environment hook '/home/sweepi/SweePi/install_diagnostic/sweepi_bringup/share/sweepi_bringup/hook/cmake_prefix_path.ps1'
[3.773s] INFO:colcon.colcon_core.shell:Creating environment descriptor '/home/sweepi/SweePi/install_diagnostic/sweepi_bringup/share/sweepi_bringup/hook/cmake_prefix_path.dsv'
[3.774s] INFO:colcon.colcon_core.shell:Creating environment hook '/home/sweepi/SweePi/install_diagnostic/sweepi_bringup/share/sweepi_bringup/hook/cmake_prefix_path.sh'
[3.776s] Level 1:colcon.colcon_core.environment:checking '/home/sweepi/SweePi/install_diagnostic/sweepi_bringup/lib'
[3.776s] Level 1:colcon.colcon_core.environment:checking '/home/sweepi/SweePi/install_diagnostic/sweepi_bringup/bin'
[3.776s] Level 1:colcon.colcon_core.environment:checking '/home/sweepi/SweePi/install_diagnostic/sweepi_bringup/lib/pkgconfig/sweepi_bringup.pc'
[3.777s] Level 1:colcon.colcon_core.environment:checking '/home/sweepi/SweePi/install_diagnostic/sweepi_bringup/lib/python3.12/site-packages'
[3.777s] Level 1:colcon.colcon_core.environment:checking '/home/sweepi/SweePi/install_diagnostic/sweepi_bringup/bin'
[3.778s] INFO:colcon.colcon_core.shell:Creating package script '/home/sweepi/SweePi/install_diagnostic/sweepi_bringup/share/sweepi_bringup/package.ps1'
[3.780s] INFO:colcon.colcon_core.shell:Creating package descriptor '/home/sweepi/SweePi/install_diagnostic/sweepi_bringup/share/sweepi_bringup/package.dsv'
[3.781s] INFO:colcon.colcon_core.shell:Creating package script '/home/sweepi/SweePi/install_diagnostic/sweepi_bringup/share/sweepi_bringup/package.sh'
[3.782s] INFO:colcon.colcon_core.shell:Creating package script '/home/sweepi/SweePi/install_diagnostic/sweepi_bringup/share/sweepi_bringup/package.bash'
[3.783s] INFO:colcon.colcon_core.shell:Creating package script '/home/sweepi/SweePi/install_diagnostic/sweepi_bringup/share/sweepi_bringup/package.zsh'
[3.784s] Level 1:colcon.colcon_core.environment:create_file_with_runtime_dependencies(/home/sweepi/SweePi/install_diagnostic/sweepi_bringup/share/colcon-core/packages/sweepi_bringup)
[3.786s] INFO:colcon.colcon_ros.task.ament_cmake.build:Building ROS package in '/home/sweepi/SweePi/src/sweepi_exploration' with build type 'ament_cmake'
[3.787s] INFO:colcon.colcon_cmake.task.cmake.build:Building CMake package in '/home/sweepi/SweePi/src/sweepi_exploration'
[3.788s] INFO:colcon.colcon_core.shell:Skip shell extension 'powershell' for command environment: Not usable outside of PowerShell
[3.788s] DEBUG:colcon.colcon_core.shell:Skip shell extension 'dsv' for command environment
[3.807s] DEBUG:colcon.colcon_core.event_handler.log_command:Invoking command in '/home/sweepi/SweePi/build_diagnostic/sweepi_exploration': AMENT_PREFIX_PATH=/home/sweepi/SweePi/install_diagnostic/sweepi_slam:${AMENT_PREFIX_PATH} CMAKE_PREFIX_PATH=/home/sweepi/SweePi/install_diagnostic/sweepi_slam:/home/sweepi/SweePi/install/sweepi_robot_manager:/home/sweepi/SweePi/install/sweepi_real_bringup:/home/sweepi/SweePi/install/sweepi_state_estimation:/home/sweepi/SweePi/install/sweepi_exploration:/home/sweepi/SweePi/install/sweepi_bringup:/home/sweepi/SweePi/install/sweepi_slam:/home/sweepi/SweePi/install/sweepi_robot_manager_interfaces:/home/sweepi/SweePi/install/sweepi_description:/home/sweepi/SweePi/install/sweepi_coverage:/home/sweepi/SweePi/install/sllidar_ros2:/opt/ros/jazzy/opt/gz_sim_vendor:/opt/ros/jazzy/opt/gz_sensors_vendor:/opt/ros/jazzy/opt/gz_physics_vendor:/opt/ros/jazzy/opt/sdformat_vendor:/opt/ros/jazzy/opt/gz_gui_vendor:/opt/ros/jazzy/opt/gz_transport_vendor:/opt/ros/jazzy/opt/gz_rendering_vendor:/opt/ros/jazzy/opt/gz_plugin_vendor:/opt/ros/jazzy/opt/gz_fuel_tools_vendor:/opt/ros/jazzy/opt/gz_msgs_vendor:/opt/ros/jazzy/opt/gz_common_vendor:/opt/ros/jazzy/opt/gz_math_vendor:/opt/ros/jazzy/opt/gz_utils_vendor:/opt/ros/jazzy/opt/gz_tools_vendor:/opt/ros/jazzy/opt/gz_ogre_next_vendor:/opt/ros/jazzy/opt/gz_dartsim_vendor:/opt/ros/jazzy/opt/gz_cmake_vendor:/home/sweepi/SweePi/install/sweepi_temp_rpi_hardware:/home/sweepi/SweePi/install/sweepi_api_bridge:/home/sweepi/SweePi/install/sweepi_base_driver:/opt/ros/jazzy /usr/bin/cmake --build /home/sweepi/SweePi/build_diagnostic/sweepi_exploration -- -j4 -l4
[4.029s] DEBUG:colcon.colcon_core.task.python.build:Available setuptools 'develop' options: --always-unzip, --force-installation-into-system-dir, --local-snapshots-ok, --zip-ok, --user, --no-find-links, --version, --always-copy, --script-dir, --no-user-cfg, --exclude-scripts, --site-dirs, --upgrade, --install-layout, --editable, --find-links, --no-deps, --record, --install-dir, --dry-run, --egg-path, --verbose, --uninstall, --build-directory, --quiet, --index-url, --optimize, --help, --multi-version, --allow-hosts, --prefix
[4.036s] DEBUG:colcon.colcon_core.event_handler.log_command:Invoking command in '/home/sweepi/SweePi/build_diagnostic/sweepi_temp_rpi_hardware': PYTHONPATH=/home/sweepi/SweePi/build_diagnostic/sweepi_temp_rpi_hardware/prefix_override:/usr/lib/python3/dist-packages/colcon_core/task/python/colcon_distutils_commands:/home/sweepi/SweePi/install_diagnostic/sweepi_temp_rpi_hardware/lib/python3.12/site-packages:${PYTHONPATH} /usr/bin/python3 -W ignore:setup.py install is deprecated -W ignore:easy_install command is deprecated setup.py develop --editable --build-directory /home/sweepi/SweePi/build_diagnostic/sweepi_temp_rpi_hardware/build --no-deps symlink_data
[4.724s] DEBUG:colcon.colcon_core.event_handler.log_command:Invoked command in '/home/sweepi/SweePi/build_diagnostic/sweepi_exploration' returned '0': AMENT_PREFIX_PATH=/home/sweepi/SweePi/install_diagnostic/sweepi_slam:${AMENT_PREFIX_PATH} CMAKE_PREFIX_PATH=/home/sweepi/SweePi/install_diagnostic/sweepi_slam:/home/sweepi/SweePi/install/sweepi_robot_manager:/home/sweepi/SweePi/install/sweepi_real_bringup:/home/sweepi/SweePi/install/sweepi_state_estimation:/home/sweepi/SweePi/install/sweepi_exploration:/home/sweepi/SweePi/install/sweepi_bringup:/home/sweepi/SweePi/install/sweepi_slam:/home/sweepi/SweePi/install/sweepi_robot_manager_interfaces:/home/sweepi/SweePi/install/sweepi_description:/home/sweepi/SweePi/install/sweepi_coverage:/home/sweepi/SweePi/install/sllidar_ros2:/opt/ros/jazzy/opt/gz_sim_vendor:/opt/ros/jazzy/opt/gz_sensors_vendor:/opt/ros/jazzy/opt/gz_physics_vendor:/opt/ros/jazzy/opt/sdformat_vendor:/opt/ros/jazzy/opt/gz_gui_vendor:/opt/ros/jazzy/opt/gz_transport_vendor:/opt/ros/jazzy/opt/gz_rendering_vendor:/opt/ros/jazzy/opt/gz_plugin_vendor:/opt/ros/jazzy/opt/gz_fuel_tools_vendor:/opt/ros/jazzy/opt/gz_msgs_vendor:/opt/ros/jazzy/opt/gz_common_vendor:/opt/ros/jazzy/opt/gz_math_vendor:/opt/ros/jazzy/opt/gz_utils_vendor:/opt/ros/jazzy/opt/gz_tools_vendor:/opt/ros/jazzy/opt/gz_ogre_next_vendor:/opt/ros/jazzy/opt/gz_dartsim_vendor:/opt/ros/jazzy/opt/gz_cmake_vendor:/home/sweepi/SweePi/install/sweepi_temp_rpi_hardware:/home/sweepi/SweePi/install/sweepi_api_bridge:/home/sweepi/SweePi/install/sweepi_base_driver:/opt/ros/jazzy /usr/bin/cmake --build /home/sweepi/SweePi/build_diagnostic/sweepi_exploration -- -j4 -l4
[4.728s] DEBUG:colcon.colcon_core.event_handler.log_command:Invoking command in '/home/sweepi/SweePi/build_diagnostic/sweepi_exploration': AMENT_PREFIX_PATH=/home/sweepi/SweePi/install_diagnostic/sweepi_slam:${AMENT_PREFIX_PATH} CMAKE_PREFIX_PATH=/home/sweepi/SweePi/install_diagnostic/sweepi_slam:/home/sweepi/SweePi/install/sweepi_robot_manager:/home/sweepi/SweePi/install/sweepi_real_bringup:/home/sweepi/SweePi/install/sweepi_state_estimation:/home/sweepi/SweePi/install/sweepi_exploration:/home/sweepi/SweePi/install/sweepi_bringup:/home/sweepi/SweePi/install/sweepi_slam:/home/sweepi/SweePi/install/sweepi_robot_manager_interfaces:/home/sweepi/SweePi/install/sweepi_description:/home/sweepi/SweePi/install/sweepi_coverage:/home/sweepi/SweePi/install/sllidar_ros2:/opt/ros/jazzy/opt/gz_sim_vendor:/opt/ros/jazzy/opt/gz_sensors_vendor:/opt/ros/jazzy/opt/gz_physics_vendor:/opt/ros/jazzy/opt/sdformat_vendor:/opt/ros/jazzy/opt/gz_gui_vendor:/opt/ros/jazzy/opt/gz_transport_vendor:/opt/ros/jazzy/opt/gz_rendering_vendor:/opt/ros/jazzy/opt/gz_plugin_vendor:/opt/ros/jazzy/opt/gz_fuel_tools_vendor:/opt/ros/jazzy/opt/gz_msgs_vendor:/opt/ros/jazzy/opt/gz_common_vendor:/opt/ros/jazzy/opt/gz_math_vendor:/opt/ros/jazzy/opt/gz_utils_vendor:/opt/ros/jazzy/opt/gz_tools_vendor:/opt/ros/jazzy/opt/gz_ogre_next_vendor:/opt/ros/jazzy/opt/gz_dartsim_vendor:/opt/ros/jazzy/opt/gz_cmake_vendor:/home/sweepi/SweePi/install/sweepi_temp_rpi_hardware:/home/sweepi/SweePi/install/sweepi_api_bridge:/home/sweepi/SweePi/install/sweepi_base_driver:/opt/ros/jazzy /usr/bin/cmake --install /home/sweepi/SweePi/build_diagnostic/sweepi_exploration
[4.768s] Level 1:colcon.colcon_core.shell:create_environment_hook('sweepi_base_driver', 'pythonpath_develop')
[4.771s] INFO:colcon.colcon_core.shell:Creating environment hook '/home/sweepi/SweePi/build_diagnostic/sweepi_base_driver/share/sweepi_base_driver/hook/pythonpath_develop.ps1'
[4.772s] INFO:colcon.colcon_core.shell:Creating environment descriptor '/home/sweepi/SweePi/build_diagnostic/sweepi_base_driver/share/sweepi_base_driver/hook/pythonpath_develop.dsv'
[4.771s] DEBUG:colcon.colcon_core.event_handler.log_command:Invoked command in '/home/sweepi/SweePi/build_diagnostic/sweepi_base_driver' returned '0': PYTHONPATH=/home/sweepi/SweePi/build_diagnostic/sweepi_base_driver/prefix_override:/usr/lib/python3/dist-packages/colcon_core/task/python/colcon_distutils_commands:/home/sweepi/SweePi/install_diagnostic/sweepi_base_driver/lib/python3.12/site-packages:${PYTHONPATH} /usr/bin/python3 -W ignore:setup.py install is deprecated -W ignore:easy_install command is deprecated setup.py develop --editable --build-directory /home/sweepi/SweePi/build_diagnostic/sweepi_base_driver/build --no-deps symlink_data
[4.773s] INFO:colcon.colcon_core.shell:Creating environment hook '/home/sweepi/SweePi/build_diagnostic/sweepi_base_driver/share/sweepi_base_driver/hook/pythonpath_develop.sh'
[4.775s] Level 1:colcon.colcon_core.environment:checking '/home/sweepi/SweePi/install_diagnostic/sweepi_base_driver' for CMake module files
[4.776s] Level 1:colcon.colcon_core.environment:checking '/home/sweepi/SweePi/install_diagnostic/sweepi_base_driver' for CMake config files
[4.777s] Level 1:colcon.colcon_core.environment:checking '/home/sweepi/SweePi/install_diagnostic/sweepi_base_driver/lib'
[4.777s] Level 1:colcon.colcon_core.environment:checking '/home/sweepi/SweePi/install_diagnostic/sweepi_base_driver/bin'
[4.777s] Level 1:colcon.colcon_core.environment:checking '/home/sweepi/SweePi/install_diagnostic/sweepi_base_driver/lib/pkgconfig/sweepi_base_driver.pc'
[4.777s] Level 1:colcon.colcon_core.environment:checking '/home/sweepi/SweePi/install_diagnostic/sweepi_base_driver/lib/python3.12/site-packages'
[4.777s] Level 1:colcon.colcon_core.shell:create_environment_hook('sweepi_base_driver', 'pythonpath')
[4.778s] INFO:colcon.colcon_core.shell:Creating environment hook '/home/sweepi/SweePi/install_diagnostic/sweepi_base_driver/share/sweepi_base_driver/hook/pythonpath.ps1'
[4.778s] INFO:colcon.colcon_core.shell:Creating environment descriptor '/home/sweepi/SweePi/install_diagnostic/sweepi_base_driver/share/sweepi_base_driver/hook/pythonpath.dsv'
[4.779s] INFO:colcon.colcon_core.shell:Creating environment hook '/home/sweepi/SweePi/install_diagnostic/sweepi_base_driver/share/sweepi_base_driver/hook/pythonpath.sh'
[4.781s] Level 1:colcon.colcon_core.environment:checking '/home/sweepi/SweePi/install_diagnostic/sweepi_base_driver/bin'
[4.781s] Level 1:colcon.colcon_core.environment:create_environment_scripts_only(sweepi_base_driver)
[4.782s] INFO:colcon.colcon_core.shell:Creating package script '/home/sweepi/SweePi/install_diagnostic/sweepi_base_driver/share/sweepi_base_driver/package.ps1'
[4.784s] INFO:colcon.colcon_core.shell:Creating package descriptor '/home/sweepi/SweePi/install_diagnostic/sweepi_base_driver/share/sweepi_base_driver/package.dsv'
[4.785s] INFO:colcon.colcon_core.shell:Creating package script '/home/sweepi/SweePi/install_diagnostic/sweepi_base_driver/share/sweepi_base_driver/package.sh'
[4.785s] INFO:colcon.colcon_core.shell:Creating package script '/home/sweepi/SweePi/install_diagnostic/sweepi_base_driver/share/sweepi_base_driver/package.bash'
[4.787s] INFO:colcon.colcon_core.shell:Creating package script '/home/sweepi/SweePi/install_diagnostic/sweepi_base_driver/share/sweepi_base_driver/package.zsh'
[4.788s] Level 1:colcon.colcon_core.environment:create_file_with_runtime_dependencies(/home/sweepi/SweePi/install_diagnostic/sweepi_base_driver/share/colcon-core/packages/sweepi_base_driver)
[4.790s] DEBUG:colcon.colcon_core.task.python.build:Available setuptools commands: install_egg_info, check, test, install_lib, register, compile_catalog, build_clib, bdist_wheel, bdist, install_scripts, update_catalog, bdist_dumb, build_scripts, alias, install_data, rotate, install_headers, build, egg_info, build_py, install, build_ext, sdist, develop, saveopts, extract_messages, init_catalog, setopt, bdist_rpm, clean, easy_install, bdist_egg, dist_info, symlink_data, upload_docs, editable_wheel, upload
[4.919s] Level 1:colcon.colcon_core.environment:create_environment_scripts_only(sweepi_exploration)
[4.920s] Level 1:colcon.colcon_core.environment:checking '/home/sweepi/SweePi/install_diagnostic/sweepi_exploration' for CMake module files
[4.920s] DEBUG:colcon.colcon_core.event_handler.log_command:Invoked command in '/home/sweepi/SweePi/build_diagnostic/sweepi_exploration' returned '0': AMENT_PREFIX_PATH=/home/sweepi/SweePi/install_diagnostic/sweepi_slam:${AMENT_PREFIX_PATH} CMAKE_PREFIX_PATH=/home/sweepi/SweePi/install_diagnostic/sweepi_slam:/home/sweepi/SweePi/install/sweepi_robot_manager:/home/sweepi/SweePi/install/sweepi_real_bringup:/home/sweepi/SweePi/install/sweepi_state_estimation:/home/sweepi/SweePi/install/sweepi_exploration:/home/sweepi/SweePi/install/sweepi_bringup:/home/sweepi/SweePi/install/sweepi_slam:/home/sweepi/SweePi/install/sweepi_robot_manager_interfaces:/home/sweepi/SweePi/install/sweepi_description:/home/sweepi/SweePi/install/sweepi_coverage:/home/sweepi/SweePi/install/sllidar_ros2:/opt/ros/jazzy/opt/gz_sim_vendor:/opt/ros/jazzy/opt/gz_sensors_vendor:/opt/ros/jazzy/opt/gz_physics_vendor:/opt/ros/jazzy/opt/sdformat_vendor:/opt/ros/jazzy/opt/gz_gui_vendor:/opt/ros/jazzy/opt/gz_transport_vendor:/opt/ros/jazzy/opt/gz_rendering_vendor:/opt/ros/jazzy/opt/gz_plugin_vendor:/opt/ros/jazzy/opt/gz_fuel_tools_vendor:/opt/ros/jazzy/opt/gz_msgs_vendor:/opt/ros/jazzy/opt/gz_common_vendor:/opt/ros/jazzy/opt/gz_math_vendor:/opt/ros/jazzy/opt/gz_utils_vendor:/opt/ros/jazzy/opt/gz_tools_vendor:/opt/ros/jazzy/opt/gz_ogre_next_vendor:/opt/ros/jazzy/opt/gz_dartsim_vendor:/opt/ros/jazzy/opt/gz_cmake_vendor:/home/sweepi/SweePi/install/sweepi_temp_rpi_hardware:/home/sweepi/SweePi/install/sweepi_api_bridge:/home/sweepi/SweePi/install/sweepi_base_driver:/opt/ros/jazzy /usr/bin/cmake --install /home/sweepi/SweePi/build_diagnostic/sweepi_exploration
[4.921s] Level 1:colcon.colcon_core.environment:checking '/home/sweepi/SweePi/install_diagnostic/sweepi_exploration' for CMake config files
[4.922s] Level 1:colcon.colcon_core.shell:create_environment_hook('sweepi_exploration', 'cmake_prefix_path')
[4.922s] INFO:colcon.colcon_core.shell:Creating environment hook '/home/sweepi/SweePi/install_diagnostic/sweepi_exploration/share/sweepi_exploration/hook/cmake_prefix_path.ps1'
[4.923s] INFO:colcon.colcon_core.shell:Creating environment descriptor '/home/sweepi/SweePi/install_diagnostic/sweepi_exploration/share/sweepi_exploration/hook/cmake_prefix_path.dsv'
[4.924s] INFO:colcon.colcon_core.shell:Creating environment hook '/home/sweepi/SweePi/install_diagnostic/sweepi_exploration/share/sweepi_exploration/hook/cmake_prefix_path.sh'
[4.926s] Level 1:colcon.colcon_core.environment:checking '/home/sweepi/SweePi/install_diagnostic/sweepi_exploration/lib'
[4.926s] Level 1:colcon.colcon_core.environment:checking '/home/sweepi/SweePi/install_diagnostic/sweepi_exploration/bin'
[4.926s] Level 1:colcon.colcon_core.environment:checking '/home/sweepi/SweePi/install_diagnostic/sweepi_exploration/lib/pkgconfig/sweepi_exploration.pc'
[4.927s] Level 1:colcon.colcon_core.environment:checking '/home/sweepi/SweePi/install_diagnostic/sweepi_exploration/lib/python3.12/site-packages'
[4.927s] Level 1:colcon.colcon_core.shell:create_environment_hook('sweepi_exploration', 'pythonpath')
[4.928s] INFO:colcon.colcon_core.shell:Creating environment hook '/home/sweepi/SweePi/install_diagnostic/sweepi_exploration/share/sweepi_exploration/hook/pythonpath.ps1'
[4.929s] INFO:colcon.colcon_core.shell:Creating environment descriptor '/home/sweepi/SweePi/install_diagnostic/sweepi_exploration/share/sweepi_exploration/hook/pythonpath.dsv'
[4.930s] INFO:colcon.colcon_core.shell:Creating environment hook '/home/sweepi/SweePi/install_diagnostic/sweepi_exploration/share/sweepi_exploration/hook/pythonpath.sh'
[4.931s] Level 1:colcon.colcon_core.environment:checking '/home/sweepi/SweePi/install_diagnostic/sweepi_exploration/bin'
[4.932s] INFO:colcon.colcon_core.shell:Creating package script '/home/sweepi/SweePi/install_diagnostic/sweepi_exploration/share/sweepi_exploration/package.ps1'
[4.935s] INFO:colcon.colcon_core.shell:Creating package descriptor '/home/sweepi/SweePi/install_diagnostic/sweepi_exploration/share/sweepi_exploration/package.dsv'
[4.937s] INFO:colcon.colcon_core.shell:Creating package script '/home/sweepi/SweePi/install_diagnostic/sweepi_exploration/share/sweepi_exploration/package.sh'
[4.938s] INFO:colcon.colcon_core.shell:Creating package script '/home/sweepi/SweePi/install_diagnostic/sweepi_exploration/share/sweepi_exploration/package.bash'
[4.939s] INFO:colcon.colcon_core.shell:Creating package script '/home/sweepi/SweePi/install_diagnostic/sweepi_exploration/share/sweepi_exploration/package.zsh'
[4.940s] Level 1:colcon.colcon_core.environment:create_file_with_runtime_dependencies(/home/sweepi/SweePi/install_diagnostic/sweepi_exploration/share/colcon-core/packages/sweepi_exploration)
[4.942s] Level 1:colcon.colcon_core.environment:create_environment_scripts_only(sweepi_exploration)
[4.942s] Level 1:colcon.colcon_core.environment:checking '/home/sweepi/SweePi/install_diagnostic/sweepi_exploration' for CMake module files
[4.943s] Level 1:colcon.colcon_core.environment:checking '/home/sweepi/SweePi/install_diagnostic/sweepi_exploration' for CMake config files
[4.944s] Level 1:colcon.colcon_core.shell:create_environment_hook('sweepi_exploration', 'cmake_prefix_path')
[4.944s] INFO:colcon.colcon_core.shell:Creating environment hook '/home/sweepi/SweePi/install_diagnostic/sweepi_exploration/share/sweepi_exploration/hook/cmake_prefix_path.ps1'
[4.945s] INFO:colcon.colcon_core.shell:Creating environment descriptor '/home/sweepi/SweePi/install_diagnostic/sweepi_exploration/share/sweepi_exploration/hook/cmake_prefix_path.dsv'
[4.946s] INFO:colcon.colcon_core.shell:Creating environment hook '/home/sweepi/SweePi/install_diagnostic/sweepi_exploration/share/sweepi_exploration/hook/cmake_prefix_path.sh'
[4.948s] Level 1:colcon.colcon_core.environment:checking '/home/sweepi/SweePi/install_diagnostic/sweepi_exploration/lib'
[4.949s] Level 1:colcon.colcon_core.environment:checking '/home/sweepi/SweePi/install_diagnostic/sweepi_exploration/bin'
[4.950s] Level 1:colcon.colcon_core.environment:checking '/home/sweepi/SweePi/install_diagnostic/sweepi_exploration/lib/pkgconfig/sweepi_exploration.pc'
[4.951s] Level 1:colcon.colcon_core.environment:checking '/home/sweepi/SweePi/install_diagnostic/sweepi_exploration/lib/python3.12/site-packages'
[4.952s] Level 1:colcon.colcon_core.shell:create_environment_hook('sweepi_exploration', 'pythonpath')
[4.952s] INFO:colcon.colcon_core.shell:Creating environment hook '/home/sweepi/SweePi/install_diagnostic/sweepi_exploration/share/sweepi_exploration/hook/pythonpath.ps1'
[4.954s] INFO:colcon.colcon_core.shell:Creating environment descriptor '/home/sweepi/SweePi/install_diagnostic/sweepi_exploration/share/sweepi_exploration/hook/pythonpath.dsv'
[4.955s] INFO:colcon.colcon_core.shell:Creating environment hook '/home/sweepi/SweePi/install_diagnostic/sweepi_exploration/share/sweepi_exploration/hook/pythonpath.sh'
[4.956s] Level 1:colcon.colcon_core.environment:checking '/home/sweepi/SweePi/install_diagnostic/sweepi_exploration/bin'
[4.957s] INFO:colcon.colcon_core.shell:Creating package script '/home/sweepi/SweePi/install_diagnostic/sweepi_exploration/share/sweepi_exploration/package.ps1'
[4.958s] INFO:colcon.colcon_core.shell:Creating package descriptor '/home/sweepi/SweePi/install_diagnostic/sweepi_exploration/share/sweepi_exploration/package.dsv'
[4.959s] INFO:colcon.colcon_core.shell:Creating package script '/home/sweepi/SweePi/install_diagnostic/sweepi_exploration/share/sweepi_exploration/package.sh'
[4.961s] INFO:colcon.colcon_core.shell:Creating package script '/home/sweepi/SweePi/install_diagnostic/sweepi_exploration/share/sweepi_exploration/package.bash'
[4.962s] INFO:colcon.colcon_core.shell:Creating package script '/home/sweepi/SweePi/install_diagnostic/sweepi_exploration/share/sweepi_exploration/package.zsh'
[4.963s] Level 1:colcon.colcon_core.environment:create_file_with_runtime_dependencies(/home/sweepi/SweePi/install_diagnostic/sweepi_exploration/share/colcon-core/packages/sweepi_exploration)
[5.381s] Level 1:colcon.colcon_core.shell:create_environment_hook('sweepi_temp_rpi_hardware', 'pythonpath_develop')
[5.382s] INFO:colcon.colcon_core.shell:Creating environment hook '/home/sweepi/SweePi/build_diagnostic/sweepi_temp_rpi_hardware/share/sweepi_temp_rpi_hardware/hook/pythonpath_develop.ps1'
[5.383s] DEBUG:colcon.colcon_core.event_handler.log_command:Invoked command in '/home/sweepi/SweePi/build_diagnostic/sweepi_temp_rpi_hardware' returned '0': PYTHONPATH=/home/sweepi/SweePi/build_diagnostic/sweepi_temp_rpi_hardware/prefix_override:/usr/lib/python3/dist-packages/colcon_core/task/python/colcon_distutils_commands:/home/sweepi/SweePi/install_diagnostic/sweepi_temp_rpi_hardware/lib/python3.12/site-packages:${PYTHONPATH} /usr/bin/python3 -W ignore:setup.py install is deprecated -W ignore:easy_install command is deprecated setup.py develop --editable --build-directory /home/sweepi/SweePi/build_diagnostic/sweepi_temp_rpi_hardware/build --no-deps symlink_data
[5.383s] INFO:colcon.colcon_core.shell:Creating environment descriptor '/home/sweepi/SweePi/build_diagnostic/sweepi_temp_rpi_hardware/share/sweepi_temp_rpi_hardware/hook/pythonpath_develop.dsv'
[5.385s] INFO:colcon.colcon_core.shell:Creating environment hook '/home/sweepi/SweePi/build_diagnostic/sweepi_temp_rpi_hardware/share/sweepi_temp_rpi_hardware/hook/pythonpath_develop.sh'
[5.386s] Level 1:colcon.colcon_core.environment:checking '/home/sweepi/SweePi/install_diagnostic/sweepi_temp_rpi_hardware' for CMake module files
[5.387s] Level 1:colcon.colcon_core.environment:checking '/home/sweepi/SweePi/install_diagnostic/sweepi_temp_rpi_hardware' for CMake config files
[5.387s] Level 1:colcon.colcon_core.environment:checking '/home/sweepi/SweePi/install_diagnostic/sweepi_temp_rpi_hardware/lib'
[5.388s] Level 1:colcon.colcon_core.environment:checking '/home/sweepi/SweePi/install_diagnostic/sweepi_temp_rpi_hardware/bin'
[5.388s] Level 1:colcon.colcon_core.environment:checking '/home/sweepi/SweePi/install_diagnostic/sweepi_temp_rpi_hardware/lib/pkgconfig/sweepi_temp_rpi_hardware.pc'
[5.388s] Level 1:colcon.colcon_core.environment:checking '/home/sweepi/SweePi/install_diagnostic/sweepi_temp_rpi_hardware/lib/python3.12/site-packages'
[5.388s] Level 1:colcon.colcon_core.shell:create_environment_hook('sweepi_temp_rpi_hardware', 'pythonpath')
[5.389s] INFO:colcon.colcon_core.shell:Creating environment hook '/home/sweepi/SweePi/install_diagnostic/sweepi_temp_rpi_hardware/share/sweepi_temp_rpi_hardware/hook/pythonpath.ps1'
[5.390s] INFO:colcon.colcon_core.shell:Creating environment descriptor '/home/sweepi/SweePi/install_diagnostic/sweepi_temp_rpi_hardware/share/sweepi_temp_rpi_hardware/hook/pythonpath.dsv'
[5.391s] INFO:colcon.colcon_core.shell:Creating environment hook '/home/sweepi/SweePi/install_diagnostic/sweepi_temp_rpi_hardware/share/sweepi_temp_rpi_hardware/hook/pythonpath.sh'
[5.392s] Level 1:colcon.colcon_core.environment:checking '/home/sweepi/SweePi/install_diagnostic/sweepi_temp_rpi_hardware/bin'
[5.392s] Level 1:colcon.colcon_core.environment:create_environment_scripts_only(sweepi_temp_rpi_hardware)
[5.393s] INFO:colcon.colcon_core.shell:Creating package script '/home/sweepi/SweePi/install_diagnostic/sweepi_temp_rpi_hardware/share/sweepi_temp_rpi_hardware/package.ps1'
[5.394s] INFO:colcon.colcon_core.shell:Creating package descriptor '/home/sweepi/SweePi/install_diagnostic/sweepi_temp_rpi_hardware/share/sweepi_temp_rpi_hardware/package.dsv'
[5.395s] INFO:colcon.colcon_core.shell:Creating package script '/home/sweepi/SweePi/install_diagnostic/sweepi_temp_rpi_hardware/share/sweepi_temp_rpi_hardware/package.sh'
[5.396s] INFO:colcon.colcon_core.shell:Creating package script '/home/sweepi/SweePi/install_diagnostic/sweepi_temp_rpi_hardware/share/sweepi_temp_rpi_hardware/package.bash'
[5.397s] INFO:colcon.colcon_core.shell:Creating package script '/home/sweepi/SweePi/install_diagnostic/sweepi_temp_rpi_hardware/share/sweepi_temp_rpi_hardware/package.zsh'
[5.398s] Level 1:colcon.colcon_core.environment:create_file_with_runtime_dependencies(/home/sweepi/SweePi/install_diagnostic/sweepi_temp_rpi_hardware/share/colcon-core/packages/sweepi_temp_rpi_hardware)
[5.400s] INFO:colcon.colcon_ros.task.ament_cmake.build:Building ROS package in '/home/sweepi/SweePi/src/sweepi_real_bringup' with build type 'ament_cmake'
[5.400s] INFO:colcon.colcon_cmake.task.cmake.build:Building CMake package in '/home/sweepi/SweePi/src/sweepi_real_bringup'
[5.401s] INFO:colcon.colcon_core.shell:Skip shell extension 'powershell' for command environment: Not usable outside of PowerShell
[5.401s] DEBUG:colcon.colcon_core.shell:Skip shell extension 'dsv' for command environment
[5.408s] DEBUG:colcon.colcon_core.task.python.build:Available setuptools 'develop' options: --always-unzip, --force-installation-into-system-dir, --local-snapshots-ok, --zip-ok, --user, --no-find-links, --version, --always-copy, --script-dir, --no-user-cfg, --exclude-scripts, --site-dirs, --upgrade, --install-layout, --editable, --find-links, --no-deps, --record, --install-dir, --dry-run, --egg-path, --verbose, --uninstall, --build-directory, --quiet, --index-url, --optimize, --help, --multi-version, --allow-hosts, --prefix
[5.410s] DEBUG:colcon.colcon_core.event_handler.log_command:Invoking command in '/home/sweepi/SweePi/build_diagnostic/sweepi_api_bridge': AMENT_PREFIX_PATH=/home/sweepi/SweePi/install_diagnostic/sweepi_robot_manager_interfaces:${AMENT_PREFIX_PATH} CMAKE_PREFIX_PATH=/home/sweepi/SweePi/install_diagnostic/sweepi_robot_manager_interfaces:${CMAKE_PREFIX_PATH} LD_LIBRARY_PATH=/home/sweepi/SweePi/install_diagnostic/sweepi_robot_manager_interfaces/lib:${LD_LIBRARY_PATH} PYTHONPATH=/home/sweepi/SweePi/build_diagnostic/sweepi_api_bridge/prefix_override:/usr/lib/python3/dist-packages/colcon_core/task/python/colcon_distutils_commands:/home/sweepi/SweePi/install_diagnostic/sweepi_api_bridge/lib/python3.12/site-packages:/home/sweepi/SweePi/install_diagnostic/sweepi_robot_manager_interfaces/lib/python3.12/site-packages:${PYTHONPATH} /usr/bin/python3 -W ignore:setup.py install is deprecated -W ignore:easy_install command is deprecated setup.py develop --editable --build-directory /home/sweepi/SweePi/build_diagnostic/sweepi_api_bridge/build --no-deps symlink_data
[5.426s] DEBUG:colcon.colcon_core.event_handler.log_command:Invoking command in '/home/sweepi/SweePi/build_diagnostic/sweepi_real_bringup': AMENT_PREFIX_PATH=/home/sweepi/SweePi/install_diagnostic/sweepi_temp_rpi_hardware:/home/sweepi/SweePi/install_diagnostic/sweepi_state_estimation:/home/sweepi/SweePi/install_diagnostic/sweepi_description:/home/sweepi/SweePi/install_diagnostic/sweepi_base_driver:/home/sweepi/SweePi/install_diagnostic/sllidar_ros2:${AMENT_PREFIX_PATH} CMAKE_PREFIX_PATH=/home/sweepi/SweePi/install_diagnostic/sweepi_state_estimation:/home/sweepi/SweePi/install_diagnostic/sweepi_description:/home/sweepi/SweePi/install_diagnostic/sllidar_ros2:/home/sweepi/SweePi/install/sweepi_robot_manager:/home/sweepi/SweePi/install/sweepi_real_bringup:/home/sweepi/SweePi/install/sweepi_state_estimation:/home/sweepi/SweePi/install/sweepi_exploration:/home/sweepi/SweePi/install/sweepi_bringup:/home/sweepi/SweePi/install/sweepi_slam:/home/sweepi/SweePi/install/sweepi_robot_manager_interfaces:/home/sweepi/SweePi/install/sweepi_description:/home/sweepi/SweePi/install/sweepi_coverage:/home/sweepi/SweePi/install/sllidar_ros2:/opt/ros/jazzy/opt/gz_sim_vendor:/opt/ros/jazzy/opt/gz_sensors_vendor:/opt/ros/jazzy/opt/gz_physics_vendor:/opt/ros/jazzy/opt/sdformat_vendor:/opt/ros/jazzy/opt/gz_gui_vendor:/opt/ros/jazzy/opt/gz_transport_vendor:/opt/ros/jazzy/opt/gz_rendering_vendor:/opt/ros/jazzy/opt/gz_plugin_vendor:/opt/ros/jazzy/opt/gz_fuel_tools_vendor:/opt/ros/jazzy/opt/gz_msgs_vendor:/opt/ros/jazzy/opt/gz_common_vendor:/opt/ros/jazzy/opt/gz_math_vendor:/opt/ros/jazzy/opt/gz_utils_vendor:/opt/ros/jazzy/opt/gz_tools_vendor:/opt/ros/jazzy/opt/gz_ogre_next_vendor:/opt/ros/jazzy/opt/gz_dartsim_vendor:/opt/ros/jazzy/opt/gz_cmake_vendor:/home/sweepi/SweePi/install/sweepi_temp_rpi_hardware:/home/sweepi/SweePi/install/sweepi_api_bridge:/home/sweepi/SweePi/install/sweepi_base_driver:/opt/ros/jazzy PYTHONPATH=/home/sweepi/SweePi/build_diagnostic/sweepi_temp_rpi_hardware:/home/sweepi/SweePi/install_diagnostic/sweepi_temp_rpi_hardware/lib/python3.12/site-packages:/home/sweepi/SweePi/build_diagnostic/sweepi_base_driver:/home/sweepi/SweePi/install_diagnostic/sweepi_base_driver/lib/python3.12/site-packages:${PYTHONPATH} /usr/bin/cmake --build /home/sweepi/SweePi/build_diagnostic/sweepi_real_bringup -- -j4 -l4
[5.505s] DEBUG:colcon.colcon_core.event_handler.log_command:Invoked command in '/home/sweepi/SweePi/build_diagnostic/sweepi_real_bringup' returned '0': AMENT_PREFIX_PATH=/home/sweepi/SweePi/install_diagnostic/sweepi_temp_rpi_hardware:/home/sweepi/SweePi/install_diagnostic/sweepi_state_estimation:/home/sweepi/SweePi/install_diagnostic/sweepi_description:/home/sweepi/SweePi/install_diagnostic/sweepi_base_driver:/home/sweepi/SweePi/install_diagnostic/sllidar_ros2:${AMENT_PREFIX_PATH} CMAKE_PREFIX_PATH=/home/sweepi/SweePi/install_diagnostic/sweepi_state_estimation:/home/sweepi/SweePi/install_diagnostic/sweepi_description:/home/sweepi/SweePi/install_diagnostic/sllidar_ros2:/home/sweepi/SweePi/install/sweepi_robot_manager:/home/sweepi/SweePi/install/sweepi_real_bringup:/home/sweepi/SweePi/install/sweepi_state_estimation:/home/sweepi/SweePi/install/sweepi_exploration:/home/sweepi/SweePi/install/sweepi_bringup:/home/sweepi/SweePi/install/sweepi_slam:/home/sweepi/SweePi/install/sweepi_robot_manager_interfaces:/home/sweepi/SweePi/install/sweepi_description:/home/sweepi/SweePi/install/sweepi_coverage:/home/sweepi/SweePi/install/sllidar_ros2:/opt/ros/jazzy/opt/gz_sim_vendor:/opt/ros/jazzy/opt/gz_sensors_vendor:/opt/ros/jazzy/opt/gz_physics_vendor:/opt/ros/jazzy/opt/sdformat_vendor:/opt/ros/jazzy/opt/gz_gui_vendor:/opt/ros/jazzy/opt/gz_transport_vendor:/opt/ros/jazzy/opt/gz_rendering_vendor:/opt/ros/jazzy/opt/gz_plugin_vendor:/opt/ros/jazzy/opt/gz_fuel_tools_vendor:/opt/ros/jazzy/opt/gz_msgs_vendor:/opt/ros/jazzy/opt/gz_common_vendor:/opt/ros/jazzy/opt/gz_math_vendor:/opt/ros/jazzy/opt/gz_utils_vendor:/opt/ros/jazzy/opt/gz_tools_vendor:/opt/ros/jazzy/opt/gz_ogre_next_vendor:/opt/ros/jazzy/opt/gz_dartsim_vendor:/opt/ros/jazzy/opt/gz_cmake_vendor:/home/sweepi/SweePi/install/sweepi_temp_rpi_hardware:/home/sweepi/SweePi/install/sweepi_api_bridge:/home/sweepi/SweePi/install/sweepi_base_driver:/opt/ros/jazzy PYTHONPATH=/home/sweepi/SweePi/build_diagnostic/sweepi_temp_rpi_hardware:/home/sweepi/SweePi/install_diagnostic/sweepi_temp_rpi_hardware/lib/python3.12/site-packages:/home/sweepi/SweePi/build_diagnostic/sweepi_base_driver:/home/sweepi/SweePi/install_diagnostic/sweepi_base_driver/lib/python3.12/site-packages:${PYTHONPATH} /usr/bin/cmake --build /home/sweepi/SweePi/build_diagnostic/sweepi_real_bringup -- -j4 -l4
[5.506s] DEBUG:colcon.colcon_core.event_handler.log_command:Invoking command in '/home/sweepi/SweePi/build_diagnostic/sweepi_real_bringup': AMENT_PREFIX_PATH=/home/sweepi/SweePi/install_diagnostic/sweepi_temp_rpi_hardware:/home/sweepi/SweePi/install_diagnostic/sweepi_state_estimation:/home/sweepi/SweePi/install_diagnostic/sweepi_description:/home/sweepi/SweePi/install_diagnostic/sweepi_base_driver:/home/sweepi/SweePi/install_diagnostic/sllidar_ros2:${AMENT_PREFIX_PATH} CMAKE_PREFIX_PATH=/home/sweepi/SweePi/install_diagnostic/sweepi_state_estimation:/home/sweepi/SweePi/install_diagnostic/sweepi_description:/home/sweepi/SweePi/install_diagnostic/sllidar_ros2:/home/sweepi/SweePi/install/sweepi_robot_manager:/home/sweepi/SweePi/install/sweepi_real_bringup:/home/sweepi/SweePi/install/sweepi_state_estimation:/home/sweepi/SweePi/install/sweepi_exploration:/home/sweepi/SweePi/install/sweepi_bringup:/home/sweepi/SweePi/install/sweepi_slam:/home/sweepi/SweePi/install/sweepi_robot_manager_interfaces:/home/sweepi/SweePi/install/sweepi_description:/home/sweepi/SweePi/install/sweepi_coverage:/home/sweepi/SweePi/install/sllidar_ros2:/opt/ros/jazzy/opt/gz_sim_vendor:/opt/ros/jazzy/opt/gz_sensors_vendor:/opt/ros/jazzy/opt/gz_physics_vendor:/opt/ros/jazzy/opt/sdformat_vendor:/opt/ros/jazzy/opt/gz_gui_vendor:/opt/ros/jazzy/opt/gz_transport_vendor:/opt/ros/jazzy/opt/gz_rendering_vendor:/opt/ros/jazzy/opt/gz_plugin_vendor:/opt/ros/jazzy/opt/gz_fuel_tools_vendor:/opt/ros/jazzy/opt/gz_msgs_vendor:/opt/ros/jazzy/opt/gz_common_vendor:/opt/ros/jazzy/opt/gz_math_vendor:/opt/ros/jazzy/opt/gz_utils_vendor:/opt/ros/jazzy/opt/gz_tools_vendor:/opt/ros/jazzy/opt/gz_ogre_next_vendor:/opt/ros/jazzy/opt/gz_dartsim_vendor:/opt/ros/jazzy/opt/gz_cmake_vendor:/home/sweepi/SweePi/install/sweepi_temp_rpi_hardware:/home/sweepi/SweePi/install/sweepi_api_bridge:/home/sweepi/SweePi/install/sweepi_base_driver:/opt/ros/jazzy PYTHONPATH=/home/sweepi/SweePi/build_diagnostic/sweepi_temp_rpi_hardware:/home/sweepi/SweePi/install_diagnostic/sweepi_temp_rpi_hardware/lib/python3.12/site-packages:/home/sweepi/SweePi/build_diagnostic/sweepi_base_driver:/home/sweepi/SweePi/install_diagnostic/sweepi_base_driver/lib/python3.12/site-packages:${PYTHONPATH} /usr/bin/cmake --install /home/sweepi/SweePi/build_diagnostic/sweepi_real_bringup
[5.554s] Level 1:colcon.colcon_core.environment:create_environment_scripts_only(sweepi_real_bringup)
[5.555s] DEBUG:colcon.colcon_core.event_handler.log_command:Invoked command in '/home/sweepi/SweePi/build_diagnostic/sweepi_real_bringup' returned '0': AMENT_PREFIX_PATH=/home/sweepi/SweePi/install_diagnostic/sweepi_temp_rpi_hardware:/home/sweepi/SweePi/install_diagnostic/sweepi_state_estimation:/home/sweepi/SweePi/install_diagnostic/sweepi_description:/home/sweepi/SweePi/install_diagnostic/sweepi_base_driver:/home/sweepi/SweePi/install_diagnostic/sllidar_ros2:${AMENT_PREFIX_PATH} CMAKE_PREFIX_PATH=/home/sweepi/SweePi/install_diagnostic/sweepi_state_estimation:/home/sweepi/SweePi/install_diagnostic/sweepi_description:/home/sweepi/SweePi/install_diagnostic/sllidar_ros2:/home/sweepi/SweePi/install/sweepi_robot_manager:/home/sweepi/SweePi/install/sweepi_real_bringup:/home/sweepi/SweePi/install/sweepi_state_estimation:/home/sweepi/SweePi/install/sweepi_exploration:/home/sweepi/SweePi/install/sweepi_bringup:/home/sweepi/SweePi/install/sweepi_slam:/home/sweepi/SweePi/install/sweepi_robot_manager_interfaces:/home/sweepi/SweePi/install/sweepi_description:/home/sweepi/SweePi/install/sweepi_coverage:/home/sweepi/SweePi/install/sllidar_ros2:/opt/ros/jazzy/opt/gz_sim_vendor:/opt/ros/jazzy/opt/gz_sensors_vendor:/opt/ros/jazzy/opt/gz_physics_vendor:/opt/ros/jazzy/opt/sdformat_vendor:/opt/ros/jazzy/opt/gz_gui_vendor:/opt/ros/jazzy/opt/gz_transport_vendor:/opt/ros/jazzy/opt/gz_rendering_vendor:/opt/ros/jazzy/opt/gz_plugin_vendor:/opt/ros/jazzy/opt/gz_fuel_tools_vendor:/opt/ros/jazzy/opt/gz_msgs_vendor:/opt/ros/jazzy/opt/gz_common_vendor:/opt/ros/jazzy/opt/gz_math_vendor:/opt/ros/jazzy/opt/gz_utils_vendor:/opt/ros/jazzy/opt/gz_tools_vendor:/opt/ros/jazzy/opt/gz_ogre_next_vendor:/opt/ros/jazzy/opt/gz_dartsim_vendor:/opt/ros/jazzy/opt/gz_cmake_vendor:/home/sweepi/SweePi/install/sweepi_temp_rpi_hardware:/home/sweepi/SweePi/install/sweepi_api_bridge:/home/sweepi/SweePi/install/sweepi_base_driver:/opt/ros/jazzy PYTHONPATH=/home/sweepi/SweePi/build_diagnostic/sweepi_temp_rpi_hardware:/home/sweepi/SweePi/install_diagnostic/sweepi_temp_rpi_hardware/lib/python3.12/site-packages:/home/sweepi/SweePi/build_diagnostic/sweepi_base_driver:/home/sweepi/SweePi/install_diagnostic/sweepi_base_driver/lib/python3.12/site-packages:${PYTHONPATH} /usr/bin/cmake --install /home/sweepi/SweePi/build_diagnostic/sweepi_real_bringup
[5.555s] Level 1:colcon.colcon_core.environment:checking '/home/sweepi/SweePi/install_diagnostic/sweepi_real_bringup' for CMake module files
[5.556s] Level 1:colcon.colcon_core.environment:checking '/home/sweepi/SweePi/install_diagnostic/sweepi_real_bringup' for CMake config files
[5.557s] Level 1:colcon.colcon_core.shell:create_environment_hook('sweepi_real_bringup', 'cmake_prefix_path')
[5.557s] INFO:colcon.colcon_core.shell:Creating environment hook '/home/sweepi/SweePi/install_diagnostic/sweepi_real_bringup/share/sweepi_real_bringup/hook/cmake_prefix_path.ps1'
[5.558s] INFO:colcon.colcon_core.shell:Creating environment descriptor '/home/sweepi/SweePi/install_diagnostic/sweepi_real_bringup/share/sweepi_real_bringup/hook/cmake_prefix_path.dsv'
[5.559s] INFO:colcon.colcon_core.shell:Creating environment hook '/home/sweepi/SweePi/install_diagnostic/sweepi_real_bringup/share/sweepi_real_bringup/hook/cmake_prefix_path.sh'
[5.560s] Level 1:colcon.colcon_core.environment:checking '/home/sweepi/SweePi/install_diagnostic/sweepi_real_bringup/bin'
[5.560s] Level 1:colcon.colcon_core.environment:checking '/home/sweepi/SweePi/install_diagnostic/sweepi_real_bringup/lib/pkgconfig/sweepi_real_bringup.pc'
[5.561s] Level 1:colcon.colcon_core.environment:checking '/home/sweepi/SweePi/install_diagnostic/sweepi_real_bringup/lib/python3.12/site-packages'
[5.561s] Level 1:colcon.colcon_core.environment:checking '/home/sweepi/SweePi/install_diagnostic/sweepi_real_bringup/bin'
[5.562s] INFO:colcon.colcon_core.shell:Creating package script '/home/sweepi/SweePi/install_diagnostic/sweepi_real_bringup/share/sweepi_real_bringup/package.ps1'
[5.563s] INFO:colcon.colcon_core.shell:Creating package descriptor '/home/sweepi/SweePi/install_diagnostic/sweepi_real_bringup/share/sweepi_real_bringup/package.dsv'
[5.564s] INFO:colcon.colcon_core.shell:Creating package script '/home/sweepi/SweePi/install_diagnostic/sweepi_real_bringup/share/sweepi_real_bringup/package.sh'
[5.564s] INFO:colcon.colcon_core.shell:Creating package script '/home/sweepi/SweePi/install_diagnostic/sweepi_real_bringup/share/sweepi_real_bringup/package.bash'
[5.566s] INFO:colcon.colcon_core.shell:Creating package script '/home/sweepi/SweePi/install_diagnostic/sweepi_real_bringup/share/sweepi_real_bringup/package.zsh'
[5.566s] Level 1:colcon.colcon_core.environment:create_file_with_runtime_dependencies(/home/sweepi/SweePi/install_diagnostic/sweepi_real_bringup/share/colcon-core/packages/sweepi_real_bringup)
[5.568s] Level 1:colcon.colcon_core.environment:create_environment_scripts_only(sweepi_real_bringup)
[5.569s] Level 1:colcon.colcon_core.environment:checking '/home/sweepi/SweePi/install_diagnostic/sweepi_real_bringup' for CMake module files
[5.570s] Level 1:colcon.colcon_core.environment:checking '/home/sweepi/SweePi/install_diagnostic/sweepi_real_bringup' for CMake config files
[5.570s] Level 1:colcon.colcon_core.shell:create_environment_hook('sweepi_real_bringup', 'cmake_prefix_path')
[5.571s] INFO:colcon.colcon_core.shell:Creating environment hook '/home/sweepi/SweePi/install_diagnostic/sweepi_real_bringup/share/sweepi_real_bringup/hook/cmake_prefix_path.ps1'
[5.572s] INFO:colcon.colcon_core.shell:Creating environment descriptor '/home/sweepi/SweePi/install_diagnostic/sweepi_real_bringup/share/sweepi_real_bringup/hook/cmake_prefix_path.dsv'
[5.573s] INFO:colcon.colcon_core.shell:Creating environment hook '/home/sweepi/SweePi/install_diagnostic/sweepi_real_bringup/share/sweepi_real_bringup/hook/cmake_prefix_path.sh'
[5.574s] Level 1:colcon.colcon_core.environment:checking '/home/sweepi/SweePi/install_diagnostic/sweepi_real_bringup/bin'
[5.574s] Level 1:colcon.colcon_core.environment:checking '/home/sweepi/SweePi/install_diagnostic/sweepi_real_bringup/lib/pkgconfig/sweepi_real_bringup.pc'
[5.574s] Level 1:colcon.colcon_core.environment:checking '/home/sweepi/SweePi/install_diagnostic/sweepi_real_bringup/lib/python3.12/site-packages'
[5.575s] Level 1:colcon.colcon_core.environment:checking '/home/sweepi/SweePi/install_diagnostic/sweepi_real_bringup/bin'
[5.575s] INFO:colcon.colcon_core.shell:Creating package script '/home/sweepi/SweePi/install_diagnostic/sweepi_real_bringup/share/sweepi_real_bringup/package.ps1'
[5.577s] INFO:colcon.colcon_core.shell:Creating package descriptor '/home/sweepi/SweePi/install_diagnostic/sweepi_real_bringup/share/sweepi_real_bringup/package.dsv'
[5.578s] INFO:colcon.colcon_core.shell:Creating package script '/home/sweepi/SweePi/install_diagnostic/sweepi_real_bringup/share/sweepi_real_bringup/package.sh'
[5.579s] INFO:colcon.colcon_core.shell:Creating package script '/home/sweepi/SweePi/install_diagnostic/sweepi_real_bringup/share/sweepi_real_bringup/package.bash'
[5.580s] INFO:colcon.colcon_core.shell:Creating package script '/home/sweepi/SweePi/install_diagnostic/sweepi_real_bringup/share/sweepi_real_bringup/package.zsh'
[5.581s] Level 1:colcon.colcon_core.environment:create_file_with_runtime_dependencies(/home/sweepi/SweePi/install_diagnostic/sweepi_real_bringup/share/colcon-core/packages/sweepi_real_bringup)
[6.427s] Level 1:colcon.colcon_core.shell:create_environment_hook('sweepi_api_bridge', 'pythonpath_develop')
[6.427s] INFO:colcon.colcon_core.shell:Creating environment hook '/home/sweepi/SweePi/build_diagnostic/sweepi_api_bridge/share/sweepi_api_bridge/hook/pythonpath_develop.ps1'
[6.428s] DEBUG:colcon.colcon_core.event_handler.log_command:Invoked command in '/home/sweepi/SweePi/build_diagnostic/sweepi_api_bridge' returned '0': AMENT_PREFIX_PATH=/home/sweepi/SweePi/install_diagnostic/sweepi_robot_manager_interfaces:${AMENT_PREFIX_PATH} CMAKE_PREFIX_PATH=/home/sweepi/SweePi/install_diagnostic/sweepi_robot_manager_interfaces:${CMAKE_PREFIX_PATH} LD_LIBRARY_PATH=/home/sweepi/SweePi/install_diagnostic/sweepi_robot_manager_interfaces/lib:${LD_LIBRARY_PATH} PYTHONPATH=/home/sweepi/SweePi/build_diagnostic/sweepi_api_bridge/prefix_override:/usr/lib/python3/dist-packages/colcon_core/task/python/colcon_distutils_commands:/home/sweepi/SweePi/install_diagnostic/sweepi_api_bridge/lib/python3.12/site-packages:/home/sweepi/SweePi/install_diagnostic/sweepi_robot_manager_interfaces/lib/python3.12/site-packages:${PYTHONPATH} /usr/bin/python3 -W ignore:setup.py install is deprecated -W ignore:easy_install command is deprecated setup.py develop --editable --build-directory /home/sweepi/SweePi/build_diagnostic/sweepi_api_bridge/build --no-deps symlink_data
[6.429s] INFO:colcon.colcon_core.shell:Creating environment descriptor '/home/sweepi/SweePi/build_diagnostic/sweepi_api_bridge/share/sweepi_api_bridge/hook/pythonpath_develop.dsv'
[6.430s] INFO:colcon.colcon_core.shell:Creating environment hook '/home/sweepi/SweePi/build_diagnostic/sweepi_api_bridge/share/sweepi_api_bridge/hook/pythonpath_develop.sh'
[6.431s] Level 1:colcon.colcon_core.environment:checking '/home/sweepi/SweePi/install_diagnostic/sweepi_api_bridge' for CMake module files
[6.432s] Level 1:colcon.colcon_core.environment:checking '/home/sweepi/SweePi/install_diagnostic/sweepi_api_bridge' for CMake config files
[6.432s] Level 1:colcon.colcon_core.environment:checking '/home/sweepi/SweePi/install_diagnostic/sweepi_api_bridge/lib'
[6.433s] Level 1:colcon.colcon_core.environment:checking '/home/sweepi/SweePi/install_diagnostic/sweepi_api_bridge/bin'
[6.433s] Level 1:colcon.colcon_core.environment:checking '/home/sweepi/SweePi/install_diagnostic/sweepi_api_bridge/lib/pkgconfig/sweepi_api_bridge.pc'
[6.433s] Level 1:colcon.colcon_core.environment:checking '/home/sweepi/SweePi/install_diagnostic/sweepi_api_bridge/lib/python3.12/site-packages'
[6.433s] Level 1:colcon.colcon_core.shell:create_environment_hook('sweepi_api_bridge', 'pythonpath')
[6.433s] INFO:colcon.colcon_core.shell:Creating environment hook '/home/sweepi/SweePi/install_diagnostic/sweepi_api_bridge/share/sweepi_api_bridge/hook/pythonpath.ps1'
[6.434s] INFO:colcon.colcon_core.shell:Creating environment descriptor '/home/sweepi/SweePi/install_diagnostic/sweepi_api_bridge/share/sweepi_api_bridge/hook/pythonpath.dsv'
[6.435s] INFO:colcon.colcon_core.shell:Creating environment hook '/home/sweepi/SweePi/install_diagnostic/sweepi_api_bridge/share/sweepi_api_bridge/hook/pythonpath.sh'
[6.437s] Level 1:colcon.colcon_core.environment:checking '/home/sweepi/SweePi/install_diagnostic/sweepi_api_bridge/bin'
[6.437s] Level 1:colcon.colcon_core.environment:create_environment_scripts_only(sweepi_api_bridge)
[6.437s] INFO:colcon.colcon_core.shell:Creating package script '/home/sweepi/SweePi/install_diagnostic/sweepi_api_bridge/share/sweepi_api_bridge/package.ps1'
[6.438s] INFO:colcon.colcon_core.shell:Creating package descriptor '/home/sweepi/SweePi/install_diagnostic/sweepi_api_bridge/share/sweepi_api_bridge/package.dsv'
[6.439s] INFO:colcon.colcon_core.shell:Creating package script '/home/sweepi/SweePi/install_diagnostic/sweepi_api_bridge/share/sweepi_api_bridge/package.sh'
[6.440s] INFO:colcon.colcon_core.shell:Creating package script '/home/sweepi/SweePi/install_diagnostic/sweepi_api_bridge/share/sweepi_api_bridge/package.bash'
[6.442s] INFO:colcon.colcon_core.shell:Creating package script '/home/sweepi/SweePi/install_diagnostic/sweepi_api_bridge/share/sweepi_api_bridge/package.zsh'
[6.443s] Level 1:colcon.colcon_core.environment:create_file_with_runtime_dependencies(/home/sweepi/SweePi/install_diagnostic/sweepi_api_bridge/share/colcon-core/packages/sweepi_api_bridge)
[6.444s] INFO:colcon.colcon_ros.task.ament_cmake.build:Building ROS package in '/home/sweepi/SweePi/src/sweepi_robot_manager' with build type 'ament_cmake'
[6.444s] INFO:colcon.colcon_cmake.task.cmake.build:Building CMake package in '/home/sweepi/SweePi/src/sweepi_robot_manager'
[6.444s] INFO:colcon.colcon_core.shell:Skip shell extension 'powershell' for command environment: Not usable outside of PowerShell
[6.444s] DEBUG:colcon.colcon_core.shell:Skip shell extension 'dsv' for command environment
[6.485s] DEBUG:colcon.colcon_core.event_handler.log_command:Invoking command in '/home/sweepi/SweePi/build_diagnostic/sweepi_robot_manager': AMENT_PREFIX_PATH=/home/sweepi/SweePi/install_diagnostic/sweepi_real_bringup:/home/sweepi/SweePi/install_diagnostic/sweepi_exploration:/home/sweepi/SweePi/install_diagnostic/sweepi_bringup:/home/sweepi/SweePi/install_diagnostic/sweepi_api_bridge:/home/sweepi/SweePi/install_diagnostic/sweepi_temp_rpi_hardware:/home/sweepi/SweePi/install_diagnostic/sweepi_state_estimation:/home/sweepi/SweePi/install_diagnostic/sweepi_slam:/home/sweepi/SweePi/install_diagnostic/sweepi_robot_manager_interfaces:/home/sweepi/SweePi/install_diagnostic/sweepi_description:/home/sweepi/SweePi/install_diagnostic/sweepi_coverage:/home/sweepi/SweePi/install_diagnostic/sweepi_base_driver:/home/sweepi/SweePi/install_diagnostic/sllidar_ros2:${AMENT_PREFIX_PATH} CMAKE_PREFIX_PATH=/home/sweepi/SweePi/install_diagnostic/sweepi_real_bringup:/home/sweepi/SweePi/install_diagnostic/sweepi_exploration:/home/sweepi/SweePi/install_diagnostic/sweepi_bringup:/home/sweepi/SweePi/install_diagnostic/sweepi_state_estimation:/home/sweepi/SweePi/install_diagnostic/sweepi_slam:/home/sweepi/SweePi/install_diagnostic/sweepi_robot_manager_interfaces:/home/sweepi/SweePi/install_diagnostic/sweepi_description:/home/sweepi/SweePi/install_diagnostic/sweepi_coverage:/home/sweepi/SweePi/install_diagnostic/sllidar_ros2:/home/sweepi/SweePi/install/sweepi_robot_manager:/home/sweepi/SweePi/install/sweepi_real_bringup:/home/sweepi/SweePi/install/sweepi_state_estimation:/home/sweepi/SweePi/install/sweepi_exploration:/home/sweepi/SweePi/install/sweepi_bringup:/home/sweepi/SweePi/install/sweepi_slam:/home/sweepi/SweePi/install/sweepi_robot_manager_interfaces:/home/sweepi/SweePi/install/sweepi_description:/home/sweepi/SweePi/install/sweepi_coverage:/home/sweepi/SweePi/install/sllidar_ros2:/opt/ros/jazzy/opt/gz_sim_vendor:/opt/ros/jazzy/opt/gz_sensors_vendor:/opt/ros/jazzy/opt/gz_physics_vendor:/opt/ros/jazzy/opt/sdformat_vendor:/opt/ros/jazzy/opt/gz_gui_vendor:/opt/ros/jazzy/opt/gz_transport_vendor:/opt/ros/jazzy/opt/gz_rendering_vendor:/opt/ros/jazzy/opt/gz_plugin_vendor:/opt/ros/jazzy/opt/gz_fuel_tools_vendor:/opt/ros/jazzy/opt/gz_msgs_vendor:/opt/ros/jazzy/opt/gz_common_vendor:/opt/ros/jazzy/opt/gz_math_vendor:/opt/ros/jazzy/opt/gz_utils_vendor:/opt/ros/jazzy/opt/gz_tools_vendor:/opt/ros/jazzy/opt/gz_ogre_next_vendor:/opt/ros/jazzy/opt/gz_dartsim_vendor:/opt/ros/jazzy/opt/gz_cmake_vendor:/home/sweepi/SweePi/install/sweepi_temp_rpi_hardware:/home/sweepi/SweePi/install/sweepi_api_bridge:/home/sweepi/SweePi/install/sweepi_base_driver:/opt/ros/jazzy LD_LIBRARY_PATH=/home/sweepi/SweePi/install_diagnostic/sweepi_robot_manager_interfaces/lib:${LD_LIBRARY_PATH} PYTHONPATH=/home/sweepi/SweePi/install_diagnostic/sweepi_exploration/lib/python3.12/site-packages:/home/sweepi/SweePi/build_diagnostic/sweepi_api_bridge:/home/sweepi/SweePi/install_diagnostic/sweepi_api_bridge/lib/python3.12/site-packages:/home/sweepi/SweePi/build_diagnostic/sweepi_temp_rpi_hardware:/home/sweepi/SweePi/install_diagnostic/sweepi_temp_rpi_hardware/lib/python3.12/site-packages:/home/sweepi/SweePi/install_diagnostic/sweepi_robot_manager_interfaces/lib/python3.12/site-packages:/home/sweepi/SweePi/install_diagnostic/sweepi_coverage/lib/python3.12/site-packages:/home/sweepi/SweePi/build_diagnostic/sweepi_base_driver:/home/sweepi/SweePi/install_diagnostic/sweepi_base_driver/lib/python3.12/site-packages:${PYTHONPATH} /usr/bin/cmake --build /home/sweepi/SweePi/build_diagnostic/sweepi_robot_manager -- -j4 -l4
[7.142s] DEBUG:colcon.colcon_core.event_handler.log_command:Invoked command in '/home/sweepi/SweePi/build_diagnostic/sweepi_robot_manager' returned '0': AMENT_PREFIX_PATH=/home/sweepi/SweePi/install_diagnostic/sweepi_real_bringup:/home/sweepi/SweePi/install_diagnostic/sweepi_exploration:/home/sweepi/SweePi/install_diagnostic/sweepi_bringup:/home/sweepi/SweePi/install_diagnostic/sweepi_api_bridge:/home/sweepi/SweePi/install_diagnostic/sweepi_temp_rpi_hardware:/home/sweepi/SweePi/install_diagnostic/sweepi_state_estimation:/home/sweepi/SweePi/install_diagnostic/sweepi_slam:/home/sweepi/SweePi/install_diagnostic/sweepi_robot_manager_interfaces:/home/sweepi/SweePi/install_diagnostic/sweepi_description:/home/sweepi/SweePi/install_diagnostic/sweepi_coverage:/home/sweepi/SweePi/install_diagnostic/sweepi_base_driver:/home/sweepi/SweePi/install_diagnostic/sllidar_ros2:${AMENT_PREFIX_PATH} CMAKE_PREFIX_PATH=/home/sweepi/SweePi/install_diagnostic/sweepi_real_bringup:/home/sweepi/SweePi/install_diagnostic/sweepi_exploration:/home/sweepi/SweePi/install_diagnostic/sweepi_bringup:/home/sweepi/SweePi/install_diagnostic/sweepi_state_estimation:/home/sweepi/SweePi/install_diagnostic/sweepi_slam:/home/sweepi/SweePi/install_diagnostic/sweepi_robot_manager_interfaces:/home/sweepi/SweePi/install_diagnostic/sweepi_description:/home/sweepi/SweePi/install_diagnostic/sweepi_coverage:/home/sweepi/SweePi/install_diagnostic/sllidar_ros2:/home/sweepi/SweePi/install/sweepi_robot_manager:/home/sweepi/SweePi/install/sweepi_real_bringup:/home/sweepi/SweePi/install/sweepi_state_estimation:/home/sweepi/SweePi/install/sweepi_exploration:/home/sweepi/SweePi/install/sweepi_bringup:/home/sweepi/SweePi/install/sweepi_slam:/home/sweepi/SweePi/install/sweepi_robot_manager_interfaces:/home/sweepi/SweePi/install/sweepi_description:/home/sweepi/SweePi/install/sweepi_coverage:/home/sweepi/SweePi/install/sllidar_ros2:/opt/ros/jazzy/opt/gz_sim_vendor:/opt/ros/jazzy/opt/gz_sensors_vendor:/opt/ros/jazzy/opt/gz_physics_vendor:/opt/ros/jazzy/opt/sdformat_vendor:/opt/ros/jazzy/opt/gz_gui_vendor:/opt/ros/jazzy/opt/gz_transport_vendor:/opt/ros/jazzy/opt/gz_rendering_vendor:/opt/ros/jazzy/opt/gz_plugin_vendor:/opt/ros/jazzy/opt/gz_fuel_tools_vendor:/opt/ros/jazzy/opt/gz_msgs_vendor:/opt/ros/jazzy/opt/gz_common_vendor:/opt/ros/jazzy/opt/gz_math_vendor:/opt/ros/jazzy/opt/gz_utils_vendor:/opt/ros/jazzy/opt/gz_tools_vendor:/opt/ros/jazzy/opt/gz_ogre_next_vendor:/opt/ros/jazzy/opt/gz_dartsim_vendor:/opt/ros/jazzy/opt/gz_cmake_vendor:/home/sweepi/SweePi/install/sweepi_temp_rpi_hardware:/home/sweepi/SweePi/install/sweepi_api_bridge:/home/sweepi/SweePi/install/sweepi_base_driver:/opt/ros/jazzy LD_LIBRARY_PATH=/home/sweepi/SweePi/install_diagnostic/sweepi_robot_manager_interfaces/lib:${LD_LIBRARY_PATH} PYTHONPATH=/home/sweepi/SweePi/install_diagnostic/sweepi_exploration/lib/python3.12/site-packages:/home/sweepi/SweePi/build_diagnostic/sweepi_api_bridge:/home/sweepi/SweePi/install_diagnostic/sweepi_api_bridge/lib/python3.12/site-packages:/home/sweepi/SweePi/build_diagnostic/sweepi_temp_rpi_hardware:/home/sweepi/SweePi/install_diagnostic/sweepi_temp_rpi_hardware/lib/python3.12/site-packages:/home/sweepi/SweePi/install_diagnostic/sweepi_robot_manager_interfaces/lib/python3.12/site-packages:/home/sweepi/SweePi/install_diagnostic/sweepi_coverage/lib/python3.12/site-packages:/home/sweepi/SweePi/build_diagnostic/sweepi_base_driver:/home/sweepi/SweePi/install_diagnostic/sweepi_base_driver/lib/python3.12/site-packages:${PYTHONPATH} /usr/bin/cmake --build /home/sweepi/SweePi/build_diagnostic/sweepi_robot_manager -- -j4 -l4
[7.143s] DEBUG:colcon.colcon_core.event_handler.log_command:Invoking command in '/home/sweepi/SweePi/build_diagnostic/sweepi_robot_manager': AMENT_PREFIX_PATH=/home/sweepi/SweePi/install_diagnostic/sweepi_real_bringup:/home/sweepi/SweePi/install_diagnostic/sweepi_exploration:/home/sweepi/SweePi/install_diagnostic/sweepi_bringup:/home/sweepi/SweePi/install_diagnostic/sweepi_api_bridge:/home/sweepi/SweePi/install_diagnostic/sweepi_temp_rpi_hardware:/home/sweepi/SweePi/install_diagnostic/sweepi_state_estimation:/home/sweepi/SweePi/install_diagnostic/sweepi_slam:/home/sweepi/SweePi/install_diagnostic/sweepi_robot_manager_interfaces:/home/sweepi/SweePi/install_diagnostic/sweepi_description:/home/sweepi/SweePi/install_diagnostic/sweepi_coverage:/home/sweepi/SweePi/install_diagnostic/sweepi_base_driver:/home/sweepi/SweePi/install_diagnostic/sllidar_ros2:${AMENT_PREFIX_PATH} CMAKE_PREFIX_PATH=/home/sweepi/SweePi/install_diagnostic/sweepi_real_bringup:/home/sweepi/SweePi/install_diagnostic/sweepi_exploration:/home/sweepi/SweePi/install_diagnostic/sweepi_bringup:/home/sweepi/SweePi/install_diagnostic/sweepi_state_estimation:/home/sweepi/SweePi/install_diagnostic/sweepi_slam:/home/sweepi/SweePi/install_diagnostic/sweepi_robot_manager_interfaces:/home/sweepi/SweePi/install_diagnostic/sweepi_description:/home/sweepi/SweePi/install_diagnostic/sweepi_coverage:/home/sweepi/SweePi/install_diagnostic/sllidar_ros2:/home/sweepi/SweePi/install/sweepi_robot_manager:/home/sweepi/SweePi/install/sweepi_real_bringup:/home/sweepi/SweePi/install/sweepi_state_estimation:/home/sweepi/SweePi/install/sweepi_exploration:/home/sweepi/SweePi/install/sweepi_bringup:/home/sweepi/SweePi/install/sweepi_slam:/home/sweepi/SweePi/install/sweepi_robot_manager_interfaces:/home/sweepi/SweePi/install/sweepi_description:/home/sweepi/SweePi/install/sweepi_coverage:/home/sweepi/SweePi/install/sllidar_ros2:/opt/ros/jazzy/opt/gz_sim_vendor:/opt/ros/jazzy/opt/gz_sensors_vendor:/opt/ros/jazzy/opt/gz_physics_vendor:/opt/ros/jazzy/opt/sdformat_vendor:/opt/ros/jazzy/opt/gz_gui_vendor:/opt/ros/jazzy/opt/gz_transport_vendor:/opt/ros/jazzy/opt/gz_rendering_vendor:/opt/ros/jazzy/opt/gz_plugin_vendor:/opt/ros/jazzy/opt/gz_fuel_tools_vendor:/opt/ros/jazzy/opt/gz_msgs_vendor:/opt/ros/jazzy/opt/gz_common_vendor:/opt/ros/jazzy/opt/gz_math_vendor:/opt/ros/jazzy/opt/gz_utils_vendor:/opt/ros/jazzy/opt/gz_tools_vendor:/opt/ros/jazzy/opt/gz_ogre_next_vendor:/opt/ros/jazzy/opt/gz_dartsim_vendor:/opt/ros/jazzy/opt/gz_cmake_vendor:/home/sweepi/SweePi/install/sweepi_temp_rpi_hardware:/home/sweepi/SweePi/install/sweepi_api_bridge:/home/sweepi/SweePi/install/sweepi_base_driver:/opt/ros/jazzy LD_LIBRARY_PATH=/home/sweepi/SweePi/install_diagnostic/sweepi_robot_manager_interfaces/lib:${LD_LIBRARY_PATH} PYTHONPATH=/home/sweepi/SweePi/install_diagnostic/sweepi_exploration/lib/python3.12/site-packages:/home/sweepi/SweePi/build_diagnostic/sweepi_api_bridge:/home/sweepi/SweePi/install_diagnostic/sweepi_api_bridge/lib/python3.12/site-packages:/home/sweepi/SweePi/build_diagnostic/sweepi_temp_rpi_hardware:/home/sweepi/SweePi/install_diagnostic/sweepi_temp_rpi_hardware/lib/python3.12/site-packages:/home/sweepi/SweePi/install_diagnostic/sweepi_robot_manager_interfaces/lib/python3.12/site-packages:/home/sweepi/SweePi/install_diagnostic/sweepi_coverage/lib/python3.12/site-packages:/home/sweepi/SweePi/build_diagnostic/sweepi_base_driver:/home/sweepi/SweePi/install_diagnostic/sweepi_base_driver/lib/python3.12/site-packages:${PYTHONPATH} /usr/bin/cmake --install /home/sweepi/SweePi/build_diagnostic/sweepi_robot_manager
[7.273s] Level 1:colcon.colcon_core.environment:create_environment_scripts_only(sweepi_robot_manager)
[7.274s] Level 1:colcon.colcon_core.environment:checking '/home/sweepi/SweePi/install_diagnostic/sweepi_robot_manager' for CMake module files
[7.274s] DEBUG:colcon.colcon_core.event_handler.log_command:Invoked command in '/home/sweepi/SweePi/build_diagnostic/sweepi_robot_manager' returned '0': AMENT_PREFIX_PATH=/home/sweepi/SweePi/install_diagnostic/sweepi_real_bringup:/home/sweepi/SweePi/install_diagnostic/sweepi_exploration:/home/sweepi/SweePi/install_diagnostic/sweepi_bringup:/home/sweepi/SweePi/install_diagnostic/sweepi_api_bridge:/home/sweepi/SweePi/install_diagnostic/sweepi_temp_rpi_hardware:/home/sweepi/SweePi/install_diagnostic/sweepi_state_estimation:/home/sweepi/SweePi/install_diagnostic/sweepi_slam:/home/sweepi/SweePi/install_diagnostic/sweepi_robot_manager_interfaces:/home/sweepi/SweePi/install_diagnostic/sweepi_description:/home/sweepi/SweePi/install_diagnostic/sweepi_coverage:/home/sweepi/SweePi/install_diagnostic/sweepi_base_driver:/home/sweepi/SweePi/install_diagnostic/sllidar_ros2:${AMENT_PREFIX_PATH} CMAKE_PREFIX_PATH=/home/sweepi/SweePi/install_diagnostic/sweepi_real_bringup:/home/sweepi/SweePi/install_diagnostic/sweepi_exploration:/home/sweepi/SweePi/install_diagnostic/sweepi_bringup:/home/sweepi/SweePi/install_diagnostic/sweepi_state_estimation:/home/sweepi/SweePi/install_diagnostic/sweepi_slam:/home/sweepi/SweePi/install_diagnostic/sweepi_robot_manager_interfaces:/home/sweepi/SweePi/install_diagnostic/sweepi_description:/home/sweepi/SweePi/install_diagnostic/sweepi_coverage:/home/sweepi/SweePi/install_diagnostic/sllidar_ros2:/home/sweepi/SweePi/install/sweepi_robot_manager:/home/sweepi/SweePi/install/sweepi_real_bringup:/home/sweepi/SweePi/install/sweepi_state_estimation:/home/sweepi/SweePi/install/sweepi_exploration:/home/sweepi/SweePi/install/sweepi_bringup:/home/sweepi/SweePi/install/sweepi_slam:/home/sweepi/SweePi/install/sweepi_robot_manager_interfaces:/home/sweepi/SweePi/install/sweepi_description:/home/sweepi/SweePi/install/sweepi_coverage:/home/sweepi/SweePi/install/sllidar_ros2:/opt/ros/jazzy/opt/gz_sim_vendor:/opt/ros/jazzy/opt/gz_sensors_vendor:/opt/ros/jazzy/opt/gz_physics_vendor:/opt/ros/jazzy/opt/sdformat_vendor:/opt/ros/jazzy/opt/gz_gui_vendor:/opt/ros/jazzy/opt/gz_transport_vendor:/opt/ros/jazzy/opt/gz_rendering_vendor:/opt/ros/jazzy/opt/gz_plugin_vendor:/opt/ros/jazzy/opt/gz_fuel_tools_vendor:/opt/ros/jazzy/opt/gz_msgs_vendor:/opt/ros/jazzy/opt/gz_common_vendor:/opt/ros/jazzy/opt/gz_math_vendor:/opt/ros/jazzy/opt/gz_utils_vendor:/opt/ros/jazzy/opt/gz_tools_vendor:/opt/ros/jazzy/opt/gz_ogre_next_vendor:/opt/ros/jazzy/opt/gz_dartsim_vendor:/opt/ros/jazzy/opt/gz_cmake_vendor:/home/sweepi/SweePi/install/sweepi_temp_rpi_hardware:/home/sweepi/SweePi/install/sweepi_api_bridge:/home/sweepi/SweePi/install/sweepi_base_driver:/opt/ros/jazzy LD_LIBRARY_PATH=/home/sweepi/SweePi/install_diagnostic/sweepi_robot_manager_interfaces/lib:${LD_LIBRARY_PATH} PYTHONPATH=/home/sweepi/SweePi/install_diagnostic/sweepi_exploration/lib/python3.12/site-packages:/home/sweepi/SweePi/build_diagnostic/sweepi_api_bridge:/home/sweepi/SweePi/install_diagnostic/sweepi_api_bridge/lib/python3.12/site-packages:/home/sweepi/SweePi/build_diagnostic/sweepi_temp_rpi_hardware:/home/sweepi/SweePi/install_diagnostic/sweepi_temp_rpi_hardware/lib/python3.12/site-packages:/home/sweepi/SweePi/install_diagnostic/sweepi_robot_manager_interfaces/lib/python3.12/site-packages:/home/sweepi/SweePi/install_diagnostic/sweepi_coverage/lib/python3.12/site-packages:/home/sweepi/SweePi/build_diagnostic/sweepi_base_driver:/home/sweepi/SweePi/install_diagnostic/sweepi_base_driver/lib/python3.12/site-packages:${PYTHONPATH} /usr/bin/cmake --install /home/sweepi/SweePi/build_diagnostic/sweepi_robot_manager
[7.275s] Level 1:colcon.colcon_core.environment:checking '/home/sweepi/SweePi/install_diagnostic/sweepi_robot_manager' for CMake config files
[7.275s] Level 1:colcon.colcon_core.shell:create_environment_hook('sweepi_robot_manager', 'cmake_prefix_path')
[7.276s] INFO:colcon.colcon_core.shell:Creating environment hook '/home/sweepi/SweePi/install_diagnostic/sweepi_robot_manager/share/sweepi_robot_manager/hook/cmake_prefix_path.ps1'
[7.276s] INFO:colcon.colcon_core.shell:Creating environment descriptor '/home/sweepi/SweePi/install_diagnostic/sweepi_robot_manager/share/sweepi_robot_manager/hook/cmake_prefix_path.dsv'
[7.278s] INFO:colcon.colcon_core.shell:Creating environment hook '/home/sweepi/SweePi/install_diagnostic/sweepi_robot_manager/share/sweepi_robot_manager/hook/cmake_prefix_path.sh'
[7.279s] Level 1:colcon.colcon_core.environment:checking '/home/sweepi/SweePi/install_diagnostic/sweepi_robot_manager/lib'
[7.279s] Level 1:colcon.colcon_core.environment:checking '/home/sweepi/SweePi/install_diagnostic/sweepi_robot_manager/bin'
[7.279s] Level 1:colcon.colcon_core.environment:checking '/home/sweepi/SweePi/install_diagnostic/sweepi_robot_manager/lib/pkgconfig/sweepi_robot_manager.pc'
[7.279s] Level 1:colcon.colcon_core.environment:checking '/home/sweepi/SweePi/install_diagnostic/sweepi_robot_manager/lib/python3.12/site-packages'
[7.279s] Level 1:colcon.colcon_core.shell:create_environment_hook('sweepi_robot_manager', 'pythonpath')
[7.280s] INFO:colcon.colcon_core.shell:Creating environment hook '/home/sweepi/SweePi/install_diagnostic/sweepi_robot_manager/share/sweepi_robot_manager/hook/pythonpath.ps1'
[7.280s] INFO:colcon.colcon_core.shell:Creating environment descriptor '/home/sweepi/SweePi/install_diagnostic/sweepi_robot_manager/share/sweepi_robot_manager/hook/pythonpath.dsv'
[7.281s] INFO:colcon.colcon_core.shell:Creating environment hook '/home/sweepi/SweePi/install_diagnostic/sweepi_robot_manager/share/sweepi_robot_manager/hook/pythonpath.sh'
[7.283s] Level 1:colcon.colcon_core.environment:checking '/home/sweepi/SweePi/install_diagnostic/sweepi_robot_manager/bin'
[7.283s] INFO:colcon.colcon_core.shell:Creating package script '/home/sweepi/SweePi/install_diagnostic/sweepi_robot_manager/share/sweepi_robot_manager/package.ps1'
[7.284s] INFO:colcon.colcon_core.shell:Creating package descriptor '/home/sweepi/SweePi/install_diagnostic/sweepi_robot_manager/share/sweepi_robot_manager/package.dsv'
[7.285s] INFO:colcon.colcon_core.shell:Creating package script '/home/sweepi/SweePi/install_diagnostic/sweepi_robot_manager/share/sweepi_robot_manager/package.sh'
[7.285s] INFO:colcon.colcon_core.shell:Creating package script '/home/sweepi/SweePi/install_diagnostic/sweepi_robot_manager/share/sweepi_robot_manager/package.bash'
[7.289s] INFO:colcon.colcon_core.shell:Creating package script '/home/sweepi/SweePi/install_diagnostic/sweepi_robot_manager/share/sweepi_robot_manager/package.zsh'
[7.290s] Level 1:colcon.colcon_core.environment:create_file_with_runtime_dependencies(/home/sweepi/SweePi/install_diagnostic/sweepi_robot_manager/share/colcon-core/packages/sweepi_robot_manager)
[7.292s] Level 1:colcon.colcon_core.environment:create_environment_scripts_only(sweepi_robot_manager)
[7.292s] Level 1:colcon.colcon_core.environment:checking '/home/sweepi/SweePi/install_diagnostic/sweepi_robot_manager' for CMake module files
[7.293s] Level 1:colcon.colcon_core.environment:checking '/home/sweepi/SweePi/install_diagnostic/sweepi_robot_manager' for CMake config files
[7.294s] Level 1:colcon.colcon_core.shell:create_environment_hook('sweepi_robot_manager', 'cmake_prefix_path')
[7.294s] INFO:colcon.colcon_core.shell:Creating environment hook '/home/sweepi/SweePi/install_diagnostic/sweepi_robot_manager/share/sweepi_robot_manager/hook/cmake_prefix_path.ps1'
[7.295s] INFO:colcon.colcon_core.shell:Creating environment descriptor '/home/sweepi/SweePi/install_diagnostic/sweepi_robot_manager/share/sweepi_robot_manager/hook/cmake_prefix_path.dsv'
[7.296s] INFO:colcon.colcon_core.shell:Creating environment hook '/home/sweepi/SweePi/install_diagnostic/sweepi_robot_manager/share/sweepi_robot_manager/hook/cmake_prefix_path.sh'
[7.297s] Level 1:colcon.colcon_core.environment:checking '/home/sweepi/SweePi/install_diagnostic/sweepi_robot_manager/lib'
[7.297s] Level 1:colcon.colcon_core.environment:checking '/home/sweepi/SweePi/install_diagnostic/sweepi_robot_manager/bin'
[7.297s] Level 1:colcon.colcon_core.environment:checking '/home/sweepi/SweePi/install_diagnostic/sweepi_robot_manager/lib/pkgconfig/sweepi_robot_manager.pc'
[7.298s] Level 1:colcon.colcon_core.environment:checking '/home/sweepi/SweePi/install_diagnostic/sweepi_robot_manager/lib/python3.12/site-packages'
[7.298s] Level 1:colcon.colcon_core.shell:create_environment_hook('sweepi_robot_manager', 'pythonpath')
[7.298s] INFO:colcon.colcon_core.shell:Creating environment hook '/home/sweepi/SweePi/install_diagnostic/sweepi_robot_manager/share/sweepi_robot_manager/hook/pythonpath.ps1'
[7.299s] INFO:colcon.colcon_core.shell:Creating environment descriptor '/home/sweepi/SweePi/install_diagnostic/sweepi_robot_manager/share/sweepi_robot_manager/hook/pythonpath.dsv'
[7.300s] INFO:colcon.colcon_core.shell:Creating environment hook '/home/sweepi/SweePi/install_diagnostic/sweepi_robot_manager/share/sweepi_robot_manager/hook/pythonpath.sh'
[7.301s] Level 1:colcon.colcon_core.environment:checking '/home/sweepi/SweePi/install_diagnostic/sweepi_robot_manager/bin'
[7.302s] INFO:colcon.colcon_core.shell:Creating package script '/home/sweepi/SweePi/install_diagnostic/sweepi_robot_manager/share/sweepi_robot_manager/package.ps1'
[7.303s] INFO:colcon.colcon_core.shell:Creating package descriptor '/home/sweepi/SweePi/install_diagnostic/sweepi_robot_manager/share/sweepi_robot_manager/package.dsv'
[7.304s] INFO:colcon.colcon_core.shell:Creating package script '/home/sweepi/SweePi/install_diagnostic/sweepi_robot_manager/share/sweepi_robot_manager/package.sh'
[7.305s] INFO:colcon.colcon_core.shell:Creating package script '/home/sweepi/SweePi/install_diagnostic/sweepi_robot_manager/share/sweepi_robot_manager/package.bash'
[7.306s] INFO:colcon.colcon_core.shell:Creating package script '/home/sweepi/SweePi/install_diagnostic/sweepi_robot_manager/share/sweepi_robot_manager/package.zsh'
[7.307s] Level 1:colcon.colcon_core.environment:create_file_with_runtime_dependencies(/home/sweepi/SweePi/install_diagnostic/sweepi_robot_manager/share/colcon-core/packages/sweepi_robot_manager)
[7.308s] DEBUG:colcon.colcon_parallel_executor.executor.parallel:closing loop
[7.308s] DEBUG:colcon.colcon_parallel_executor.executor.parallel:loop closed
[7.308s] DEBUG:colcon.colcon_parallel_executor.executor.parallel:run_until_complete finished with '0'
[7.309s] DEBUG:colcon.colcon_core.event_reactor:joining thread
[7.310s] DEBUG:colcon.colcon_core.event_reactor:joined thread
[7.310s] INFO:colcon.colcon_core.shell:Creating prefix script '/home/sweepi/SweePi/install_diagnostic/local_setup.ps1'
[7.311s] INFO:colcon.colcon_core.shell:Creating prefix util module '/home/sweepi/SweePi/install_diagnostic/_local_setup_util_ps1.py'
[7.315s] INFO:colcon.colcon_core.shell:Creating prefix chain script '/home/sweepi/SweePi/install_diagnostic/setup.ps1'
[7.318s] INFO:colcon.colcon_core.shell:Creating prefix script '/home/sweepi/SweePi/install_diagnostic/local_setup.sh'
[7.319s] INFO:colcon.colcon_core.shell:Creating prefix util module '/home/sweepi/SweePi/install_diagnostic/_local_setup_util_sh.py'
[7.320s] INFO:colcon.colcon_core.shell:Creating prefix chain script '/home/sweepi/SweePi/install_diagnostic/setup.sh'
[7.323s] INFO:colcon.colcon_core.shell:Creating prefix script '/home/sweepi/SweePi/install_diagnostic/local_setup.bash'
[7.324s] INFO:colcon.colcon_core.shell:Creating prefix chain script '/home/sweepi/SweePi/install_diagnostic/setup.bash'
[7.326s] INFO:colcon.colcon_core.shell:Creating prefix script '/home/sweepi/SweePi/install_diagnostic/local_setup.zsh'
[7.326s] INFO:colcon.colcon_core.shell:Creating prefix chain script '/home/sweepi/SweePi/install_diagnostic/setup.zsh'
