[INFO] [launch]: All log files can be found below /home/sweepi/.ros/log/2026-07-12-03-50-31-652758-sweepi-12679
[INFO] [launch]: Default logging verbosity is set to INFO
[INFO] [base_driver_node-1]: process started with pid [12699]
[INFO] [ekf_node-2]: process started with pid [12700]
[INFO] [sllidar_node-3]: process started with pid [12701]
[INFO] [robot_state_publisher-4]: process started with pid [12702]
[INFO] [sweepi_robot_manager_node.py-5]: process started with pid [12703]
[INFO] [api_bridge_node-6]: process started with pid [12704]
[sllidar_node-3] [INFO] [1783808432.111064012] [sllidar_node]: SLLidar running on ROS2 package SLLidar.ROS2 SDK Version:1.0.1, SLLIDAR SDK Version:2.1.0
[ekf_node-2] [ERROR] [1783808432.112836170] [ekf_filter_node]: Warning: /imu/data is listed as an input topic, but all its update variables are false
[robot_state_publisher-4] [INFO] [1783808432.171215403] [robot_state_publisher]: Robot initialized
[sllidar_node-3] [INFO] [1783808432.632726197] [sllidar_node]: SLLidar S/N: 6325E0F6C1E092D4A19E9FF9F389461A
[sllidar_node-3] [INFO] [1783808432.632855310] [sllidar_node]: Firmware Ver: 1.02
[sllidar_node-3] [INFO] [1783808432.632874162] [sllidar_node]: Hardware Rev: 18
[sllidar_node-3] [INFO] [1783808432.635532352] [sllidar_node]: SLLidar health status : 0
[sllidar_node-3] [INFO] [1783808432.635633909] [sllidar_node]: SLLidar health status : OK.
[sllidar_node-3] [INFO] [1783808432.920058493] [sllidar_node]: current scan mode: Standard, sample rate: 5 Khz, max_distance: 16.0 m, scan frequency:10.0 Hz, 
[sweepi_robot_manager_node.py-5] [INFO] [1783808433.149911090] [sweepi_robot_manager]: SweePi robot manager ready for service commands
[base_driver_node-1] [INFO] [1783808433.436485284] [base_driver_node]: SweePi base driver starting on /dev/ttyAMA0 at 115200 baud
[base_driver_node-1] [INFO] [1783808433.437136905] [base_driver_node]: Base driver parameters: serial_port=/dev/ttyAMA0, baud_rate=115200, wheel_radius=0.0615, wheel_separation=0.29, ticks_per_revolution=7392.0, left_encoder_sign=1.0, right_encoder_sign=1.0, left_motor_command_sign=1.0, right_motor_command_sign=1.0, command_rate_hz=50.0, feedback_poll_rate_hz=100.0, cmd_vel_timeout=0.5, gyro_units=rad_s, accel_units=m_s2
[base_driver_node-1] [INFO] [1783808433.438573965] [base_driver_node]: Connected to STM32 on /dev/ttyAMA0
[api_bridge_node-6] [INFO] [1783808433.475021316] [sweepi_api_bridge]: SweePi API bridge listening on http://0.0.0.0:8080/api
[api_bridge_node-6] [INFO] [1783808435.610606797] [sweepi_api_bridge]: HTTP "GET /api/system/health HTTP/1.1" 200 -
[api_bridge_node-6] [INFO] [1783808449.492766992] [sweepi_api_bridge]: HTTP "GET /api/cleaning/status HTTP/1.1" 200 -
[api_bridge_node-6] [INFO] [1783808449.507440040] [sweepi_api_bridge]: HTTP "GET /api/robot/status HTTP/1.1" 200 -
[sweepi_robot_manager_node.py-5] [INFO] [1783808467.861550661] [sweepi_robot_manager]: coverage launch started: /opt/ros/jazzy/bin/ros2 launch sweepi_robot_manager coverage_task.launch.py map_name:=living_room auto_start:=false use_sim_time:=false use_robot_arm:=false
[api_bridge_node-6] [INFO] [1783808467.866377904] [sweepi_api_bridge]: HTTP "POST /api/cleaning/start HTTP/1.1" 200 -
[sweepi_robot_manager_node.py-5] [INFO] [launch]: All log files can be found below /home/sweepi/.ros/log/2026-07-12-03-51-08-334579-sweepi-12851
[sweepi_robot_manager_node.py-5] [INFO] [launch]: Default logging verbosity is set to INFO
[sweepi_robot_manager_node.py-5] [INFO] [component_container_isolated-1]: process started with pid [12873]
[sweepi_robot_manager_node.py-5] [INFO] [coverage_tracker_node.py-2]: process started with pid [12874]
[sweepi_robot_manager_node.py-5] [INFO] [coverage_planner_node.py-3]: process started with pid [12875]
[sweepi_robot_manager_node.py-5] [INFO] [coverage_arm_follow_path_executor_node.py-4]: process started with pid [12876]
[sweepi_robot_manager_node.py-5] [INFO] [coverage_manager_node.py-5]: process started with pid [12877]
[sweepi_robot_manager_node.py-5] [coverage_manager_node.py-5] [INFO] [1783808471.175443262] [coverage_manager_node]: Coverage manager placeholder started; no coverage workflow is active.
[sweepi_robot_manager_node.py-5] [coverage_tracker_node.py-2] [INFO] [1783808472.386881980] [coverage_tracker_node]: Coverage tracker started: map=/map, coverage=/coverage_map, TF=map -> base_footprint
[sweepi_robot_manager_node.py-5] [coverage_planner_node.py-3] [INFO] [1783808472.588642388] [coverage_planner_node]: Coverage planner started: coverage_map=/coverage_map, nav_costmap=/global_costmap/costmap, path=/coverage_path, mask=/coverage_planning_mask, percentage=/coverage_percentage, stats=/coverage_stats, direction=auto, use_nav_costmap=true, robot_radius=0.20m, safety_margin=0.10m, inflation_radius=0.24m
[sweepi_robot_manager_node.py-5] [coverage_arm_follow_path_executor_node.py-4] [INFO] [1783808473.374492778] [coverage_follow_path_executor_node]: Coverage FollowPath executor started: action=/follow_path controller_id=FollowPath smoother_action=/smooth_path smoother_id=simple_smoother path=/coverage_path raw=/coverage_path_raw smoothed=/coverage_smoothed_path active=/coverage_active_path costmap=/global_costmap/costmap. This mode uses FollowPath, not NavigateThroughPoses. dynamic_obstacle_skip=true local_costmap=/local_costmap/costmap static_map=/map
[sweepi_robot_manager_node.py-5] [coverage_arm_follow_path_executor_node.py-4] [INFO] [1783808473.375168733] [coverage_follow_path_executor_node]: Loaded dynamic obstacle parameters: dynamic_rejoin_max_search_distance_m=5.00 dynamic_progress_search_forward_m=1.00 dynamic_max_rejoin_candidates=100 dynamic_rejoin_min_clearance_m=0.03 dynamic_collision_check_radius_m=0.23 dynamic_connector_goal_tolerance_m=0.15 dynamic_skip_replan_cooldown_sec=3.00 dynamic_skip_max_consecutive_failures=5
[sweepi_robot_manager_node.py-5] [coverage_arm_follow_path_executor_node.py-4] [INFO] [1783808473.416958493] [coverage_follow_path_executor_node]: [COVERAGE_ARM] IDLE use_robot_arm=false inflated_promotion=true front_lidar_threshold_m=0.50 front_tof_clear_threshold_m=0.50
[sweepi_robot_manager_node.py-5] [component_container_isolated-1] [INFO] [1783808473.647494307] [nav2_container]: Load Library: /opt/ros/jazzy/lib/libmap_server_core.so
[sweepi_robot_manager_node.py-5] [component_container_isolated-1] [INFO] [1783808473.673331239] [nav2_container]: Found class: rclcpp_components::NodeFactoryTemplate<nav2_map_server::CostmapFilterInfoServer>
[sweepi_robot_manager_node.py-5] [component_container_isolated-1] [INFO] [1783808473.673399684] [nav2_container]: Found class: rclcpp_components::NodeFactoryTemplate<nav2_map_server::MapSaver>
[sweepi_robot_manager_node.py-5] [component_container_isolated-1] [INFO] [1783808473.673411221] [nav2_container]: Found class: rclcpp_components::NodeFactoryTemplate<nav2_map_server::MapServer>
[sweepi_robot_manager_node.py-5] [component_container_isolated-1] [INFO] [1783808473.673420999] [nav2_container]: Instantiate class: rclcpp_components::NodeFactoryTemplate<nav2_map_server::MapServer>
[sweepi_robot_manager_node.py-5] [component_container_isolated-1] [INFO] [1783808473.720045004] [map_server]: 
[sweepi_robot_manager_node.py-5] [component_container_isolated-1] 	map_server lifecycle node launched. 
[sweepi_robot_manager_node.py-5] [component_container_isolated-1] 	Waiting on external lifecycle transitions to activate
[sweepi_robot_manager_node.py-5] [component_container_isolated-1] 	See https://design.ros2.org/articles/node_lifecycle.html for more information.
[sweepi_robot_manager_node.py-5] [component_container_isolated-1] [INFO] [1783808473.720138487] [map_server]: Creating
[sweepi_robot_manager_node.py-5] [component_container_isolated-1] [INFO] [1783808473.721063205] [nav2_container]: Load Library: /opt/ros/jazzy/lib/libamcl_core.so
[sweepi_robot_manager_node.py-5] [INFO] [launch_ros.actions.load_composable_nodes]: Loaded node '/map_server' in container '/nav2_container'
[sweepi_robot_manager_node.py-5] [component_container_isolated-1] [INFO] [1783808473.729038462] [nav2_container]: Found class: rclcpp_components::NodeFactoryTemplate<nav2_amcl::AmclNode>
[sweepi_robot_manager_node.py-5] [component_container_isolated-1] [INFO] [1783808473.729111815] [nav2_container]: Instantiate class: rclcpp_components::NodeFactoryTemplate<nav2_amcl::AmclNode>
[sweepi_robot_manager_node.py-5] [component_container_isolated-1] [INFO] [1783808473.775075902] [amcl]: 
[sweepi_robot_manager_node.py-5] [component_container_isolated-1] 	amcl lifecycle node launched. 
[sweepi_robot_manager_node.py-5] [component_container_isolated-1] 	Waiting on external lifecycle transitions to activate
[sweepi_robot_manager_node.py-5] [component_container_isolated-1] 	See https://design.ros2.org/articles/node_lifecycle.html for more information.
[sweepi_robot_manager_node.py-5] [component_container_isolated-1] [INFO] [1783808473.776143382] [amcl]: Creating
[sweepi_robot_manager_node.py-5] [INFO] [launch_ros.actions.load_composable_nodes]: Loaded node '/amcl' in container '/nav2_container'
[sweepi_robot_manager_node.py-5] [component_container_isolated-1] [INFO] [1783808473.784005267] [nav2_container]: Load Library: /opt/ros/jazzy/lib/libnav2_lifecycle_manager_core.so
[sweepi_robot_manager_node.py-5] [component_container_isolated-1] [INFO] [1783808473.785685201] [nav2_container]: Found class: rclcpp_components::NodeFactoryTemplate<nav2_lifecycle_manager::LifecycleManager>
[sweepi_robot_manager_node.py-5] [component_container_isolated-1] [INFO] [1783808473.785735794] [nav2_container]: Instantiate class: rclcpp_components::NodeFactoryTemplate<nav2_lifecycle_manager::LifecycleManager>
[sweepi_robot_manager_node.py-5] [component_container_isolated-1] [INFO] [1783808473.823415693] [lifecycle_manager_localization]: Creating
[sweepi_robot_manager_node.py-5] [INFO] [launch_ros.actions.load_composable_nodes]: Loaded node '/lifecycle_manager_localization' in container '/nav2_container'
[sweepi_robot_manager_node.py-5] [component_container_isolated-1] [INFO] [1783808473.834595705] [lifecycle_manager_localization]: [34m[1mCreating and initializing lifecycle service clients[0m[0m
[sweepi_robot_manager_node.py-5] [component_container_isolated-1] [INFO] [1783808473.855009957] [lifecycle_manager_localization]: [34m[1mStarting managed nodes bringup...[0m[0m
[sweepi_robot_manager_node.py-5] [component_container_isolated-1] [INFO] [1783808473.855101199] [lifecycle_manager_localization]: [34m[1mConfiguring map_server[0m[0m
[sweepi_robot_manager_node.py-5] [component_container_isolated-1] [INFO] [1783808473.855506520] [map_server]: Configuring
[sweepi_robot_manager_node.py-5] [component_container_isolated-1] [INFO] [1783808473.855610078] [map_io]: Loading yaml file: /home/sweepi/SweePi/maps/living_room.yaml
[sweepi_robot_manager_node.py-5] [component_container_isolated-1] [INFO] [1783808473.856056122] [map_io]: resolution: 0.05
[sweepi_robot_manager_node.py-5] [component_container_isolated-1] [INFO] [1783808473.856080604] [map_io]: origin[0]: -7.20409
[sweepi_robot_manager_node.py-5] [component_container_isolated-1] [INFO] [1783808473.856087530] [map_io]: origin[1]: -8.17541
[sweepi_robot_manager_node.py-5] [component_container_isolated-1] [INFO] [1783808473.856093308] [map_io]: origin[2]: 0
[sweepi_robot_manager_node.py-5] [component_container_isolated-1] [INFO] [1783808473.856099141] [map_io]: free_thresh: 0.196
[sweepi_robot_manager_node.py-5] [component_container_isolated-1] [INFO] [1783808473.856104308] [map_io]: occupied_thresh: 0.65
[sweepi_robot_manager_node.py-5] [component_container_isolated-1] [INFO] [1783808473.856113178] [map_io]: mode: trinary
[sweepi_robot_manager_node.py-5] [component_container_isolated-1] [INFO] [1783808473.856119641] [map_io]: negate: 0
[sweepi_robot_manager_node.py-5] [component_container_isolated-1] [INFO] [1783808473.856471443] [map_io]: Loading image_file: /home/sweepi/SweePi/maps/living_room.pgm
[sweepi_robot_manager_node.py-5] [component_container_isolated-1] [INFO] [1783808473.858829907] [map_io]: Read map /home/sweepi/SweePi/maps/living_room.pgm: 243 X 269 map @ 0.05 m/cell
[sweepi_robot_manager_node.py-5] [component_container_isolated-1] [INFO] [1783808473.874798477] [nav2_container]: Load Library: /opt/ros/jazzy/lib/libcontroller_server_core.so
[sweepi_robot_manager_node.py-5] [component_container_isolated-1] [INFO] [1783808473.876712711] [lifecycle_manager_localization]: [34m[1mConfiguring amcl[0m[0m
[sweepi_robot_manager_node.py-5] [component_container_isolated-1] [INFO] [1783808473.876932548] [amcl]: Configuring
[sweepi_robot_manager_node.py-5] [component_container_isolated-1] [INFO] [1783808473.877067069] [amcl]: initTransforms
[sweepi_robot_manager_node.py-5] [component_container_isolated-1] [INFO] [1783808473.879822464] [nav2_container]: Found class: rclcpp_components::NodeFactoryTemplate<nav2_controller::ControllerServer>
[sweepi_robot_manager_node.py-5] [component_container_isolated-1] [INFO] [1783808473.879890206] [nav2_container]: Instantiate class: rclcpp_components::NodeFactoryTemplate<nav2_controller::ControllerServer>
[sweepi_robot_manager_node.py-5] [component_container_isolated-1] [INFO] [1783808473.913945843] [amcl]: initPubSub
[sweepi_robot_manager_node.py-5] [component_container_isolated-1] [INFO] [1783808473.950005345] [amcl]: Subscribed to map topic.
[sweepi_robot_manager_node.py-5] [component_container_isolated-1] [INFO] [1783808473.968220599] [controller_server]: 
[sweepi_robot_manager_node.py-5] [component_container_isolated-1] 	controller_server lifecycle node launched. 
[sweepi_robot_manager_node.py-5] [component_container_isolated-1] 	Waiting on external lifecycle transitions to activate
[sweepi_robot_manager_node.py-5] [component_container_isolated-1] 	See https://design.ros2.org/articles/node_lifecycle.html for more information.
[sweepi_robot_manager_node.py-5] [component_container_isolated-1] [INFO] [1783808473.974435884] [lifecycle_manager_localization]: [34m[1mActivating map_server[0m[0m
[sweepi_robot_manager_node.py-5] [component_container_isolated-1] [INFO] [1783808473.974762648] [map_server]: Activating
[sweepi_robot_manager_node.py-5] [component_container_isolated-1] [INFO] [1783808473.975388418] [map_server]: Creating bond (map_server) to lifecycle manager.
[sweepi_robot_manager_node.py-5] [component_container_isolated-1] [INFO] [1783808473.977647565] [amcl]: Received a 243 X 269 map @ 0.050 m/pix
[sweepi_robot_manager_node.py-5] [coverage_arm_follow_path_executor_node.py-4] [INFO] [1783808473.978246686] [coverage_follow_path_executor_node]: Static map received for dynamic obstacle reference: topic=/map frame=map size=243x269 resolution=0.050 occupied_threshold=50
[sweepi_robot_manager_node.py-5] [component_container_isolated-1] [INFO] [1783808473.990886184] [controller_server]: Creating controller server
[sweepi_robot_manager_node.py-5] [component_container_isolated-1] [INFO] [1783808474.048605625] [local_costmap.local_costmap]: 
[sweepi_robot_manager_node.py-5] [component_container_isolated-1] 	local_costmap lifecycle node launched. 
[sweepi_robot_manager_node.py-5] [component_container_isolated-1] 	Waiting on external lifecycle transitions to activate
[sweepi_robot_manager_node.py-5] [component_container_isolated-1] 	See https://design.ros2.org/articles/node_lifecycle.html for more information.
[sweepi_robot_manager_node.py-5] [component_container_isolated-1] [INFO] [1783808474.050327078] [local_costmap.local_costmap]: Creating Costmap
[sweepi_robot_manager_node.py-5] [INFO] [launch_ros.actions.load_composable_nodes]: Loaded node '/controller_server' in container '/nav2_container'
[sweepi_robot_manager_node.py-5] [component_container_isolated-1] [INFO] [1783808474.058445893] [nav2_container]: Load Library: /opt/ros/jazzy/lib/libsmoother_server_core.so
[sweepi_robot_manager_node.py-5] [component_container_isolated-1] [INFO] [1783808474.062412216] [nav2_container]: Found class: rclcpp_components::NodeFactoryTemplate<nav2_smoother::SmootherServer>
[sweepi_robot_manager_node.py-5] [component_container_isolated-1] [INFO] [1783808474.062515051] [nav2_container]: Instantiate class: rclcpp_components::NodeFactoryTemplate<nav2_smoother::SmootherServer>
[sweepi_robot_manager_node.py-5] [component_container_isolated-1] [INFO] [1783808474.095417447] [lifecycle_manager_localization]: Server map_server connected with bond.
[sweepi_robot_manager_node.py-5] [component_container_isolated-1] [INFO] [1783808474.095509282] [lifecycle_manager_localization]: [34m[1mActivating amcl[0m[0m
[sweepi_robot_manager_node.py-5] [component_container_isolated-1] [INFO] [1783808474.095908548] [amcl]: Activating
[sweepi_robot_manager_node.py-5] [component_container_isolated-1] [INFO] [1783808474.095986790] [amcl]: Creating bond (amcl) to lifecycle manager.
[sweepi_robot_manager_node.py-5] [component_container_isolated-1] [INFO] [1783808474.117723915] [smoother_server]: 
[sweepi_robot_manager_node.py-5] [component_container_isolated-1] 	smoother_server lifecycle node launched. 
[sweepi_robot_manager_node.py-5] [component_container_isolated-1] 	Waiting on external lifecycle transitions to activate
[sweepi_robot_manager_node.py-5] [component_container_isolated-1] 	See https://design.ros2.org/articles/node_lifecycle.html for more information.
[sweepi_robot_manager_node.py-5] [component_container_isolated-1] [INFO] [1783808474.126316404] [smoother_server]: Creating smoother server
[sweepi_robot_manager_node.py-5] [INFO] [launch_ros.actions.load_composable_nodes]: Loaded node '/smoother_server' in container '/nav2_container'
[sweepi_robot_manager_node.py-5] [component_container_isolated-1] [INFO] [1783808474.131370504] [nav2_container]: Load Library: /opt/ros/jazzy/lib/libplanner_server_core.so
[sweepi_robot_manager_node.py-5] [component_container_isolated-1] [INFO] [1783808474.132908399] [nav2_container]: Found class: rclcpp_components::NodeFactoryTemplate<nav2_planner::PlannerServer>
[sweepi_robot_manager_node.py-5] [component_container_isolated-1] [INFO] [1783808474.132959066] [nav2_container]: Instantiate class: rclcpp_components::NodeFactoryTemplate<nav2_planner::PlannerServer>
[sweepi_robot_manager_node.py-5] [component_container_isolated-1] [INFO] [1783808474.186423847] [amcl]: createLaserObject
[sweepi_robot_manager_node.py-5] [component_container_isolated-1] [INFO] [1783808474.192481462] [planner_server]: 
[sweepi_robot_manager_node.py-5] [component_container_isolated-1] 	planner_server lifecycle node launched. 
[sweepi_robot_manager_node.py-5] [component_container_isolated-1] 	Waiting on external lifecycle transitions to activate
[sweepi_robot_manager_node.py-5] [component_container_isolated-1] 	See https://design.ros2.org/articles/node_lifecycle.html for more information.
[sweepi_robot_manager_node.py-5] [component_container_isolated-1] [INFO] [1783808474.196548361] [planner_server]: Creating
[sweepi_robot_manager_node.py-5] [component_container_isolated-1] [INFO] [1783808474.224830461] [lifecycle_manager_localization]: Server amcl connected with bond.
[sweepi_robot_manager_node.py-5] [component_container_isolated-1] [INFO] [1783808474.224903129] [lifecycle_manager_localization]: [34m[1mManaged nodes are active[0m[0m
[sweepi_robot_manager_node.py-5] [component_container_isolated-1] [INFO] [1783808474.224947018] [lifecycle_manager_localization]: [34m[1mCreating bond timer...[0m[0m
[sweepi_robot_manager_node.py-5] [component_container_isolated-1] [INFO] [1783808474.257993787] [global_costmap.global_costmap]: 
[sweepi_robot_manager_node.py-5] [component_container_isolated-1] 	global_costmap lifecycle node launched. 
[sweepi_robot_manager_node.py-5] [component_container_isolated-1] 	Waiting on external lifecycle transitions to activate
[sweepi_robot_manager_node.py-5] [component_container_isolated-1] 	See https://design.ros2.org/articles/node_lifecycle.html for more information.
[sweepi_robot_manager_node.py-5] [component_container_isolated-1] [INFO] [1783808474.260325806] [global_costmap.global_costmap]: Creating Costmap
[sweepi_robot_manager_node.py-5] [INFO] [launch_ros.actions.load_composable_nodes]: Loaded node '/planner_server' in container '/nav2_container'
[sweepi_robot_manager_node.py-5] [component_container_isolated-1] [INFO] [1783808474.278835695] [nav2_container]: Load Library: /opt/ros/jazzy/lib/libroute_server_core.so
[sweepi_robot_manager_node.py-5] [component_container_isolated-1] [INFO] [1783808474.282708831] [nav2_container]: Found class: rclcpp_components::NodeFactoryTemplate<nav2_route::RouteServer>
[sweepi_robot_manager_node.py-5] [component_container_isolated-1] [INFO] [1783808474.282791036] [nav2_container]: Instantiate class: rclcpp_components::NodeFactoryTemplate<nav2_route::RouteServer>
[sweepi_robot_manager_node.py-5] [component_container_isolated-1] [INFO] [1783808474.340806537] [route_server]: 
[sweepi_robot_manager_node.py-5] [component_container_isolated-1] 	route_server lifecycle node launched. 
[sweepi_robot_manager_node.py-5] [component_container_isolated-1] 	Waiting on external lifecycle transitions to activate
[sweepi_robot_manager_node.py-5] [component_container_isolated-1] 	See https://design.ros2.org/articles/node_lifecycle.html for more information.
[sweepi_robot_manager_node.py-5] [INFO] [launch_ros.actions.load_composable_nodes]: Loaded node '/route_server' in container '/nav2_container'
[sweepi_robot_manager_node.py-5] [component_container_isolated-1] [INFO] [1783808474.346056380] [nav2_container]: Load Library: /opt/ros/jazzy/lib/libbehavior_server_core.so
[sweepi_robot_manager_node.py-5] [component_container_isolated-1] [INFO] [1783808474.349172634] [nav2_container]: Found class: rclcpp_components::NodeFactoryTemplate<behavior_server::BehaviorServer>
[sweepi_robot_manager_node.py-5] [component_container_isolated-1] [INFO] [1783808474.349237450] [nav2_container]: Instantiate class: rclcpp_components::NodeFactoryTemplate<behavior_server::BehaviorServer>
[sweepi_robot_manager_node.py-5] [coverage_tracker_node.py-2] [INFO] [1783808474.384113915] [coverage_tracker_node]: Initialized coverage map: 243x269 at 0.050 m/cell
[sweepi_robot_manager_node.py-5] [component_container_isolated-1] [INFO] [1783808474.438374541] [behavior_server]: 
[sweepi_robot_manager_node.py-5] [component_container_isolated-1] 	behavior_server lifecycle node launched. 
[sweepi_robot_manager_node.py-5] [component_container_isolated-1] 	Waiting on external lifecycle transitions to activate
[sweepi_robot_manager_node.py-5] [component_container_isolated-1] 	See https://design.ros2.org/articles/node_lifecycle.html for more information.
[sweepi_robot_manager_node.py-5] [INFO] [launch_ros.actions.load_composable_nodes]: Loaded node '/behavior_server' in container '/nav2_container'
[sweepi_robot_manager_node.py-5] [component_container_isolated-1] [INFO] [1783808474.450546940] [nav2_container]: Load Library: /opt/ros/jazzy/lib/libbt_navigator_core.so
[sweepi_robot_manager_node.py-5] [component_container_isolated-1] [INFO] [1783808474.457725536] [nav2_container]: Found class: rclcpp_components::NodeFactoryTemplate<nav2_bt_navigator::BtNavigator>
[sweepi_robot_manager_node.py-5] [component_container_isolated-1] [INFO] [1783808474.457792778] [nav2_container]: Instantiate class: rclcpp_components::NodeFactoryTemplate<nav2_bt_navigator::BtNavigator>
[sweepi_robot_manager_node.py-5] [component_container_isolated-1] [INFO] [1783808474.527696784] [bt_navigator]: 
[sweepi_robot_manager_node.py-5] [component_container_isolated-1] 	bt_navigator lifecycle node launched. 
[sweepi_robot_manager_node.py-5] [component_container_isolated-1] 	Waiting on external lifecycle transitions to activate
[sweepi_robot_manager_node.py-5] [component_container_isolated-1] 	See https://design.ros2.org/articles/node_lifecycle.html for more information.
[sweepi_robot_manager_node.py-5] [component_container_isolated-1] [INFO] [1783808474.530984059] [bt_navigator]: Creating
[sweepi_robot_manager_node.py-5] [INFO] [launch_ros.actions.load_composable_nodes]: Loaded node '/bt_navigator' in container '/nav2_container'
[sweepi_robot_manager_node.py-5] [component_container_isolated-1] [INFO] [1783808474.536068918] [nav2_container]: Load Library: /opt/ros/jazzy/lib/libwaypoint_follower_core.so
[sweepi_robot_manager_node.py-5] [component_container_isolated-1] [INFO] [1783808474.537952207] [nav2_container]: Found class: rclcpp_components::NodeFactoryTemplate<nav2_waypoint_follower::WaypointFollower>
[sweepi_robot_manager_node.py-5] [component_container_isolated-1] [INFO] [1783808474.538001782] [nav2_container]: Instantiate class: rclcpp_components::NodeFactoryTemplate<nav2_waypoint_follower::WaypointFollower>
[sweepi_robot_manager_node.py-5] [coverage_planner_node.py-3] [INFO] [1783808474.547681733] [coverage_planner_node]: Waiting for /global_costmap/costmap before generating frozen coverage path
[sweepi_robot_manager_node.py-5] [coverage_tracker_node.py-2] [WARN] [1783808474.590039244] [coverage_tracker_node]: Could not get TF map -> base_footprint: "map" passed to lookupTransform argument target_frame does not exist. 
[sweepi_robot_manager_node.py-5] [component_container_isolated-1] [INFO] [1783808474.613853106] [waypoint_follower]: 
[sweepi_robot_manager_node.py-5] [component_container_isolated-1] 	waypoint_follower lifecycle node launched. 
[sweepi_robot_manager_node.py-5] [component_container_isolated-1] 	Waiting on external lifecycle transitions to activate
[sweepi_robot_manager_node.py-5] [component_container_isolated-1] 	See https://design.ros2.org/articles/node_lifecycle.html for more information.
[sweepi_robot_manager_node.py-5] [component_container_isolated-1] [INFO] [1783808474.617335680] [waypoint_follower]: Creating
[sweepi_robot_manager_node.py-5] [INFO] [launch_ros.actions.load_composable_nodes]: Loaded node '/waypoint_follower' in container '/nav2_container'
[sweepi_robot_manager_node.py-5] [component_container_isolated-1] [INFO] [1783808474.623027216] [nav2_container]: Load Library: /opt/ros/jazzy/lib/libvelocity_smoother_core.so
[sweepi_robot_manager_node.py-5] [component_container_isolated-1] [INFO] [1783808474.624489387] [nav2_container]: Found class: rclcpp_components::NodeFactoryTemplate<nav2_velocity_smoother::VelocitySmoother>
[sweepi_robot_manager_node.py-5] [component_container_isolated-1] [INFO] [1783808474.624538073] [nav2_container]: Instantiate class: rclcpp_components::NodeFactoryTemplate<nav2_velocity_smoother::VelocitySmoother>
[sweepi_robot_manager_node.py-5] [component_container_isolated-1] [INFO] [1783808474.699927501] [velocity_smoother]: 
[sweepi_robot_manager_node.py-5] [component_container_isolated-1] 	velocity_smoother lifecycle node launched. 
[sweepi_robot_manager_node.py-5] [component_container_isolated-1] 	Waiting on external lifecycle transitions to activate
[sweepi_robot_manager_node.py-5] [component_container_isolated-1] 	See https://design.ros2.org/articles/node_lifecycle.html for more information.
[sweepi_robot_manager_node.py-5] [INFO] [launch_ros.actions.load_composable_nodes]: Loaded node '/velocity_smoother' in container '/nav2_container'
[sweepi_robot_manager_node.py-5] [component_container_isolated-1] [INFO] [1783808474.703725043] [nav2_container]: Load Library: /opt/ros/jazzy/lib/libcollision_monitor_core.so
[sweepi_robot_manager_node.py-5] [component_container_isolated-1] [INFO] [1783808474.708413655] [nav2_container]: Found class: rclcpp_components::NodeFactoryTemplate<nav2_collision_monitor::CollisionMonitor>
[sweepi_robot_manager_node.py-5] [component_container_isolated-1] [INFO] [1783808474.708477711] [nav2_container]: Instantiate class: rclcpp_components::NodeFactoryTemplate<nav2_collision_monitor::CollisionMonitor>
[sweepi_robot_manager_node.py-5] [component_container_isolated-1] [INFO] [1783808474.785369126] [collision_monitor]: 
[sweepi_robot_manager_node.py-5] [component_container_isolated-1] 	collision_monitor lifecycle node launched. 
[sweepi_robot_manager_node.py-5] [component_container_isolated-1] 	Waiting on external lifecycle transitions to activate
[sweepi_robot_manager_node.py-5] [component_container_isolated-1] 	See https://design.ros2.org/articles/node_lifecycle.html for more information.
[sweepi_robot_manager_node.py-5] [INFO] [launch_ros.actions.load_composable_nodes]: Loaded node '/collision_monitor' in container '/nav2_container'
[sweepi_robot_manager_node.py-5] [component_container_isolated-1] [INFO] [1783808474.791511168] [nav2_container]: Load Library: /opt/ros/jazzy/lib/libopennav_docking_core.so
[sweepi_robot_manager_node.py-5] [component_container_isolated-1] [INFO] [1783808474.794639792] [nav2_container]: Found class: rclcpp_components::NodeFactoryTemplate<opennav_docking::DockingServer>
[sweepi_robot_manager_node.py-5] [component_container_isolated-1] [INFO] [1783808474.794706294] [nav2_container]: Instantiate class: rclcpp_components::NodeFactoryTemplate<opennav_docking::DockingServer>
[sweepi_robot_manager_node.py-5] [component_container_isolated-1] [INFO] [1783808474.874312825] [docking_server]: 
[sweepi_robot_manager_node.py-5] [component_container_isolated-1] 	docking_server lifecycle node launched. 
[sweepi_robot_manager_node.py-5] [component_container_isolated-1] 	Waiting on external lifecycle transitions to activate
[sweepi_robot_manager_node.py-5] [component_container_isolated-1] 	See https://design.ros2.org/articles/node_lifecycle.html for more information.
[sweepi_robot_manager_node.py-5] [component_container_isolated-1] [INFO] [1783808474.874999873] [docking_server]: Creating docking_server
[sweepi_robot_manager_node.py-5] [INFO] [launch_ros.actions.load_composable_nodes]: Loaded node '/docking_server' in container '/nav2_container'
[sweepi_robot_manager_node.py-5] [component_container_isolated-1] [INFO] [1783808474.881603998] [nav2_container]: Found class: rclcpp_components::NodeFactoryTemplate<nav2_lifecycle_manager::LifecycleManager>
[sweepi_robot_manager_node.py-5] [component_container_isolated-1] [INFO] [1783808474.881659443] [nav2_container]: Instantiate class: rclcpp_components::NodeFactoryTemplate<nav2_lifecycle_manager::LifecycleManager>
[sweepi_robot_manager_node.py-5] [component_container_isolated-1] [INFO] [1783808474.936810713] [lifecycle_manager_navigation]: Creating
[sweepi_robot_manager_node.py-5] [INFO] [launch_ros.actions.load_composable_nodes]: Loaded node '/lifecycle_manager_navigation' in container '/nav2_container'
[sweepi_robot_manager_node.py-5] [component_container_isolated-1] [INFO] [1783808474.950656842] [lifecycle_manager_navigation]: [34m[1mCreating and initializing lifecycle service clients[0m[0m
[sweepi_robot_manager_node.py-5] [component_container_isolated-1] [INFO] [1783808475.052278523] [lifecycle_manager_navigation]: [34m[1mStarting managed nodes bringup...[0m[0m
[sweepi_robot_manager_node.py-5] [component_container_isolated-1] [INFO] [1783808475.052369987] [lifecycle_manager_navigation]: [34m[1mConfiguring controller_server[0m[0m
[sweepi_robot_manager_node.py-5] [component_container_isolated-1] [INFO] [1783808475.054400483] [controller_server]: Configuring controller interface
[sweepi_robot_manager_node.py-5] [component_container_isolated-1] [INFO] [1783808475.054487317] [controller_server]: getting progress checker plugins..
[sweepi_robot_manager_node.py-5] [component_container_isolated-1] [INFO] [1783808475.055722541] [controller_server]: getting goal checker plugins..
[sweepi_robot_manager_node.py-5] [component_container_isolated-1] [INFO] [1783808475.056593795] [controller_server]: Controller frequency set to 10.0000Hz
[sweepi_robot_manager_node.py-5] [component_container_isolated-1] [INFO] [1783808475.056755316] [local_costmap.local_costmap]: Configuring
[sweepi_robot_manager_node.py-5] [component_container_isolated-1] [INFO] [1783808475.078638315] [local_costmap.local_costmap]: Using plugin "obstacle_layer"
[sweepi_robot_manager_node.py-5] [component_container_isolated-1] [INFO] [1783808475.085066991] [local_costmap.local_costmap]: Subscribed to Topics: scan
[sweepi_robot_manager_node.py-5] [component_container_isolated-1] [INFO] [1783808475.103774865] [local_costmap.local_costmap]: Initialized plugin "obstacle_layer"
[sweepi_robot_manager_node.py-5] [component_container_isolated-1] [INFO] [1783808475.103840495] [local_costmap.local_costmap]: Using plugin "inflation_layer"
[sweepi_robot_manager_node.py-5] [component_container_isolated-1] [INFO] [1783808475.110252876] [local_costmap.local_costmap]: Initialized plugin "inflation_layer"
[sweepi_robot_manager_node.py-5] [component_container_isolated-1] [INFO] [1783808475.183058225] [controller_server]: Created progress_checker : progress_checker of type nav2_controller::SimpleProgressChecker
[sweepi_robot_manager_node.py-5] [component_container_isolated-1] [INFO] [1783808475.185278446] [controller_server]: Controller Server has progress_checker  progress checkers available.
[sweepi_robot_manager_node.py-5] [component_container_isolated-1] [INFO] [1783808475.186204590] [controller_server]: Created goal checker : goal_checker of type nav2_controller::SimpleGoalChecker
[sweepi_robot_manager_node.py-5] [component_container_isolated-1] [INFO] [1783808475.192572248] [controller_server]: Controller Server has goal_checker  goal checkers available.
[sweepi_robot_manager_node.py-5] [component_container_isolated-1] [INFO] [1783808475.194295738] [controller_server]: Created controller : FollowPath of type nav2_regulated_pure_pursuit_controller::RegulatedPurePursuitController
[sweepi_robot_manager_node.py-5] [component_container_isolated-1] [INFO] [1783808475.224958710] [controller_server]: Controller Server has FollowPath  controllers available.
[sweepi_robot_manager_node.py-5] [component_container_isolated-1] [INFO] [1783808475.263708348] [lifecycle_manager_navigation]: [34m[1mConfiguring smoother_server[0m[0m
[sweepi_robot_manager_node.py-5] [component_container_isolated-1] [INFO] [1783808475.264872904] [smoother_server]: Configuring smoother server
[sweepi_robot_manager_node.py-5] [component_container_isolated-1] [INFO] [1783808475.291242030] [smoother_server]: Created smoother : simple_smoother of type nav2_smoother::SimpleSmoother
[sweepi_robot_manager_node.py-5] [component_container_isolated-1] [INFO] [1783808475.297836709] [smoother_server]: Smoother Server has simple_smoother  smoothers available.
[sweepi_robot_manager_node.py-5] [component_container_isolated-1] [INFO] [1783808475.325046255] [lifecycle_manager_navigation]: [34m[1mConfiguring planner_server[0m[0m
[sweepi_robot_manager_node.py-5] [component_container_isolated-1] [INFO] [1783808475.325415021] [planner_server]: Configuring
[sweepi_robot_manager_node.py-5] [component_container_isolated-1] [INFO] [1783808475.325542041] [global_costmap.global_costmap]: Configuring
[sweepi_robot_manager_node.py-5] [component_container_isolated-1] [INFO] [1783808475.351682126] [global_costmap.global_costmap]: Using plugin "static_layer"
[sweepi_robot_manager_node.py-5] [component_container_isolated-1] [INFO] [1783808475.357572313] [global_costmap.global_costmap]: Subscribing to the map topic (/map) with transient local durability
[sweepi_robot_manager_node.py-5] [component_container_isolated-1] [INFO] [1783808475.360148298] [global_costmap.global_costmap]: Initialized plugin "static_layer"
[sweepi_robot_manager_node.py-5] [component_container_isolated-1] [INFO] [1783808475.360227318] [global_costmap.global_costmap]: Using plugin "obstacle_layer"
[sweepi_robot_manager_node.py-5] [component_container_isolated-1] [INFO] [1783808475.368335577] [global_costmap.global_costmap]: Subscribed to Topics: scan
[sweepi_robot_manager_node.py-5] [component_container_isolated-1] [INFO] [1783808475.406559133] [global_costmap.global_costmap]: Initialized plugin "obstacle_layer"
[sweepi_robot_manager_node.py-5] [component_container_isolated-1] [INFO] [1783808475.406626467] [global_costmap.global_costmap]: Using plugin "inflation_layer"
[sweepi_robot_manager_node.py-5] [component_container_isolated-1] [INFO] [1783808475.408487127] [global_costmap.global_costmap]: Initialized plugin "inflation_layer"
[sweepi_robot_manager_node.py-5] [component_container_isolated-1] [INFO] [1783808475.496651907] [global_costmap.global_costmap]: StaticLayer: Resizing costmap to 243 X 269 at 0.050000 m/pix
[sweepi_robot_manager_node.py-5] [component_container_isolated-1] [INFO] [1783808475.497862334] [planner_server]: Created global planner plugin GridBased of type nav2_navfn_planner::NavfnPlanner
[sweepi_robot_manager_node.py-5] [component_container_isolated-1] [INFO] [1783808475.497937539] [planner_server]: Configuring plugin GridBased of type NavfnPlanner
[sweepi_robot_manager_node.py-5] [component_container_isolated-1] [INFO] [1783808475.503881393] [planner_server]: Planner Server has GridBased  planners available.
[sweepi_robot_manager_node.py-5] [component_container_isolated-1] [INFO] [1783808475.556744553] [lifecycle_manager_navigation]: [34m[1mConfiguring route_server[0m[0m
[sweepi_robot_manager_node.py-5] [component_container_isolated-1] [INFO] [1783808475.557080763] [route_server]: Configuring
[sweepi_robot_manager_node.py-5] [component_container_isolated-1] [INFO] [1783808475.652627328] [route_server]: Created GraphFileLoader GeoJsonGraphFileLoader of type nav2_route::GeoJsonGraphFileLoader
[sweepi_robot_manager_node.py-5] [component_container_isolated-1] [INFO] [1783808475.652732552] [route_server]: Configuring geojson graph file loader
[sweepi_robot_manager_node.py-5] [component_container_isolated-1] [INFO] [1783808475.652768904] [route_server]: No graph file provided to load yet.
[sweepi_robot_manager_node.py-5] [component_container_isolated-1] [INFO] [1783808475.660583992] [route_server]: Created edge cost function plugin DistanceScorer of type nav2_route::DistanceScorer
[sweepi_robot_manager_node.py-5] [component_container_isolated-1] [INFO] [1783808475.660651937] [route_server]: Configuring distance scorer.
[sweepi_robot_manager_node.py-5] [component_container_isolated-1] [INFO] [1783808475.661923495] [route_server]: Created edge cost function plugin CostmapScorer of type nav2_route::CostmapScorer
[sweepi_robot_manager_node.py-5] [component_container_isolated-1] [INFO] [1783808475.661991922] [route_server]: Configuring costmap scorer.
[sweepi_robot_manager_node.py-5] [component_container_isolated-1] [INFO] [1783808475.677545726] [route_server]: Created route operation AdjustSpeedLimit of type nav2_route::AdjustSpeedLimit
[sweepi_robot_manager_node.py-5] [component_container_isolated-1] [INFO] [1783808475.677621727] [route_server]: Configuring Adjust speed limit operation.
[sweepi_robot_manager_node.py-5] [component_container_isolated-1] [INFO] [1783808475.683719880] [route_server]: Created route operation ReroutingService of type nav2_route::ReroutingService
[sweepi_robot_manager_node.py-5] [component_container_isolated-1] [INFO] [1783808475.683787104] [route_server]: Configuring Rerouting service operation.
[sweepi_robot_manager_node.py-5] [component_container_isolated-1] [INFO] [1783808475.690897125] [route_server]: Created route operation CollisionMonitor of type nav2_route::CollisionMonitor
[sweepi_robot_manager_node.py-5] [component_container_isolated-1] [INFO] [1783808475.692745488] [route_server]: Using costmap topic: local_costmap/costmap_raw instead of server costmap topic: global_costmap/costmap_raw for CollisionMonitor.
[sweepi_robot_manager_node.py-5] [component_container_isolated-1] [INFO] [1783808475.711133004] [lifecycle_manager_navigation]: [34m[1mConfiguring behavior_server[0m[0m
[sweepi_robot_manager_node.py-5] [component_container_isolated-1] [INFO] [1783808475.711631364] [behavior_server]: Configuring
[sweepi_robot_manager_node.py-5] [component_container_isolated-1] [INFO] [1783808475.728488911] [behavior_server]: Creating behavior plugin spin of type nav2_behaviors::Spin
[sweepi_robot_manager_node.py-5] [component_container_isolated-1] [INFO] [1783808475.731824798] [behavior_server]: Creating behavior plugin backup of type nav2_behaviors::BackUp
[sweepi_robot_manager_node.py-5] [component_container_isolated-1] [INFO] [1783808475.734966904] [behavior_server]: Creating behavior plugin drive_on_heading of type nav2_behaviors::DriveOnHeading
[sweepi_robot_manager_node.py-5] [component_container_isolated-1] [INFO] [1783808475.737441777] [behavior_server]: Creating behavior plugin assisted_teleop of type nav2_behaviors::AssistedTeleop
[sweepi_robot_manager_node.py-5] [component_container_isolated-1] [INFO] [1783808475.741351913] [behavior_server]: Creating behavior plugin wait of type nav2_behaviors::Wait
[sweepi_robot_manager_node.py-5] [component_container_isolated-1] [INFO] [1783808475.753398476] [behavior_server]: Configuring spin
[sweepi_robot_manager_node.py-5] [component_container_isolated-1] [INFO] [1783808475.787727359] [behavior_server]: Configuring backup
[sweepi_robot_manager_node.py-5] [component_container_isolated-1] [INFO] [1783808475.813464252] [behavior_server]: Configuring drive_on_heading
[sweepi_robot_manager_node.py-5] [component_container_isolated-1] [INFO] [1783808475.839306554] [behavior_server]: Configuring assisted_teleop
[sweepi_robot_manager_node.py-5] [component_container_isolated-1] [INFO] [1783808475.882785286] [behavior_server]: Configuring wait
[sweepi_robot_manager_node.py-5] [component_container_isolated-1] [WARN] [1783808475.882868010] [amcl]: AMCL cannot publish a pose or update the transform. Please set the initial pose...
[sweepi_robot_manager_node.py-5] [component_container_isolated-1] [INFO] [1783808475.912299777] [lifecycle_manager_navigation]: [34m[1mConfiguring velocity_smoother[0m[0m
[sweepi_robot_manager_node.py-5] [component_container_isolated-1] [INFO] [1783808475.913261922] [velocity_smoother]: Configuring velocity smoother
[sweepi_robot_manager_node.py-5] [component_container_isolated-1] [INFO] [1783808475.931820107] [lifecycle_manager_navigation]: [34m[1mConfiguring collision_monitor[0m[0m
[sweepi_robot_manager_node.py-5] [component_container_isolated-1] [INFO] [1783808475.932260003] [collision_monitor]: Configuring
[sweepi_robot_manager_node.py-5] [component_container_isolated-1] [INFO] [1783808475.959328436] [collision_monitor]: [scan]: Creating Scan
[sweepi_robot_manager_node.py-5] [component_container_isolated-1] [INFO] [1783808475.968138096] [collision_monitor]: [FootprintApproach]: Creating Polygon
[sweepi_robot_manager_node.py-5] [component_container_isolated-1] [INFO] [1783808475.968626789] [collision_monitor]: [FootprintApproach]: Polygon points are not defined. Using dynamic subscription instead.
[sweepi_robot_manager_node.py-5] [component_container_isolated-1] [INFO] [1783808475.978392797] [collision_monitor]: [FootprintApproach]: Making footprint subscriber on /local_costmap/published_footprint topic
[sweepi_robot_manager_node.py-5] [component_container_isolated-1] [INFO] [1783808476.005210540] [lifecycle_manager_navigation]: [34m[1mConfiguring bt_navigator[0m[0m
[sweepi_robot_manager_node.py-5] [component_container_isolated-1] [INFO] [1783808476.005593584] [bt_navigator]: Configuring
[sweepi_robot_manager_node.py-5] [component_container_isolated-1] [INFO] [1783808476.024282290] [bt_navigator]: Creating navigator id navigate_to_pose of type nav2_bt_navigator::NavigateToPoseNavigator
[sweepi_robot_manager_node.py-5] [component_container_isolated-1] [INFO] [1783808476.235880786] [bt_navigator]: Creating navigator id navigate_through_poses of type nav2_bt_navigator::NavigateThroughPosesNavigator
[sweepi_robot_manager_node.py-5] [component_container_isolated-1] [INFO] [1783808476.355328031] [lifecycle_manager_navigation]: [34m[1mConfiguring waypoint_follower[0m[0m
[sweepi_robot_manager_node.py-5] [component_container_isolated-1] [INFO] [1783808476.355847021] [waypoint_follower]: Configuring
[sweepi_robot_manager_node.py-5] [component_container_isolated-1] [INFO] [1783808476.444283324] [waypoint_follower]: Created waypoint_task_executor : wait_at_waypoint of type nav2_waypoint_follower::WaitAtWaypoint
[sweepi_robot_manager_node.py-5] [component_container_isolated-1] [INFO] [1783808476.448049310] [lifecycle_manager_navigation]: [34m[1mConfiguring docking_server[0m[0m
[sweepi_robot_manager_node.py-5] [component_container_isolated-1] [INFO] [1783808476.448835805] [docking_server]: Configuring docking_server
[sweepi_robot_manager_node.py-5] [component_container_isolated-1] [INFO] [1783808476.448959492] [docking_server]: Controller frequency set to 50.0000Hz
[sweepi_robot_manager_node.py-5] [component_container_isolated-1] [INFO] [1783808476.546625814] [docking_server]: Created charging dock plugin simple_charging_dock of type opennav_docking::SimpleChargingDock
[sweepi_robot_manager_node.py-5] [component_container_isolated-1] [WARN] [1783808476.576734036] [docking_server]: Dock database filepath nor dock parameters set. Docking actions can only be executed specifying the dock pose via the action request. Or update the dock database via the reload_database service.
[sweepi_robot_manager_node.py-5] [component_container_isolated-1] [INFO] [1783808476.576861575] [docking_server]: Docking Server has 1 dock types and 0 dock instances available.
[sweepi_robot_manager_node.py-5] [component_container_isolated-1] [INFO] [1783808476.584004282] [lifecycle_manager_navigation]: [34m[1mActivating controller_server[0m[0m
[sweepi_robot_manager_node.py-5] [component_container_isolated-1] [INFO] [1783808476.584465049] [controller_server]: Activating
[sweepi_robot_manager_node.py-5] [component_container_isolated-1] [INFO] [1783808476.584541476] [local_costmap.local_costmap]: Activating
[sweepi_robot_manager_node.py-5] [component_container_isolated-1] [INFO] [1783808476.584561791] [local_costmap.local_costmap]: Checking transform
[sweepi_robot_manager_node.py-5] [component_container_isolated-1] [INFO] [1783808476.584821999] [local_costmap.local_costmap]: start
[sweepi_robot_manager_node.py-5] [component_container_isolated-1] [INFO] [1783808476.837517967] [controller_server]: Activating controller: FollowPath of type regulated_pure_pursuit_controller::RegulatedPurePursuitController
[sweepi_robot_manager_node.py-5] [component_container_isolated-1] [INFO] [1783808476.837618284] [controller_server]: Creating bond (controller_server) to lifecycle manager.
[sweepi_robot_manager_node.py-5] [coverage_arm_follow_path_executor_node.py-4] [INFO] [1783808476.839207513] [coverage_follow_path_executor_node]: Local costmap received for dynamic obstacle skip: topic=/local_costmap/costmap frame=odom size=100x100 resolution=0.050 threshold=100 detection_radius=0.230m unknown_blocked=true
[sweepi_robot_manager_node.py-5] [component_container_isolated-1] [INFO] [1783808476.960432489] [lifecycle_manager_navigation]: Server controller_server connected with bond.
[sweepi_robot_manager_node.py-5] [component_container_isolated-1] [INFO] [1783808476.960503231] [lifecycle_manager_navigation]: [34m[1mActivating smoother_server[0m[0m
[sweepi_robot_manager_node.py-5] [component_container_isolated-1] [INFO] [1783808476.961331522] [smoother_server]: Activating
[sweepi_robot_manager_node.py-5] [component_container_isolated-1] [INFO] [1783808476.961457598] [smoother_server]: Creating bond (smoother_server) to lifecycle manager.
[sweepi_robot_manager_node.py-5] [component_container_isolated-1] [INFO] [1783808477.073608764] [lifecycle_manager_navigation]: Server smoother_server connected with bond.
[sweepi_robot_manager_node.py-5] [component_container_isolated-1] [INFO] [1783808477.073689246] [lifecycle_manager_navigation]: [34m[1mActivating planner_server[0m[0m
[sweepi_robot_manager_node.py-5] [component_container_isolated-1] [INFO] [1783808477.074250033] [planner_server]: Activating
[sweepi_robot_manager_node.py-5] [component_container_isolated-1] [INFO] [1783808477.074347016] [global_costmap.global_costmap]: Activating
[sweepi_robot_manager_node.py-5] [component_container_isolated-1] [INFO] [1783808477.074370794] [global_costmap.global_costmap]: Checking transform
[sweepi_robot_manager_node.py-5] [component_container_isolated-1] [INFO] [1783808477.074409406] [global_costmap.global_costmap]: Timed out waiting for transform from base_footprint to map to become available, tf error: Invalid frame ID "map" passed to canTransform argument target_frame - frame does not exist
[sweepi_robot_manager_node.py-5] [coverage_planner_node.py-3] [INFO] [1783808477.540011580] [coverage_planner_node]: Waiting for /global_costmap/costmap before generating frozen coverage path
[sweepi_robot_manager_node.py-5] [component_container_isolated-1] [INFO] [1783808477.574467020] [global_costmap.global_costmap]: Timed out waiting for transform from base_footprint to map to become available, tf error: Invalid frame ID "map" passed to canTransform argument target_frame - frame does not exist
[api_bridge_node-6] [INFO] [1783808477.935659208] [sweepi_api_bridge]: HTTP "POST /api/localization/initial-pose HTTP/1.1" 200 -
[api_bridge_node-6] [INFO] [1783808477.960388271] [sweepi_api_bridge]: HTTP "GET /api/cleaning/status HTTP/1.1" 200 -
[sweepi_robot_manager_node.py-5] [component_container_isolated-1] [WARN] [1783808477.970455654] [amcl]: AMCL cannot publish a pose or update the transform. Please set the initial pose...
[api_bridge_node-6] [INFO] [1783808478.001648283] [sweepi_api_bridge]: HTTP "POST /api/cleaning/validate HTTP/1.1" 200 -
[sweepi_robot_manager_node.py-5] [component_container_isolated-1] [INFO] [1783808478.074472579] [global_costmap.global_costmap]: Timed out waiting for transform from base_footprint to map to become available, tf error: Invalid frame ID "map" passed to canTransform argument target_frame - frame does not exist
[sweepi_robot_manager_node.py-5] [component_container_isolated-1] [INFO] [1783808478.574475806] [global_costmap.global_costmap]: Timed out waiting for transform from base_footprint to map to become available, tf error: Invalid frame ID "map" passed to canTransform argument target_frame - frame does not exist
[sweepi_robot_manager_node.py-5] [component_container_isolated-1] [INFO] [1783808479.074473516] [global_costmap.global_costmap]: Timed out waiting for transform from base_footprint to map to become available, tf error: Invalid frame ID "map" passed to canTransform argument target_frame - frame does not exist
[sweepi_robot_manager_node.py-5] [coverage_planner_node.py-3] [INFO] [1783808479.540933061] [coverage_planner_node]: Waiting for /global_costmap/costmap before generating frozen coverage path
[sweepi_robot_manager_node.py-5] [component_container_isolated-1] [INFO] [1783808479.574473191] [global_costmap.global_costmap]: Timed out waiting for transform from base_footprint to map to become available, tf error: Invalid frame ID "map" passed to canTransform argument target_frame - frame does not exist
[sweepi_robot_manager_node.py-5] [coverage_tracker_node.py-2] [WARN] [1783808479.713798237] [coverage_tracker_node]: Could not get TF map -> base_footprint: "map" passed to lookupTransform argument target_frame does not exist. 
[sweepi_robot_manager_node.py-5] [component_container_isolated-1] [WARN] [1783808479.973178910] [amcl]: AMCL cannot publish a pose or update the transform. Please set the initial pose...
[sweepi_robot_manager_node.py-5] [component_container_isolated-1] [INFO] [1783808480.074472440] [global_costmap.global_costmap]: Timed out waiting for transform from base_footprint to map to become available, tf error: Invalid frame ID "map" passed to canTransform argument target_frame - frame does not exist
[sweepi_robot_manager_node.py-5] [component_container_isolated-1] [INFO] [1783808480.574472025] [global_costmap.global_costmap]: Timed out waiting for transform from base_footprint to map to become available, tf error: Invalid frame ID "map" passed to canTransform argument target_frame - frame does not exist
[api_bridge_node-6] [INFO] [1783808481.026320710] [sweepi_api_bridge]: HTTP "GET /api/cleaning/status HTTP/1.1" 200 -
[sweepi_robot_manager_node.py-5] [component_container_isolated-1] [INFO] [1783808481.074489722] [global_costmap.global_costmap]: Timed out waiting for transform from base_footprint to map to become available, tf error: Invalid frame ID "map" passed to canTransform argument target_frame - frame does not exist
[sweepi_robot_manager_node.py-5] [component_container_isolated-1] [INFO] [1783808481.574477940] [global_costmap.global_costmap]: Timed out waiting for transform from base_footprint to map to become available, tf error: Invalid frame ID "map" passed to canTransform argument target_frame - frame does not exist
[sweepi_robot_manager_node.py-5] [component_container_isolated-1] [WARN] [1783808481.974517371] [amcl]: AMCL cannot publish a pose or update the transform. Please set the initial pose...
[sweepi_robot_manager_node.py-5] [component_container_isolated-1] [INFO] [1783808482.074511252] [global_costmap.global_costmap]: Timed out waiting for transform from base_footprint to map to become available, tf error: Invalid frame ID "map" passed to canTransform argument target_frame - frame does not exist
[sweepi_robot_manager_node.py-5] [coverage_planner_node.py-3] [INFO] [1783808482.540143477] [coverage_planner_node]: Waiting for /global_costmap/costmap before generating frozen coverage path
[sweepi_robot_manager_node.py-5] [component_container_isolated-1] [INFO] [1783808482.574470620] [global_costmap.global_costmap]: Timed out waiting for transform from base_footprint to map to become available, tf error: Invalid frame ID "map" passed to canTransform argument target_frame - frame does not exist
[sweepi_robot_manager_node.py-5] [component_container_isolated-1] [INFO] [1783808483.074475471] [global_costmap.global_costmap]: Timed out waiting for transform from base_footprint to map to become available, tf error: Invalid frame ID "map" passed to canTransform argument target_frame - frame does not exist
[api_bridge_node-6] [INFO] [1783808483.095913889] [sweepi_api_bridge]: HTTP "POST /api/cleaning/start-motion HTTP/1.1" 200 -
[sweepi_robot_manager_node.py-5] [component_container_isolated-1] [INFO] [1783808483.574476843] [global_costmap.global_costmap]: Timed out waiting for transform from base_footprint to map to become available, tf error: Invalid frame ID "map" passed to canTransform argument target_frame - frame does not exist
[sweepi_robot_manager_node.py-5] [component_container_isolated-1] [WARN] [1783808484.067777126] [amcl]: AMCL cannot publish a pose or update the transform. Please set the initial pose...
[sweepi_robot_manager_node.py-5] [component_container_isolated-1] [INFO] [1783808484.074466696] [global_costmap.global_costmap]: Timed out waiting for transform from base_footprint to map to become available, tf error: Invalid frame ID "map" passed to canTransform argument target_frame - frame does not exist
[sweepi_robot_manager_node.py-5] [component_container_isolated-1] [INFO] [1783808484.574469960] [global_costmap.global_costmap]: Timed out waiting for transform from base_footprint to map to become available, tf error: Invalid frame ID "map" passed to canTransform argument target_frame - frame does not exist
[sweepi_robot_manager_node.py-5] [coverage_tracker_node.py-2] [WARN] [1783808484.714585338] [coverage_tracker_node]: Could not get TF map -> base_footprint: "map" passed to lookupTransform argument target_frame does not exist. 
[sweepi_robot_manager_node.py-5] [component_container_isolated-1] [INFO] [1783808485.074473650] [global_costmap.global_costmap]: Timed out waiting for transform from base_footprint to map to become available, tf error: Invalid frame ID "map" passed to canTransform argument target_frame - frame does not exist
[sweepi_robot_manager_node.py-5] [coverage_planner_node.py-3] [INFO] [1783808485.540012493] [coverage_planner_node]: Waiting for /global_costmap/costmap before generating frozen coverage path
[sweepi_robot_manager_node.py-5] [component_container_isolated-1] [INFO] [1783808485.574478491] [global_costmap.global_costmap]: Timed out waiting for transform from base_footprint to map to become available, tf error: Invalid frame ID "map" passed to canTransform argument target_frame - frame does not exist
[sweepi_robot_manager_node.py-5] [component_container_isolated-1] [INFO] [1783808486.074472517] [global_costmap.global_costmap]: Timed out waiting for transform from base_footprint to map to become available, tf error: Invalid frame ID "map" passed to canTransform argument target_frame - frame does not exist
[sweepi_robot_manager_node.py-5] [component_container_isolated-1] [WARN] [1783808486.161780456] [amcl]: AMCL cannot publish a pose or update the transform. Please set the initial pose...
[sweepi_robot_manager_node.py-5] [component_container_isolated-1] [INFO] [1783808486.574469435] [global_costmap.global_costmap]: Timed out waiting for transform from base_footprint to map to become available, tf error: Invalid frame ID "map" passed to canTransform argument target_frame - frame does not exist
[sweepi_robot_manager_node.py-5] [component_container_isolated-1] [INFO] [1783808487.074473390] [global_costmap.global_costmap]: Timed out waiting for transform from base_footprint to map to become available, tf error: Invalid frame ID "map" passed to canTransform argument target_frame - frame does not exist
[sweepi_robot_manager_node.py-5] [coverage_planner_node.py-3] [INFO] [1783808487.540066221] [coverage_planner_node]: Waiting for /global_costmap/costmap before generating frozen coverage path
[sweepi_robot_manager_node.py-5] [component_container_isolated-1] [INFO] [1783808487.574469311] [global_costmap.global_costmap]: Timed out waiting for transform from base_footprint to map to become available, tf error: Invalid frame ID "map" passed to canTransform argument target_frame - frame does not exist
[sweepi_robot_manager_node.py-5] [component_container_isolated-1] [INFO] [1783808488.074504084] [global_costmap.global_costmap]: Timed out waiting for transform from base_footprint to map to become available, tf error: Invalid frame ID "map" passed to canTransform argument target_frame - frame does not exist
[sweepi_robot_manager_node.py-5] [component_container_isolated-1] [WARN] [1783808488.259982546] [amcl]: AMCL cannot publish a pose or update the transform. Please set the initial pose...
[sweepi_robot_manager_node.py-5] [component_container_isolated-1] [INFO] [1783808488.574473100] [global_costmap.global_costmap]: Timed out waiting for transform from base_footprint to map to become available, tf error: Invalid frame ID "map" passed to canTransform argument target_frame - frame does not exist
[sweepi_robot_manager_node.py-5] [component_container_isolated-1] [INFO] [1783808489.074470135] [global_costmap.global_costmap]: Timed out waiting for transform from base_footprint to map to become available, tf error: Invalid frame ID "map" passed to canTransform argument target_frame - frame does not exist
[sweepi_robot_manager_node.py-5] [component_container_isolated-1] [INFO] [1783808489.574470209] [global_costmap.global_costmap]: Timed out waiting for transform from base_footprint to map to become available, tf error: Invalid frame ID "map" passed to canTransform argument target_frame - frame does not exist
[sweepi_robot_manager_node.py-5] [coverage_tracker_node.py-2] [WARN] [1783808489.838857033] [coverage_tracker_node]: Could not get TF map -> base_footprint: "map" passed to lookupTransform argument target_frame does not exist. 
[sweepi_robot_manager_node.py-5] [component_container_isolated-1] [INFO] [1783808490.074472599] [global_costmap.global_costmap]: Timed out waiting for transform from base_footprint to map to become available, tf error: Invalid frame ID "map" passed to canTransform argument target_frame - frame does not exist
[sweepi_robot_manager_node.py-5] [component_container_isolated-1] [WARN] [1783808490.260754891] [amcl]: AMCL cannot publish a pose or update the transform. Please set the initial pose...
[sweepi_robot_manager_node.py-5] [coverage_planner_node.py-3] [INFO] [1783808490.540104883] [coverage_planner_node]: Waiting for /global_costmap/costmap before generating frozen coverage path
[sweepi_robot_manager_node.py-5] [component_container_isolated-1] [INFO] [1783808490.574470417] [global_costmap.global_costmap]: Timed out waiting for transform from base_footprint to map to become available, tf error: Invalid frame ID "map" passed to canTransform argument target_frame - frame does not exist
[sweepi_robot_manager_node.py-5] [component_container_isolated-1] [INFO] [1783808491.074469273] [global_costmap.global_costmap]: Timed out waiting for transform from base_footprint to map to become available, tf error: Invalid frame ID "map" passed to canTransform argument target_frame - frame does not exist
[sweepi_robot_manager_node.py-5] [component_container_isolated-1] [INFO] [1783808491.574470335] [global_costmap.global_costmap]: Timed out waiting for transform from base_footprint to map to become available, tf error: Invalid frame ID "map" passed to canTransform argument target_frame - frame does not exist
[sweepi_robot_manager_node.py-5] [component_container_isolated-1] [INFO] [1783808492.074475397] [global_costmap.global_costmap]: Timed out waiting for transform from base_footprint to map to become available, tf error: Invalid frame ID "map" passed to canTransform argument target_frame - frame does not exist
[sweepi_robot_manager_node.py-5] [component_container_isolated-1] [WARN] [1783808492.359415742] [amcl]: AMCL cannot publish a pose or update the transform. Please set the initial pose...
[sweepi_robot_manager_node.py-5] [component_container_isolated-1] [INFO] [1783808492.574472369] [global_costmap.global_costmap]: Timed out waiting for transform from base_footprint to map to become available, tf error: Invalid frame ID "map" passed to canTransform argument target_frame - frame does not exist
[sweepi_robot_manager_node.py-5] [component_container_isolated-1] [INFO] [1783808493.074463860] [global_costmap.global_costmap]: Timed out waiting for transform from base_footprint to map to become available, tf error: Invalid frame ID "map" passed to canTransform argument target_frame - frame does not exist
[sweepi_robot_manager_node.py-5] [coverage_planner_node.py-3] [INFO] [1783808493.540192858] [coverage_planner_node]: Waiting for /global_costmap/costmap before generating frozen coverage path
[sweepi_robot_manager_node.py-5] [component_container_isolated-1] [INFO] [1783808493.574434501] [global_costmap.global_costmap]: Timed out waiting for transform from base_footprint to map to become available, tf error: Invalid frame ID "map" passed to canTransform argument target_frame - frame does not exist
[sweepi_robot_manager_node.py-5] [component_container_isolated-1] [INFO] [1783808494.074473422] [global_costmap.global_costmap]: Timed out waiting for transform from base_footprint to map to become available, tf error: Invalid frame ID "map" passed to canTransform argument target_frame - frame does not exist
[sweepi_robot_manager_node.py-5] [component_container_isolated-1] [WARN] [1783808494.453254244] [amcl]: AMCL cannot publish a pose or update the transform. Please set the initial pose...
[sweepi_robot_manager_node.py-5] [component_container_isolated-1] [INFO] [1783808494.574474307] [global_costmap.global_costmap]: Timed out waiting for transform from base_footprint to map to become available, tf error: Invalid frame ID "map" passed to canTransform argument target_frame - frame does not exist
[sweepi_robot_manager_node.py-5] [coverage_tracker_node.py-2] [WARN] [1783808494.838919992] [coverage_tracker_node]: Could not get TF map -> base_footprint: "map" passed to lookupTransform argument target_frame does not exist. 
[sweepi_robot_manager_node.py-5] [component_container_isolated-1] [INFO] [1783808495.074467823] [global_costmap.global_costmap]: Timed out waiting for transform from base_footprint to map to become available, tf error: Invalid frame ID "map" passed to canTransform argument target_frame - frame does not exist
[sweepi_robot_manager_node.py-5] [coverage_arm_follow_path_executor_node.py-4] [INFO] [1783808495.124950803] [coverage_follow_path_executor_node]: Coverage FollowPath status: STOPPED
[sweepi_robot_manager_node.py-5] [INFO] [1783808495.128119261] [sweepi_robot_manager]: /stop_coverage_follow_path result: Coverage stopped; No active SmoothPath or FollowPath goal to cancel
[api_bridge_node-6] [INFO] [1783808495.133512737] [sweepi_api_bridge]: HTTP "POST /api/cleaning/stop HTTP/1.1" 200 -
[sweepi_robot_manager_node.py-5] [coverage_planner_node.py-3] [INFO] [1783808495.540704834] [coverage_planner_node]: Waiting for /global_costmap/costmap before generating frozen coverage path
[sweepi_robot_manager_node.py-5] [component_container_isolated-1] [INFO] [1783808495.574468211] [global_costmap.global_costmap]: Timed out waiting for transform from base_footprint to map to become available, tf error: Invalid frame ID "map" passed to canTransform argument target_frame - frame does not exist
[sweepi_robot_manager_node.py-5] [component_container_isolated-1] [INFO] [1783808496.074468803] [global_costmap.global_costmap]: Timed out waiting for transform from base_footprint to map to become available, tf error: Invalid frame ID "map" passed to canTransform argument target_frame - frame does not exist
[sweepi_robot_manager_node.py-5] [INFO] [1783808496.128574231] [sweepi_robot_manager]: Closing coverage launch and returning idle.
[sweepi_robot_manager_node.py-5] [INFO] [1783808496.129442541] [sweepi_robot_manager]: Stopping active coverage launch
[sweepi_robot_manager_node.py-5] [WARNING] [launch]: user interrupted with ctrl-c (SIGINT)
[sweepi_robot_manager_node.py-5] [INFO] [coverage_manager_node.py-5]: sending signal 'SIGINT' to process[coverage_manager_node.py-5]
[sweepi_robot_manager_node.py-5] [INFO] [coverage_tracker_node.py-2]: process has finished cleanly [pid 12874]
[sweepi_robot_manager_node.py-5] [INFO] [coverage_manager_node.py-5]: process has finished cleanly [pid 12877]
[sweepi_robot_manager_node.py-5] [INFO] [coverage_arm_follow_path_executor_node.py-4]: process has finished cleanly [pid 12876]
[sweepi_robot_manager_node.py-5] [INFO] [coverage_planner_node.py-3]: process has finished cleanly [pid 12875]
[sweepi_robot_manager_node.py-5] [INFO] [component_container_isolated-1]: sending signal 'SIGINT' to process[component_container_isolated-1]
[sweepi_robot_manager_node.py-5] [component_container_isolated-1] [INFO] [1783808496.129982957] [rclcpp]: signal_handler(SIGINT/SIGTERM)
[sweepi_robot_manager_node.py-5] [component_container_isolated-1] [INFO] [1783808496.130079255] [map_server]: Running Nav2 LifecycleNode rcl preshutdown (map_server)
[sweepi_robot_manager_node.py-5] [component_container_isolated-1] [INFO] [1783808496.130230609] [map_server]: Deactivating
[sweepi_robot_manager_node.py-5] [component_container_isolated-1] [INFO] [1783808496.130274480] [map_server]: Destroying bond (map_server) to lifecycle manager.
[sweepi_robot_manager_node.py-5] [component_container_isolated-1] [INFO] [1783808496.149056375] [map_server]: Cleaning up
[sweepi_robot_manager_node.py-5] [component_container_isolated-1] [INFO] [1783808496.149189674] [map_server]: Destroying bond (map_server) to lifecycle manager.
[sweepi_robot_manager_node.py-5] [component_container_isolated-1] [INFO] [1783808496.149218137] [amcl]: Running Nav2 LifecycleNode rcl preshutdown (amcl)
[sweepi_robot_manager_node.py-5] [component_container_isolated-1] [INFO] [1783808496.149260342] [amcl]: Deactivating
[sweepi_robot_manager_node.py-5] [component_container_isolated-1] [INFO] [1783808496.149300231] [amcl]: Destroying bond (amcl) to lifecycle manager.
[sweepi_robot_manager_node.py-5] [component_container_isolated-1] [INFO] [1783808496.162929358] [amcl]: Cleaning up
[sweepi_robot_manager_node.py-5] [component_container_isolated-1] [INFO] [1783808496.228391821] [lifecycle_manager_localization]: [34m[1mHave not received a heartbeat from map_server.[0m[0m
[sweepi_robot_manager_node.py-5] [component_container_isolated-1] [ERROR] [1783808496.228505285] [lifecycle_manager_localization]: CRITICAL FAILURE: SERVER map_server IS DOWN after not receiving a heartbeat for 4000 ms. Shutting down related nodes.
[sweepi_robot_manager_node.py-5] [component_container_isolated-1] [INFO] [1783808496.228701085] [lifecycle_manager_localization]: [34m[1mTerminating bond timer...[0m[0m
[sweepi_robot_manager_node.py-5] [component_container_isolated-1] [INFO] [1783808496.228753882] [lifecycle_manager_localization]: [34m[1mResetting managed nodes...[0m[0m
[sweepi_robot_manager_node.py-5] [component_container_isolated-1] [INFO] [1783808496.228775734] [lifecycle_manager_localization]: [34m[1mDeactivating amcl[0m[0m
[sweepi_robot_manager_node.py-5] [component_container_isolated-1] [INFO] [1783808496.575367912] [global_costmap.global_costmap]: Timed out waiting for transform from base_footprint to map to become available, tf error: Invalid frame ID "map" passed to canTransform argument target_frame - frame does not exist
[sweepi_robot_manager_node.py-5] [component_container_isolated-1] [WARN] [1783808496.665625682] [rcl_lifecycle]: No transition matching 4 found for current state cleaningup
[sweepi_robot_manager_node.py-5] [component_container_isolated-1] [WARN] [1783808496.665692016] [rcl_lifecycle]: No transition matching 4 found for current state cleaningup
[sweepi_robot_manager_node.py-5] [component_container_isolated-1] [ERROR] [1783808496.665711090] [amcl]: Unable to start transition 4 from current state cleaningup: Transition is not registered., at ./src/rcl_lifecycle.c:355
[sweepi_robot_manager_node.py-5] [component_container_isolated-1] [ERROR] [1783808496.675905218] [lifecycle_manager_localization]: Failed to change state for node: amcl
[sweepi_robot_manager_node.py-5] [component_container_isolated-1] [INFO] [1783808496.676034368] [lifecycle_manager_localization]: [34m[1mDeactivating map_server[0m[0m
[sweepi_robot_manager_node.py-5] [component_container_isolated-1] [WARN] [1783808496.702464627] [rcl_lifecycle]: No transition matching 4 found for current state unconfigured
[sweepi_robot_manager_node.py-5] [component_container_isolated-1] [WARN] [1783808496.702524591] [rcl_lifecycle]: No transition matching 4 found for current state unconfigured
[sweepi_robot_manager_node.py-5] [component_container_isolated-1] [ERROR] [1783808496.702534962] [map_server]: Unable to start transition 4 from current state unconfigured: Transition is not registered., at ./src/rcl_lifecycle.c:355
[sweepi_robot_manager_node.py-5] [component_container_isolated-1] [ERROR] [1783808496.710418533] [lifecycle_manager_localization]: Failed to change state for node: map_server
[sweepi_robot_manager_node.py-5] [component_container_isolated-1] [INFO] [1783808496.710523090] [lifecycle_manager_localization]: [34m[1mCleaning up amcl[0m[0m
[sweepi_robot_manager_node.py-5] [component_container_isolated-1] [INFO] [1783808496.728094133] [amcl]: Destroying bond (amcl) to lifecycle manager.
[sweepi_robot_manager_node.py-5] [component_container_isolated-1] [INFO] [1783808496.728193116] [lifecycle_manager_localization]: Running Nav2 LifecycleManager rcl preshutdown (lifecycle_manager_localization)
[sweepi_robot_manager_node.py-5] [component_container_isolated-1] [WARN] [1783808496.804298435] [rcl_lifecycle]: No transition matching 2 found for current state unconfigured
[sweepi_robot_manager_node.py-5] [component_container_isolated-1] [WARN] [1783808496.804356825] [rcl_lifecycle]: No transition matching 2 found for current state unconfigured
[sweepi_robot_manager_node.py-5] [component_container_isolated-1] [ERROR] [1783808496.804372825] [amcl]: Unable to start transition 2 from current state unconfigured: Transition is not registered., at ./src/rcl_lifecycle.c:355
[sweepi_robot_manager_node.py-5] [component_container_isolated-1] [INFO] [1783808496.805591863] [lifecycle_manager_localization]: [34m[1mCleaning up map_server[0m[0m
[sweepi_robot_manager_node.py-5] [component_container_isolated-1] [WARN] [1783808496.806217929] [rcl_lifecycle]: No transition matching 2 found for current state unconfigured
[sweepi_robot_manager_node.py-5] [component_container_isolated-1] [WARN] [1783808496.806280115] [rcl_lifecycle]: No transition matching 2 found for current state unconfigured
[sweepi_robot_manager_node.py-5] [component_container_isolated-1] [ERROR] [1783808496.806291523] [map_server]: Unable to start transition 2 from current state unconfigured: Transition is not registered., at ./src/rcl_lifecycle.c:355
[sweepi_robot_manager_node.py-5] [component_container_isolated-1] [INFO] [1783808496.807228075] [lifecycle_manager_localization]: [34m[1mManaged nodes have been reset[0m[0m
[sweepi_robot_manager_node.py-5] [component_container_isolated-1] [INFO] [1783808496.877821879] [controller_server]: Running Nav2 LifecycleNode rcl preshutdown (controller_server)
[sweepi_robot_manager_node.py-5] [component_container_isolated-1] [INFO] [1783808496.877914177] [controller_server]: Deactivating
[sweepi_robot_manager_node.py-5] [component_container_isolated-1] [INFO] [1783808496.877930010] [controller_server]: Deactivating controller: FollowPath of type regulated_pure_pursuit_controller::RegulatedPurePursuitController
[sweepi_robot_manager_node.py-5] [component_container_isolated-1] [INFO] [1783808496.877981678] [local_costmap.local_costmap]: Deactivating
[sweepi_robot_manager_node.py-5] [component_container_isolated-1] [INFO] [1783808497.074481086] [global_costmap.global_costmap]: Timed out waiting for transform from base_footprint to map to become available, tf error: Invalid frame ID "map" passed to canTransform argument target_frame - frame does not exist
[sweepi_robot_manager_node.py-5] [component_container_isolated-1] [INFO] [1783808497.086173515] [controller_server]: Destroying bond (controller_server) to lifecycle manager.
[sweepi_robot_manager_node.py-5] [component_container_isolated-1] [INFO] [1783808497.096488700] [controller_server]: Cleaning up
[sweepi_robot_manager_node.py-5] [component_container_isolated-1] [INFO] [1783808497.096540515] [controller_server]: Cleaning up controller: FollowPath of type regulated_pure_pursuit_controller::RegulatedPurePursuitController
[sweepi_robot_manager_node.py-5] [component_container_isolated-1] [INFO] [1783808497.096683036] [local_costmap.local_costmap]: Cleaning up
[sweepi_robot_manager_node.py-5] [component_container_isolated-1] [INFO] [1783808497.225189515] [controller_server]: Destroying bond (controller_server) to lifecycle manager.
[sweepi_robot_manager_node.py-5] [component_container_isolated-1] [INFO] [1783808497.225239016] [smoother_server]: Running Nav2 LifecycleNode rcl preshutdown (smoother_server)
[sweepi_robot_manager_node.py-5] [component_container_isolated-1] [INFO] [1783808497.225277165] [smoother_server]: Deactivating
[sweepi_robot_manager_node.py-5] [component_container_isolated-1] [INFO] [1783808497.225314166] [smoother_server]: Destroying bond (smoother_server) to lifecycle manager.
[sweepi_robot_manager_node.py-5] [component_container_isolated-1] [INFO] [1783808497.235578942] [smoother_server]: Cleaning up
[sweepi_robot_manager_node.py-5] [component_container_isolated-1] [INFO] [1783808497.266086749] [smoother_server]: Destroying bond (smoother_server) to lifecycle manager.
[sweepi_robot_manager_node.py-5] [component_container_isolated-1] [INFO] [1783808497.266144194] [planner_server]: Running Nav2 LifecycleNode rcl preshutdown (planner_server)
[sweepi_robot_manager_node.py-5] [component_container_isolated-1] [INFO] [1783808497.266169917] [planner_server]: Destroying bond (planner_server) to lifecycle manager.
[sweepi_robot_manager_node.py-5] [component_container_isolated-1] [INFO] [1783808497.266184269] [route_server]: Running Nav2 LifecycleNode rcl preshutdown (route_server)
[sweepi_robot_manager_node.py-5] [component_container_isolated-1] [INFO] [1783808497.266227529] [route_server]: Cleaning up
[sweepi_robot_manager_node.py-5] [component_container_isolated-1] [INFO] [1783808497.336386660] [route_server]: Destroying bond (route_server) to lifecycle manager.
[sweepi_robot_manager_node.py-5] [component_container_isolated-1] [INFO] [1783808497.336435290] [behavior_server]: Running Nav2 LifecycleNode rcl preshutdown (behavior_server)
[sweepi_robot_manager_node.py-5] [component_container_isolated-1] [INFO] [1783808497.336473032] [behavior_server]: Cleaning up
[sweepi_robot_manager_node.py-5] [component_container_isolated-1] [INFO] [1783808497.344146692] [behavior_server]: Destroying bond (behavior_server) to lifecycle manager.
[sweepi_robot_manager_node.py-5] [component_container_isolated-1] [INFO] [1783808497.344205138] [bt_navigator]: Running Nav2 LifecycleNode rcl preshutdown (bt_navigator)
[sweepi_robot_manager_node.py-5] [component_container_isolated-1] [INFO] [1783808497.344256583] [bt_navigator]: Cleaning up
[sweepi_robot_manager_node.py-5] [component_container_isolated-1] [INFO] [1783808497.479809750] [bt_navigator]: Completed Cleaning up
[sweepi_robot_manager_node.py-5] [component_container_isolated-1] [INFO] [1783808497.479942326] [bt_navigator]: Destroying bond (bt_navigator) to lifecycle manager.
[sweepi_robot_manager_node.py-5] [component_container_isolated-1] [INFO] [1783808497.479973141] [waypoint_follower]: Running Nav2 LifecycleNode rcl preshutdown (waypoint_follower)
[sweepi_robot_manager_node.py-5] [component_container_isolated-1] [INFO] [1783808497.480012420] [waypoint_follower]: Cleaning up
[sweepi_robot_manager_node.py-5] [component_container_isolated-1] [INFO] [1783808497.516958367] [waypoint_follower]: Destroying bond (waypoint_follower) to lifecycle manager.
[sweepi_robot_manager_node.py-5] [component_container_isolated-1] [INFO] [1783808497.517009109] [velocity_smoother]: Running Nav2 LifecycleNode rcl preshutdown (velocity_smoother)
[sweepi_robot_manager_node.py-5] [component_container_isolated-1] [INFO] [1783808497.517048239] [velocity_smoother]: Cleaning up
[sweepi_robot_manager_node.py-5] [component_container_isolated-1] [INFO] [1783808497.517077684] [velocity_smoother]: Destroying bond (velocity_smoother) to lifecycle manager.
[sweepi_robot_manager_node.py-5] [component_container_isolated-1] [INFO] [1783808497.517091036] [collision_monitor]: Running Nav2 LifecycleNode rcl preshutdown (collision_monitor)
[sweepi_robot_manager_node.py-5] [component_container_isolated-1] [INFO] [1783808497.517133037] [collision_monitor]: Cleaning up
[sweepi_robot_manager_node.py-5] [component_container_isolated-1] [INFO] [1783808497.517157463] [collision_monitor]: [FootprintApproach]: Destroying Polygon
[sweepi_robot_manager_node.py-5] [component_container_isolated-1] [INFO] [1783808497.517180241] [collision_monitor]: [scan]: Destroying Scan
[sweepi_robot_manager_node.py-5] [component_container_isolated-1] [INFO] [1783808497.523461083] [collision_monitor]: Destroying bond (collision_monitor) to lifecycle manager.
[sweepi_robot_manager_node.py-5] [component_container_isolated-1] [INFO] [1783808497.523510065] [docking_server]: Running Nav2 LifecycleNode rcl preshutdown (docking_server)
[sweepi_robot_manager_node.py-5] [component_container_isolated-1] [INFO] [1783808497.523547325] [docking_server]: Cleaning up docking_server
[sweepi_robot_manager_node.py-5] [component_container_isolated-1] [INFO] [1783808497.564842306] [docking_server]: Destroying bond (docking_server) to lifecycle manager.
[sweepi_robot_manager_node.py-5] [component_container_isolated-1] [INFO] [1783808497.564949363] [lifecycle_manager_navigation]: Running Nav2 LifecycleManager rcl preshutdown (lifecycle_manager_navigation)
[sweepi_robot_manager_node.py-5] [component_container_isolated-1] [INFO] [1783808497.574490239] [global_costmap.global_costmap]: Timed out waiting for transform from base_footprint to map to become available, tf error: Invalid frame ID "map" passed to canTransform argument target_frame - frame does not exist
[sweepi_robot_manager_node.py-5] [component_container_isolated-1] [INFO] [1783808498.074476226] [global_costmap.global_costmap]: Timed out waiting for transform from base_footprint to map to become available, tf error: Invalid frame ID "map" passed to canTransform argument target_frame - frame does not exist
[sweepi_robot_manager_node.py-5] [component_container_isolated-1] [INFO] [1783808498.574473252] [global_costmap.global_costmap]: Timed out waiting for transform from base_footprint to map to become available, tf error: Invalid frame ID "map" passed to canTransform argument target_frame - frame does not exist
[sweepi_robot_manager_node.py-5] [component_container_isolated-1] [INFO] [1783808499.074474909] [global_costmap.global_costmap]: Timed out waiting for transform from base_footprint to map to become available, tf error: Invalid frame ID "map" passed to canTransform argument target_frame - frame does not exist
[sweepi_robot_manager_node.py-5] [component_container_isolated-1] [INFO] [1783808499.574477567] [global_costmap.global_costmap]: Timed out waiting for transform from base_footprint to map to become available, tf error: Invalid frame ID "map" passed to canTransform argument target_frame - frame does not exist
[sweepi_robot_manager_node.py-5] [component_container_isolated-1] [INFO] [1783808500.074481523] [global_costmap.global_costmap]: Timed out waiting for transform from base_footprint to map to become available, tf error: Invalid frame ID "map" passed to canTransform argument target_frame - frame does not exist
[sweepi_robot_manager_node.py-5] [component_container_isolated-1] [INFO] [1783808500.574480481] [global_costmap.global_costmap]: Timed out waiting for transform from base_footprint to map to become available, tf error: Invalid frame ID "map" passed to canTransform argument target_frame - frame does not exist
[sweepi_robot_manager_node.py-5] [component_container_isolated-1] [INFO] [1783808501.074482143] [global_costmap.global_costmap]: Timed out waiting for transform from base_footprint to map to become available, tf error: Invalid frame ID "map" passed to canTransform argument target_frame - frame does not exist
[sweepi_robot_manager_node.py-5] [component_container_isolated-1] [INFO] [1783808501.574477604] [global_costmap.global_costmap]: Timed out waiting for transform from base_footprint to map to become available, tf error: Invalid frame ID "map" passed to canTransform argument target_frame - frame does not exist
[sweepi_robot_manager_node.py-5] [ERROR] [component_container_isolated-1]: process[component_container_isolated-1] failed to terminate '5' seconds after receiving 'SIGINT', escalating to 'SIGTERM'
[sweepi_robot_manager_node.py-5] [INFO] [component_container_isolated-1]: sending signal 'SIGTERM' to process[component_container_isolated-1]
[sweepi_robot_manager_node.py-5] [component_container_isolated-1] [INFO] [1783808502.074489195] [global_costmap.global_costmap]: Timed out waiting for transform from base_footprint to map to become available, tf error: Invalid frame ID "map" passed to canTransform argument target_frame - frame does not exist
[sweepi_robot_manager_node.py-5] [component_container_isolated-1] [INFO] [1783808502.574475158] [global_costmap.global_costmap]: Timed out waiting for transform from base_footprint to map to become available, tf error: Invalid frame ID "map" passed to canTransform argument target_frame - frame does not exist
[sweepi_robot_manager_node.py-5] [component_container_isolated-1] [INFO] [1783808503.074478697] [global_costmap.global_costmap]: Timed out waiting for transform from base_footprint to map to become available, tf error: Invalid frame ID "map" passed to canTransform argument target_frame - frame does not exist
[sweepi_robot_manager_node.py-5] [component_container_isolated-1] [INFO] [1783808503.574476422] [global_costmap.global_costmap]: Timed out waiting for transform from base_footprint to map to become available, tf error: Invalid frame ID "map" passed to canTransform argument target_frame - frame does not exist
[sweepi_robot_manager_node.py-5] [component_container_isolated-1] [INFO] [1783808504.074484815] [global_costmap.global_costmap]: Timed out waiting for transform from base_footprint to map to become available, tf error: Invalid frame ID "map" passed to canTransform argument target_frame - frame does not exist
[sweepi_robot_manager_node.py-5] [WARN] [1783808504.130789059] [sweepi_robot_manager]: coverage launch did not exit after SIGINT; sending SIGTERM
[api_bridge_node-6] [INFO] [1783808512.050648228] [sweepi_api_bridge]: HTTP "GET /api/cleaning/status HTTP/1.1" 200 -
[sweepi_robot_manager_node.py-5] [INFO] [1783808582.752303235] [sweepi_robot_manager]: coverage launch started: /opt/ros/jazzy/bin/ros2 launch sweepi_robot_manager coverage_task.launch.py map_name:=living_room auto_start:=false use_sim_time:=false use_robot_arm:=false
[api_bridge_node-6] [INFO] [1783808582.757131426] [sweepi_api_bridge]: HTTP "POST /api/cleaning/start HTTP/1.1" 200 -
[sweepi_robot_manager_node.py-5] [INFO] [launch]: All log files can be found below /home/sweepi/.ros/log/2026-07-12-03-53-03-237441-sweepi-13214
[sweepi_robot_manager_node.py-5] [INFO] [launch]: Default logging verbosity is set to INFO
[sweepi_robot_manager_node.py-5] [INFO] [component_container_isolated-1]: process started with pid [13234]
[sweepi_robot_manager_node.py-5] [INFO] [coverage_tracker_node.py-2]: process started with pid [13235]
[sweepi_robot_manager_node.py-5] [INFO] [coverage_planner_node.py-3]: process started with pid [13236]
[sweepi_robot_manager_node.py-5] [INFO] [coverage_arm_follow_path_executor_node.py-4]: process started with pid [13237]
[sweepi_robot_manager_node.py-5] [INFO] [coverage_manager_node.py-5]: process started with pid [13238]
[sweepi_robot_manager_node.py-5] [component_container_isolated-1] [INFO] [1783808585.307212807] [nav2_container]: Load Library: /opt/ros/jazzy/lib/libamcl_core.so
[sweepi_robot_manager_node.py-5] [component_container_isolated-1] [INFO] [1783808585.359285355] [nav2_container]: Found class: rclcpp_components::NodeFactoryTemplate<nav2_amcl::AmclNode>
[sweepi_robot_manager_node.py-5] [component_container_isolated-1] [INFO] [1783808585.359378042] [nav2_container]: Instantiate class: rclcpp_components::NodeFactoryTemplate<nav2_amcl::AmclNode>
[sweepi_robot_manager_node.py-5] [component_container_isolated-1] [INFO] [1783808585.827160521] [amcl]: 
[sweepi_robot_manager_node.py-5] [component_container_isolated-1] 	amcl lifecycle node launched. 
[sweepi_robot_manager_node.py-5] [component_container_isolated-1] 	Waiting on external lifecycle transitions to activate
[sweepi_robot_manager_node.py-5] [component_container_isolated-1] 	See https://design.ros2.org/articles/node_lifecycle.html for more information.
[sweepi_robot_manager_node.py-5] [component_container_isolated-1] [INFO] [1783808585.836953758] [amcl]: Creating
[sweepi_robot_manager_node.py-5] [component_container_isolated-1] [INFO] [1783808585.856523397] [nav2_container]: Load Library: /opt/ros/jazzy/lib/libcontroller_server_core.so
[sweepi_robot_manager_node.py-5] [INFO] [launch_ros.actions.load_composable_nodes]: Loaded node '/amcl' in container '/nav2_container'
[sweepi_robot_manager_node.py-5] [component_container_isolated-1] [INFO] [1783808585.868306796] [nav2_container]: Found class: rclcpp_components::NodeFactoryTemplate<nav2_controller::ControllerServer>
[sweepi_robot_manager_node.py-5] [component_container_isolated-1] [INFO] [1783808585.868409835] [nav2_container]: Instantiate class: rclcpp_components::NodeFactoryTemplate<nav2_controller::ControllerServer>
[sweepi_robot_manager_node.py-5] [coverage_manager_node.py-5] [INFO] [1783808585.913254579] [coverage_manager_node]: Coverage manager placeholder started; no coverage workflow is active.
[sweepi_robot_manager_node.py-5] [component_container_isolated-1] [INFO] [1783808586.316771031] [controller_server]: 
[sweepi_robot_manager_node.py-5] [component_container_isolated-1] 	controller_server lifecycle node launched. 
[sweepi_robot_manager_node.py-5] [component_container_isolated-1] 	Waiting on external lifecycle transitions to activate
[sweepi_robot_manager_node.py-5] [component_container_isolated-1] 	See https://design.ros2.org/articles/node_lifecycle.html for more information.
[sweepi_robot_manager_node.py-5] [component_container_isolated-1] [INFO] [1783808586.327124499] [controller_server]: Creating controller server
[sweepi_robot_manager_node.py-5] [component_container_isolated-1] [INFO] [1783808586.416160920] [local_costmap.local_costmap]: 
[sweepi_robot_manager_node.py-5] [component_container_isolated-1] 	local_costmap lifecycle node launched. 
[sweepi_robot_manager_node.py-5] [component_container_isolated-1] 	Waiting on external lifecycle transitions to activate
[sweepi_robot_manager_node.py-5] [component_container_isolated-1] 	See https://design.ros2.org/articles/node_lifecycle.html for more information.
[sweepi_robot_manager_node.py-5] [component_container_isolated-1] [INFO] [1783808586.417577018] [local_costmap.local_costmap]: Creating Costmap
[sweepi_robot_manager_node.py-5] [component_container_isolated-1] [INFO] [1783808586.427296716] [nav2_container]: Load Library: /opt/ros/jazzy/lib/libmap_server_core.so
[sweepi_robot_manager_node.py-5] [INFO] [launch_ros.actions.load_composable_nodes]: Loaded node '/controller_server' in container '/nav2_container'
[sweepi_robot_manager_node.py-5] [component_container_isolated-1] [INFO] [1783808586.464336257] [nav2_container]: Found class: rclcpp_components::NodeFactoryTemplate<nav2_map_server::CostmapFilterInfoServer>
[sweepi_robot_manager_node.py-5] [component_container_isolated-1] [INFO] [1783808586.465627556] [nav2_container]: Found class: rclcpp_components::NodeFactoryTemplate<nav2_map_server::MapSaver>
[sweepi_robot_manager_node.py-5] [component_container_isolated-1] [INFO] [1783808586.467400085] [nav2_container]: Found class: rclcpp_components::NodeFactoryTemplate<nav2_map_server::MapServer>
[sweepi_robot_manager_node.py-5] [component_container_isolated-1] [INFO] [1783808586.467432252] [nav2_container]: Instantiate class: rclcpp_components::NodeFactoryTemplate<nav2_map_server::MapServer>
[sweepi_robot_manager_node.py-5] [component_container_isolated-1] [INFO] [1783808586.590037545] [map_server]: 
[sweepi_robot_manager_node.py-5] [component_container_isolated-1] 	map_server lifecycle node launched. 
[sweepi_robot_manager_node.py-5] [component_container_isolated-1] 	Waiting on external lifecycle transitions to activate
[sweepi_robot_manager_node.py-5] [component_container_isolated-1] 	See https://design.ros2.org/articles/node_lifecycle.html for more information.
[sweepi_robot_manager_node.py-5] [component_container_isolated-1] [INFO] [1783808586.590147566] [map_server]: Creating
[sweepi_robot_manager_node.py-5] [component_container_isolated-1] [INFO] [1783808586.602732608] [nav2_container]: Load Library: /opt/ros/jazzy/lib/libnav2_lifecycle_manager_core.so
[sweepi_robot_manager_node.py-5] [INFO] [launch_ros.actions.load_composable_nodes]: Loaded node '/map_server' in container '/nav2_container'
[sweepi_robot_manager_node.py-5] [component_container_isolated-1] [INFO] [1783808586.616967196] [nav2_container]: Found class: rclcpp_components::NodeFactoryTemplate<nav2_lifecycle_manager::LifecycleManager>
[sweepi_robot_manager_node.py-5] [component_container_isolated-1] [INFO] [1783808586.617097624] [nav2_container]: Instantiate class: rclcpp_components::NodeFactoryTemplate<nav2_lifecycle_manager::LifecycleManager>
[sweepi_robot_manager_node.py-5] [component_container_isolated-1] [INFO] [1783808586.768906290] [lifecycle_manager_localization]: Creating
[sweepi_robot_manager_node.py-5] [component_container_isolated-1] [INFO] [1783808586.802544793] [lifecycle_manager_localization]: [34m[1mCreating and initializing lifecycle service clients[0m[0m
[sweepi_robot_manager_node.py-5] [component_container_isolated-1] [INFO] [1783808586.803195081] [nav2_container]: Load Library: /opt/ros/jazzy/lib/libsmoother_server_core.so
[sweepi_robot_manager_node.py-5] [INFO] [launch_ros.actions.load_composable_nodes]: Loaded node '/lifecycle_manager_localization' in container '/nav2_container'
[sweepi_robot_manager_node.py-5] [component_container_isolated-1] [INFO] [1783808586.815733474] [nav2_container]: Found class: rclcpp_components::NodeFactoryTemplate<nav2_smoother::SmootherServer>
[sweepi_robot_manager_node.py-5] [component_container_isolated-1] [INFO] [1783808586.815804809] [nav2_container]: Instantiate class: rclcpp_components::NodeFactoryTemplate<nav2_smoother::SmootherServer>
[sweepi_robot_manager_node.py-5] [component_container_isolated-1] [INFO] [1783808586.849887967] [lifecycle_manager_localization]: [34m[1mStarting managed nodes bringup...[0m[0m
[sweepi_robot_manager_node.py-5] [component_container_isolated-1] [INFO] [1783808586.849993950] [lifecycle_manager_localization]: [34m[1mConfiguring map_server[0m[0m
[sweepi_robot_manager_node.py-5] [component_container_isolated-1] [INFO] [1783808586.851715701] [map_server]: Configuring
[sweepi_robot_manager_node.py-5] [component_container_isolated-1] [INFO] [1783808586.851880944] [map_io]: Loading yaml file: /home/sweepi/SweePi/maps/living_room.yaml
[sweepi_robot_manager_node.py-5] [component_container_isolated-1] [INFO] [1783808586.852358915] [map_io]: resolution: 0.05
[sweepi_robot_manager_node.py-5] [component_container_isolated-1] [INFO] [1783808586.852389268] [map_io]: origin[0]: -7.20409
[sweepi_robot_manager_node.py-5] [component_container_isolated-1] [INFO] [1783808586.852397342] [map_io]: origin[1]: -8.17541
[sweepi_robot_manager_node.py-5] [component_container_isolated-1] [INFO] [1783808586.852402638] [map_io]: origin[2]: 0
[sweepi_robot_manager_node.py-5] [component_container_isolated-1] [INFO] [1783808586.852464991] [map_io]: free_thresh: 0.196
[sweepi_robot_manager_node.py-5] [component_container_isolated-1] [INFO] [1783808586.852474065] [map_io]: occupied_thresh: 0.65
[sweepi_robot_manager_node.py-5] [component_container_isolated-1] [INFO] [1783808586.852484825] [map_io]: mode: trinary
[sweepi_robot_manager_node.py-5] [component_container_isolated-1] [INFO] [1783808586.852492103] [map_io]: negate: 0
[sweepi_robot_manager_node.py-5] [component_container_isolated-1] [INFO] [1783808586.852835849] [map_io]: Loading image_file: /home/sweepi/SweePi/maps/living_room.pgm
[sweepi_robot_manager_node.py-5] [component_container_isolated-1] [INFO] [1783808586.862978758] [map_io]: Read map /home/sweepi/SweePi/maps/living_room.pgm: 243 X 269 map @ 0.05 m/cell
[sweepi_robot_manager_node.py-5] [coverage_tracker_node.py-2] [INFO] [1783808586.905398313] [coverage_tracker_node]: Coverage tracker started: map=/map, coverage=/coverage_map, TF=map -> base_footprint
[sweepi_robot_manager_node.py-5] [component_container_isolated-1] [INFO] [1783808586.925011602] [lifecycle_manager_localization]: [34m[1mConfiguring amcl[0m[0m
[sweepi_robot_manager_node.py-5] [component_container_isolated-1] [INFO] [1783808586.926657555] [amcl]: Configuring
[sweepi_robot_manager_node.py-5] [component_container_isolated-1] [INFO] [1783808586.926935597] [amcl]: initTransforms
[sweepi_robot_manager_node.py-5] [component_container_isolated-1] [INFO] [1783808586.960259816] [smoother_server]: 
[sweepi_robot_manager_node.py-5] [component_container_isolated-1] 	smoother_server lifecycle node launched. 
[sweepi_robot_manager_node.py-5] [component_container_isolated-1] 	Waiting on external lifecycle transitions to activate
[sweepi_robot_manager_node.py-5] [component_container_isolated-1] 	See https://design.ros2.org/articles/node_lifecycle.html for more information.
[sweepi_robot_manager_node.py-5] [component_container_isolated-1] [INFO] [1783808586.968327654] [smoother_server]: Creating smoother server
[sweepi_robot_manager_node.py-5] [INFO] [launch_ros.actions.load_composable_nodes]: Loaded node '/smoother_server' in container '/nav2_container'
[sweepi_robot_manager_node.py-5] [component_container_isolated-1] [INFO] [1783808586.978800309] [amcl]: initPubSub
[sweepi_robot_manager_node.py-5] [component_container_isolated-1] [INFO] [1783808586.980270500] [nav2_container]: Load Library: /opt/ros/jazzy/lib/libplanner_server_core.so
[sweepi_robot_manager_node.py-5] [component_container_isolated-1] [INFO] [1783808586.992162493] [nav2_container]: Found class: rclcpp_components::NodeFactoryTemplate<nav2_planner::PlannerServer>
[sweepi_robot_manager_node.py-5] [component_container_isolated-1] [INFO] [1783808586.992239402] [nav2_container]: Instantiate class: rclcpp_components::NodeFactoryTemplate<nav2_planner::PlannerServer>
[sweepi_robot_manager_node.py-5] [component_container_isolated-1] [INFO] [1783808587.008214167] [amcl]: Subscribed to map topic.
[sweepi_robot_manager_node.py-5] [component_container_isolated-1] [INFO] [1783808587.037423874] [lifecycle_manager_localization]: [34m[1mActivating map_server[0m[0m
[sweepi_robot_manager_node.py-5] [component_container_isolated-1] [INFO] [1783808587.039108013] [map_server]: Activating
[sweepi_robot_manager_node.py-5] [component_container_isolated-1] [INFO] [1783808587.039757635] [map_server]: Creating bond (map_server) to lifecycle manager.
[sweepi_robot_manager_node.py-5] [component_container_isolated-1] [INFO] [1783808587.041738668] [amcl]: Received a 243 X 269 map @ 0.050 m/pix
[sweepi_robot_manager_node.py-5] [component_container_isolated-1] [INFO] [1783808587.107181939] [planner_server]: 
[sweepi_robot_manager_node.py-5] [component_container_isolated-1] 	planner_server lifecycle node launched. 
[sweepi_robot_manager_node.py-5] [component_container_isolated-1] 	Waiting on external lifecycle transitions to activate
[sweepi_robot_manager_node.py-5] [component_container_isolated-1] 	See https://design.ros2.org/articles/node_lifecycle.html for more information.
[sweepi_robot_manager_node.py-5] [component_container_isolated-1] [INFO] [1783808587.111646291] [planner_server]: Creating
[sweepi_robot_manager_node.py-5] [component_container_isolated-1] [INFO] [1783808587.163765674] [lifecycle_manager_localization]: Server map_server connected with bond.
[sweepi_robot_manager_node.py-5] [component_container_isolated-1] [INFO] [1783808587.192007217] [lifecycle_manager_localization]: [34m[1mActivating amcl[0m[0m
[sweepi_robot_manager_node.py-5] [component_container_isolated-1] [INFO] [1783808587.192722655] [amcl]: Activating
[sweepi_robot_manager_node.py-5] [component_container_isolated-1] [INFO] [1783808587.193208255] [amcl]: Creating bond (amcl) to lifecycle manager.
[sweepi_robot_manager_node.py-5] [component_container_isolated-1] [INFO] [1783808587.281659852] [amcl]: createLaserObject
[sweepi_robot_manager_node.py-5] [component_container_isolated-1] [INFO] [1783808587.308604985] [global_costmap.global_costmap]: 
[sweepi_robot_manager_node.py-5] [component_container_isolated-1] 	global_costmap lifecycle node launched. 
[sweepi_robot_manager_node.py-5] [component_container_isolated-1] 	Waiting on external lifecycle transitions to activate
[sweepi_robot_manager_node.py-5] [component_container_isolated-1] 	See https://design.ros2.org/articles/node_lifecycle.html for more information.
[sweepi_robot_manager_node.py-5] [component_container_isolated-1] [INFO] [1783808587.310546980] [global_costmap.global_costmap]: Creating Costmap
[sweepi_robot_manager_node.py-5] [component_container_isolated-1] [INFO] [1783808587.317198905] [lifecycle_manager_localization]: Server amcl connected with bond.
[sweepi_robot_manager_node.py-5] [component_container_isolated-1] [INFO] [1783808587.317256943] [lifecycle_manager_localization]: [34m[1mManaged nodes are active[0m[0m
[sweepi_robot_manager_node.py-5] [component_container_isolated-1] [INFO] [1783808587.317276777] [lifecycle_manager_localization]: [34m[1mCreating bond timer...[0m[0m
[sweepi_robot_manager_node.py-5] [INFO] [launch_ros.actions.load_composable_nodes]: Loaded node '/planner_server' in container '/nav2_container'
[sweepi_robot_manager_node.py-5] [component_container_isolated-1] [INFO] [1783808587.321158878] [nav2_container]: Load Library: /opt/ros/jazzy/lib/libroute_server_core.so
[sweepi_robot_manager_node.py-5] [component_container_isolated-1] [INFO] [1783808587.325000423] [nav2_container]: Found class: rclcpp_components::NodeFactoryTemplate<nav2_route::RouteServer>
[sweepi_robot_manager_node.py-5] [component_container_isolated-1] [INFO] [1783808587.325072517] [nav2_container]: Instantiate class: rclcpp_components::NodeFactoryTemplate<nav2_route::RouteServer>
[sweepi_robot_manager_node.py-5] [coverage_planner_node.py-3] [INFO] [1783808587.333212560] [coverage_planner_node]: Coverage planner started: coverage_map=/coverage_map, nav_costmap=/global_costmap/costmap, path=/coverage_path, mask=/coverage_planning_mask, percentage=/coverage_percentage, stats=/coverage_stats, direction=auto, use_nav_costmap=true, robot_radius=0.20m, safety_margin=0.10m, inflation_radius=0.24m
[sweepi_robot_manager_node.py-5] [component_container_isolated-1] [INFO] [1783808587.381153763] [route_server]: 
[sweepi_robot_manager_node.py-5] [component_container_isolated-1] 	route_server lifecycle node launched. 
[sweepi_robot_manager_node.py-5] [INFO] [launch_ros.actions.load_composable_nodes]: Loaded node '/route_server' in container '/nav2_container'
[sweepi_robot_manager_node.py-5] [component_container_isolated-1] 	Waiting on external lifecycle transitions to activate
[sweepi_robot_manager_node.py-5] [component_container_isolated-1] 	See https://design.ros2.org/articles/node_lifecycle.html for more information.
[sweepi_robot_manager_node.py-5] [component_container_isolated-1] [INFO] [1783808587.386021399] [nav2_container]: Load Library: /opt/ros/jazzy/lib/libbehavior_server_core.so
[sweepi_robot_manager_node.py-5] [component_container_isolated-1] [INFO] [1783808587.387543832] [nav2_container]: Found class: rclcpp_components::NodeFactoryTemplate<behavior_server::BehaviorServer>
[sweepi_robot_manager_node.py-5] [component_container_isolated-1] [INFO] [1783808587.387608555] [nav2_container]: Instantiate class: rclcpp_components::NodeFactoryTemplate<behavior_server::BehaviorServer>
[sweepi_robot_manager_node.py-5] [component_container_isolated-1] [INFO] [1783808587.452071958] [behavior_server]: 
[sweepi_robot_manager_node.py-5] [component_container_isolated-1] 	behavior_server lifecycle node launched. 
[sweepi_robot_manager_node.py-5] [component_container_isolated-1] 	Waiting on external lifecycle transitions to activate
[sweepi_robot_manager_node.py-5] [component_container_isolated-1] 	See https://design.ros2.org/articles/node_lifecycle.html for more information.
[sweepi_robot_manager_node.py-5] [INFO] [launch_ros.actions.load_composable_nodes]: Loaded node '/behavior_server' in container '/nav2_container'
[sweepi_robot_manager_node.py-5] [component_container_isolated-1] [INFO] [1783808587.462010715] [nav2_container]: Load Library: /opt/ros/jazzy/lib/libbt_navigator_core.so
[sweepi_robot_manager_node.py-5] [component_container_isolated-1] [INFO] [1783808587.468328672] [nav2_container]: Found class: rclcpp_components::NodeFactoryTemplate<nav2_bt_navigator::BtNavigator>
[sweepi_robot_manager_node.py-5] [component_container_isolated-1] [INFO] [1783808587.468396803] [nav2_container]: Instantiate class: rclcpp_components::NodeFactoryTemplate<nav2_bt_navigator::BtNavigator>
[sweepi_robot_manager_node.py-5] [component_container_isolated-1] [INFO] [1783808587.520301627] [bt_navigator]: 
[sweepi_robot_manager_node.py-5] [component_container_isolated-1] 	bt_navigator lifecycle node launched. 
[sweepi_robot_manager_node.py-5] [component_container_isolated-1] 	Waiting on external lifecycle transitions to activate
[sweepi_robot_manager_node.py-5] [component_container_isolated-1] 	See https://design.ros2.org/articles/node_lifecycle.html for more information.
[sweepi_robot_manager_node.py-5] [component_container_isolated-1] [INFO] [1783808587.524435751] [bt_navigator]: Creating
[sweepi_robot_manager_node.py-5] [INFO] [launch_ros.actions.load_composable_nodes]: Loaded node '/bt_navigator' in container '/nav2_container'
[sweepi_robot_manager_node.py-5] [component_container_isolated-1] [INFO] [1783808587.532993245] [nav2_container]: Load Library: /opt/ros/jazzy/lib/libwaypoint_follower_core.so
[sweepi_robot_manager_node.py-5] [component_container_isolated-1] [INFO] [1783808587.535533676] [nav2_container]: Found class: rclcpp_components::NodeFactoryTemplate<nav2_waypoint_follower::WaypointFollower>
[sweepi_robot_manager_node.py-5] [component_container_isolated-1] [INFO] [1783808587.535617529] [nav2_container]: Instantiate class: rclcpp_components::NodeFactoryTemplate<nav2_waypoint_follower::WaypointFollower>
[sweepi_robot_manager_node.py-5] [component_container_isolated-1] [INFO] [1783808587.536723233] [amcl]: Message Filter dropping message: frame 'lidar_link' at time 1783808586.880 for reason 'the timestamp on the message is earlier than all the data in the transform cache'
[sweepi_robot_manager_node.py-5] [component_container_isolated-1] [INFO] [1783808587.656316032] [waypoint_follower]: 
[sweepi_robot_manager_node.py-5] [component_container_isolated-1] 	waypoint_follower lifecycle node launched. 
[sweepi_robot_manager_node.py-5] [component_container_isolated-1] 	Waiting on external lifecycle transitions to activate
[sweepi_robot_manager_node.py-5] [component_container_isolated-1] 	See https://design.ros2.org/articles/node_lifecycle.html for more information.
[sweepi_robot_manager_node.py-5] [component_container_isolated-1] [INFO] [1783808587.658832185] [waypoint_follower]: Creating
[sweepi_robot_manager_node.py-5] [INFO] [launch_ros.actions.load_composable_nodes]: Loaded node '/waypoint_follower' in container '/nav2_container'
[sweepi_robot_manager_node.py-5] [component_container_isolated-1] [INFO] [1783808587.690944106] [nav2_container]: Load Library: /opt/ros/jazzy/lib/libvelocity_smoother_core.so
[sweepi_robot_manager_node.py-5] [component_container_isolated-1] [INFO] [1783808587.696494291] [nav2_container]: Found class: rclcpp_components::NodeFactoryTemplate<nav2_velocity_smoother::VelocitySmoother>
[sweepi_robot_manager_node.py-5] [component_container_isolated-1] [INFO] [1783808587.696560237] [nav2_container]: Instantiate class: rclcpp_components::NodeFactoryTemplate<nav2_velocity_smoother::VelocitySmoother>
[sweepi_robot_manager_node.py-5] [component_container_isolated-1] [INFO] [1783808587.812850111] [velocity_smoother]: 
[sweepi_robot_manager_node.py-5] [component_container_isolated-1] 	velocity_smoother lifecycle node launched. 
[sweepi_robot_manager_node.py-5] [component_container_isolated-1] 	Waiting on external lifecycle transitions to activate
[sweepi_robot_manager_node.py-5] [component_container_isolated-1] 	See https://design.ros2.org/articles/node_lifecycle.html for more information.
[sweepi_robot_manager_node.py-5] [INFO] [launch_ros.actions.load_composable_nodes]: Loaded node '/velocity_smoother' in container '/nav2_container'
[sweepi_robot_manager_node.py-5] [component_container_isolated-1] [INFO] [1783808587.825058850] [nav2_container]: Load Library: /opt/ros/jazzy/lib/libcollision_monitor_core.so
[sweepi_robot_manager_node.py-5] [component_container_isolated-1] [INFO] [1783808587.838644131] [nav2_container]: Found class: rclcpp_components::NodeFactoryTemplate<nav2_collision_monitor::CollisionMonitor>
[sweepi_robot_manager_node.py-5] [component_container_isolated-1] [INFO] [1783808587.838744244] [nav2_container]: Instantiate class: rclcpp_components::NodeFactoryTemplate<nav2_collision_monitor::CollisionMonitor>
[sweepi_robot_manager_node.py-5] [component_container_isolated-1] [INFO] [1783808587.958782736] [collision_monitor]: 
[sweepi_robot_manager_node.py-5] [component_container_isolated-1] 	collision_monitor lifecycle node launched. 
[sweepi_robot_manager_node.py-5] [component_container_isolated-1] 	Waiting on external lifecycle transitions to activate
[sweepi_robot_manager_node.py-5] [component_container_isolated-1] 	See https://design.ros2.org/articles/node_lifecycle.html for more information.
[sweepi_robot_manager_node.py-5] [INFO] [launch_ros.actions.load_composable_nodes]: Loaded node '/collision_monitor' in container '/nav2_container'
[sweepi_robot_manager_node.py-5] [component_container_isolated-1] [INFO] [1783808587.969444727] [nav2_container]: Load Library: /opt/ros/jazzy/lib/libopennav_docking_core.so
[sweepi_robot_manager_node.py-5] [component_container_isolated-1] [INFO] [1783808587.979070258] [nav2_container]: Found class: rclcpp_components::NodeFactoryTemplate<opennav_docking::DockingServer>
[sweepi_robot_manager_node.py-5] [component_container_isolated-1] [INFO] [1783808587.979183204] [nav2_container]: Instantiate class: rclcpp_components::NodeFactoryTemplate<opennav_docking::DockingServer>
[sweepi_robot_manager_node.py-5] [component_container_isolated-1] [INFO] [1783808588.106578392] [docking_server]: 
[sweepi_robot_manager_node.py-5] [component_container_isolated-1] 	docking_server lifecycle node launched. 
[sweepi_robot_manager_node.py-5] [component_container_isolated-1] 	Waiting on external lifecycle transitions to activate
[sweepi_robot_manager_node.py-5] [component_container_isolated-1] 	See https://design.ros2.org/articles/node_lifecycle.html for more information.
[sweepi_robot_manager_node.py-5] [component_container_isolated-1] [INFO] [1783808588.106700135] [docking_server]: Creating docking_server
[sweepi_robot_manager_node.py-5] [INFO] [launch_ros.actions.load_composable_nodes]: Loaded node '/docking_server' in container '/nav2_container'
[sweepi_robot_manager_node.py-5] [component_container_isolated-1] [INFO] [1783808588.121658976] [nav2_container]: Found class: rclcpp_components::NodeFactoryTemplate<nav2_lifecycle_manager::LifecycleManager>
[sweepi_robot_manager_node.py-5] [component_container_isolated-1] [INFO] [1783808588.121723292] [nav2_container]: Instantiate class: rclcpp_components::NodeFactoryTemplate<nav2_lifecycle_manager::LifecycleManager>
[sweepi_robot_manager_node.py-5] [coverage_arm_follow_path_executor_node.py-4] [INFO] [1783808588.131367026] [coverage_follow_path_executor_node]: Coverage FollowPath executor started: action=/follow_path controller_id=FollowPath smoother_action=/smooth_path smoother_id=simple_smoother path=/coverage_path raw=/coverage_path_raw smoothed=/coverage_smoothed_path active=/coverage_active_path costmap=/global_costmap/costmap. This mode uses FollowPath, not NavigateThroughPoses. dynamic_obstacle_skip=true local_costmap=/local_costmap/costmap static_map=/map
[sweepi_robot_manager_node.py-5] [coverage_arm_follow_path_executor_node.py-4] [INFO] [1783808588.133738065] [coverage_follow_path_executor_node]: Loaded dynamic obstacle parameters: dynamic_rejoin_max_search_distance_m=5.00 dynamic_progress_search_forward_m=1.00 dynamic_max_rejoin_candidates=100 dynamic_rejoin_min_clearance_m=0.03 dynamic_collision_check_radius_m=0.23 dynamic_connector_goal_tolerance_m=0.15 dynamic_skip_replan_cooldown_sec=3.00 dynamic_skip_max_consecutive_failures=5
[sweepi_robot_manager_node.py-5] [coverage_arm_follow_path_executor_node.py-4] [INFO] [1783808588.189612067] [coverage_follow_path_executor_node]: [COVERAGE_ARM] IDLE use_robot_arm=false inflated_promotion=true front_lidar_threshold_m=0.50 front_tof_clear_threshold_m=0.50
[sweepi_robot_manager_node.py-5] [coverage_arm_follow_path_executor_node.py-4] [INFO] [1783808588.194172235] [coverage_follow_path_executor_node]: Static map received for dynamic obstacle reference: topic=/map frame=map size=243x269 resolution=0.050 occupied_threshold=50
[sweepi_robot_manager_node.py-5] [component_container_isolated-1] [INFO] [1783808588.255177507] [lifecycle_manager_navigation]: Creating
[sweepi_robot_manager_node.py-5] [INFO] [launch_ros.actions.load_composable_nodes]: Loaded node '/lifecycle_manager_navigation' in container '/nav2_container'
[sweepi_robot_manager_node.py-5] [component_container_isolated-1] [INFO] [1783808588.267168613] [lifecycle_manager_navigation]: [34m[1mCreating and initializing lifecycle service clients[0m[0m
[sweepi_robot_manager_node.py-5] [component_container_isolated-1] [INFO] [1783808588.360992041] [lifecycle_manager_navigation]: [34m[1mStarting managed nodes bringup...[0m[0m
[sweepi_robot_manager_node.py-5] [component_container_isolated-1] [INFO] [1783808588.361098968] [lifecycle_manager_navigation]: [34m[1mConfiguring controller_server[0m[0m
[sweepi_robot_manager_node.py-5] [component_container_isolated-1] [INFO] [1783808588.362105448] [controller_server]: Configuring controller interface
[sweepi_robot_manager_node.py-5] [component_container_isolated-1] [INFO] [1783808588.362175838] [controller_server]: getting progress checker plugins..
[sweepi_robot_manager_node.py-5] [component_container_isolated-1] [INFO] [1783808588.363246152] [controller_server]: getting goal checker plugins..
[sweepi_robot_manager_node.py-5] [component_container_isolated-1] [INFO] [1783808588.365957290] [controller_server]: Controller frequency set to 10.0000Hz
[sweepi_robot_manager_node.py-5] [component_container_isolated-1] [INFO] [1783808588.366114996] [local_costmap.local_costmap]: Configuring
[sweepi_robot_manager_node.py-5] [component_container_isolated-1] [INFO] [1783808588.390346602] [local_costmap.local_costmap]: Using plugin "obstacle_layer"
[sweepi_robot_manager_node.py-5] [component_container_isolated-1] [INFO] [1783808588.401811329] [local_costmap.local_costmap]: Subscribed to Topics: scan
[sweepi_robot_manager_node.py-5] [component_container_isolated-1] [INFO] [1783808588.414924103] [local_costmap.local_costmap]: Initialized plugin "obstacle_layer"
[sweepi_robot_manager_node.py-5] [component_container_isolated-1] [INFO] [1783808588.415010493] [local_costmap.local_costmap]: Using plugin "inflation_layer"
[sweepi_robot_manager_node.py-5] [component_container_isolated-1] [INFO] [1783808588.418608053] [local_costmap.local_costmap]: Initialized plugin "inflation_layer"
[sweepi_robot_manager_node.py-5] [component_container_isolated-1] [INFO] [1783808588.493873987] [controller_server]: Created progress_checker : progress_checker of type nav2_controller::SimpleProgressChecker
[sweepi_robot_manager_node.py-5] [component_container_isolated-1] [INFO] [1783808588.496968279] [controller_server]: Controller Server has progress_checker  progress checkers available.
[sweepi_robot_manager_node.py-5] [component_container_isolated-1] [INFO] [1783808588.498073149] [controller_server]: Created goal checker : goal_checker of type nav2_controller::SimpleGoalChecker
[sweepi_robot_manager_node.py-5] [component_container_isolated-1] [INFO] [1783808588.501495558] [controller_server]: Controller Server has goal_checker  goal checkers available.
[sweepi_robot_manager_node.py-5] [component_container_isolated-1] [INFO] [1783808588.503065954] [controller_server]: Created controller : FollowPath of type nav2_regulated_pure_pursuit_controller::RegulatedPurePursuitController
[sweepi_robot_manager_node.py-5] [component_container_isolated-1] [INFO] [1783808588.534471642] [controller_server]: Controller Server has FollowPath  controllers available.
[sweepi_robot_manager_node.py-5] [component_container_isolated-1] [INFO] [1783808588.574579234] [lifecycle_manager_navigation]: [34m[1mConfiguring smoother_server[0m[0m
[sweepi_robot_manager_node.py-5] [component_container_isolated-1] [INFO] [1783808588.575275338] [smoother_server]: Configuring smoother server
[sweepi_robot_manager_node.py-5] [component_container_isolated-1] [INFO] [1783808588.600851355] [smoother_server]: Created smoother : simple_smoother of type nav2_smoother::SimpleSmoother
[sweepi_robot_manager_node.py-5] [component_container_isolated-1] [INFO] [1783808588.607036439] [smoother_server]: Smoother Server has simple_smoother  smoothers available.
[sweepi_robot_manager_node.py-5] [component_container_isolated-1] [INFO] [1783808588.634832123] [lifecycle_manager_navigation]: [34m[1mConfiguring planner_server[0m[0m
[sweepi_robot_manager_node.py-5] [component_container_isolated-1] [INFO] [1783808588.635163999] [planner_server]: Configuring
[sweepi_robot_manager_node.py-5] [component_container_isolated-1] [INFO] [1783808588.635244944] [global_costmap.global_costmap]: Configuring
[sweepi_robot_manager_node.py-5] [component_container_isolated-1] [INFO] [1783808588.661804089] [global_costmap.global_costmap]: Using plugin "static_layer"
[sweepi_robot_manager_node.py-5] [component_container_isolated-1] [INFO] [1783808588.665820748] [global_costmap.global_costmap]: Subscribing to the map topic (/map) with transient local durability
[sweepi_robot_manager_node.py-5] [component_container_isolated-1] [INFO] [1783808588.675112643] [global_costmap.global_costmap]: Initialized plugin "static_layer"
[sweepi_robot_manager_node.py-5] [component_container_isolated-1] [INFO] [1783808588.675189218] [global_costmap.global_costmap]: Using plugin "obstacle_layer"
[sweepi_robot_manager_node.py-5] [component_container_isolated-1] [INFO] [1783808588.683043145] [global_costmap.global_costmap]: Subscribed to Topics: scan
[sweepi_robot_manager_node.py-5] [component_container_isolated-1] [INFO] [1783808588.707313029] [global_costmap.global_costmap]: Initialized plugin "obstacle_layer"
[sweepi_robot_manager_node.py-5] [component_container_isolated-1] [INFO] [1783808588.707374827] [global_costmap.global_costmap]: Using plugin "inflation_layer"
[sweepi_robot_manager_node.py-5] [component_container_isolated-1] [INFO] [1783808588.711912772] [global_costmap.global_costmap]: Initialized plugin "inflation_layer"
[sweepi_robot_manager_node.py-5] [component_container_isolated-1] [INFO] [1783808588.807149001] [global_costmap.global_costmap]: StaticLayer: Resizing costmap to 243 X 269 at 0.050000 m/pix
[sweepi_robot_manager_node.py-5] [component_container_isolated-1] [INFO] [1783808588.808518598] [planner_server]: Created global planner plugin GridBased of type nav2_navfn_planner::NavfnPlanner
[sweepi_robot_manager_node.py-5] [component_container_isolated-1] [INFO] [1783808588.808603451] [planner_server]: Configuring plugin GridBased of type NavfnPlanner
[sweepi_robot_manager_node.py-5] [component_container_isolated-1] [INFO] [1783808588.819943158] [planner_server]: Planner Server has GridBased  planners available.
[sweepi_robot_manager_node.py-5] [component_container_isolated-1] [INFO] [1783808588.875907828] [lifecycle_manager_navigation]: [34m[1mConfiguring route_server[0m[0m
[sweepi_robot_manager_node.py-5] [component_container_isolated-1] [INFO] [1783808588.876168888] [route_server]: Configuring
[sweepi_robot_manager_node.py-5] [component_container_isolated-1] [WARN] [1783808588.975875061] [amcl]: AMCL cannot publish a pose or update the transform. Please set the initial pose...
[sweepi_robot_manager_node.py-5] [component_container_isolated-1] [INFO] [1783808589.341167718] [route_server]: Created GraphFileLoader GeoJsonGraphFileLoader of type nav2_route::GeoJsonGraphFileLoader
[sweepi_robot_manager_node.py-5] [component_container_isolated-1] [INFO] [1783808589.341266868] [route_server]: Configuring geojson graph file loader
[sweepi_robot_manager_node.py-5] [component_container_isolated-1] [INFO] [1783808589.341298979] [route_server]: No graph file provided to load yet.
[sweepi_robot_manager_node.py-5] [component_container_isolated-1] [INFO] [1783808589.361231477] [route_server]: Created edge cost function plugin DistanceScorer of type nav2_route::DistanceScorer
[sweepi_robot_manager_node.py-5] [component_container_isolated-1] [INFO] [1783808589.361318367] [route_server]: Configuring distance scorer.
[sweepi_robot_manager_node.py-5] [component_container_isolated-1] [INFO] [1783808589.371042825] [route_server]: Created edge cost function plugin CostmapScorer of type nav2_route::CostmapScorer
[sweepi_robot_manager_node.py-5] [component_container_isolated-1] [INFO] [1783808589.371123623] [route_server]: Configuring costmap scorer.
[sweepi_robot_manager_node.py-5] [component_container_isolated-1] [INFO] [1783808589.403839703] [route_server]: Created route operation AdjustSpeedLimit of type nav2_route::AdjustSpeedLimit
[sweepi_robot_manager_node.py-5] [component_container_isolated-1] [INFO] [1783808589.403909704] [route_server]: Configuring Adjust speed limit operation.
[sweepi_robot_manager_node.py-5] [component_container_isolated-1] [INFO] [1783808589.446081571] [route_server]: Created route operation ReroutingService of type nav2_route::ReroutingService
[sweepi_robot_manager_node.py-5] [component_container_isolated-1] [INFO] [1783808589.446160331] [route_server]: Configuring Rerouting service operation.
[sweepi_robot_manager_node.py-5] [component_container_isolated-1] [INFO] [1783808589.459302272] [route_server]: Created route operation CollisionMonitor of type nav2_route::CollisionMonitor
[sweepi_robot_manager_node.py-5] [component_container_isolated-1] [INFO] [1783808589.459870726] [route_server]: Using costmap topic: local_costmap/costmap_raw instead of server costmap topic: global_costmap/costmap_raw for CollisionMonitor.
[sweepi_robot_manager_node.py-5] [coverage_tracker_node.py-2] [INFO] [1783808589.480267972] [coverage_tracker_node]: Initialized coverage map: 243x269 at 0.050 m/cell
[sweepi_robot_manager_node.py-5] [component_container_isolated-1] [INFO] [1783808589.505637671] [lifecycle_manager_navigation]: [34m[1mConfiguring behavior_server[0m[0m
[sweepi_robot_manager_node.py-5] [component_container_isolated-1] [INFO] [1783808589.506067900] [behavior_server]: Configuring
[sweepi_robot_manager_node.py-5] [component_container_isolated-1] [INFO] [1783808589.523972771] [behavior_server]: Creating behavior plugin spin of type nav2_behaviors::Spin
[sweepi_robot_manager_node.py-5] [component_container_isolated-1] [INFO] [1783808589.527566294] [behavior_server]: Creating behavior plugin backup of type nav2_behaviors::BackUp
[sweepi_robot_manager_node.py-5] [component_container_isolated-1] [INFO] [1783808589.529902537] [behavior_server]: Creating behavior plugin drive_on_heading of type nav2_behaviors::DriveOnHeading
[sweepi_robot_manager_node.py-5] [component_container_isolated-1] [INFO] [1783808589.532126148] [behavior_server]: Creating behavior plugin assisted_teleop of type nav2_behaviors::AssistedTeleop
[sweepi_robot_manager_node.py-5] [component_container_isolated-1] [INFO] [1783808589.535920507] [behavior_server]: Creating behavior plugin wait of type nav2_behaviors::Wait
[sweepi_robot_manager_node.py-5] [component_container_isolated-1] [INFO] [1783808589.560260504] [behavior_server]: Configuring spin
[sweepi_robot_manager_node.py-5] [component_container_isolated-1] [INFO] [1783808589.598267264] [behavior_server]: Configuring backup
[sweepi_robot_manager_node.py-5] [coverage_tracker_node.py-2] [WARN] [1783808589.606577773] [coverage_tracker_node]: Could not get TF map -> base_footprint: "map" passed to lookupTransform argument target_frame does not exist. 
[sweepi_robot_manager_node.py-5] [component_container_isolated-1] [INFO] [1783808589.632152067] [behavior_server]: Configuring drive_on_heading
[sweepi_robot_manager_node.py-5] [component_container_isolated-1] [INFO] [1783808589.659294407] [behavior_server]: Configuring assisted_teleop
[sweepi_robot_manager_node.py-5] [component_container_isolated-1] [INFO] [1783808589.699566705] [behavior_server]: Configuring wait
[sweepi_robot_manager_node.py-5] [component_container_isolated-1] [INFO] [1783808589.727227201] [lifecycle_manager_navigation]: [34m[1mConfiguring velocity_smoother[0m[0m
[sweepi_robot_manager_node.py-5] [component_container_isolated-1] [INFO] [1783808589.727633579] [velocity_smoother]: Configuring velocity smoother
[sweepi_robot_manager_node.py-5] [component_container_isolated-1] [INFO] [1783808589.746258906] [lifecycle_manager_navigation]: [34m[1mConfiguring collision_monitor[0m[0m
[sweepi_robot_manager_node.py-5] [component_container_isolated-1] [INFO] [1783808589.746894046] [collision_monitor]: Configuring
[sweepi_robot_manager_node.py-5] [component_container_isolated-1] [INFO] [1783808589.778347365] [collision_monitor]: [scan]: Creating Scan
[sweepi_robot_manager_node.py-5] [component_container_isolated-1] [INFO] [1783808589.787392737] [collision_monitor]: [FootprintApproach]: Creating Polygon
[sweepi_robot_manager_node.py-5] [component_container_isolated-1] [INFO] [1783808589.788768316] [collision_monitor]: [FootprintApproach]: Polygon points are not defined. Using dynamic subscription instead.
[sweepi_robot_manager_node.py-5] [component_container_isolated-1] [INFO] [1783808589.801370155] [collision_monitor]: [FootprintApproach]: Making footprint subscriber on /local_costmap/published_footprint topic
[sweepi_robot_manager_node.py-5] [component_container_isolated-1] [INFO] [1783808589.829062059] [lifecycle_manager_navigation]: [34m[1mConfiguring bt_navigator[0m[0m
[sweepi_robot_manager_node.py-5] [component_container_isolated-1] [INFO] [1783808589.829413509] [bt_navigator]: Configuring
[sweepi_robot_manager_node.py-5] [component_container_isolated-1] [INFO] [1783808589.851382152] [bt_navigator]: Creating navigator id navigate_to_pose of type nav2_bt_navigator::NavigateToPoseNavigator
[sweepi_robot_manager_node.py-5] [component_container_isolated-1] [INFO] [1783808590.075422205] [bt_navigator]: Creating navigator id navigate_through_poses of type nav2_bt_navigator::NavigateThroughPosesNavigator
[sweepi_robot_manager_node.py-5] [component_container_isolated-1] [INFO] [1783808590.199999403] [lifecycle_manager_navigation]: [34m[1mConfiguring waypoint_follower[0m[0m
[sweepi_robot_manager_node.py-5] [component_container_isolated-1] [INFO] [1783808590.200770879] [waypoint_follower]: Configuring
[sweepi_robot_manager_node.py-5] [component_container_isolated-1] [INFO] [1783808590.282856946] [waypoint_follower]: Created waypoint_task_executor : wait_at_waypoint of type nav2_waypoint_follower::WaitAtWaypoint
[sweepi_robot_manager_node.py-5] [component_container_isolated-1] [INFO] [1783808590.285888515] [lifecycle_manager_navigation]: [34m[1mConfiguring docking_server[0m[0m
[sweepi_robot_manager_node.py-5] [component_container_isolated-1] [INFO] [1783808590.286429227] [docking_server]: Configuring docking_server
[sweepi_robot_manager_node.py-5] [component_container_isolated-1] [INFO] [1783808590.286651935] [docking_server]: Controller frequency set to 50.0000Hz
[sweepi_robot_manager_node.py-5] [coverage_planner_node.py-3] [INFO] [1783808590.298135496] [coverage_planner_node]: Waiting for /global_costmap/costmap before generating frozen coverage path
[sweepi_robot_manager_node.py-5] [component_container_isolated-1] [INFO] [1783808590.386878340] [docking_server]: Created charging dock plugin simple_charging_dock of type opennav_docking::SimpleChargingDock
[sweepi_robot_manager_node.py-5] [component_container_isolated-1] [WARN] [1783808590.420785403] [docking_server]: Dock database filepath nor dock parameters set. Docking actions can only be executed specifying the dock pose via the action request. Or update the dock database via the reload_database service.
[sweepi_robot_manager_node.py-5] [component_container_isolated-1] [INFO] [1783808590.420943776] [docking_server]: Docking Server has 1 dock types and 0 dock instances available.
[sweepi_robot_manager_node.py-5] [component_container_isolated-1] [INFO] [1783808590.428030449] [lifecycle_manager_navigation]: [34m[1mActivating controller_server[0m[0m
[sweepi_robot_manager_node.py-5] [component_container_isolated-1] [INFO] [1783808590.428508272] [controller_server]: Activating
[sweepi_robot_manager_node.py-5] [component_container_isolated-1] [INFO] [1783808590.428583384] [local_costmap.local_costmap]: Activating
[sweepi_robot_manager_node.py-5] [component_container_isolated-1] [INFO] [1783808590.428600422] [local_costmap.local_costmap]: Checking transform
[sweepi_robot_manager_node.py-5] [component_container_isolated-1] [INFO] [1783808590.428861408] [local_costmap.local_costmap]: start
[sweepi_robot_manager_node.py-5] [component_container_isolated-1] [INFO] [1783808590.683412783] [controller_server]: Activating controller: FollowPath of type regulated_pure_pursuit_controller::RegulatedPurePursuitController
[sweepi_robot_manager_node.py-5] [component_container_isolated-1] [INFO] [1783808590.683485377] [controller_server]: Creating bond (controller_server) to lifecycle manager.
[sweepi_robot_manager_node.py-5] [coverage_arm_follow_path_executor_node.py-4] [INFO] [1783808590.684245130] [coverage_follow_path_executor_node]: Local costmap received for dynamic obstacle skip: topic=/local_costmap/costmap frame=odom size=100x100 resolution=0.050 threshold=100 detection_radius=0.230m unknown_blocked=true
[sweepi_robot_manager_node.py-5] [component_container_isolated-1] [INFO] [1783808590.794457294] [lifecycle_manager_navigation]: Server controller_server connected with bond.
[sweepi_robot_manager_node.py-5] [component_container_isolated-1] [INFO] [1783808590.794531128] [lifecycle_manager_navigation]: [34m[1mActivating smoother_server[0m[0m
[sweepi_robot_manager_node.py-5] [component_container_isolated-1] [INFO] [1783808590.795378902] [smoother_server]: Activating
[sweepi_robot_manager_node.py-5] [component_container_isolated-1] [INFO] [1783808590.795460903] [smoother_server]: Creating bond (smoother_server) to lifecycle manager.
[sweepi_robot_manager_node.py-5] [component_container_isolated-1] [INFO] [1783808590.910047676] [lifecycle_manager_navigation]: Server smoother_server connected with bond.
[sweepi_robot_manager_node.py-5] [component_container_isolated-1] [INFO] [1783808590.910111585] [lifecycle_manager_navigation]: [34m[1mActivating planner_server[0m[0m
[sweepi_robot_manager_node.py-5] [component_container_isolated-1] [INFO] [1783808590.910694391] [planner_server]: Activating
[sweepi_robot_manager_node.py-5] [component_container_isolated-1] [INFO] [1783808590.910793337] [global_costmap.global_costmap]: Activating
[sweepi_robot_manager_node.py-5] [component_container_isolated-1] [INFO] [1783808590.910821819] [global_costmap.global_costmap]: Checking transform
[sweepi_robot_manager_node.py-5] [component_container_isolated-1] [INFO] [1783808590.910859060] [global_costmap.global_costmap]: Timed out waiting for transform from base_footprint to map to become available, tf error: Invalid frame ID "map" passed to canTransform argument target_frame - frame does not exist
[sweepi_robot_manager_node.py-5] [component_container_isolated-1] [WARN] [1783808591.072435966] [amcl]: AMCL cannot publish a pose or update the transform. Please set the initial pose...
[sweepi_robot_manager_node.py-5] [component_container_isolated-1] [INFO] [1783808591.411002294] [global_costmap.global_costmap]: Timed out waiting for transform from base_footprint to map to become available, tf error: Invalid frame ID "map" passed to canTransform argument target_frame - frame does not exist
[sweepi_robot_manager_node.py-5] [component_container_isolated-1] [INFO] [1783808591.911510330] [global_costmap.global_costmap]: Timed out waiting for transform from base_footprint to map to become available, tf error: Invalid frame ID "map" passed to canTransform argument target_frame - frame does not exist
[sweepi_robot_manager_node.py-5] [component_container_isolated-1] [INFO] [1783808592.410942332] [global_costmap.global_costmap]: Timed out waiting for transform from base_footprint to map to become available, tf error: Invalid frame ID "map" passed to canTransform argument target_frame - frame does not exist
[sweepi_robot_manager_node.py-5] [component_container_isolated-1] [INFO] [1783808592.910927233] [global_costmap.global_costmap]: Timed out waiting for transform from base_footprint to map to become available, tf error: Invalid frame ID "map" passed to canTransform argument target_frame - frame does not exist
[sweepi_robot_manager_node.py-5] [component_container_isolated-1] [WARN] [1783808593.171070093] [amcl]: AMCL cannot publish a pose or update the transform. Please set the initial pose...
[sweepi_robot_manager_node.py-5] [coverage_planner_node.py-3] [INFO] [1783808593.293458887] [coverage_planner_node]: Waiting for /global_costmap/costmap before generating frozen coverage path
[sweepi_robot_manager_node.py-5] [component_container_isolated-1] [INFO] [1783808593.410924709] [global_costmap.global_costmap]: Timed out waiting for transform from base_footprint to map to become available, tf error: Invalid frame ID "map" passed to canTransform argument target_frame - frame does not exist
[sweepi_robot_manager_node.py-5] [component_container_isolated-1] [INFO] [1783808593.910921631] [global_costmap.global_costmap]: Timed out waiting for transform from base_footprint to map to become available, tf error: Invalid frame ID "map" passed to canTransform argument target_frame - frame does not exist
[sweepi_robot_manager_node.py-5] [component_container_isolated-1] [INFO] [1783808594.410933073] [global_costmap.global_costmap]: Timed out waiting for transform from base_footprint to map to become available, tf error: Invalid frame ID "map" passed to canTransform argument target_frame - frame does not exist
[sweepi_robot_manager_node.py-5] [coverage_tracker_node.py-2] [WARN] [1783808594.697995439] [coverage_tracker_node]: Could not get TF map -> base_footprint: "map" passed to lookupTransform argument target_frame does not exist. 
[sweepi_robot_manager_node.py-5] [component_container_isolated-1] [INFO] [1783808594.911494840] [global_costmap.global_costmap]: Timed out waiting for transform from base_footprint to map to become available, tf error: Invalid frame ID "map" passed to canTransform argument target_frame - frame does not exist
[sweepi_robot_manager_node.py-5] [component_container_isolated-1] [WARN] [1783808595.267966231] [amcl]: AMCL cannot publish a pose or update the transform. Please set the initial pose...
[sweepi_robot_manager_node.py-5] [coverage_planner_node.py-3] [INFO] [1783808595.293560268] [coverage_planner_node]: Waiting for /global_costmap/costmap before generating frozen coverage path
[sweepi_robot_manager_node.py-5] [component_container_isolated-1] [INFO] [1783808595.410933442] [global_costmap.global_costmap]: Timed out waiting for transform from base_footprint to map to become available, tf error: Invalid frame ID "map" passed to canTransform argument target_frame - frame does not exist
[sweepi_robot_manager_node.py-5] [component_container_isolated-1] [INFO] [1783808595.910943628] [global_costmap.global_costmap]: Timed out waiting for transform from base_footprint to map to become available, tf error: Invalid frame ID "map" passed to canTransform argument target_frame - frame does not exist
[sweepi_robot_manager_node.py-5] [component_container_isolated-1] [INFO] [1783808596.410926593] [global_costmap.global_costmap]: Timed out waiting for transform from base_footprint to map to become available, tf error: Invalid frame ID "map" passed to canTransform argument target_frame - frame does not exist
[sweepi_robot_manager_node.py-5] [component_container_isolated-1] [INFO] [1783808596.910928336] [global_costmap.global_costmap]: Timed out waiting for transform from base_footprint to map to become available, tf error: Invalid frame ID "map" passed to canTransform argument target_frame - frame does not exist
[sweepi_robot_manager_node.py-5] [component_container_isolated-1] [WARN] [1783808597.367017703] [amcl]: AMCL cannot publish a pose or update the transform. Please set the initial pose...
[sweepi_robot_manager_node.py-5] [component_container_isolated-1] [INFO] [1783808597.410923545] [global_costmap.global_costmap]: Timed out waiting for transform from base_footprint to map to become available, tf error: Invalid frame ID "map" passed to canTransform argument target_frame - frame does not exist
[sweepi_robot_manager_node.py-5] [component_container_isolated-1] [INFO] [1783808597.911349575] [global_costmap.global_costmap]: Timed out waiting for transform from base_footprint to map to become available, tf error: Invalid frame ID "map" passed to canTransform argument target_frame - frame does not exist
[sweepi_robot_manager_node.py-5] [coverage_planner_node.py-3] [INFO] [1783808598.295887642] [coverage_planner_node]: Waiting for /global_costmap/costmap before generating frozen coverage path
[sweepi_robot_manager_node.py-5] [component_container_isolated-1] [INFO] [1783808598.410930446] [global_costmap.global_costmap]: Timed out waiting for transform from base_footprint to map to become available, tf error: Invalid frame ID "map" passed to canTransform argument target_frame - frame does not exist
[sweepi_robot_manager_node.py-5] [component_container_isolated-1] [INFO] [1783808598.910932509] [global_costmap.global_costmap]: Timed out waiting for transform from base_footprint to map to become available, tf error: Invalid frame ID "map" passed to canTransform argument target_frame - frame does not exist
[sweepi_robot_manager_node.py-5] [component_container_isolated-1] [WARN] [1783808599.367742503] [amcl]: AMCL cannot publish a pose or update the transform. Please set the initial pose...
[sweepi_robot_manager_node.py-5] [component_container_isolated-1] [INFO] [1783808599.410928481] [global_costmap.global_costmap]: Timed out waiting for transform from base_footprint to map to become available, tf error: Invalid frame ID "map" passed to canTransform argument target_frame - frame does not exist
[sweepi_robot_manager_node.py-5] [coverage_tracker_node.py-2] [WARN] [1783808599.699338653] [coverage_tracker_node]: Could not get TF map -> base_footprint: "map" passed to lookupTransform argument target_frame does not exist. 
[sweepi_robot_manager_node.py-5] [component_container_isolated-1] [INFO] [1783808599.911255459] [global_costmap.global_costmap]: Timed out waiting for transform from base_footprint to map to become available, tf error: Invalid frame ID "map" passed to canTransform argument target_frame - frame does not exist
[sweepi_robot_manager_node.py-5] [component_container_isolated-1] [INFO] [1783808600.410929521] [global_costmap.global_costmap]: Timed out waiting for transform from base_footprint to map to become available, tf error: Invalid frame ID "map" passed to canTransform argument target_frame - frame does not exist
[sweepi_robot_manager_node.py-5] [component_container_isolated-1] [INFO] [1783808600.910925959] [global_costmap.global_costmap]: Timed out waiting for transform from base_footprint to map to become available, tf error: Invalid frame ID "map" passed to canTransform argument target_frame - frame does not exist
[sweepi_robot_manager_node.py-5] [coverage_planner_node.py-3] [INFO] [1783808601.293154567] [coverage_planner_node]: Waiting for /global_costmap/costmap before generating frozen coverage path
[sweepi_robot_manager_node.py-5] [component_container_isolated-1] [INFO] [1783808601.410928640] [global_costmap.global_costmap]: Timed out waiting for transform from base_footprint to map to become available, tf error: Invalid frame ID "map" passed to canTransform argument target_frame - frame does not exist
[sweepi_robot_manager_node.py-5] [component_container_isolated-1] [WARN] [1783808601.462583556] [amcl]: AMCL cannot publish a pose or update the transform. Please set the initial pose...
[sweepi_robot_manager_node.py-5] [component_container_isolated-1] [INFO] [1783808601.910929506] [global_costmap.global_costmap]: Timed out waiting for transform from base_footprint to map to become available, tf error: Invalid frame ID "map" passed to canTransform argument target_frame - frame does not exist
[sweepi_robot_manager_node.py-5] [component_container_isolated-1] [INFO] [1783808602.410929967] [global_costmap.global_costmap]: Timed out waiting for transform from base_footprint to map to become available, tf error: Invalid frame ID "map" passed to canTransform argument target_frame - frame does not exist
[sweepi_robot_manager_node.py-5] [component_container_isolated-1] [INFO] [1783808602.911100728] [global_costmap.global_costmap]: Timed out waiting for transform from base_footprint to map to become available, tf error: Invalid frame ID "map" passed to canTransform argument target_frame - frame does not exist
[sweepi_robot_manager_node.py-5] [component_container_isolated-1] [INFO] [1783808603.106958918] [amcl]: initialPoseReceived
[sweepi_robot_manager_node.py-5] [component_container_isolated-1] [WARN] [1783808603.107169032] [amcl]: Failed to transform initial pose in time (Lookup would require extrapolation into the future.  Requested time 1783808603.107074 but the latest data is at time 1783808603.069707, when looking up transform from frame [base_footprint] to frame [odom])
[sweepi_robot_manager_node.py-5] [component_container_isolated-1] [INFO] [1783808603.107236867] [amcl]: Setting pose (1783808603.107210): -1.439 -3.713 -1.779
[sweepi_robot_manager_node.py-5] [coverage_planner_node.py-3] [INFO] [1783808603.293244541] [coverage_planner_node]: Waiting for /global_costmap/costmap before generating frozen coverage path
[sweepi_robot_manager_node.py-5] [component_container_isolated-1] [INFO] [1783808603.411043060] [global_costmap.global_costmap]: Timed out waiting for transform from base_footprint to map to become available, tf error: Lookup would require extrapolation into the past.  Requested time 1783808603.379710 but the earliest data is at time 1783808603.560829, when looking up transform from frame [base_footprint] to frame [map]
[sweepi_robot_manager_node.py-5] [component_container_isolated-1] [INFO] [1783808603.911079691] [global_costmap.global_costmap]: start
[sweepi_robot_manager_node.py-5] [coverage_arm_follow_path_executor_node.py-4] [INFO] [1783808604.171400031] [coverage_follow_path_executor_node]: Global costmap received for FollowPath validation: topic=/global_costmap/costmap frame=map size=243x269 resolution=0.050 max_allowed_nav_cost=85 unknown_blocked=true
[sweepi_robot_manager_node.py-5] [coverage_planner_node.py-3] [INFO] [1783808604.171476458] [coverage_planner_node]: Global costmap received for coverage planning: topic=/global_costmap/costmap frame=map size=243x269 resolution=0.050 max_allowed_nav_cost=85 unknown_blocked=true
[sweepi_robot_manager_node.py-5] [component_container_isolated-1] [INFO] [1783808604.213977648] [planner_server]: Activating plugin GridBased of type NavfnPlanner
[sweepi_robot_manager_node.py-5] [component_container_isolated-1] [INFO] [1783808604.221870669] [planner_server]: Creating bond (planner_server) to lifecycle manager.
[sweepi_robot_manager_node.py-5] [component_container_isolated-1] [INFO] [1783808604.338202460] [lifecycle_manager_navigation]: Server planner_server connected with bond.
[sweepi_robot_manager_node.py-5] [component_container_isolated-1] [INFO] [1783808604.338272758] [lifecycle_manager_navigation]: [34m[1mActivating route_server[0m[0m
[sweepi_robot_manager_node.py-5] [component_container_isolated-1] [INFO] [1783808604.338766432] [route_server]: Activating
[sweepi_robot_manager_node.py-5] [component_container_isolated-1] [INFO] [1783808604.339077864] [route_server]: Creating bond (route_server) to lifecycle manager.
[sweepi_robot_manager_node.py-5] [component_container_isolated-1] [INFO] [1783808604.458154479] [lifecycle_manager_navigation]: Server route_server connected with bond.
[sweepi_robot_manager_node.py-5] [component_container_isolated-1] [INFO] [1783808604.458210868] [lifecycle_manager_navigation]: [34m[1mActivating behavior_server[0m[0m
[sweepi_robot_manager_node.py-5] [component_container_isolated-1] [INFO] [1783808604.458757396] [behavior_server]: Activating
[sweepi_robot_manager_node.py-5] [component_container_isolated-1] [INFO] [1783808604.458810489] [behavior_server]: Activating spin
[sweepi_robot_manager_node.py-5] [component_container_isolated-1] [INFO] [1783808604.458850749] [behavior_server]: Activating backup
[sweepi_robot_manager_node.py-5] [component_container_isolated-1] [INFO] [1783808604.458872009] [behavior_server]: Activating drive_on_heading
[sweepi_robot_manager_node.py-5] [component_container_isolated-1] [INFO] [1783808604.458890139] [behavior_server]: Activating assisted_teleop
[sweepi_robot_manager_node.py-5] [component_container_isolated-1] [INFO] [1783808604.458909787] [behavior_server]: Activating wait
[sweepi_robot_manager_node.py-5] [component_container_isolated-1] [INFO] [1783808604.458940029] [behavior_server]: Creating bond (behavior_server) to lifecycle manager.
[sweepi_robot_manager_node.py-5] [component_container_isolated-1] [INFO] [1783808604.574020781] [lifecycle_manager_navigation]: Server behavior_server connected with bond.
[sweepi_robot_manager_node.py-5] [component_container_isolated-1] [INFO] [1783808604.574078948] [lifecycle_manager_navigation]: [34m[1mActivating velocity_smoother[0m[0m
[sweepi_robot_manager_node.py-5] [component_container_isolated-1] [INFO] [1783808604.574545160] [velocity_smoother]: Activating
[sweepi_robot_manager_node.py-5] [component_container_isolated-1] [INFO] [1783808604.574647384] [velocity_smoother]: Creating bond (velocity_smoother) to lifecycle manager.
[sweepi_robot_manager_node.py-5] [component_container_isolated-1] [INFO] [1783808604.694630792] [lifecycle_manager_navigation]: Server velocity_smoother connected with bond.
[sweepi_robot_manager_node.py-5] [component_container_isolated-1] [INFO] [1783808604.694701256] [lifecycle_manager_navigation]: [34m[1mActivating collision_monitor[0m[0m
[sweepi_robot_manager_node.py-5] [component_container_isolated-1] [INFO] [1783808604.695259339] [collision_monitor]: Activating
[sweepi_robot_manager_node.py-5] [component_container_isolated-1] [INFO] [1783808604.695400841] [collision_monitor]: Creating bond (collision_monitor) to lifecycle manager.
[sweepi_robot_manager_node.py-5] [component_container_isolated-1] [INFO] [1783808604.804624033] [lifecycle_manager_navigation]: Server collision_monitor connected with bond.
[sweepi_robot_manager_node.py-5] [component_container_isolated-1] [INFO] [1783808604.804690738] [lifecycle_manager_navigation]: [34m[1mActivating bt_navigator[0m[0m
[sweepi_robot_manager_node.py-5] [component_container_isolated-1] [INFO] [1783808604.805301026] [bt_navigator]: Activating
[sweepi_robot_manager_node.py-5] [component_container_isolated-1] [INFO] [1783808605.288023316] [bt_navigator]: Creating bond (bt_navigator) to lifecycle manager.
[sweepi_robot_manager_node.py-5] [coverage_planner_node.py-3] [INFO] [1783808605.316387789] [coverage_planner_node]: Nav costmap filtered 161 coverage planning cells (blocked_by_cost=161, unknown=0, unknown_blocked=true, max_allowed_nav_cost=85)
[sweepi_robot_manager_node.py-5] [component_container_isolated-1] [INFO] [1783808605.413942305] [lifecycle_manager_navigation]: Server bt_navigator connected with bond.
[sweepi_robot_manager_node.py-5] [component_container_isolated-1] [INFO] [1783808605.413994917] [lifecycle_manager_navigation]: [34m[1mActivating waypoint_follower[0m[0m
[sweepi_robot_manager_node.py-5] [component_container_isolated-1] [INFO] [1783808605.414619798] [waypoint_follower]: Activating
[sweepi_robot_manager_node.py-5] [component_container_isolated-1] [INFO] [1783808605.414723651] [waypoint_follower]: Creating bond (waypoint_follower) to lifecycle manager.
[sweepi_robot_manager_node.py-5] [component_container_isolated-1] [INFO] [1783808605.529687717] [lifecycle_manager_navigation]: Server waypoint_follower connected with bond.
[sweepi_robot_manager_node.py-5] [component_container_isolated-1] [INFO] [1783808605.529752384] [lifecycle_manager_navigation]: [34m[1mActivating docking_server[0m[0m
[sweepi_robot_manager_node.py-5] [component_container_isolated-1] [INFO] [1783808605.530329338] [docking_server]: Activating docking_server
[sweepi_robot_manager_node.py-5] [component_container_isolated-1] [INFO] [1783808605.584571928] [docking_server]: Creating bond (docking_server) to lifecycle manager.
[sweepi_robot_manager_node.py-5] [component_container_isolated-1] [INFO] [1783808605.705334350] [lifecycle_manager_navigation]: Server docking_server connected with bond.
[sweepi_robot_manager_node.py-5] [component_container_isolated-1] [INFO] [1783808605.705389999] [lifecycle_manager_navigation]: [34m[1mManaged nodes are active[0m[0m
[sweepi_robot_manager_node.py-5] [component_container_isolated-1] [INFO] [1783808605.705403740] [lifecycle_manager_navigation]: [34m[1mCreating bond timer...[0m[0m
[sweepi_robot_manager_node.py-5] [coverage_planner_node.py-3] [WARN] [1783808606.770274076] [coverage_planner_node]: Could not find a safe reachable start cell near the robot; keeping all currently safe planning cells
[sweepi_robot_manager_node.py-5] [coverage_planner_node.py-3] [WARN] [1783808606.809413914] [coverage_planner_node]: segment straight connector from (112, 82) to (108, 64) is blocked at cell (108, 66); trying grid connector
[sweepi_robot_manager_node.py-5] [coverage_planner_node.py-3] [WARN] [1783808606.833021123] [coverage_planner_node]: No valid region connector from (109, 100) to (109, 117); publishing remaining discontinuity distance=0.85m
[sweepi_robot_manager_node.py-5] [coverage_planner_node.py-3] [WARN] [1783808606.894147402] [coverage_planner_node]: 409 generated path poses fall on blocked travel-mask cells
[sweepi_robot_manager_node.py-5] [coverage_planner_node.py-3] [WARN] [1783808606.895366774] [coverage_planner_node]: Generated path failed validation: outside_map=0, blocked=409; publishing an empty path
[sweepi_robot_manager_node.py-5] [coverage_planner_node.py-3] [INFO] [1783808606.897551737] [coverage_planner_node]: Coverage path continuity report: segments_before_ordering=69 segments_after_ordering=69 connector_count=8 connector_pose_count=264 total_poses=0 path_length_m=0.00 max_consecutive_jump_m=5.855 max_jump_index=2291 first_pose=unavailable last_pose=unavailable follow_path_ready=false robot_start_used=true nav_costmap_used=true nav_blocked_cells=161 nav_filtered_cells=161 reachability_used=false reachable_cells=0 unreachable_filtered_cells=0
[sweepi_robot_manager_node.py-5] [coverage_planner_node.py-3] [WARN] [1783808606.898302323] [coverage_planner_node]: Published /coverage_path is not continuous enough for FollowPath.
[sweepi_robot_manager_node.py-5] [coverage_planner_node.py-3] [INFO] [1783808606.899726347] [coverage_planner_node]: Coverage replan: percentage=0.1%, uncovered=16131, segments=69, poses=0, path_length=0.00m, unreachable_filtered=0
[sweepi_robot_manager_node.py-5] [coverage_arm_follow_path_executor_node.py-4] [WARN] [1783808606.906243048] [coverage_follow_path_executor_node]: Waiting for executable /coverage_path before freezing: path is empty
[api_bridge_node-6] [INFO] [1783808608.126415409] [sweepi_api_bridge]: HTTP "POST /api/localization/initial-pose HTTP/1.1" 200 -
[sweepi_robot_manager_node.py-5] [coverage_arm_follow_path_executor_node.py-4] [WARN] [1783808612.296586453] [coverage_follow_path_executor_node]: Waiting for executable /coverage_path before freezing: path is empty
[api_bridge_node-6] [INFO] [1783808616.155248996] [sweepi_api_bridge]: HTTP "GET /api/cleaning/status HTTP/1.1" 200 -
[api_bridge_node-6] [INFO] [1783808616.175933342] [sweepi_api_bridge]: HTTP "POST /api/cleaning/validate HTTP/1.1" 200 -
[sweepi_robot_manager_node.py-5] [coverage_arm_follow_path_executor_node.py-4] [WARN] [1783808618.297260908] [coverage_follow_path_executor_node]: Waiting for executable /coverage_path before freezing: path is empty
[api_bridge_node-6] [INFO] [1783808621.197985861] [sweepi_api_bridge]: HTTP "POST /api/cleaning/start-motion HTTP/1.1" 200 -
[sweepi_robot_manager_node.py-5] [coverage_arm_follow_path_executor_node.py-4] [WARN] [1783808624.298080435] [coverage_follow_path_executor_node]: Waiting for executable /coverage_path before freezing: path is empty
[sweepi_robot_manager_node.py-5] [coverage_arm_follow_path_executor_node.py-4] [WARN] [1783808630.297901791] [coverage_follow_path_executor_node]: Waiting for executable /coverage_path before freezing: path is empty
[sweepi_robot_manager_node.py-5] [coverage_arm_follow_path_executor_node.py-4] [INFO] [1783808631.224294994] [coverage_follow_path_executor_node]: Coverage FollowPath status: STOPPED
[sweepi_robot_manager_node.py-5] [INFO] [1783808631.227845276] [sweepi_robot_manager]: /stop_coverage_follow_path result: Coverage stopped; No active SmoothPath or FollowPath goal to cancel
[api_bridge_node-6] [INFO] [1783808631.231399873] [sweepi_api_bridge]: HTTP "POST /api/cleaning/stop HTTP/1.1" 200 -
[sweepi_robot_manager_node.py-5] [INFO] [1783808632.128736888] [sweepi_robot_manager]: Closing coverage launch and returning idle.
[sweepi_robot_manager_node.py-5] [INFO] [1783808632.129554883] [sweepi_robot_manager]: Stopping active coverage launch
[sweepi_robot_manager_node.py-5] [WARNING] [launch]: user interrupted with ctrl-c (SIGINT)
[sweepi_robot_manager_node.py-5] [component_container_isolated-1] [INFO] [1783808632.129708460] [rclcpp]: signal_handler(SIGINT/SIGTERM)
[sweepi_robot_manager_node.py-5] [component_container_isolated-1] [INFO] [1783808632.129791202] [amcl]: Running Nav2 LifecycleNode rcl preshutdown (amcl)
[sweepi_robot_manager_node.py-5] [INFO] [coverage_manager_node.py-5]: sending signal 'SIGINT' to process[coverage_manager_node.py-5]
[sweepi_robot_manager_node.py-5] [INFO] [coverage_arm_follow_path_executor_node.py-4]: sending signal 'SIGINT' to process[coverage_arm_follow_path_executor_node.py-4]
[sweepi_robot_manager_node.py-5] [INFO] [coverage_planner_node.py-3]: sending signal 'SIGINT' to process[coverage_planner_node.py-3]
[sweepi_robot_manager_node.py-5] [INFO] [coverage_tracker_node.py-2]: sending signal 'SIGINT' to process[coverage_tracker_node.py-2]
[sweepi_robot_manager_node.py-5] [INFO] [component_container_isolated-1]: sending signal 'SIGINT' to process[component_container_isolated-1]
[sweepi_robot_manager_node.py-5] [component_container_isolated-1] [INFO] [1783808632.132884087] [amcl]: Deactivating
[sweepi_robot_manager_node.py-5] [component_container_isolated-1] [INFO] [1783808632.132993682] [amcl]: Destroying bond (amcl) to lifecycle manager.
[sweepi_robot_manager_node.py-5] [component_container_isolated-1] [INFO] [1783808632.155058608] [amcl]: Cleaning up
[sweepi_robot_manager_node.py-5] [component_container_isolated-1] [INFO] [1783808632.318788692] [lifecycle_manager_localization]: [34m[1mHave not received a heartbeat from amcl.[0m[0m
[sweepi_robot_manager_node.py-5] [component_container_isolated-1] [ERROR] [1783808632.318896916] [lifecycle_manager_localization]: CRITICAL FAILURE: SERVER amcl IS DOWN after not receiving a heartbeat for 4000 ms. Shutting down related nodes.
[sweepi_robot_manager_node.py-5] [component_container_isolated-1] [INFO] [1783808632.319072067] [lifecycle_manager_localization]: [34m[1mTerminating bond timer...[0m[0m
[sweepi_robot_manager_node.py-5] [component_container_isolated-1] [INFO] [1783808632.319106493] [lifecycle_manager_localization]: [34m[1mResetting managed nodes...[0m[0m
[sweepi_robot_manager_node.py-5] [component_container_isolated-1] [INFO] [1783808632.319133235] [lifecycle_manager_localization]: [34m[1mDeactivating amcl[0m[0m
[sweepi_robot_manager_node.py-5] [ERROR] [coverage_arm_follow_path_executor_node.py-4]: process has died [pid 13237, exit code -2, cmd '/home/sweepi/SweePi/install/sweepi_coverage/lib/sweepi_coverage/coverage_arm_follow_path_executor_node.py --ros-args -r __node:=coverage_follow_path_executor_node --params-file /home/sweepi/SweePi/install/sweepi_coverage/share/sweepi_coverage/config/coverage_follow_path_params.yaml --params-file /tmp/launch_params_q1evthuk --params-file /tmp/launch_params_9t2mbu5v'].
[sweepi_robot_manager_node.py-5] [ERROR] [coverage_manager_node.py-5]: process has died [pid 13238, exit code -2, cmd '/home/sweepi/SweePi/install/sweepi_coverage/lib/sweepi_coverage/coverage_manager_node.py --ros-args -r __node:=coverage_manager_node --params-file /home/sweepi/SweePi/install/sweepi_coverage/share/sweepi_coverage/config/coverage_follow_path_params.yaml --params-file /tmp/launch_params_85ys9njg'].
[sweepi_robot_manager_node.py-5] [ERROR] [coverage_tracker_node.py-2]: process has died [pid 13235, exit code -2, cmd '/home/sweepi/SweePi/install/sweepi_coverage/lib/sweepi_coverage/coverage_tracker_node.py --ros-args -r __node:=coverage_tracker_node --params-file /home/sweepi/SweePi/install/sweepi_coverage/share/sweepi_coverage/config/coverage_follow_path_params.yaml --params-file /tmp/launch_params_bj1ts9hs'].
[sweepi_robot_manager_node.py-5] [ERROR] [coverage_planner_node.py-3]: process has died [pid 13236, exit code -2, cmd '/home/sweepi/SweePi/install/sweepi_coverage/lib/sweepi_coverage/coverage_planner_node.py --ros-args -r __node:=coverage_planner_node --params-file /home/sweepi/SweePi/install/sweepi_coverage/share/sweepi_coverage/config/coverage_follow_path_params.yaml --params-file /tmp/launch_params_khg_9x7g'].
[sweepi_robot_manager_node.py-5] [component_container_isolated-1] [WARN] [1783808632.560083060] [rcl_lifecycle]: No transition matching 4 found for current state cleaningup
[sweepi_robot_manager_node.py-5] [component_container_isolated-1] [WARN] [1783808632.560139191] [rcl_lifecycle]: No transition matching 4 found for current state cleaningup
[sweepi_robot_manager_node.py-5] [component_container_isolated-1] [ERROR] [1783808632.560155746] [amcl]: Unable to start transition 4 from current state cleaningup: Transition is not registered., at ./src/rcl_lifecycle.c:355
[sweepi_robot_manager_node.py-5] [component_container_isolated-1] [ERROR] [1783808632.561843830] [lifecycle_manager_localization]: Failed to change state for node: amcl
[sweepi_robot_manager_node.py-5] [component_container_isolated-1] [INFO] [1783808632.561946128] [lifecycle_manager_localization]: [34m[1mDeactivating map_server[0m[0m
[sweepi_robot_manager_node.py-5] [component_container_isolated-1] [INFO] [1783808632.562826180] [map_server]: Deactivating
[sweepi_robot_manager_node.py-5] [component_container_isolated-1] [INFO] [1783808632.562921108] [map_server]: Destroying bond (map_server) to lifecycle manager.
[sweepi_robot_manager_node.py-5] [component_container_isolated-1] [INFO] [1783808632.594385433] [amcl]: Destroying bond (amcl) to lifecycle manager.
[sweepi_robot_manager_node.py-5] [component_container_isolated-1] [INFO] [1783808632.594447526] [controller_server]: Running Nav2 LifecycleNode rcl preshutdown (controller_server)
[sweepi_robot_manager_node.py-5] [component_container_isolated-1] [INFO] [1783808632.594504972] [controller_server]: Deactivating
[sweepi_robot_manager_node.py-5] [component_container_isolated-1] [INFO] [1783808632.594529879] [controller_server]: Deactivating controller: FollowPath of type regulated_pure_pursuit_controller::RegulatedPurePursuitController
[sweepi_robot_manager_node.py-5] [component_container_isolated-1] [INFO] [1783808632.594595547] [local_costmap.local_costmap]: Deactivating
[sweepi_robot_manager_node.py-5] [component_container_isolated-1] [INFO] [1783808632.679777034] [controller_server]: Destroying bond (controller_server) to lifecycle manager.
[sweepi_robot_manager_node.py-5] [component_container_isolated-1] [INFO] [1783808632.685861080] [lifecycle_manager_localization]: [34m[1mCleaning up amcl[0m[0m
[sweepi_robot_manager_node.py-5] [component_container_isolated-1] [INFO] [1783808632.691139984] [controller_server]: Cleaning up
[sweepi_robot_manager_node.py-5] [component_container_isolated-1] [INFO] [1783808632.691201522] [controller_server]: Cleaning up controller: FollowPath of type regulated_pure_pursuit_controller::RegulatedPurePursuitController
[sweepi_robot_manager_node.py-5] [component_container_isolated-1] [INFO] [1783808632.691362080] [local_costmap.local_costmap]: Cleaning up
[sweepi_robot_manager_node.py-5] [component_container_isolated-1] [INFO] [1783808632.705523966] [lifecycle_manager_navigation]: [34m[1mHave not received a heartbeat from controller_server.[0m[0m
[sweepi_robot_manager_node.py-5] [component_container_isolated-1] [ERROR] [1783808632.705649542] [lifecycle_manager_navigation]: CRITICAL FAILURE: SERVER controller_server IS DOWN after not receiving a heartbeat for 4000 ms. Shutting down related nodes.
[sweepi_robot_manager_node.py-5] [component_container_isolated-1] [INFO] [1783808632.705769896] [lifecycle_manager_navigation]: [34m[1mTerminating bond timer...[0m[0m
[sweepi_robot_manager_node.py-5] [component_container_isolated-1] [INFO] [1783808632.705800619] [lifecycle_manager_navigation]: [34m[1mResetting managed nodes...[0m[0m
[sweepi_robot_manager_node.py-5] [component_container_isolated-1] [INFO] [1783808632.705824416] [lifecycle_manager_navigation]: [34m[1mDeactivating docking_server[0m[0m
[sweepi_robot_manager_node.py-5] [component_container_isolated-1] [INFO] [1783808632.706785654] [docking_server]: Deactivating docking_server
[sweepi_robot_manager_node.py-5] [component_container_isolated-1] [WARN] [1783808632.808855184] [rcl_lifecycle]: No transition matching 2 found for current state unconfigured
[sweepi_robot_manager_node.py-5] [component_container_isolated-1] [WARN] [1783808632.808900610] [rcl_lifecycle]: No transition matching 2 found for current state unconfigured
[sweepi_robot_manager_node.py-5] [component_container_isolated-1] [ERROR] [1783808632.808910333] [amcl]: Unable to start transition 2 from current state unconfigured: Transition is not registered., at ./src/rcl_lifecycle.c:355
[sweepi_robot_manager_node.py-5] [component_container_isolated-1] [INFO] [1783808632.811315855] [lifecycle_manager_localization]: [34m[1mCleaning up map_server[0m[0m
[sweepi_robot_manager_node.py-5] [component_container_isolated-1] [INFO] [1783808632.812119738] [map_server]: Cleaning up
[sweepi_robot_manager_node.py-5] [component_container_isolated-1] [INFO] [1783808632.857263608] [docking_server]: Destroying bond (docking_server) to lifecycle manager.
[sweepi_robot_manager_node.py-5] [component_container_isolated-1] [INFO] [1783808632.878903601] [lifecycle_manager_localization]: [34m[1mManaged nodes have been reset[0m[0m
[sweepi_robot_manager_node.py-5] [component_container_isolated-1] [INFO] [1783808632.981256969] [lifecycle_manager_navigation]: [34m[1mDeactivating waypoint_follower[0m[0m
[sweepi_robot_manager_node.py-5] [component_container_isolated-1] [INFO] [1783808632.982012704] [waypoint_follower]: Deactivating
[sweepi_robot_manager_node.py-5] [component_container_isolated-1] [INFO] [1783808632.982124002] [waypoint_follower]: Destroying bond (waypoint_follower) to lifecycle manager.
[sweepi_robot_manager_node.py-5] [component_container_isolated-1] [INFO] [1783808632.982132780] [controller_server]: Destroying bond (controller_server) to lifecycle manager.
[sweepi_robot_manager_node.py-5] [component_container_isolated-1] [INFO] [1783808632.982249041] [map_server]: Running Nav2 LifecycleNode rcl preshutdown (map_server)
[sweepi_robot_manager_node.py-5] [component_container_isolated-1] [INFO] [1783808632.982268393] [map_server]: Destroying bond (map_server) to lifecycle manager.
[sweepi_robot_manager_node.py-5] [component_container_isolated-1] [INFO] [1783808632.982283893] [lifecycle_manager_localization]: Running Nav2 LifecycleManager rcl preshutdown (lifecycle_manager_localization)
[sweepi_robot_manager_node.py-5] [component_container_isolated-1] [INFO] [1783808633.011793445] [smoother_server]: Running Nav2 LifecycleNode rcl preshutdown (smoother_server)
[sweepi_robot_manager_node.py-5] [component_container_isolated-1] [INFO] [1783808633.011900539] [smoother_server]: Deactivating
[sweepi_robot_manager_node.py-5] [component_container_isolated-1] [INFO] [1783808633.012154617] [smoother_server]: Destroying bond (smoother_server) to lifecycle manager.
[sweepi_robot_manager_node.py-5] [component_container_isolated-1] [INFO] [1783808633.022577496] [smoother_server]: Cleaning up
[sweepi_robot_manager_node.py-5] [component_container_isolated-1] [INFO] [1783808633.056911018] [global_costmap.global_costmap]: Message Filter dropping message: frame 'lidar_link' at time 1783808632.441 for reason 'the timestamp on the message is earlier than all the data in the transform cache'
[sweepi_robot_manager_node.py-5] [component_container_isolated-1] [INFO] [1783808633.071469836] [smoother_server]: Destroying bond (smoother_server) to lifecycle manager.
[sweepi_robot_manager_node.py-5] [component_container_isolated-1] [INFO] [1783808633.071527596] [planner_server]: Running Nav2 LifecycleNode rcl preshutdown (planner_server)
[sweepi_robot_manager_node.py-5] [component_container_isolated-1] [INFO] [1783808633.071577097] [planner_server]: Deactivating
[sweepi_robot_manager_node.py-5] [component_container_isolated-1] [INFO] [1783808633.071643673] [global_costmap.global_costmap]: Deactivating
[sweepi_robot_manager_node.py-5] [component_container_isolated-1] [INFO] [1783808633.101615158] [lifecycle_manager_navigation]: [34m[1mDeactivating bt_navigator[0m[0m
[sweepi_robot_manager_node.py-5] [component_container_isolated-1] [INFO] [1783808633.102188908] [bt_navigator]: Deactivating
[sweepi_robot_manager_node.py-5] [component_container_isolated-1] [INFO] [1783808633.102277595] [bt_navigator]: Destroying bond (bt_navigator) to lifecycle manager.
[sweepi_robot_manager_node.py-5] [component_container_isolated-1] [INFO] [1783808633.162993263] [planner_server]: Deactivating plugin GridBased of type NavfnPlanner
[sweepi_robot_manager_node.py-5] [component_container_isolated-1] [INFO] [1783808633.163085616] [planner_server]: Destroying bond (planner_server) to lifecycle manager.
[sweepi_robot_manager_node.py-5] [component_container_isolated-1] [INFO] [1783808633.173503921] [planner_server]: Cleaning up
[sweepi_robot_manager_node.py-5] [component_container_isolated-1] [INFO] [1783808633.225420275] [lifecycle_manager_navigation]: [34m[1mDeactivating collision_monitor[0m[0m
[sweepi_robot_manager_node.py-5] [component_container_isolated-1] [INFO] [1783808633.238064284] [global_costmap.global_costmap]: Cleaning up
[sweepi_robot_manager_node.py-5] [component_container_isolated-1] [INFO] [1783808633.266735728] [collision_monitor]: Deactivating
[sweepi_robot_manager_node.py-5] [component_container_isolated-1] [INFO] [1783808633.269616481] [planner_server]: Cleaning up plugin GridBased of type NavfnPlanner
[sweepi_robot_manager_node.py-5] [component_container_isolated-1] [INFO] [1783808633.269999968] [collision_monitor]: Destroying bond (collision_monitor) to lifecycle manager.
[sweepi_robot_manager_node.py-5] [component_container_isolated-1] [INFO] [1783808633.270253528] [planner_server]: Destroying plugin GridBased of type NavfnPlanner
[sweepi_robot_manager_node.py-5] [component_container_isolated-1] [INFO] [1783808633.369173468] [planner_server]: Destroying bond (planner_server) to lifecycle manager.
[sweepi_robot_manager_node.py-5] [component_container_isolated-1] [INFO] [1783808633.369230877] [route_server]: Running Nav2 LifecycleNode rcl preshutdown (route_server)
[sweepi_robot_manager_node.py-5] [component_container_isolated-1] [INFO] [1783808633.369277785] [route_server]: Deactivating
[sweepi_robot_manager_node.py-5] [component_container_isolated-1] [INFO] [1783808633.369332767] [route_server]: Destroying bond (route_server) to lifecycle manager.
[sweepi_robot_manager_node.py-5] [component_container_isolated-1] [INFO] [1783808633.379854129] [route_server]: Cleaning up
[sweepi_robot_manager_node.py-5] [component_container_isolated-1] [INFO] [1783808633.389598978] [lifecycle_manager_navigation]: [34m[1mDeactivating velocity_smoother[0m[0m
[sweepi_robot_manager_node.py-5] [component_container_isolated-1] [INFO] [1783808633.391186597] [velocity_smoother]: Deactivating
[sweepi_robot_manager_node.py-5] [component_container_isolated-1] [INFO] [1783808633.391303433] [velocity_smoother]: Destroying bond (velocity_smoother) to lifecycle manager.
[sweepi_robot_manager_node.py-5] [component_container_isolated-1] [INFO] [1783808633.452097751] [route_server]: Destroying bond (route_server) to lifecycle manager.
[sweepi_robot_manager_node.py-5] [component_container_isolated-1] [INFO] [1783808633.452145955] [behavior_server]: Running Nav2 LifecycleNode rcl preshutdown (behavior_server)
[sweepi_robot_manager_node.py-5] [component_container_isolated-1] [INFO] [1783808633.452186826] [behavior_server]: Deactivating
[sweepi_robot_manager_node.py-5] [component_container_isolated-1] [INFO] [1783808633.452240364] [behavior_server]: Destroying bond (behavior_server) to lifecycle manager.
[sweepi_robot_manager_node.py-5] [component_container_isolated-1] [INFO] [1783808633.462616075] [behavior_server]: Cleaning up
[sweepi_robot_manager_node.py-5] [component_container_isolated-1] [INFO] [1783808633.472133106] [behavior_server]: Destroying bond (behavior_server) to lifecycle manager.
[sweepi_robot_manager_node.py-5] [component_container_isolated-1] [INFO] [1783808633.472201440] [bt_navigator]: Running Nav2 LifecycleNode rcl preshutdown (bt_navigator)
[sweepi_robot_manager_node.py-5] [component_container_isolated-1] [INFO] [1783808633.472247237] [bt_navigator]: Cleaning up
[sweepi_robot_manager_node.py-5] [component_container_isolated-1] [INFO] [1783808633.528711501] [lifecycle_manager_navigation]: [34m[1mDeactivating behavior_server[0m[0m
[sweepi_robot_manager_node.py-5] [component_container_isolated-1] [WARN] [1783808633.816889973] [rcl_lifecycle]: No transition matching 4 found for current state unconfigured
[sweepi_robot_manager_node.py-5] [component_container_isolated-1] [WARN] [1783808633.816949770] [rcl_lifecycle]: No transition matching 4 found for current state unconfigured
[sweepi_robot_manager_node.py-5] [component_container_isolated-1] [ERROR] [1783808633.816964567] [behavior_server]: Unable to start transition 4 from current state unconfigured: Transition is not registered., at ./src/rcl_lifecycle.c:355
[sweepi_robot_manager_node.py-5] [component_container_isolated-1] [ERROR] [1783808633.818161161] [lifecycle_manager_navigation]: Failed to change state for node: behavior_server
[sweepi_robot_manager_node.py-5] [component_container_isolated-1] [INFO] [1783808633.818239495] [lifecycle_manager_navigation]: [34m[1mDeactivating route_server[0m[0m
[sweepi_robot_manager_node.py-5] [component_container_isolated-1] Magick: abort due to signal 11 (SIGSEGV) "Segmentation Fault"...
[sweepi_robot_manager_node.py-5] [ERROR] [component_container_isolated-1]: process has died [pid 13234, exit code -6, cmd '/opt/ros/jazzy/lib/rclcpp_components/component_container_isolated --ros-args --log-level info --ros-args -r __node:=nav2_container --params-file /tmp/launch_params_zgxbqhyu --params-file /tmp/launch_params_z7_7hf_f -r /tf:=tf -r /tf_static:=tf_static'].
[api_bridge_node-6] [INFO] [1783808650.396618498] [sweepi_api_bridge]: HTTP "GET /api/cleaning/status HTTP/1.1" 200 -
[sweepi_robot_manager_node.py-5] [INFO] [1783808711.208585899] [sweepi_robot_manager]: coverage launch started: /opt/ros/jazzy/bin/ros2 launch sweepi_robot_manager coverage_task.launch.py map_name:=living_room auto_start:=false use_sim_time:=false use_robot_arm:=false
[api_bridge_node-6] [INFO] [1783808711.214811321] [sweepi_api_bridge]: HTTP "POST /api/cleaning/start HTTP/1.1" 200 -
[sweepi_robot_manager_node.py-5] [INFO] [launch]: All log files can be found below /home/sweepi/.ros/log/2026-07-12-03-55-11-697544-sweepi-13595
[sweepi_robot_manager_node.py-5] [INFO] [launch]: Default logging verbosity is set to INFO
[sweepi_robot_manager_node.py-5] [INFO] [component_container_isolated-1]: process started with pid [13616]
[sweepi_robot_manager_node.py-5] [INFO] [coverage_tracker_node.py-2]: process started with pid [13617]
[sweepi_robot_manager_node.py-5] [INFO] [coverage_planner_node.py-3]: process started with pid [13618]
[sweepi_robot_manager_node.py-5] [INFO] [coverage_arm_follow_path_executor_node.py-4]: process started with pid [13619]
[sweepi_robot_manager_node.py-5] [INFO] [coverage_manager_node.py-5]: process started with pid [13620]
[sweepi_robot_manager_node.py-5] [coverage_manager_node.py-5] [INFO] [1783808714.309432778] [coverage_manager_node]: Coverage manager placeholder started; no coverage workflow is active.
[sweepi_robot_manager_node.py-5] [coverage_tracker_node.py-2] [INFO] [1783808714.667480782] [coverage_tracker_node]: Coverage tracker started: map=/map, coverage=/coverage_map, TF=map -> base_footprint
[sweepi_robot_manager_node.py-5] [coverage_planner_node.py-3] [INFO] [1783808714.890439787] [coverage_planner_node]: Coverage planner started: coverage_map=/coverage_map, nav_costmap=/global_costmap/costmap, path=/coverage_path, mask=/coverage_planning_mask, percentage=/coverage_percentage, stats=/coverage_stats, direction=auto, use_nav_costmap=true, robot_radius=0.20m, safety_margin=0.10m, inflation_radius=0.24m
[sweepi_robot_manager_node.py-5] [coverage_arm_follow_path_executor_node.py-4] [INFO] [1783808715.388604230] [coverage_follow_path_executor_node]: Coverage FollowPath executor started: action=/follow_path controller_id=FollowPath smoother_action=/smooth_path smoother_id=simple_smoother path=/coverage_path raw=/coverage_path_raw smoothed=/coverage_smoothed_path active=/coverage_active_path costmap=/global_costmap/costmap. This mode uses FollowPath, not NavigateThroughPoses. dynamic_obstacle_skip=true local_costmap=/local_costmap/costmap static_map=/map
[sweepi_robot_manager_node.py-5] [coverage_arm_follow_path_executor_node.py-4] [INFO] [1783808715.389571265] [coverage_follow_path_executor_node]: Loaded dynamic obstacle parameters: dynamic_rejoin_max_search_distance_m=5.00 dynamic_progress_search_forward_m=1.00 dynamic_max_rejoin_candidates=100 dynamic_rejoin_min_clearance_m=0.03 dynamic_collision_check_radius_m=0.23 dynamic_connector_goal_tolerance_m=0.15 dynamic_skip_replan_cooldown_sec=3.00 dynamic_skip_max_consecutive_failures=5
[sweepi_robot_manager_node.py-5] [coverage_arm_follow_path_executor_node.py-4] [INFO] [1783808715.411263174] [coverage_follow_path_executor_node]: [COVERAGE_ARM] IDLE use_robot_arm=false inflated_promotion=true front_lidar_threshold_m=0.50 front_tof_clear_threshold_m=0.50
[sweepi_robot_manager_node.py-5] [component_container_isolated-1] [INFO] [1783808715.931862853] [nav2_container]: Load Library: /opt/ros/jazzy/lib/libcontroller_server_core.so
[sweepi_robot_manager_node.py-5] [component_container_isolated-1] [INFO] [1783808715.950483876] [nav2_container]: Found class: rclcpp_components::NodeFactoryTemplate<nav2_controller::ControllerServer>
[sweepi_robot_manager_node.py-5] [component_container_isolated-1] [INFO] [1783808715.950552711] [nav2_container]: Instantiate class: rclcpp_components::NodeFactoryTemplate<nav2_controller::ControllerServer>
[sweepi_robot_manager_node.py-5] [component_container_isolated-1] [INFO] [1783808715.987824275] [controller_server]: 
[sweepi_robot_manager_node.py-5] [component_container_isolated-1] 	controller_server lifecycle node launched. 
[sweepi_robot_manager_node.py-5] [component_container_isolated-1] 	Waiting on external lifecycle transitions to activate
[sweepi_robot_manager_node.py-5] [component_container_isolated-1] 	See https://design.ros2.org/articles/node_lifecycle.html for more information.
[sweepi_robot_manager_node.py-5] [component_container_isolated-1] [INFO] [1783808715.996470146] [controller_server]: Creating controller server
[sweepi_robot_manager_node.py-5] [component_container_isolated-1] [INFO] [1783808716.034136032] [local_costmap.local_costmap]: 
[sweepi_robot_manager_node.py-5] [component_container_isolated-1] 	local_costmap lifecycle node launched. 
[sweepi_robot_manager_node.py-5] [component_container_isolated-1] 	Waiting on external lifecycle transitions to activate
[sweepi_robot_manager_node.py-5] [component_container_isolated-1] 	See https://design.ros2.org/articles/node_lifecycle.html for more information.
[sweepi_robot_manager_node.py-5] [component_container_isolated-1] [INFO] [1783808716.035193809] [local_costmap.local_costmap]: Creating Costmap
[sweepi_robot_manager_node.py-5] [component_container_isolated-1] [INFO] [1783808716.037538868] [nav2_container]: Load Library: /opt/ros/jazzy/lib/libmap_server_core.so
[sweepi_robot_manager_node.py-5] [INFO] [launch_ros.actions.load_composable_nodes]: Loaded node '/controller_server' in container '/nav2_container'
[sweepi_robot_manager_node.py-5] [component_container_isolated-1] [INFO] [1783808716.055958998] [nav2_container]: Found class: rclcpp_components::NodeFactoryTemplate<nav2_map_server::CostmapFilterInfoServer>
[sweepi_robot_manager_node.py-5] [component_container_isolated-1] [INFO] [1783808716.056021074] [nav2_container]: Found class: rclcpp_components::NodeFactoryTemplate<nav2_map_server::MapSaver>
[sweepi_robot_manager_node.py-5] [component_container_isolated-1] [INFO] [1783808716.056034500] [nav2_container]: Found class: rclcpp_components::NodeFactoryTemplate<nav2_map_server::MapServer>
[sweepi_robot_manager_node.py-5] [component_container_isolated-1] [INFO] [1783808716.056045555] [nav2_container]: Instantiate class: rclcpp_components::NodeFactoryTemplate<nav2_map_server::MapServer>
[sweepi_robot_manager_node.py-5] [component_container_isolated-1] [INFO] [1783808716.091606072] [map_server]: 
[sweepi_robot_manager_node.py-5] [component_container_isolated-1] 	map_server lifecycle node launched. 
[sweepi_robot_manager_node.py-5] [component_container_isolated-1] 	Waiting on external lifecycle transitions to activate
[sweepi_robot_manager_node.py-5] [component_container_isolated-1] 	See https://design.ros2.org/articles/node_lifecycle.html for more information.
[sweepi_robot_manager_node.py-5] [component_container_isolated-1] [INFO] [1783808716.091720130] [map_server]: Creating
[sweepi_robot_manager_node.py-5] [component_container_isolated-1] [INFO] [1783808716.093314824] [nav2_container]: Load Library: /opt/ros/jazzy/lib/libamcl_core.so
[sweepi_robot_manager_node.py-5] [INFO] [launch_ros.actions.load_composable_nodes]: Loaded node '/map_server' in container '/nav2_container'
[sweepi_robot_manager_node.py-5] [component_container_isolated-1] [INFO] [1783808716.097902051] [nav2_container]: Found class: rclcpp_components::NodeFactoryTemplate<nav2_amcl::AmclNode>
[sweepi_robot_manager_node.py-5] [component_container_isolated-1] [INFO] [1783808716.097965755] [nav2_container]: Instantiate class: rclcpp_components::NodeFactoryTemplate<nav2_amcl::AmclNode>
[sweepi_robot_manager_node.py-5] [component_container_isolated-1] [INFO] [1783808716.137961645] [amcl]: 
[sweepi_robot_manager_node.py-5] [component_container_isolated-1] 	amcl lifecycle node launched. 
[sweepi_robot_manager_node.py-5] [component_container_isolated-1] 	Waiting on external lifecycle transitions to activate
[sweepi_robot_manager_node.py-5] [component_container_isolated-1] 	See https://design.ros2.org/articles/node_lifecycle.html for more information.
[sweepi_robot_manager_node.py-5] [component_container_isolated-1] [INFO] [1783808716.138904735] [amcl]: Creating
[sweepi_robot_manager_node.py-5] [component_container_isolated-1] [INFO] [1783808716.143985303] [nav2_container]: Load Library: /opt/ros/jazzy/lib/libsmoother_server_core.so
[sweepi_robot_manager_node.py-5] [INFO] [launch_ros.actions.load_composable_nodes]: Loaded node '/amcl' in container '/nav2_container'
[sweepi_robot_manager_node.py-5] [component_container_isolated-1] [INFO] [1783808716.148086577] [nav2_container]: Found class: rclcpp_components::NodeFactoryTemplate<nav2_smoother::SmootherServer>
[sweepi_robot_manager_node.py-5] [component_container_isolated-1] [INFO] [1783808716.148148671] [nav2_container]: Instantiate class: rclcpp_components::NodeFactoryTemplate<nav2_smoother::SmootherServer>
[sweepi_robot_manager_node.py-5] [component_container_isolated-1] [INFO] [1783808716.194951806] [smoother_server]: 
[sweepi_robot_manager_node.py-5] [component_container_isolated-1] 	smoother_server lifecycle node launched. 
[sweepi_robot_manager_node.py-5] [component_container_isolated-1] 	Waiting on external lifecycle transitions to activate
[sweepi_robot_manager_node.py-5] [component_container_isolated-1] 	See https://design.ros2.org/articles/node_lifecycle.html for more information.
[sweepi_robot_manager_node.py-5] [component_container_isolated-1] [INFO] [1783808716.198188177] [smoother_server]: Creating smoother server
[sweepi_robot_manager_node.py-5] [component_container_isolated-1] [INFO] [1783808716.200331936] [nav2_container]: Load Library: /opt/ros/jazzy/lib/libnav2_lifecycle_manager_core.so
[sweepi_robot_manager_node.py-5] [INFO] [launch_ros.actions.load_composable_nodes]: Loaded node '/smoother_server' in container '/nav2_container'
[sweepi_robot_manager_node.py-5] [component_container_isolated-1] [INFO] [1783808716.202290432] [nav2_container]: Found class: rclcpp_components::NodeFactoryTemplate<nav2_lifecycle_manager::LifecycleManager>
[sweepi_robot_manager_node.py-5] [component_container_isolated-1] [INFO] [1783808716.202350044] [nav2_container]: Instantiate class: rclcpp_components::NodeFactoryTemplate<nav2_lifecycle_manager::LifecycleManager>
[sweepi_robot_manager_node.py-5] [component_container_isolated-1] [INFO] [1783808716.243445563] [lifecycle_manager_localization]: Creating
[sweepi_robot_manager_node.py-5] [component_container_isolated-1] [INFO] [1783808716.255493122] [nav2_container]: Load Library: /opt/ros/jazzy/lib/libplanner_server_core.so
[sweepi_robot_manager_node.py-5] [component_container_isolated-1] [INFO] [1783808716.256090502] [lifecycle_manager_localization]: [34m[1mCreating and initializing lifecycle service clients[0m[0m
[sweepi_robot_manager_node.py-5] [INFO] [launch_ros.actions.load_composable_nodes]: Loaded node '/lifecycle_manager_localization' in container '/nav2_container'
[sweepi_robot_manager_node.py-5] [component_container_isolated-1] [INFO] [1783808716.259715916] [nav2_container]: Found class: rclcpp_components::NodeFactoryTemplate<nav2_planner::PlannerServer>
[sweepi_robot_manager_node.py-5] [component_container_isolated-1] [INFO] [1783808716.259775399] [nav2_container]: Instantiate class: rclcpp_components::NodeFactoryTemplate<nav2_planner::PlannerServer>
[sweepi_robot_manager_node.py-5] [component_container_isolated-1] [INFO] [1783808716.279756371] [lifecycle_manager_localization]: [34m[1mStarting managed nodes bringup...[0m[0m
[sweepi_robot_manager_node.py-5] [component_container_isolated-1] [INFO] [1783808716.279859188] [lifecycle_manager_localization]: [34m[1mConfiguring map_server[0m[0m
[sweepi_robot_manager_node.py-5] [component_container_isolated-1] [INFO] [1783808716.281024856] [map_server]: Configuring
[sweepi_robot_manager_node.py-5] [component_container_isolated-1] [INFO] [1783808716.281152117] [map_io]: Loading yaml file: /home/sweepi/SweePi/maps/living_room.yaml
[sweepi_robot_manager_node.py-5] [component_container_isolated-1] [INFO] [1783808716.281661607] [map_io]: resolution: 0.05
[sweepi_robot_manager_node.py-5] [component_container_isolated-1] [INFO] [1783808716.281711867] [map_io]: origin[0]: -7.20409
[sweepi_robot_manager_node.py-5] [component_container_isolated-1] [INFO] [1783808716.281719905] [map_io]: origin[1]: -8.17541
[sweepi_robot_manager_node.py-5] [component_container_isolated-1] [INFO] [1783808716.281725738] [map_io]: origin[2]: 0
[sweepi_robot_manager_node.py-5] [component_container_isolated-1] [INFO] [1783808716.281732164] [map_io]: free_thresh: 0.196
[sweepi_robot_manager_node.py-5] [component_container_isolated-1] [INFO] [1783808716.281737275] [map_io]: occupied_thresh: 0.65
[sweepi_robot_manager_node.py-5] [component_container_isolated-1] [INFO] [1783808716.281750313] [map_io]: mode: trinary
[sweepi_robot_manager_node.py-5] [component_container_isolated-1] [INFO] [1783808716.281758628] [map_io]: negate: 0
[sweepi_robot_manager_node.py-5] [component_container_isolated-1] [INFO] [1783808716.282179431] [map_io]: Loading image_file: /home/sweepi/SweePi/maps/living_room.pgm
[sweepi_robot_manager_node.py-5] [component_container_isolated-1] [INFO] [1783808716.291082602] [map_io]: Read map /home/sweepi/SweePi/maps/living_room.pgm: 243 X 269 map @ 0.05 m/cell
[sweepi_robot_manager_node.py-5] [component_container_isolated-1] [INFO] [1783808716.321508735] [lifecycle_manager_localization]: [34m[1mConfiguring amcl[0m[0m
[sweepi_robot_manager_node.py-5] [component_container_isolated-1] [INFO] [1783808716.323212486] [amcl]: Configuring
[sweepi_robot_manager_node.py-5] [component_container_isolated-1] [INFO] [1783808716.323433175] [amcl]: initTransforms
[sweepi_robot_manager_node.py-5] [component_container_isolated-1] [INFO] [1783808716.353645915] [planner_server]: 
[sweepi_robot_manager_node.py-5] [component_container_isolated-1] 	planner_server lifecycle node launched. 
[sweepi_robot_manager_node.py-5] [component_container_isolated-1] 	Waiting on external lifecycle transitions to activate
[sweepi_robot_manager_node.py-5] [component_container_isolated-1] 	See https://design.ros2.org/articles/node_lifecycle.html for more information.
[api_bridge_node-6] [INFO] [1783808716.355320148] [sweepi_api_bridge]: HTTP "POST /api/localization/initial-pose HTTP/1.1" 200 -
[sweepi_robot_manager_node.py-5] [component_container_isolated-1] [INFO] [1783808716.359271400] [planner_server]: Creating
[sweepi_robot_manager_node.py-5] [component_container_isolated-1] [INFO] [1783808716.372328643] [amcl]: initPubSub
[sweepi_robot_manager_node.py-5] [component_container_isolated-1] [INFO] [1783808716.405165094] [amcl]: Subscribed to map topic.
[sweepi_robot_manager_node.py-5] [component_container_isolated-1] [INFO] [1783808716.426488386] [lifecycle_manager_localization]: [34m[1mActivating map_server[0m[0m
[sweepi_robot_manager_node.py-5] [component_container_isolated-1] [INFO] [1783808716.426963875] [map_server]: Activating
[sweepi_robot_manager_node.py-5] [component_container_isolated-1] [INFO] [1783808716.427535015] [amcl]: Received a 243 X 269 map @ 0.050 m/pix
[sweepi_robot_manager_node.py-5] [component_container_isolated-1] [INFO] [1783808716.429828165] [map_server]: Creating bond (map_server) to lifecycle manager.
[sweepi_robot_manager_node.py-5] [component_container_isolated-1] [INFO] [1783808716.450378666] [global_costmap.global_costmap]: 
[sweepi_robot_manager_node.py-5] [component_container_isolated-1] 	global_costmap lifecycle node launched. 
[sweepi_robot_manager_node.py-5] [component_container_isolated-1] 	Waiting on external lifecycle transitions to activate
[sweepi_robot_manager_node.py-5] [component_container_isolated-1] 	See https://design.ros2.org/articles/node_lifecycle.html for more information.
[sweepi_robot_manager_node.py-5] [component_container_isolated-1] [INFO] [1783808716.452700705] [global_costmap.global_costmap]: Creating Costmap
[sweepi_robot_manager_node.py-5] [INFO] [launch_ros.actions.load_composable_nodes]: Loaded node '/planner_server' in container '/nav2_container'
[sweepi_robot_manager_node.py-5] [component_container_isolated-1] [INFO] [1783808716.465876468] [nav2_container]: Load Library: /opt/ros/jazzy/lib/libroute_server_core.so
[sweepi_robot_manager_node.py-5] [component_container_isolated-1] [INFO] [1783808716.468794444] [nav2_container]: Found class: rclcpp_components::NodeFactoryTemplate<nav2_route::RouteServer>
[sweepi_robot_manager_node.py-5] [component_container_isolated-1] [INFO] [1783808716.468862945] [nav2_container]: Instantiate class: rclcpp_components::NodeFactoryTemplate<nav2_route::RouteServer>
[sweepi_robot_manager_node.py-5] [component_container_isolated-1] [INFO] [1783808716.512312801] [route_server]: 
[sweepi_robot_manager_node.py-5] [component_container_isolated-1] 	route_server lifecycle node launched. 
[sweepi_robot_manager_node.py-5] [component_container_isolated-1] 	Waiting on external lifecycle transitions to activate
[sweepi_robot_manager_node.py-5] [component_container_isolated-1] 	See https://design.ros2.org/articles/node_lifecycle.html for more information.
[sweepi_robot_manager_node.py-5] [INFO] [launch_ros.actions.load_composable_nodes]: Loaded node '/route_server' in container '/nav2_container'
[sweepi_robot_manager_node.py-5] [component_container_isolated-1] [INFO] [1783808716.517395610] [nav2_container]: Load Library: /opt/ros/jazzy/lib/libbehavior_server_core.so
[sweepi_robot_manager_node.py-5] [component_container_isolated-1] [INFO] [1783808716.519000342] [nav2_container]: Found class: rclcpp_components::NodeFactoryTemplate<behavior_server::BehaviorServer>
[sweepi_robot_manager_node.py-5] [component_container_isolated-1] [INFO] [1783808716.519057306] [nav2_container]: Instantiate class: rclcpp_components::NodeFactoryTemplate<behavior_server::BehaviorServer>
[sweepi_robot_manager_node.py-5] [component_container_isolated-1] [INFO] [1783808716.553013258] [lifecycle_manager_localization]: Server map_server connected with bond.
[sweepi_robot_manager_node.py-5] [component_container_isolated-1] [INFO] [1783808716.553108334] [lifecycle_manager_localization]: [34m[1mActivating amcl[0m[0m
[sweepi_robot_manager_node.py-5] [component_container_isolated-1] [INFO] [1783808716.553638787] [amcl]: Activating
[sweepi_robot_manager_node.py-5] [component_container_isolated-1] [INFO] [1783808716.554463579] [amcl]: Creating bond (amcl) to lifecycle manager.
[sweepi_robot_manager_node.py-5] [component_container_isolated-1] [INFO] [1783808716.562642997] [amcl]: createLaserObject
[sweepi_robot_manager_node.py-5] [component_container_isolated-1] [INFO] [1783808716.576017337] [behavior_server]: 
[sweepi_robot_manager_node.py-5] [component_container_isolated-1] 	behavior_server lifecycle node launched. 
[sweepi_robot_manager_node.py-5] [component_container_isolated-1] 	Waiting on external lifecycle transitions to activate
[sweepi_robot_manager_node.py-5] [component_container_isolated-1] 	See https://design.ros2.org/articles/node_lifecycle.html for more information.
[sweepi_robot_manager_node.py-5] [INFO] [launch_ros.actions.load_composable_nodes]: Loaded node '/behavior_server' in container '/nav2_container'
[sweepi_robot_manager_node.py-5] [component_container_isolated-1] [INFO] [1783808716.596590023] [nav2_container]: Load Library: /opt/ros/jazzy/lib/libbt_navigator_core.so
[sweepi_robot_manager_node.py-5] [component_container_isolated-1] [INFO] [1783808716.602635923] [nav2_container]: Found class: rclcpp_components::NodeFactoryTemplate<nav2_bt_navigator::BtNavigator>
[sweepi_robot_manager_node.py-5] [component_container_isolated-1] [INFO] [1783808716.602753203] [nav2_container]: Instantiate class: rclcpp_components::NodeFactoryTemplate<nav2_bt_navigator::BtNavigator>
[sweepi_robot_manager_node.py-5] [component_container_isolated-1] [INFO] [1783808716.681843281] [lifecycle_manager_localization]: Server amcl connected with bond.
[sweepi_robot_manager_node.py-5] [component_container_isolated-1] [INFO] [1783808716.681928004] [lifecycle_manager_localization]: [34m[1mManaged nodes are active[0m[0m
[sweepi_robot_manager_node.py-5] [component_container_isolated-1] [INFO] [1783808716.681959690] [lifecycle_manager_localization]: [34m[1mCreating bond timer...[0m[0m
[sweepi_robot_manager_node.py-5] [component_container_isolated-1] [INFO] [1783808716.774944876] [bt_navigator]: 
[sweepi_robot_manager_node.py-5] [component_container_isolated-1] 	bt_navigator lifecycle node launched. 
[sweepi_robot_manager_node.py-5] [component_container_isolated-1] 	Waiting on external lifecycle transitions to activate
[sweepi_robot_manager_node.py-5] [component_container_isolated-1] 	See https://design.ros2.org/articles/node_lifecycle.html for more information.
[sweepi_robot_manager_node.py-5] [component_container_isolated-1] [INFO] [1783808716.778375843] [bt_navigator]: Creating
[sweepi_robot_manager_node.py-5] [INFO] [launch_ros.actions.load_composable_nodes]: Loaded node '/bt_navigator' in container '/nav2_container'
[sweepi_robot_manager_node.py-5] [component_container_isolated-1] [INFO] [1783808716.786692337] [nav2_container]: Load Library: /opt/ros/jazzy/lib/libwaypoint_follower_core.so
[sweepi_robot_manager_node.py-5] [component_container_isolated-1] [INFO] [1783808716.788905060] [nav2_container]: Found class: rclcpp_components::NodeFactoryTemplate<nav2_waypoint_follower::WaypointFollower>
[sweepi_robot_manager_node.py-5] [component_container_isolated-1] [INFO] [1783808716.788975506] [nav2_container]: Instantiate class: rclcpp_components::NodeFactoryTemplate<nav2_waypoint_follower::WaypointFollower>
[sweepi_robot_manager_node.py-5] [coverage_arm_follow_path_executor_node.py-4] [INFO] [1783808716.841649908] [coverage_follow_path_executor_node]: Static map received for dynamic obstacle reference: topic=/map frame=map size=243x269 resolution=0.050 occupied_threshold=50
[sweepi_robot_manager_node.py-5] [component_container_isolated-1] [INFO] [1783808716.855987062] [waypoint_follower]: 
[sweepi_robot_manager_node.py-5] [component_container_isolated-1] 	waypoint_follower lifecycle node launched. 
[sweepi_robot_manager_node.py-5] [component_container_isolated-1] 	Waiting on external lifecycle transitions to activate
[sweepi_robot_manager_node.py-5] [component_container_isolated-1] 	See https://design.ros2.org/articles/node_lifecycle.html for more information.
[sweepi_robot_manager_node.py-5] [component_container_isolated-1] [INFO] [1783808716.857942669] [waypoint_follower]: Creating
[sweepi_robot_manager_node.py-5] [coverage_tracker_node.py-2] [INFO] [1783808716.866054956] [coverage_tracker_node]: Initialized coverage map: 243x269 at 0.050 m/cell
[sweepi_robot_manager_node.py-5] [INFO] [launch_ros.actions.load_composable_nodes]: Loaded node '/waypoint_follower' in container '/nav2_container'
[sweepi_robot_manager_node.py-5] [component_container_isolated-1] [INFO] [1783808716.868796874] [nav2_container]: Load Library: /opt/ros/jazzy/lib/libvelocity_smoother_core.so
[sweepi_robot_manager_node.py-5] [component_container_isolated-1] [INFO] [1783808716.870640405] [nav2_container]: Found class: rclcpp_components::NodeFactoryTemplate<nav2_velocity_smoother::VelocitySmoother>
[sweepi_robot_manager_node.py-5] [component_container_isolated-1] [INFO] [1783808716.870742870] [nav2_container]: Instantiate class: rclcpp_components::NodeFactoryTemplate<nav2_velocity_smoother::VelocitySmoother>
[sweepi_robot_manager_node.py-5] [component_container_isolated-1] [INFO] [1783808716.935033713] [velocity_smoother]: 
[sweepi_robot_manager_node.py-5] [component_container_isolated-1] 	velocity_smoother lifecycle node launched. 
[sweepi_robot_manager_node.py-5] [component_container_isolated-1] 	Waiting on external lifecycle transitions to activate
[sweepi_robot_manager_node.py-5] [component_container_isolated-1] 	See https://design.ros2.org/articles/node_lifecycle.html for more information.
[sweepi_robot_manager_node.py-5] [INFO] [launch_ros.actions.load_composable_nodes]: Loaded node '/velocity_smoother' in container '/nav2_container'
[sweepi_robot_manager_node.py-5] [component_container_isolated-1] [INFO] [1783808716.941247782] [nav2_container]: Load Library: /opt/ros/jazzy/lib/libcollision_monitor_core.so
[sweepi_robot_manager_node.py-5] [component_container_isolated-1] [INFO] [1783808716.946035901] [nav2_container]: Found class: rclcpp_components::NodeFactoryTemplate<nav2_collision_monitor::CollisionMonitor>
[sweepi_robot_manager_node.py-5] [component_container_isolated-1] [INFO] [1783808716.946107106] [nav2_container]: Instantiate class: rclcpp_components::NodeFactoryTemplate<nav2_collision_monitor::CollisionMonitor>
[sweepi_robot_manager_node.py-5] [coverage_tracker_node.py-2] [WARN] [1783808716.999213664] [coverage_tracker_node]: Could not get TF map -> base_footprint: "map" passed to lookupTransform argument target_frame does not exist. 
[sweepi_robot_manager_node.py-5] [component_container_isolated-1] [INFO] [1783808717.023284096] [collision_monitor]: 
[sweepi_robot_manager_node.py-5] [component_container_isolated-1] 	collision_monitor lifecycle node launched. 
[sweepi_robot_manager_node.py-5] [component_container_isolated-1] 	Waiting on external lifecycle transitions to activate
[sweepi_robot_manager_node.py-5] [component_container_isolated-1] 	See https://design.ros2.org/articles/node_lifecycle.html for more information.
[sweepi_robot_manager_node.py-5] [INFO] [launch_ros.actions.load_composable_nodes]: Loaded node '/collision_monitor' in container '/nav2_container'
[sweepi_robot_manager_node.py-5] [component_container_isolated-1] [INFO] [1783808717.027822433] [nav2_container]: Load Library: /opt/ros/jazzy/lib/libopennav_docking_core.so
[sweepi_robot_manager_node.py-5] [component_container_isolated-1] [INFO] [1783808717.030698500] [nav2_container]: Found class: rclcpp_components::NodeFactoryTemplate<opennav_docking::DockingServer>
[sweepi_robot_manager_node.py-5] [component_container_isolated-1] [INFO] [1783808717.030775261] [nav2_container]: Instantiate class: rclcpp_components::NodeFactoryTemplate<opennav_docking::DockingServer>
[sweepi_robot_manager_node.py-5] [component_container_isolated-1] [INFO] [1783808717.103794994] [docking_server]: 
[sweepi_robot_manager_node.py-5] [component_container_isolated-1] 	docking_server lifecycle node launched. 
[sweepi_robot_manager_node.py-5] [component_container_isolated-1] 	Waiting on external lifecycle transitions to activate
[sweepi_robot_manager_node.py-5] [component_container_isolated-1] 	See https://design.ros2.org/articles/node_lifecycle.html for more information.
[sweepi_robot_manager_node.py-5] [component_container_isolated-1] [INFO] [1783808717.103919515] [docking_server]: Creating docking_server
[sweepi_robot_manager_node.py-5] [INFO] [launch_ros.actions.load_composable_nodes]: Loaded node '/docking_server' in container '/nav2_container'
[sweepi_robot_manager_node.py-5] [component_container_isolated-1] [INFO] [1783808717.114864240] [nav2_container]: Found class: rclcpp_components::NodeFactoryTemplate<nav2_lifecycle_manager::LifecycleManager>
[sweepi_robot_manager_node.py-5] [component_container_isolated-1] [INFO] [1783808717.114938537] [nav2_container]: Instantiate class: rclcpp_components::NodeFactoryTemplate<nav2_lifecycle_manager::LifecycleManager>
[sweepi_robot_manager_node.py-5] [component_container_isolated-1] [INFO] [1783808717.164092972] [lifecycle_manager_navigation]: Creating
[sweepi_robot_manager_node.py-5] [INFO] [launch_ros.actions.load_composable_nodes]: Loaded node '/lifecycle_manager_navigation' in container '/nav2_container'
[sweepi_robot_manager_node.py-5] [component_container_isolated-1] [INFO] [1783808717.175986676] [lifecycle_manager_navigation]: [34m[1mCreating and initializing lifecycle service clients[0m[0m
[sweepi_robot_manager_node.py-5] [component_container_isolated-1] [INFO] [1783808717.264224059] [lifecycle_manager_navigation]: [34m[1mStarting managed nodes bringup...[0m[0m
[sweepi_robot_manager_node.py-5] [component_container_isolated-1] [INFO] [1783808717.264316320] [lifecycle_manager_navigation]: [34m[1mConfiguring controller_server[0m[0m
[sweepi_robot_manager_node.py-5] [component_container_isolated-1] [INFO] [1783808717.265517118] [controller_server]: Configuring controller interface
[sweepi_robot_manager_node.py-5] [component_container_isolated-1] [INFO] [1783808717.265576805] [controller_server]: getting progress checker plugins..
[sweepi_robot_manager_node.py-5] [component_container_isolated-1] [INFO] [1783808717.267521023] [controller_server]: getting goal checker plugins..
[sweepi_robot_manager_node.py-5] [component_container_isolated-1] [INFO] [1783808717.273270177] [controller_server]: Controller frequency set to 10.0000Hz
[sweepi_robot_manager_node.py-5] [component_container_isolated-1] [INFO] [1783808717.273571868] [local_costmap.local_costmap]: Configuring
[sweepi_robot_manager_node.py-5] [component_container_isolated-1] [INFO] [1783808717.302919519] [local_costmap.local_costmap]: Using plugin "obstacle_layer"
[sweepi_robot_manager_node.py-5] [component_container_isolated-1] [INFO] [1783808717.311246865] [local_costmap.local_costmap]: Subscribed to Topics: scan
[sweepi_robot_manager_node.py-5] [component_container_isolated-1] [INFO] [1783808717.326537201] [local_costmap.local_costmap]: Initialized plugin "obstacle_layer"
[sweepi_robot_manager_node.py-5] [component_container_isolated-1] [INFO] [1783808717.326606610] [local_costmap.local_costmap]: Using plugin "inflation_layer"
[sweepi_robot_manager_node.py-5] [component_container_isolated-1] [INFO] [1783808717.329415640] [local_costmap.local_costmap]: Initialized plugin "inflation_layer"
[sweepi_robot_manager_node.py-5] [component_container_isolated-1] [INFO] [1783808717.393350717] [controller_server]: Created progress_checker : progress_checker of type nav2_controller::SimpleProgressChecker
[sweepi_robot_manager_node.py-5] [component_container_isolated-1] [INFO] [1783808717.394647165] [controller_server]: Controller Server has progress_checker  progress checkers available.
[sweepi_robot_manager_node.py-5] [component_container_isolated-1] [INFO] [1783808717.396079782] [controller_server]: Created goal checker : goal_checker of type nav2_controller::SimpleGoalChecker
[sweepi_robot_manager_node.py-5] [component_container_isolated-1] [INFO] [1783808717.398692087] [controller_server]: Controller Server has goal_checker  goal checkers available.
[sweepi_robot_manager_node.py-5] [component_container_isolated-1] [INFO] [1783808717.400500358] [controller_server]: Created controller : FollowPath of type nav2_regulated_pure_pursuit_controller::RegulatedPurePursuitController
[sweepi_robot_manager_node.py-5] [component_container_isolated-1] [INFO] [1783808717.437256007] [controller_server]: Controller Server has FollowPath  controllers available.
[sweepi_robot_manager_node.py-5] [component_container_isolated-1] [INFO] [1783808717.476436123] [lifecycle_manager_navigation]: [34m[1mConfiguring smoother_server[0m[0m
[sweepi_robot_manager_node.py-5] [component_container_isolated-1] [INFO] [1783808717.476913687] [smoother_server]: Configuring smoother server
[sweepi_robot_manager_node.py-5] [component_container_isolated-1] [INFO] [1783808717.501701649] [smoother_server]: Created smoother : simple_smoother of type nav2_smoother::SimpleSmoother
[sweepi_robot_manager_node.py-5] [component_container_isolated-1] [INFO] [1783808717.507489526] [smoother_server]: Smoother Server has simple_smoother  smoothers available.
[sweepi_robot_manager_node.py-5] [component_container_isolated-1] [INFO] [1783808717.534212280] [lifecycle_manager_navigation]: [34m[1mConfiguring planner_server[0m[0m
[sweepi_robot_manager_node.py-5] [component_container_isolated-1] [INFO] [1783808717.534598509] [planner_server]: Configuring
[sweepi_robot_manager_node.py-5] [component_container_isolated-1] [INFO] [1783808717.534705677] [global_costmap.global_costmap]: Configuring
[sweepi_robot_manager_node.py-5] [component_container_isolated-1] [INFO] [1783808717.559781348] [global_costmap.global_costmap]: Using plugin "static_layer"
[sweepi_robot_manager_node.py-5] [component_container_isolated-1] [INFO] [1783808717.565715690] [global_costmap.global_costmap]: Subscribing to the map topic (/map) with transient local durability
[sweepi_robot_manager_node.py-5] [component_container_isolated-1] [INFO] [1783808717.568444385] [global_costmap.global_costmap]: Initialized plugin "static_layer"
[sweepi_robot_manager_node.py-5] [component_container_isolated-1] [INFO] [1783808717.568517553] [global_costmap.global_costmap]: Using plugin "obstacle_layer"
[sweepi_robot_manager_node.py-5] [component_container_isolated-1] [INFO] [1783808717.577172109] [global_costmap.global_costmap]: Subscribed to Topics: scan
[sweepi_robot_manager_node.py-5] [component_container_isolated-1] [INFO] [1783808717.595605444] [global_costmap.global_costmap]: Initialized plugin "obstacle_layer"
[sweepi_robot_manager_node.py-5] [component_container_isolated-1] [INFO] [1783808717.595679315] [global_costmap.global_costmap]: Using plugin "inflation_layer"
[sweepi_robot_manager_node.py-5] [component_container_isolated-1] [INFO] [1783808717.602131592] [global_costmap.global_costmap]: Initialized plugin "inflation_layer"
[sweepi_robot_manager_node.py-5] [component_container_isolated-1] [INFO] [1783808717.697644841] [global_costmap.global_costmap]: StaticLayer: Resizing costmap to 243 X 269 at 0.050000 m/pix
[sweepi_robot_manager_node.py-5] [component_container_isolated-1] [INFO] [1783808717.698309000] [planner_server]: Created global planner plugin GridBased of type nav2_navfn_planner::NavfnPlanner
[sweepi_robot_manager_node.py-5] [component_container_isolated-1] [INFO] [1783808717.698398261] [planner_server]: Configuring plugin GridBased of type NavfnPlanner
[sweepi_robot_manager_node.py-5] [component_container_isolated-1] [INFO] [1783808717.699936399] [planner_server]: Planner Server has GridBased  planners available.
[sweepi_robot_manager_node.py-5] [component_container_isolated-1] [INFO] [1783808717.764526506] [lifecycle_manager_navigation]: [34m[1mConfiguring route_server[0m[0m
[sweepi_robot_manager_node.py-5] [component_container_isolated-1] [INFO] [1783808717.765343816] [route_server]: Configuring
[sweepi_robot_manager_node.py-5] [component_container_isolated-1] [INFO] [1783808717.861660949] [route_server]: Created GraphFileLoader GeoJsonGraphFileLoader of type nav2_route::GeoJsonGraphFileLoader
[sweepi_robot_manager_node.py-5] [component_container_isolated-1] [INFO] [1783808717.861747876] [route_server]: Configuring geojson graph file loader
[sweepi_robot_manager_node.py-5] [component_container_isolated-1] [INFO] [1783808717.861768951] [route_server]: No graph file provided to load yet.
[sweepi_robot_manager_node.py-5] [coverage_planner_node.py-3] [INFO] [1783808717.862421425] [coverage_planner_node]: Waiting for /global_costmap/costmap before generating frozen coverage path
[sweepi_robot_manager_node.py-5] [component_container_isolated-1] [INFO] [1783808717.878370995] [route_server]: Created edge cost function plugin DistanceScorer of type nav2_route::DistanceScorer
[sweepi_robot_manager_node.py-5] [component_container_isolated-1] [INFO] [1783808717.878495274] [route_server]: Configuring distance scorer.
[sweepi_robot_manager_node.py-5] [component_container_isolated-1] [INFO] [1783808717.883327839] [route_server]: Created edge cost function plugin CostmapScorer of type nav2_route::CostmapScorer
[sweepi_robot_manager_node.py-5] [component_container_isolated-1] [INFO] [1783808717.883392488] [route_server]: Configuring costmap scorer.
[sweepi_robot_manager_node.py-5] [component_container_isolated-1] [INFO] [1783808717.899633063] [route_server]: Created route operation AdjustSpeedLimit of type nav2_route::AdjustSpeedLimit
[sweepi_robot_manager_node.py-5] [component_container_isolated-1] [INFO] [1783808717.900463799] [route_server]: Configuring Adjust speed limit operation.
[sweepi_robot_manager_node.py-5] [component_container_isolated-1] [INFO] [1783808717.906311362] [route_server]: Created route operation ReroutingService of type nav2_route::ReroutingService
[sweepi_robot_manager_node.py-5] [component_container_isolated-1] [INFO] [1783808717.906425624] [route_server]: Configuring Rerouting service operation.
[sweepi_robot_manager_node.py-5] [component_container_isolated-1] [INFO] [1783808717.914356722] [route_server]: Created route operation CollisionMonitor of type nav2_route::CollisionMonitor
[sweepi_robot_manager_node.py-5] [component_container_isolated-1] [INFO] [1783808717.915009586] [route_server]: Using costmap topic: local_costmap/costmap_raw instead of server costmap topic: global_costmap/costmap_raw for CollisionMonitor.
[sweepi_robot_manager_node.py-5] [component_container_isolated-1] [INFO] [1783808717.938348430] [lifecycle_manager_navigation]: [34m[1mConfiguring behavior_server[0m[0m
[sweepi_robot_manager_node.py-5] [component_container_isolated-1] [INFO] [1783808717.938700899] [behavior_server]: Configuring
[sweepi_robot_manager_node.py-5] [component_container_isolated-1] [INFO] [1783808717.956892433] [behavior_server]: Creating behavior plugin spin of type nav2_behaviors::Spin
[sweepi_robot_manager_node.py-5] [component_container_isolated-1] [INFO] [1783808717.961403529] [behavior_server]: Creating behavior plugin backup of type nav2_behaviors::BackUp
[sweepi_robot_manager_node.py-5] [component_container_isolated-1] [INFO] [1783808717.964325264] [behavior_server]: Creating behavior plugin drive_on_heading of type nav2_behaviors::DriveOnHeading
[sweepi_robot_manager_node.py-5] [component_container_isolated-1] [INFO] [1783808717.969411240] [behavior_server]: Creating behavior plugin assisted_teleop of type nav2_behaviors::AssistedTeleop
[sweepi_robot_manager_node.py-5] [component_container_isolated-1] [INFO] [1783808717.974199359] [behavior_server]: Creating behavior plugin wait of type nav2_behaviors::Wait
[sweepi_robot_manager_node.py-5] [component_container_isolated-1] [INFO] [1783808717.985753817] [behavior_server]: Configuring spin
[sweepi_robot_manager_node.py-5] [component_container_isolated-1] [INFO] [1783808718.022887713] [behavior_server]: Configuring backup
[sweepi_robot_manager_node.py-5] [component_container_isolated-1] [INFO] [1783808718.045574083] [behavior_server]: Configuring drive_on_heading
[sweepi_robot_manager_node.py-5] [component_container_isolated-1] [INFO] [1783808718.068345955] [behavior_server]: Configuring assisted_teleop
[sweepi_robot_manager_node.py-5] [component_container_isolated-1] [INFO] [1783808718.108374567] [behavior_server]: Configuring wait
[sweepi_robot_manager_node.py-5] [component_container_isolated-1] [INFO] [1783808718.138942499] [lifecycle_manager_navigation]: [34m[1mConfiguring velocity_smoother[0m[0m
[sweepi_robot_manager_node.py-5] [component_container_isolated-1] [INFO] [1783808718.139436989] [velocity_smoother]: Configuring velocity smoother
[sweepi_robot_manager_node.py-5] [component_container_isolated-1] [INFO] [1783808718.155738583] [lifecycle_manager_navigation]: [34m[1mConfiguring collision_monitor[0m[0m
[sweepi_robot_manager_node.py-5] [component_container_isolated-1] [INFO] [1783808718.156137775] [collision_monitor]: Configuring
[sweepi_robot_manager_node.py-5] [component_container_isolated-1] [INFO] [1783808718.178679865] [collision_monitor]: [scan]: Creating Scan
[sweepi_robot_manager_node.py-5] [component_container_isolated-1] [INFO] [1783808718.189642498] [collision_monitor]: [FootprintApproach]: Creating Polygon
[sweepi_robot_manager_node.py-5] [component_container_isolated-1] [INFO] [1783808718.192459194] [collision_monitor]: [FootprintApproach]: Polygon points are not defined. Using dynamic subscription instead.
[sweepi_robot_manager_node.py-5] [component_container_isolated-1] [INFO] [1783808718.204682108] [collision_monitor]: [FootprintApproach]: Making footprint subscriber on /local_costmap/published_footprint topic
[sweepi_robot_manager_node.py-5] [component_container_isolated-1] [INFO] [1783808718.233261875] [lifecycle_manager_navigation]: [34m[1mConfiguring bt_navigator[0m[0m
[sweepi_robot_manager_node.py-5] [component_container_isolated-1] [INFO] [1783808718.233555936] [bt_navigator]: Configuring
[sweepi_robot_manager_node.py-5] [component_container_isolated-1] [INFO] [1783808718.253494315] [bt_navigator]: Creating navigator id navigate_to_pose of type nav2_bt_navigator::NavigateToPoseNavigator
[sweepi_robot_manager_node.py-5] [component_container_isolated-1] [WARN] [1783808718.358238870] [amcl]: AMCL cannot publish a pose or update the transform. Please set the initial pose...
[sweepi_robot_manager_node.py-5] [component_container_isolated-1] [INFO] [1783808718.478394708] [bt_navigator]: Creating navigator id navigate_through_poses of type nav2_bt_navigator::NavigateThroughPosesNavigator
[sweepi_robot_manager_node.py-5] [component_container_isolated-1] [INFO] [1783808718.617367554] [lifecycle_manager_navigation]: [34m[1mConfiguring waypoint_follower[0m[0m
[sweepi_robot_manager_node.py-5] [component_container_isolated-1] [INFO] [1783808718.618928155] [waypoint_follower]: Configuring
[sweepi_robot_manager_node.py-5] [component_container_isolated-1] [INFO] [1783808718.701068582] [waypoint_follower]: Created waypoint_task_executor : wait_at_waypoint of type nav2_waypoint_follower::WaitAtWaypoint
[sweepi_robot_manager_node.py-5] [component_container_isolated-1] [INFO] [1783808718.706628158] [lifecycle_manager_navigation]: [34m[1mConfiguring docking_server[0m[0m
[sweepi_robot_manager_node.py-5] [component_container_isolated-1] [INFO] [1783808718.707077296] [docking_server]: Configuring docking_server
[sweepi_robot_manager_node.py-5] [component_container_isolated-1] [INFO] [1783808718.707210465] [docking_server]: Controller frequency set to 50.0000Hz
[sweepi_robot_manager_node.py-5] [component_container_isolated-1] [INFO] [1783808718.808859393] [docking_server]: Created charging dock plugin simple_charging_dock of type opennav_docking::SimpleChargingDock
[sweepi_robot_manager_node.py-5] [component_container_isolated-1] [WARN] [1783808718.841701067] [docking_server]: Dock database filepath nor dock parameters set. Docking actions can only be executed specifying the dock pose via the action request. Or update the dock database via the reload_database service.
[sweepi_robot_manager_node.py-5] [component_container_isolated-1] [INFO] [1783808718.841847403] [docking_server]: Docking Server has 1 dock types and 0 dock instances available.
[sweepi_robot_manager_node.py-5] [component_container_isolated-1] [INFO] [1783808718.850387938] [lifecycle_manager_navigation]: [34m[1mActivating controller_server[0m[0m
[sweepi_robot_manager_node.py-5] [component_container_isolated-1] [INFO] [1783808718.851101580] [controller_server]: Activating
[sweepi_robot_manager_node.py-5] [component_container_isolated-1] [INFO] [1783808718.851205878] [local_costmap.local_costmap]: Activating
[sweepi_robot_manager_node.py-5] [component_container_isolated-1] [INFO] [1783808718.851229175] [local_costmap.local_costmap]: Checking transform
[sweepi_robot_manager_node.py-5] [component_container_isolated-1] [INFO] [1783808718.851471920] [local_costmap.local_costmap]: start
[sweepi_robot_manager_node.py-5] [coverage_arm_follow_path_executor_node.py-4] [INFO] [1783808719.104602853] [coverage_follow_path_executor_node]: Local costmap received for dynamic obstacle skip: topic=/local_costmap/costmap frame=odom size=100x100 resolution=0.050 threshold=100 detection_radius=0.230m unknown_blocked=true
[sweepi_robot_manager_node.py-5] [component_container_isolated-1] [INFO] [1783808719.105505590] [controller_server]: Activating controller: FollowPath of type regulated_pure_pursuit_controller::RegulatedPurePursuitController
[sweepi_robot_manager_node.py-5] [component_container_isolated-1] [INFO] [1783808719.105591259] [controller_server]: Creating bond (controller_server) to lifecycle manager.
[sweepi_robot_manager_node.py-5] [component_container_isolated-1] [INFO] [1783808719.217518363] [lifecycle_manager_navigation]: Server controller_server connected with bond.
[sweepi_robot_manager_node.py-5] [component_container_isolated-1] [INFO] [1783808719.217600883] [lifecycle_manager_navigation]: [34m[1mActivating smoother_server[0m[0m
[sweepi_robot_manager_node.py-5] [component_container_isolated-1] [INFO] [1783808719.218290099] [smoother_server]: Activating
[sweepi_robot_manager_node.py-5] [component_container_isolated-1] [INFO] [1783808719.218372285] [smoother_server]: Creating bond (smoother_server) to lifecycle manager.
[sweepi_robot_manager_node.py-5] [component_container_isolated-1] [INFO] [1783808719.334392590] [lifecycle_manager_navigation]: Server smoother_server connected with bond.
[sweepi_robot_manager_node.py-5] [component_container_isolated-1] [INFO] [1783808719.334458406] [lifecycle_manager_navigation]: [34m[1mActivating planner_server[0m[0m
[sweepi_robot_manager_node.py-5] [component_container_isolated-1] [INFO] [1783808719.335079213] [planner_server]: Activating
[sweepi_robot_manager_node.py-5] [component_container_isolated-1] [INFO] [1783808719.335186085] [global_costmap.global_costmap]: Activating
[sweepi_robot_manager_node.py-5] [component_container_isolated-1] [INFO] [1783808719.335263049] [global_costmap.global_costmap]: Checking transform
[sweepi_robot_manager_node.py-5] [component_container_isolated-1] [INFO] [1783808719.335305680] [global_costmap.global_costmap]: Timed out waiting for transform from base_footprint to map to become available, tf error: Invalid frame ID "map" passed to canTransform argument target_frame - frame does not exist
[sweepi_robot_manager_node.py-5] [component_container_isolated-1] [INFO] [1783808719.835366163] [global_costmap.global_costmap]: Timed out waiting for transform from base_footprint to map to become available, tf error: Invalid frame ID "map" passed to canTransform argument target_frame - frame does not exist
[sweepi_robot_manager_node.py-5] [component_container_isolated-1] [INFO] [1783808720.335367998] [global_costmap.global_costmap]: Timed out waiting for transform from base_footprint to map to become available, tf error: Invalid frame ID "map" passed to canTransform argument target_frame - frame does not exist
[sweepi_robot_manager_node.py-5] [component_container_isolated-1] [WARN] [1783808720.448733091] [amcl]: AMCL cannot publish a pose or update the transform. Please set the initial pose...
[sweepi_robot_manager_node.py-5] [component_container_isolated-1] [INFO] [1783808720.835364649] [global_costmap.global_costmap]: Timed out waiting for transform from base_footprint to map to become available, tf error: Invalid frame ID "map" passed to canTransform argument target_frame - frame does not exist
[sweepi_robot_manager_node.py-5] [coverage_planner_node.py-3] [INFO] [1783808720.861053868] [coverage_planner_node]: Waiting for /global_costmap/costmap before generating frozen coverage path
[sweepi_robot_manager_node.py-5] [component_container_isolated-1] [INFO] [1783808721.335366431] [global_costmap.global_costmap]: Timed out waiting for transform from base_footprint to map to become available, tf error: Invalid frame ID "map" passed to canTransform argument target_frame - frame does not exist
[sweepi_robot_manager_node.py-5] [component_container_isolated-1] [INFO] [1783808721.835366232] [global_costmap.global_costmap]: Timed out waiting for transform from base_footprint to map to become available, tf error: Invalid frame ID "map" passed to canTransform argument target_frame - frame does not exist
[sweepi_robot_manager_node.py-5] [coverage_tracker_node.py-2] [WARN] [1783808722.116695670] [coverage_tracker_node]: Could not get TF map -> base_footprint: "map" passed to lookupTransform argument target_frame does not exist. 
[sweepi_robot_manager_node.py-5] [component_container_isolated-1] [INFO] [1783808722.335367978] [global_costmap.global_costmap]: Timed out waiting for transform from base_footprint to map to become available, tf error: Invalid frame ID "map" passed to canTransform argument target_frame - frame does not exist
[sweepi_robot_manager_node.py-5] [component_container_isolated-1] [WARN] [1783808722.550129034] [amcl]: AMCL cannot publish a pose or update the transform. Please set the initial pose...
[sweepi_robot_manager_node.py-5] [component_container_isolated-1] [INFO] [1783808722.835365688] [global_costmap.global_costmap]: Timed out waiting for transform from base_footprint to map to become available, tf error: Invalid frame ID "map" passed to canTransform argument target_frame - frame does not exist
[sweepi_robot_manager_node.py-5] [coverage_planner_node.py-3] [INFO] [1783808722.861156390] [coverage_planner_node]: Waiting for /global_costmap/costmap before generating frozen coverage path
[sweepi_robot_manager_node.py-5] [component_container_isolated-1] [INFO] [1783808723.335369010] [global_costmap.global_costmap]: Timed out waiting for transform from base_footprint to map to become available, tf error: Invalid frame ID "map" passed to canTransform argument target_frame - frame does not exist
[sweepi_robot_manager_node.py-5] [component_container_isolated-1] [INFO] [1783808723.835364148] [global_costmap.global_costmap]: Timed out waiting for transform from base_footprint to map to become available, tf error: Invalid frame ID "map" passed to canTransform argument target_frame - frame does not exist
[sweepi_robot_manager_node.py-5] [component_container_isolated-1] [INFO] [1783808724.335367602] [global_costmap.global_costmap]: Timed out waiting for transform from base_footprint to map to become available, tf error: Invalid frame ID "map" passed to canTransform argument target_frame - frame does not exist
[api_bridge_node-6] [INFO] [1783808724.381045108] [sweepi_api_bridge]: HTTP "GET /api/cleaning/status HTTP/1.1" 200 -
[api_bridge_node-6] [INFO] [1783808724.419882553] [sweepi_api_bridge]: HTTP "POST /api/cleaning/validate HTTP/1.1" 200 -
[sweepi_robot_manager_node.py-5] [component_container_isolated-1] [WARN] [1783808724.645758727] [amcl]: AMCL cannot publish a pose or update the transform. Please set the initial pose...
[sweepi_robot_manager_node.py-5] [component_container_isolated-1] [INFO] [1783808724.835364538] [global_costmap.global_costmap]: Timed out waiting for transform from base_footprint to map to become available, tf error: Invalid frame ID "map" passed to canTransform argument target_frame - frame does not exist
[sweepi_robot_manager_node.py-5] [coverage_planner_node.py-3] [INFO] [1783808724.861197722] [coverage_planner_node]: Waiting for /global_costmap/costmap before generating frozen coverage path
[sweepi_robot_manager_node.py-5] [component_container_isolated-1] [INFO] [1783808725.335366475] [global_costmap.global_costmap]: Timed out waiting for transform from base_footprint to map to become available, tf error: Invalid frame ID "map" passed to canTransform argument target_frame - frame does not exist
[sweepi_robot_manager_node.py-5] [component_container_isolated-1] [INFO] [1783808725.835367543] [global_costmap.global_costmap]: Timed out waiting for transform from base_footprint to map to become available, tf error: Invalid frame ID "map" passed to canTransform argument target_frame - frame does not exist
[sweepi_robot_manager_node.py-5] [component_container_isolated-1] [INFO] [1783808726.335366463] [global_costmap.global_costmap]: Timed out waiting for transform from base_footprint to map to become available, tf error: Invalid frame ID "map" passed to canTransform argument target_frame - frame does not exist
[sweepi_robot_manager_node.py-5] [component_container_isolated-1] [WARN] [1783808726.649279651] [amcl]: AMCL cannot publish a pose or update the transform. Please set the initial pose...
[sweepi_robot_manager_node.py-5] [component_container_isolated-1] [INFO] [1783808726.835366069] [global_costmap.global_costmap]: Timed out waiting for transform from base_footprint to map to become available, tf error: Invalid frame ID "map" passed to canTransform argument target_frame - frame does not exist
[sweepi_robot_manager_node.py-5] [coverage_tracker_node.py-2] [WARN] [1783808727.117279023] [coverage_tracker_node]: Could not get TF map -> base_footprint: "map" passed to lookupTransform argument target_frame does not exist. 
[sweepi_robot_manager_node.py-5] [component_container_isolated-1] [INFO] [1783808727.335371973] [global_costmap.global_costmap]: Timed out waiting for transform from base_footprint to map to become available, tf error: Invalid frame ID "map" passed to canTransform argument target_frame - frame does not exist
[sweepi_robot_manager_node.py-5] [component_container_isolated-1] [INFO] [1783808727.835395174] [global_costmap.global_costmap]: Timed out waiting for transform from base_footprint to map to become available, tf error: Invalid frame ID "map" passed to canTransform argument target_frame - frame does not exist
[sweepi_robot_manager_node.py-5] [coverage_planner_node.py-3] [INFO] [1783808727.860964465] [coverage_planner_node]: Waiting for /global_costmap/costmap before generating frozen coverage path
[sweepi_robot_manager_node.py-5] [component_container_isolated-1] [INFO] [1783808728.335366598] [global_costmap.global_costmap]: Timed out waiting for transform from base_footprint to map to become available, tf error: Invalid frame ID "map" passed to canTransform argument target_frame - frame does not exist
[sweepi_robot_manager_node.py-5] [component_container_isolated-1] [WARN] [1783808728.650120451] [amcl]: AMCL cannot publish a pose or update the transform. Please set the initial pose...
[sweepi_robot_manager_node.py-5] [component_container_isolated-1] [INFO] [1783808728.835364893] [global_costmap.global_costmap]: Timed out waiting for transform from base_footprint to map to become available, tf error: Invalid frame ID "map" passed to canTransform argument target_frame - frame does not exist
[sweepi_robot_manager_node.py-5] [component_container_isolated-1] [INFO] [1783808729.335368226] [global_costmap.global_costmap]: Timed out waiting for transform from base_footprint to map to become available, tf error: Invalid frame ID "map" passed to canTransform argument target_frame - frame does not exist
[api_bridge_node-6] [INFO] [1783808729.469608200] [sweepi_api_bridge]: HTTP "POST /api/cleaning/start-motion HTTP/1.1" 200 -
[sweepi_robot_manager_node.py-5] [component_container_isolated-1] [INFO] [1783808729.835368282] [global_costmap.global_costmap]: Timed out waiting for transform from base_footprint to map to become available, tf error: Invalid frame ID "map" passed to canTransform argument target_frame - frame does not exist
[sweepi_robot_manager_node.py-5] [coverage_planner_node.py-3] [INFO] [1783808729.861048927] [coverage_planner_node]: Waiting for /global_costmap/costmap before generating frozen coverage path
[sweepi_robot_manager_node.py-5] [component_container_isolated-1] [INFO] [1783808730.335370562] [global_costmap.global_costmap]: Timed out waiting for transform from base_footprint to map to become available, tf error: Invalid frame ID "map" passed to canTransform argument target_frame - frame does not exist
[sweepi_robot_manager_node.py-5] [component_container_isolated-1] [WARN] [1783808730.744455076] [amcl]: AMCL cannot publish a pose or update the transform. Please set the initial pose...
[sweepi_robot_manager_node.py-5] [component_container_isolated-1] [INFO] [1783808730.835371231] [global_costmap.global_costmap]: Timed out waiting for transform from base_footprint to map to become available, tf error: Invalid frame ID "map" passed to canTransform argument target_frame - frame does not exist
[sweepi_robot_manager_node.py-5] [component_container_isolated-1] [INFO] [1783808731.335365457] [global_costmap.global_costmap]: Timed out waiting for transform from base_footprint to map to become available, tf error: Invalid frame ID "map" passed to canTransform argument target_frame - frame does not exist
[sweepi_robot_manager_node.py-5] [component_container_isolated-1] [INFO] [1783808731.835366831] [global_costmap.global_costmap]: Timed out waiting for transform from base_footprint to map to become available, tf error: Invalid frame ID "map" passed to canTransform argument target_frame - frame does not exist
[sweepi_robot_manager_node.py-5] [coverage_planner_node.py-3] [INFO] [1783808731.861232109] [coverage_planner_node]: Waiting for /global_costmap/costmap before generating frozen coverage path
[sweepi_robot_manager_node.py-5] [coverage_tracker_node.py-2] [WARN] [1783808732.241211069] [coverage_tracker_node]: Could not get TF map -> base_footprint: "map" passed to lookupTransform argument target_frame does not exist. 
[sweepi_robot_manager_node.py-5] [component_container_isolated-1] [INFO] [1783808732.335367948] [global_costmap.global_costmap]: Timed out waiting for transform from base_footprint to map to become available, tf error: Invalid frame ID "map" passed to canTransform argument target_frame - frame does not exist
[sweepi_robot_manager_node.py-5] [component_container_isolated-1] [INFO] [1783808732.835366473] [global_costmap.global_costmap]: Timed out waiting for transform from base_footprint to map to become available, tf error: Invalid frame ID "map" passed to canTransform argument target_frame - frame does not exist
[sweepi_robot_manager_node.py-5] [component_container_isolated-1] [WARN] [1783808732.840043201] [amcl]: AMCL cannot publish a pose or update the transform. Please set the initial pose...
[sweepi_robot_manager_node.py-5] [component_container_isolated-1] [INFO] [1783808733.335367017] [global_costmap.global_costmap]: Timed out waiting for transform from base_footprint to map to become available, tf error: Invalid frame ID "map" passed to canTransform argument target_frame - frame does not exist
[sweepi_robot_manager_node.py-5] [component_container_isolated-1] [INFO] [1783808733.835367543] [global_costmap.global_costmap]: Timed out waiting for transform from base_footprint to map to become available, tf error: Invalid frame ID "map" passed to canTransform argument target_frame - frame does not exist
[sweepi_robot_manager_node.py-5] [component_container_isolated-1] [INFO] [1783808734.335367608] [global_costmap.global_costmap]: Timed out waiting for transform from base_footprint to map to become available, tf error: Invalid frame ID "map" passed to canTransform argument target_frame - frame does not exist
[sweepi_robot_manager_node.py-5] [component_container_isolated-1] [INFO] [1783808734.835364395] [global_costmap.global_costmap]: Timed out waiting for transform from base_footprint to map to become available, tf error: Invalid frame ID "map" passed to canTransform argument target_frame - frame does not exist
[sweepi_robot_manager_node.py-5] [component_container_isolated-1] [WARN] [1783808734.843702909] [amcl]: AMCL cannot publish a pose or update the transform. Please set the initial pose...
[sweepi_robot_manager_node.py-5] [coverage_planner_node.py-3] [INFO] [1783808734.861243970] [coverage_planner_node]: Waiting for /global_costmap/costmap before generating frozen coverage path
[sweepi_robot_manager_node.py-5] [component_container_isolated-1] [INFO] [1783808735.335365054] [global_costmap.global_costmap]: Timed out waiting for transform from base_footprint to map to become available, tf error: Invalid frame ID "map" passed to canTransform argument target_frame - frame does not exist
[sweepi_robot_manager_node.py-5] [component_container_isolated-1] [INFO] [1783808735.835366195] [global_costmap.global_costmap]: Timed out waiting for transform from base_footprint to map to become available, tf error: Invalid frame ID "map" passed to canTransform argument target_frame - frame does not exist
[sweepi_robot_manager_node.py-5] [component_container_isolated-1] [INFO] [1783808736.335369856] [global_costmap.global_costmap]: Timed out waiting for transform from base_footprint to map to become available, tf error: Invalid frame ID "map" passed to canTransform argument target_frame - frame does not exist
[sweepi_robot_manager_node.py-5] [component_container_isolated-1] [INFO] [1783808736.835367480] [global_costmap.global_costmap]: Timed out waiting for transform from base_footprint to map to become available, tf error: Invalid frame ID "map" passed to canTransform argument target_frame - frame does not exist
[sweepi_robot_manager_node.py-5] [coverage_planner_node.py-3] [INFO] [1783808736.861256500] [coverage_planner_node]: Waiting for /global_costmap/costmap before generating frozen coverage path
[sweepi_robot_manager_node.py-5] [component_container_isolated-1] [WARN] [1783808736.936465961] [amcl]: AMCL cannot publish a pose or update the transform. Please set the initial pose...
[sweepi_robot_manager_node.py-5] [coverage_tracker_node.py-2] [WARN] [1783808737.242063555] [coverage_tracker_node]: Could not get TF map -> base_footprint: "map" passed to lookupTransform argument target_frame does not exist. 
[sweepi_robot_manager_node.py-5] [component_container_isolated-1] [INFO] [1783808737.335364532] [global_costmap.global_costmap]: Timed out waiting for transform from base_footprint to map to become available, tf error: Invalid frame ID "map" passed to canTransform argument target_frame - frame does not exist
[sweepi_robot_manager_node.py-5] [component_container_isolated-1] [INFO] [1783808737.835364825] [global_costmap.global_costmap]: Timed out waiting for transform from base_footprint to map to become available, tf error: Invalid frame ID "map" passed to canTransform argument target_frame - frame does not exist
[sweepi_robot_manager_node.py-5] [component_container_isolated-1] [INFO] [1783808738.335365526] [global_costmap.global_costmap]: Timed out waiting for transform from base_footprint to map to become available, tf error: Invalid frame ID "map" passed to canTransform argument target_frame - frame does not exist
[sweepi_robot_manager_node.py-5] [component_container_isolated-1] [INFO] [1783808738.835370821] [global_costmap.global_costmap]: Timed out waiting for transform from base_footprint to map to become available, tf error: Invalid frame ID "map" passed to canTransform argument target_frame - frame does not exist
[sweepi_robot_manager_node.py-5] [component_container_isolated-1] [WARN] [1783808738.939365852] [amcl]: AMCL cannot publish a pose or update the transform. Please set the initial pose...
[sweepi_robot_manager_node.py-5] [component_container_isolated-1] [INFO] [1783808739.335370450] [global_costmap.global_costmap]: Timed out waiting for transform from base_footprint to map to become available, tf error: Invalid frame ID "map" passed to canTransform argument target_frame - frame does not exist
[sweepi_robot_manager_node.py-5] [coverage_arm_follow_path_executor_node.py-4] [INFO] [1783808739.495228981] [coverage_follow_path_executor_node]: Coverage FollowPath status: STOPPED
[sweepi_robot_manager_node.py-5] [INFO] [1783808739.497087216] [sweepi_robot_manager]: /stop_coverage_follow_path result: Coverage stopped; No active SmoothPath or FollowPath goal to cancel
[api_bridge_node-6] [INFO] [1783808739.500539202] [sweepi_api_bridge]: HTTP "POST /api/cleaning/stop HTTP/1.1" 200 -
[sweepi_robot_manager_node.py-5] [component_container_isolated-1] [INFO] [1783808739.835366839] [global_costmap.global_costmap]: Timed out waiting for transform from base_footprint to map to become available, tf error: Invalid frame ID "map" passed to canTransform argument target_frame - frame does not exist
[sweepi_robot_manager_node.py-5] [coverage_planner_node.py-3] [INFO] [1783808739.861086578] [coverage_planner_node]: Waiting for /global_costmap/costmap before generating frozen coverage path
[sweepi_robot_manager_node.py-5] [INFO] [1783808740.128549833] [sweepi_robot_manager]: Closing coverage launch and returning idle.
[sweepi_robot_manager_node.py-5] [INFO] [1783808740.129236993] [sweepi_robot_manager]: Stopping active coverage launch
[sweepi_robot_manager_node.py-5] [WARNING] [launch]: user interrupted with ctrl-c (SIGINT)
[sweepi_robot_manager_node.py-5] [component_container_isolated-1] [INFO] [1783808740.129377865] [rclcpp]: signal_handler(SIGINT/SIGTERM)
[sweepi_robot_manager_node.py-5] [component_container_isolated-1] [INFO] [1783808740.129469774] [controller_server]: Running Nav2 LifecycleNode rcl preshutdown (controller_server)
[sweepi_robot_manager_node.py-5] [INFO] [coverage_manager_node.py-5]: sending signal 'SIGINT' to process[coverage_manager_node.py-5]
[sweepi_robot_manager_node.py-5] [INFO] [coverage_arm_follow_path_executor_node.py-4]: sending signal 'SIGINT' to process[coverage_arm_follow_path_executor_node.py-4]
[sweepi_robot_manager_node.py-5] [INFO] [coverage_planner_node.py-3]: sending signal 'SIGINT' to process[coverage_planner_node.py-3]
[sweepi_robot_manager_node.py-5] [INFO] [coverage_tracker_node.py-2]: sending signal 'SIGINT' to process[coverage_tracker_node.py-2]
[sweepi_robot_manager_node.py-5] [INFO] [component_container_isolated-1]: sending signal 'SIGINT' to process[component_container_isolated-1]
[sweepi_robot_manager_node.py-5] [component_container_isolated-1] [INFO] [1783808740.129601851] [controller_server]: Deactivating
[sweepi_robot_manager_node.py-5] [component_container_isolated-1] [INFO] [1783808740.129630166] [controller_server]: Deactivating controller: FollowPath of type regulated_pure_pursuit_controller::RegulatedPurePursuitController
[sweepi_robot_manager_node.py-5] [component_container_isolated-1] [INFO] [1783808740.129690075] [local_costmap.local_costmap]: Deactivating
[sweepi_robot_manager_node.py-5] [component_container_isolated-1] [INFO] [1783808740.337873179] [global_costmap.global_costmap]: Timed out waiting for transform from base_footprint to map to become available, tf error: Invalid frame ID "map" passed to canTransform argument target_frame - frame does not exist
[sweepi_robot_manager_node.py-5] [component_container_isolated-1] [INFO] [1783808740.356249940] [controller_server]: Destroying bond (controller_server) to lifecycle manager.
[sweepi_robot_manager_node.py-5] [component_container_isolated-1] [INFO] [1783808740.373142287] [controller_server]: Cleaning up
[sweepi_robot_manager_node.py-5] [component_container_isolated-1] [INFO] [1783808740.373217677] [controller_server]: Cleaning up controller: FollowPath of type regulated_pure_pursuit_controller::RegulatedPurePursuitController
[sweepi_robot_manager_node.py-5] [component_container_isolated-1] [INFO] [1783808740.373398662] [local_costmap.local_costmap]: Cleaning up
[sweepi_robot_manager_node.py-5] [ERROR] [coverage_manager_node.py-5]: process has died [pid 13620, exit code -2, cmd '/home/sweepi/SweePi/install/sweepi_coverage/lib/sweepi_coverage/coverage_manager_node.py --ros-args -r __node:=coverage_manager_node --params-file /home/sweepi/SweePi/install/sweepi_coverage/share/sweepi_coverage/config/coverage_follow_path_params.yaml --params-file /tmp/launch_params_uc_h03vn'].
[sweepi_robot_manager_node.py-5] [ERROR] [coverage_arm_follow_path_executor_node.py-4]: process has died [pid 13619, exit code -2, cmd '/home/sweepi/SweePi/install/sweepi_coverage/lib/sweepi_coverage/coverage_arm_follow_path_executor_node.py --ros-args -r __node:=coverage_follow_path_executor_node --params-file /home/sweepi/SweePi/install/sweepi_coverage/share/sweepi_coverage/config/coverage_follow_path_params.yaml --params-file /tmp/launch_params_qeumx5tj --params-file /tmp/launch_params_hoitn6k5'].
[sweepi_robot_manager_node.py-5] [ERROR] [coverage_tracker_node.py-2]: process has died [pid 13617, exit code -2, cmd '/home/sweepi/SweePi/install/sweepi_coverage/lib/sweepi_coverage/coverage_tracker_node.py --ros-args -r __node:=coverage_tracker_node --params-file /home/sweepi/SweePi/install/sweepi_coverage/share/sweepi_coverage/config/coverage_follow_path_params.yaml --params-file /tmp/launch_params_7i9i6t57'].
[sweepi_robot_manager_node.py-5] [ERROR] [coverage_planner_node.py-3]: process has died [pid 13618, exit code -2, cmd '/home/sweepi/SweePi/install/sweepi_coverage/lib/sweepi_coverage/coverage_planner_node.py --ros-args -r __node:=coverage_planner_node --params-file /home/sweepi/SweePi/install/sweepi_coverage/share/sweepi_coverage/config/coverage_follow_path_params.yaml --params-file /tmp/launch_params_xezvfyz5'].
[sweepi_robot_manager_node.py-5] [component_container_isolated-1] [INFO] [1783808740.600176772] [controller_server]: Destroying bond (controller_server) to lifecycle manager.
[sweepi_robot_manager_node.py-5] [component_container_isolated-1] [INFO] [1783808740.600226347] [map_server]: Running Nav2 LifecycleNode rcl preshutdown (map_server)
[sweepi_robot_manager_node.py-5] [component_container_isolated-1] [INFO] [1783808740.600264032] [map_server]: Deactivating
[sweepi_robot_manager_node.py-5] [component_container_isolated-1] [INFO] [1783808740.600286329] [map_server]: Destroying bond (map_server) to lifecycle manager.
[sweepi_robot_manager_node.py-5] [component_container_isolated-1] [INFO] [1783808740.610617952] [map_server]: Cleaning up
[sweepi_robot_manager_node.py-5] [component_container_isolated-1] [INFO] [1783808740.610705879] [map_server]: Destroying bond (map_server) to lifecycle manager.
[sweepi_robot_manager_node.py-5] [component_container_isolated-1] [INFO] [1783808740.610733750] [amcl]: Running Nav2 LifecycleNode rcl preshutdown (amcl)
[sweepi_robot_manager_node.py-5] [component_container_isolated-1] [INFO] [1783808740.610773047] [amcl]: Deactivating
[sweepi_robot_manager_node.py-5] [component_container_isolated-1] [INFO] [1783808740.610834548] [amcl]: Destroying bond (amcl) to lifecycle manager.
[sweepi_robot_manager_node.py-5] [component_container_isolated-1] [INFO] [1783808740.621195597] [amcl]: Cleaning up
[sweepi_robot_manager_node.py-5] [component_container_isolated-1] [INFO] [1783808740.682100331] [lifecycle_manager_localization]: [34m[1mHave not received a heartbeat from map_server.[0m[0m
[sweepi_robot_manager_node.py-5] [component_container_isolated-1] [ERROR] [1783808740.682184314] [lifecycle_manager_localization]: CRITICAL FAILURE: SERVER map_server IS DOWN after not receiving a heartbeat for 4000 ms. Shutting down related nodes.
[sweepi_robot_manager_node.py-5] [component_container_isolated-1] [INFO] [1783808740.682298631] [lifecycle_manager_localization]: [34m[1mTerminating bond timer...[0m[0m
[sweepi_robot_manager_node.py-5] [component_container_isolated-1] [INFO] [1783808740.682319039] [lifecycle_manager_localization]: [34m[1mResetting managed nodes...[0m[0m
[sweepi_robot_manager_node.py-5] [component_container_isolated-1] [INFO] [1783808740.682334354] [lifecycle_manager_localization]: [34m[1mDeactivating amcl[0m[0m
[sweepi_robot_manager_node.py-5] [component_container_isolated-1] [INFO] [1783808740.686855765] [amcl]: Destroying bond (amcl) to lifecycle manager.
[sweepi_robot_manager_node.py-5] [component_container_isolated-1] [INFO] [1783808740.686931933] [smoother_server]: Running Nav2 LifecycleNode rcl preshutdown (smoother_server)
[sweepi_robot_manager_node.py-5] [component_container_isolated-1] [INFO] [1783808740.686986063] [smoother_server]: Deactivating
[sweepi_robot_manager_node.py-5] [component_container_isolated-1] [INFO] [1783808740.687027379] [smoother_server]: Destroying bond (smoother_server) to lifecycle manager.
[sweepi_robot_manager_node.py-5] [component_container_isolated-1] [WARN] [1783808740.689286733] [rcl_lifecycle]: No transition matching 4 found for current state unconfigured
[sweepi_robot_manager_node.py-5] [component_container_isolated-1] [WARN] [1783808740.689314603] [rcl_lifecycle]: No transition matching 4 found for current state unconfigured
[sweepi_robot_manager_node.py-5] [component_container_isolated-1] [ERROR] [1783808740.689327844] [amcl]: Unable to start transition 4 from current state unconfigured: Transition is not registered., at ./src/rcl_lifecycle.c:355
[sweepi_robot_manager_node.py-5] [component_container_isolated-1] [ERROR] [1783808740.690940631] [lifecycle_manager_localization]: Failed to change state for node: amcl
[sweepi_robot_manager_node.py-5] [component_container_isolated-1] [INFO] [1783808740.691033911] [lifecycle_manager_localization]: [34m[1mDeactivating map_server[0m[0m
[sweepi_robot_manager_node.py-5] [component_container_isolated-1] [WARN] [1783808740.692522122] [rcl_lifecycle]: No transition matching 4 found for current state unconfigured
[sweepi_robot_manager_node.py-5] [component_container_isolated-1] [WARN] [1783808740.692554252] [rcl_lifecycle]: No transition matching 4 found for current state unconfigured
[sweepi_robot_manager_node.py-5] [component_container_isolated-1] [ERROR] [1783808740.692564567] [map_server]: Unable to start transition 4 from current state unconfigured: Transition is not registered., at ./src/rcl_lifecycle.c:355
[sweepi_robot_manager_node.py-5] [component_container_isolated-1] [ERROR] [1783808740.693267820] [lifecycle_manager_localization]: Failed to change state for node: map_server
[sweepi_robot_manager_node.py-5] [component_container_isolated-1] [INFO] [1783808740.693330006] [lifecycle_manager_localization]: [34m[1mCleaning up amcl[0m[0m
[sweepi_robot_manager_node.py-5] [component_container_isolated-1] [WARN] [1783808740.693635752] [rcl_lifecycle]: No transition matching 2 found for current state unconfigured
[sweepi_robot_manager_node.py-5] [component_container_isolated-1] [WARN] [1783808740.693653067] [rcl_lifecycle]: No transition matching 2 found for current state unconfigured
[sweepi_robot_manager_node.py-5] [component_container_isolated-1] [ERROR] [1783808740.693661401] [amcl]: Unable to start transition 2 from current state unconfigured: Transition is not registered., at ./src/rcl_lifecycle.c:355
[sweepi_robot_manager_node.py-5] [component_container_isolated-1] [INFO] [1783808740.694179910] [lifecycle_manager_localization]: [34m[1mCleaning up map_server[0m[0m
[sweepi_robot_manager_node.py-5] [component_container_isolated-1] [WARN] [1783808740.694430173] [rcl_lifecycle]: No transition matching 2 found for current state unconfigured
[sweepi_robot_manager_node.py-5] [component_container_isolated-1] [WARN] [1783808740.694448525] [rcl_lifecycle]: No transition matching 2 found for current state unconfigured
[sweepi_robot_manager_node.py-5] [component_container_isolated-1] [ERROR] [1783808740.694456914] [map_server]: Unable to start transition 2 from current state unconfigured: Transition is not registered., at ./src/rcl_lifecycle.c:355
[sweepi_robot_manager_node.py-5] [component_container_isolated-1] [INFO] [1783808740.694832643] [lifecycle_manager_localization]: [34m[1mManaged nodes have been reset[0m[0m
[sweepi_robot_manager_node.py-5] [component_container_isolated-1] [INFO] [1783808740.697321075] [smoother_server]: Cleaning up
[sweepi_robot_manager_node.py-5] [component_container_isolated-1] [INFO] [1783808740.753304706] [smoother_server]: Destroying bond (smoother_server) to lifecycle manager.
[sweepi_robot_manager_node.py-5] [component_container_isolated-1] [INFO] [1783808740.753363799] [lifecycle_manager_localization]: Running Nav2 LifecycleManager rcl preshutdown (lifecycle_manager_localization)
[sweepi_robot_manager_node.py-5] [component_container_isolated-1] [INFO] [1783808740.770052902] [planner_server]: Running Nav2 LifecycleNode rcl preshutdown (planner_server)
[sweepi_robot_manager_node.py-5] [component_container_isolated-1] [INFO] [1783808740.770158181] [planner_server]: Destroying bond (planner_server) to lifecycle manager.
[sweepi_robot_manager_node.py-5] [component_container_isolated-1] [INFO] [1783808740.770177867] [route_server]: Running Nav2 LifecycleNode rcl preshutdown (route_server)
[sweepi_robot_manager_node.py-5] [component_container_isolated-1] [INFO] [1783808740.770251609] [route_server]: Cleaning up
[sweepi_robot_manager_node.py-5] [component_container_isolated-1] [INFO] [1783808740.821507362] [route_server]: Destroying bond (route_server) to lifecycle manager.
[sweepi_robot_manager_node.py-5] [component_container_isolated-1] [INFO] [1783808740.821557789] [behavior_server]: Running Nav2 LifecycleNode rcl preshutdown (behavior_server)
[sweepi_robot_manager_node.py-5] [component_container_isolated-1] [INFO] [1783808740.821603697] [behavior_server]: Cleaning up
[sweepi_robot_manager_node.py-5] [component_container_isolated-1] [INFO] [1783808740.829368627] [behavior_server]: Destroying bond (behavior_server) to lifecycle manager.
[sweepi_robot_manager_node.py-5] [component_container_isolated-1] [INFO] [1783808740.829425554] [bt_navigator]: Running Nav2 LifecycleNode rcl preshutdown (bt_navigator)
[sweepi_robot_manager_node.py-5] [component_container_isolated-1] [INFO] [1783808740.829463166] [bt_navigator]: Cleaning up
[sweepi_robot_manager_node.py-5] [component_container_isolated-1] [INFO] [1783808740.835380434] [global_costmap.global_costmap]: Timed out waiting for transform from base_footprint to map to become available, tf error: Invalid frame ID "map" passed to canTransform argument target_frame - frame does not exist
[sweepi_robot_manager_node.py-5] [component_container_isolated-1] [INFO] [1783808740.956871749] [bt_navigator]: Completed Cleaning up
[sweepi_robot_manager_node.py-5] [component_container_isolated-1] [INFO] [1783808740.957005270] [bt_navigator]: Destroying bond (bt_navigator) to lifecycle manager.
[sweepi_robot_manager_node.py-5] [component_container_isolated-1] [INFO] [1783808740.957041178] [waypoint_follower]: Running Nav2 LifecycleNode rcl preshutdown (waypoint_follower)
[sweepi_robot_manager_node.py-5] [component_container_isolated-1] [INFO] [1783808740.957103568] [waypoint_follower]: Cleaning up
[sweepi_robot_manager_node.py-5] [component_container_isolated-1] [INFO] [1783808741.008494546] [waypoint_follower]: Destroying bond (waypoint_follower) to lifecycle manager.
[sweepi_robot_manager_node.py-5] [component_container_isolated-1] [INFO] [1783808741.008547010] [velocity_smoother]: Running Nav2 LifecycleNode rcl preshutdown (velocity_smoother)
[sweepi_robot_manager_node.py-5] [component_container_isolated-1] [INFO] [1783808741.008586863] [velocity_smoother]: Cleaning up
[sweepi_robot_manager_node.py-5] [component_container_isolated-1] [INFO] [1783808741.008617641] [velocity_smoother]: Destroying bond (velocity_smoother) to lifecycle manager.
[sweepi_robot_manager_node.py-5] [component_container_isolated-1] [INFO] [1783808741.008633437] [collision_monitor]: Running Nav2 LifecycleNode rcl preshutdown (collision_monitor)
[sweepi_robot_manager_node.py-5] [component_container_isolated-1] [INFO] [1783808741.008685401] [collision_monitor]: Cleaning up
[sweepi_robot_manager_node.py-5] [component_container_isolated-1] [INFO] [1783808741.008713939] [collision_monitor]: [FootprintApproach]: Destroying Polygon
[sweepi_robot_manager_node.py-5] [component_container_isolated-1] [INFO] [1783808741.008739402] [collision_monitor]: [scan]: Destroying Scan
[sweepi_robot_manager_node.py-5] [component_container_isolated-1] [INFO] [1783808741.016206716] [collision_monitor]: Destroying bond (collision_monitor) to lifecycle manager.
[sweepi_robot_manager_node.py-5] [component_container_isolated-1] [INFO] [1783808741.016260680] [docking_server]: Running Nav2 LifecycleNode rcl preshutdown (docking_server)
[sweepi_robot_manager_node.py-5] [component_container_isolated-1] [INFO] [1783808741.016312699] [docking_server]: Cleaning up docking_server
[sweepi_robot_manager_node.py-5] [component_container_isolated-1] [INFO] [1783808741.068518191] [docking_server]: Destroying bond (docking_server) to lifecycle manager.
[sweepi_robot_manager_node.py-5] [component_container_isolated-1] [INFO] [1783808741.068604674] [lifecycle_manager_navigation]: Running Nav2 LifecycleManager rcl preshutdown (lifecycle_manager_navigation)
[sweepi_robot_manager_node.py-5] [component_container_isolated-1] [INFO] [1783808741.335381363] [global_costmap.global_costmap]: Timed out waiting for transform from base_footprint to map to become available, tf error: Invalid frame ID "map" passed to canTransform argument target_frame - frame does not exist
[sweepi_robot_manager_node.py-5] [component_container_isolated-1] [INFO] [1783808741.835373941] [global_costmap.global_costmap]: Timed out waiting for transform from base_footprint to map to become available, tf error: Invalid frame ID "map" passed to canTransform argument target_frame - frame does not exist
[sweepi_robot_manager_node.py-5] [component_container_isolated-1] [INFO] [1783808742.335377112] [global_costmap.global_costmap]: Timed out waiting for transform from base_footprint to map to become available, tf error: Invalid frame ID "map" passed to canTransform argument target_frame - frame does not exist
[sweepi_robot_manager_node.py-5] [component_container_isolated-1] [INFO] [1783808742.835372821] [global_costmap.global_costmap]: Timed out waiting for transform from base_footprint to map to become available, tf error: Invalid frame ID "map" passed to canTransform argument target_frame - frame does not exist
[sweepi_robot_manager_node.py-5] [component_container_isolated-1] [INFO] [1783808743.335381847] [global_costmap.global_costmap]: Timed out waiting for transform from base_footprint to map to become available, tf error: Invalid frame ID "map" passed to canTransform argument target_frame - frame does not exist
[sweepi_robot_manager_node.py-5] [component_container_isolated-1] [INFO] [1783808743.835376446] [global_costmap.global_costmap]: Timed out waiting for transform from base_footprint to map to become available, tf error: Invalid frame ID "map" passed to canTransform argument target_frame - frame does not exist
[sweepi_robot_manager_node.py-5] [component_container_isolated-1] [INFO] [1783808744.335373955] [global_costmap.global_costmap]: Timed out waiting for transform from base_footprint to map to become available, tf error: Invalid frame ID "map" passed to canTransform argument target_frame - frame does not exist
[sweepi_robot_manager_node.py-5] [component_container_isolated-1] [INFO] [1783808744.835373630] [global_costmap.global_costmap]: Timed out waiting for transform from base_footprint to map to become available, tf error: Invalid frame ID "map" passed to canTransform argument target_frame - frame does not exist
[sweepi_robot_manager_node.py-5] [component_container_isolated-1] [INFO] [1783808745.335377455] [global_costmap.global_costmap]: Timed out waiting for transform from base_footprint to map to become available, tf error: Invalid frame ID "map" passed to canTransform argument target_frame - frame does not exist
[sweepi_robot_manager_node.py-5] [ERROR] [component_container_isolated-1]: process[component_container_isolated-1] failed to terminate '5' seconds after receiving 'SIGINT', escalating to 'SIGTERM'
[sweepi_robot_manager_node.py-5] [INFO] [component_container_isolated-1]: sending signal 'SIGTERM' to process[component_container_isolated-1]
[sweepi_robot_manager_node.py-5] [component_container_isolated-1] [INFO] [1783808745.835374447] [global_costmap.global_costmap]: Timed out waiting for transform from base_footprint to map to become available, tf error: Invalid frame ID "map" passed to canTransform argument target_frame - frame does not exist
[sweepi_robot_manager_node.py-5] [component_container_isolated-1] [INFO] [1783808746.335372052] [global_costmap.global_costmap]: Timed out waiting for transform from base_footprint to map to become available, tf error: Invalid frame ID "map" passed to canTransform argument target_frame - frame does not exist
[sweepi_robot_manager_node.py-5] [component_container_isolated-1] [INFO] [1783808746.835377879] [global_costmap.global_costmap]: Timed out waiting for transform from base_footprint to map to become available, tf error: Invalid frame ID "map" passed to canTransform argument target_frame - frame does not exist
[sweepi_robot_manager_node.py-5] [component_container_isolated-1] [INFO] [1783808747.335372744] [global_costmap.global_costmap]: Timed out waiting for transform from base_footprint to map to become available, tf error: Invalid frame ID "map" passed to canTransform argument target_frame - frame does not exist
[sweepi_robot_manager_node.py-5] [component_container_isolated-1] [INFO] [1783808747.835378129] [global_costmap.global_costmap]: Timed out waiting for transform from base_footprint to map to become available, tf error: Invalid frame ID "map" passed to canTransform argument target_frame - frame does not exist
[sweepi_robot_manager_node.py-5] [WARN] [1783808748.130592055] [sweepi_robot_manager]: coverage launch did not exit after SIGINT; sending SIGTERM
[api_bridge_node-6] [INFO] [1783808758.468329837] [sweepi_api_bridge]: HTTP "GET /api/cleaning/status HTTP/1.1" 200 -
[ekf_node-2] [ERROR] [1783808762.476898611] [ekf_filter_node]: Failed to meet update rate! Took 0.33747372799999997284seconds. Try decreasing the rate, limiting sensor output frequency, or limiting the number of sensors.
[api_bridge_node-6] [INFO] [1783808836.831608970] [sweepi_api_bridge]: HTTP "GET /api/system/health HTTP/1.1" 200 -
[api_bridge_node-6] [INFO] [1783808836.846393785] [sweepi_api_bridge]: HTTP "GET /api/cleaning/status HTTP/1.1" 200 -
