[INFO] [launch]: All log files can be found below /home/sweepi/.ros/log/2026-07-12-03-25-43-566159-sweepi-9786
[INFO] [launch]: Default logging verbosity is set to INFO
[INFO] [base_driver_node-1]: process started with pid [9808]
[INFO] [ekf_node-2]: process started with pid [9809]
[INFO] [sllidar_node-3]: process started with pid [9810]
[INFO] [robot_state_publisher-4]: process started with pid [9811]
[INFO] [sweepi_robot_manager_node.py-5]: process started with pid [9812]
[INFO] [api_bridge_node-6]: process started with pid [9813]
[sllidar_node-3] [INFO] [1783806944.007877189] [sllidar_node]: SLLidar running on ROS2 package SLLidar.ROS2 SDK Version:1.0.1, SLLIDAR SDK Version:2.1.0
[robot_state_publisher-4] [INFO] [1783806944.081069348] [robot_state_publisher]: Robot initialized
[ekf_node-2] [ERROR] [1783806944.081220130] [ekf_filter_node]: Warning: /imu/data is listed as an input topic, but all its update variables are false
[sllidar_node-3] [INFO] [1783806944.528520043] [sllidar_node]: SLLidar S/N: 6325E0F6C1E092D4A19E9FF9F389461A
[sllidar_node-3] [INFO] [1783806944.528607193] [sllidar_node]: Firmware Ver: 1.02
[sllidar_node-3] [INFO] [1783806944.528622323] [sllidar_node]: Hardware Rev: 18
[sllidar_node-3] [INFO] [1783806944.533723616] [sllidar_node]: SLLidar health status : 0
[sllidar_node-3] [INFO] [1783806944.533821100] [sllidar_node]: SLLidar health status : OK.
[sllidar_node-3] [INFO] [1783806944.821018894] [sllidar_node]: current scan mode: Standard, sample rate: 5 Khz, max_distance: 16.0 m, scan frequency:10.0 Hz, 
[base_driver_node-1] [INFO] [1783806944.921279888] [base_driver_node]: SweePi base driver starting on /dev/ttyAMA0 at 115200 baud
[base_driver_node-1] [INFO] [1783806944.921955682] [base_driver_node]: Base driver parameters: serial_port=/dev/ttyAMA0, baud_rate=115200, wheel_radius=0.0615, wheel_separation=0.29, ticks_per_revolution=7392.0, left_encoder_sign=1.0, right_encoder_sign=1.0, left_motor_command_sign=1.0, right_motor_command_sign=1.0, command_rate_hz=50.0, feedback_poll_rate_hz=100.0, cmd_vel_timeout=0.5, gyro_units=rad_s, accel_units=m_s2
[base_driver_node-1] [INFO] [1783806944.923362772] [base_driver_node]: Connected to STM32 on /dev/ttyAMA0
[sweepi_robot_manager_node.py-5] [INFO] [1783806944.946739942] [sweepi_robot_manager]: SweePi robot manager ready for service commands
[api_bridge_node-6] [INFO] [1783806945.476760024] [sweepi_api_bridge]: SweePi API bridge listening on http://0.0.0.0:8080/api
[api_bridge_node-6] [INFO] [1783807021.691476496] [sweepi_api_bridge]: HTTP "GET /api/system/health HTTP/1.1" 200 -
[api_bridge_node-6] [INFO] [1783807032.191223842] [sweepi_api_bridge]: HTTP "POST /api/cleaning/stop HTTP/1.1" 200 -
[api_bridge_node-6] [INFO] [1783807032.209956833] [sweepi_api_bridge]: HTTP "POST /api/cleaning/reset HTTP/1.1" 200 -
[sweepi_robot_manager_node.py-5] [INFO] [1783807034.241824712] [sweepi_robot_manager]: coverage launch started: /opt/ros/jazzy/bin/ros2 launch sweepi_robot_manager coverage_task.launch.py map_name:=living_room auto_start:=false use_sim_time:=false use_robot_arm:=false
[api_bridge_node-6] [INFO] [1783807034.249845518] [sweepi_api_bridge]: HTTP "POST /api/cleaning/start HTTP/1.1" 200 -
[sweepi_robot_manager_node.py-5] [INFO] [launch]: All log files can be found below /home/sweepi/.ros/log/2026-07-12-03-27-14-710953-sweepi-9944
[sweepi_robot_manager_node.py-5] [INFO] [launch]: Default logging verbosity is set to INFO
[sweepi_robot_manager_node.py-5] [INFO] [component_container_isolated-1]: process started with pid [9965]
[sweepi_robot_manager_node.py-5] [INFO] [coverage_tracker_node.py-2]: process started with pid [9966]
[sweepi_robot_manager_node.py-5] [INFO] [coverage_planner_node.py-3]: process started with pid [9967]
[sweepi_robot_manager_node.py-5] [INFO] [coverage_arm_follow_path_executor_node.py-4]: process started with pid [9968]
[sweepi_robot_manager_node.py-5] [INFO] [coverage_manager_node.py-5]: process started with pid [9969]
[sweepi_robot_manager_node.py-5] [component_container_isolated-1] [INFO] [1783807036.674081946] [nav2_container]: Load Library: /opt/ros/jazzy/lib/libcontroller_server_core.so
[sweepi_robot_manager_node.py-5] [component_container_isolated-1] [INFO] [1783807036.734917030] [nav2_container]: Found class: rclcpp_components::NodeFactoryTemplate<nav2_controller::ControllerServer>
[sweepi_robot_manager_node.py-5] [component_container_isolated-1] [INFO] [1783807036.735044162] [nav2_container]: Instantiate class: rclcpp_components::NodeFactoryTemplate<nav2_controller::ControllerServer>
[sweepi_robot_manager_node.py-5] [component_container_isolated-1] [INFO] [1783807036.831082449] [controller_server]: 
[sweepi_robot_manager_node.py-5] [component_container_isolated-1] 	controller_server lifecycle node launched. 
[sweepi_robot_manager_node.py-5] [component_container_isolated-1] 	Waiting on external lifecycle transitions to activate
[sweepi_robot_manager_node.py-5] [component_container_isolated-1] 	See https://design.ros2.org/articles/node_lifecycle.html for more information.
[sweepi_robot_manager_node.py-5] [component_container_isolated-1] [INFO] [1783807036.857730742] [controller_server]: Creating controller server
[sweepi_robot_manager_node.py-5] [component_container_isolated-1] [INFO] [1783807036.956868048] [local_costmap.local_costmap]: 
[sweepi_robot_manager_node.py-5] [component_container_isolated-1] 	local_costmap lifecycle node launched. 
[sweepi_robot_manager_node.py-5] [component_container_isolated-1] 	Waiting on external lifecycle transitions to activate
[sweepi_robot_manager_node.py-5] [component_container_isolated-1] 	See https://design.ros2.org/articles/node_lifecycle.html for more information.
[sweepi_robot_manager_node.py-5] [component_container_isolated-1] [INFO] [1783807036.963653842] [local_costmap.local_costmap]: Creating Costmap
[sweepi_robot_manager_node.py-5] [component_container_isolated-1] [INFO] [1783807036.976627267] [nav2_container]: Load Library: /opt/ros/jazzy/lib/libmap_server_core.so
[sweepi_robot_manager_node.py-5] [INFO] [launch_ros.actions.load_composable_nodes]: Loaded node '/controller_server' in container '/nav2_container'
[sweepi_robot_manager_node.py-5] [component_container_isolated-1] [INFO] [1783807037.044215106] [nav2_container]: Found class: rclcpp_components::NodeFactoryTemplate<nav2_map_server::CostmapFilterInfoServer>
[sweepi_robot_manager_node.py-5] [component_container_isolated-1] [INFO] [1783807037.044393999] [nav2_container]: Found class: rclcpp_components::NodeFactoryTemplate<nav2_map_server::MapSaver>
[sweepi_robot_manager_node.py-5] [component_container_isolated-1] [INFO] [1783807037.044442686] [nav2_container]: Found class: rclcpp_components::NodeFactoryTemplate<nav2_map_server::MapServer>
[sweepi_robot_manager_node.py-5] [component_container_isolated-1] [INFO] [1783807037.044479649] [nav2_container]: Instantiate class: rclcpp_components::NodeFactoryTemplate<nav2_map_server::MapServer>
[sweepi_robot_manager_node.py-5] [component_container_isolated-1] [INFO] [1783807037.134060261] [map_server]: 
[sweepi_robot_manager_node.py-5] [component_container_isolated-1] 	map_server lifecycle node launched. 
[sweepi_robot_manager_node.py-5] [component_container_isolated-1] 	Waiting on external lifecycle transitions to activate
[sweepi_robot_manager_node.py-5] [component_container_isolated-1] 	See https://design.ros2.org/articles/node_lifecycle.html for more information.
[sweepi_robot_manager_node.py-5] [component_container_isolated-1] [INFO] [1783807037.134166226] [map_server]: Creating
[sweepi_robot_manager_node.py-5] [component_container_isolated-1] [INFO] [1783807037.138972417] [nav2_container]: Load Library: /opt/ros/jazzy/lib/libamcl_core.so
[sweepi_robot_manager_node.py-5] [INFO] [launch_ros.actions.load_composable_nodes]: Loaded node '/map_server' in container '/nav2_container'
[sweepi_robot_manager_node.py-5] [component_container_isolated-1] [INFO] [1783807037.152925995] [nav2_container]: Found class: rclcpp_components::NodeFactoryTemplate<nav2_amcl::AmclNode>
[sweepi_robot_manager_node.py-5] [component_container_isolated-1] [INFO] [1783807037.153045313] [nav2_container]: Instantiate class: rclcpp_components::NodeFactoryTemplate<nav2_amcl::AmclNode>
[sweepi_robot_manager_node.py-5] [component_container_isolated-1] [INFO] [1783807037.238407545] [amcl]: 
[sweepi_robot_manager_node.py-5] [component_container_isolated-1] 	amcl lifecycle node launched. 
[sweepi_robot_manager_node.py-5] [component_container_isolated-1] 	Waiting on external lifecycle transitions to activate
[sweepi_robot_manager_node.py-5] [component_container_isolated-1] 	See https://design.ros2.org/articles/node_lifecycle.html for more information.
[sweepi_robot_manager_node.py-5] [component_container_isolated-1] [INFO] [1783807037.242907728] [amcl]: Creating
[sweepi_robot_manager_node.py-5] [component_container_isolated-1] [INFO] [1783807037.276541856] [nav2_container]: Load Library: /opt/ros/jazzy/lib/libsmoother_server_core.so
[sweepi_robot_manager_node.py-5] [INFO] [launch_ros.actions.load_composable_nodes]: Loaded node '/amcl' in container '/nav2_container'
[sweepi_robot_manager_node.py-5] [component_container_isolated-1] [INFO] [1783807037.286904718] [nav2_container]: Found class: rclcpp_components::NodeFactoryTemplate<nav2_smoother::SmootherServer>
[sweepi_robot_manager_node.py-5] [component_container_isolated-1] [INFO] [1783807037.287716349] [nav2_container]: Instantiate class: rclcpp_components::NodeFactoryTemplate<nav2_smoother::SmootherServer>
[sweepi_robot_manager_node.py-5] [coverage_manager_node.py-5] [INFO] [1783807037.374064067] [coverage_manager_node]: Coverage manager placeholder started; no coverage workflow is active.
[sweepi_robot_manager_node.py-5] [component_container_isolated-1] [INFO] [1783807037.380573632] [smoother_server]: 
[sweepi_robot_manager_node.py-5] [component_container_isolated-1] 	smoother_server lifecycle node launched. 
[sweepi_robot_manager_node.py-5] [component_container_isolated-1] 	Waiting on external lifecycle transitions to activate
[sweepi_robot_manager_node.py-5] [component_container_isolated-1] 	See https://design.ros2.org/articles/node_lifecycle.html for more information.
[sweepi_robot_manager_node.py-5] [component_container_isolated-1] [INFO] [1783807037.386658446] [smoother_server]: Creating smoother server
[sweepi_robot_manager_node.py-5] [component_container_isolated-1] [INFO] [1783807037.394212110] [nav2_container]: Load Library: /opt/ros/jazzy/lib/libnav2_lifecycle_manager_core.so
[sweepi_robot_manager_node.py-5] [INFO] [launch_ros.actions.load_composable_nodes]: Loaded node '/smoother_server' in container '/nav2_container'
[sweepi_robot_manager_node.py-5] [component_container_isolated-1] [INFO] [1783807037.400924810] [nav2_container]: Found class: rclcpp_components::NodeFactoryTemplate<nav2_lifecycle_manager::LifecycleManager>
[sweepi_robot_manager_node.py-5] [component_container_isolated-1] [INFO] [1783807037.401052757] [nav2_container]: Instantiate class: rclcpp_components::NodeFactoryTemplate<nav2_lifecycle_manager::LifecycleManager>
[sweepi_robot_manager_node.py-5] [component_container_isolated-1] [INFO] [1783807037.467974339] [lifecycle_manager_localization]: Creating
[sweepi_robot_manager_node.py-5] [INFO] [launch_ros.actions.load_composable_nodes]: Loaded node '/lifecycle_manager_localization' in container '/nav2_container'
[sweepi_robot_manager_node.py-5] [component_container_isolated-1] [INFO] [1783807037.493964672] [lifecycle_manager_localization]: [34m[1mCreating and initializing lifecycle service clients[0m[0m
[sweepi_robot_manager_node.py-5] [component_container_isolated-1] [INFO] [1783807037.494268586] [nav2_container]: Load Library: /opt/ros/jazzy/lib/libplanner_server_core.so
[sweepi_robot_manager_node.py-5] [component_container_isolated-1] [INFO] [1783807037.501597986] [nav2_container]: Found class: rclcpp_components::NodeFactoryTemplate<nav2_planner::PlannerServer>
[sweepi_robot_manager_node.py-5] [component_container_isolated-1] [INFO] [1783807037.501720655] [nav2_container]: Instantiate class: rclcpp_components::NodeFactoryTemplate<nav2_planner::PlannerServer>
[sweepi_robot_manager_node.py-5] [component_container_isolated-1] [INFO] [1783807037.532430824] [lifecycle_manager_localization]: [34m[1mStarting managed nodes bringup...[0m[0m
[sweepi_robot_manager_node.py-5] [component_container_isolated-1] [INFO] [1783807037.532564309] [lifecycle_manager_localization]: [34m[1mConfiguring map_server[0m[0m
[sweepi_robot_manager_node.py-5] [component_container_isolated-1] [INFO] [1783807037.538885240] [map_server]: Configuring
[sweepi_robot_manager_node.py-5] [component_container_isolated-1] [INFO] [1783807037.539153357] [map_io]: Loading yaml file: /home/sweepi/SweePi/maps/living_room.yaml
[sweepi_robot_manager_node.py-5] [component_container_isolated-1] [INFO] [1783807037.539771261] [map_io]: resolution: 0.05
[sweepi_robot_manager_node.py-5] [component_container_isolated-1] [INFO] [1783807037.539811744] [map_io]: origin[0]: -7.20409
[sweepi_robot_manager_node.py-5] [component_container_isolated-1] [INFO] [1783807037.539820374] [map_io]: origin[1]: -8.17541
[sweepi_robot_manager_node.py-5] [component_container_isolated-1] [INFO] [1783807037.539826411] [map_io]: origin[2]: 0
[sweepi_robot_manager_node.py-5] [component_container_isolated-1] [INFO] [1783807037.539831966] [map_io]: free_thresh: 0.196
[sweepi_robot_manager_node.py-5] [component_container_isolated-1] [INFO] [1783807037.539837318] [map_io]: occupied_thresh: 0.65
[sweepi_robot_manager_node.py-5] [component_container_isolated-1] [INFO] [1783807037.539854004] [map_io]: mode: trinary
[sweepi_robot_manager_node.py-5] [component_container_isolated-1] [INFO] [1783807037.539862800] [map_io]: negate: 0
[sweepi_robot_manager_node.py-5] [component_container_isolated-1] [INFO] [1783807037.540282311] [map_io]: Loading image_file: /home/sweepi/SweePi/maps/living_room.pgm
[sweepi_robot_manager_node.py-5] [component_container_isolated-1] [INFO] [1783807037.549408531] [map_io]: Read map /home/sweepi/SweePi/maps/living_room.pgm: 243 X 269 map @ 0.05 m/cell
[sweepi_robot_manager_node.py-5] [component_container_isolated-1] [INFO] [1783807037.601315324] [lifecycle_manager_localization]: [34m[1mConfiguring amcl[0m[0m
[sweepi_robot_manager_node.py-5] [component_container_isolated-1] [INFO] [1783807037.605206289] [amcl]: Configuring
[sweepi_robot_manager_node.py-5] [component_container_isolated-1] [INFO] [1783807037.605457758] [amcl]: initTransforms
[sweepi_robot_manager_node.py-5] [component_container_isolated-1] [INFO] [1783807037.670301826] [planner_server]: 
[sweepi_robot_manager_node.py-5] [component_container_isolated-1] 	planner_server lifecycle node launched. 
[sweepi_robot_manager_node.py-5] [component_container_isolated-1] 	Waiting on external lifecycle transitions to activate
[sweepi_robot_manager_node.py-5] [component_container_isolated-1] 	See https://design.ros2.org/articles/node_lifecycle.html for more information.
[sweepi_robot_manager_node.py-5] [component_container_isolated-1] [INFO] [1783807037.687992995] [planner_server]: Creating
[sweepi_robot_manager_node.py-5] [component_container_isolated-1] [INFO] [1783807037.799691438] [amcl]: initPubSub
[sweepi_robot_manager_node.py-5] [component_container_isolated-1] [INFO] [1783807037.877878404] [amcl]: Subscribed to map topic.
[sweepi_robot_manager_node.py-5] [component_container_isolated-1] [INFO] [1783807037.930599883] [global_costmap.global_costmap]: 
[sweepi_robot_manager_node.py-5] [component_container_isolated-1] 	global_costmap lifecycle node launched. 
[sweepi_robot_manager_node.py-5] [component_container_isolated-1] 	Waiting on external lifecycle transitions to activate
[sweepi_robot_manager_node.py-5] [component_container_isolated-1] 	See https://design.ros2.org/articles/node_lifecycle.html for more information.
[sweepi_robot_manager_node.py-5] [component_container_isolated-1] [INFO] [1783807037.937072688] [lifecycle_manager_localization]: [34m[1mActivating map_server[0m[0m
[sweepi_robot_manager_node.py-5] [component_container_isolated-1] [INFO] [1783807037.937865077] [map_server]: Activating
[sweepi_robot_manager_node.py-5] [component_container_isolated-1] [INFO] [1783807037.938607243] [global_costmap.global_costmap]: Creating Costmap
[sweepi_robot_manager_node.py-5] [component_container_isolated-1] [INFO] [1783807037.941466424] [amcl]: Received a 243 X 269 map @ 0.050 m/pix
[sweepi_robot_manager_node.py-5] [component_container_isolated-1] [INFO] [1783807037.945469557] [map_server]: Creating bond (map_server) to lifecycle manager.
[sweepi_robot_manager_node.py-5] [INFO] [launch_ros.actions.load_composable_nodes]: Loaded node '/planner_server' in container '/nav2_container'
[sweepi_robot_manager_node.py-5] [component_container_isolated-1] [INFO] [1783807037.968920791] [nav2_container]: Load Library: /opt/ros/jazzy/lib/libroute_server_core.so
[sweepi_robot_manager_node.py-5] [component_container_isolated-1] [INFO] [1783807037.972758810] [nav2_container]: Found class: rclcpp_components::NodeFactoryTemplate<nav2_route::RouteServer>
[sweepi_robot_manager_node.py-5] [component_container_isolated-1] [INFO] [1783807037.972865109] [nav2_container]: Instantiate class: rclcpp_components::NodeFactoryTemplate<nav2_route::RouteServer>
[sweepi_robot_manager_node.py-5] [component_container_isolated-1] [INFO] [1783807038.067960354] [lifecycle_manager_localization]: Server map_server connected with bond.
[sweepi_robot_manager_node.py-5] [component_container_isolated-1] [INFO] [1783807038.068048060] [lifecycle_manager_localization]: [34m[1mActivating amcl[0m[0m
[sweepi_robot_manager_node.py-5] [component_container_isolated-1] [INFO] [1783807038.068625407] [amcl]: Activating
[sweepi_robot_manager_node.py-5] [component_container_isolated-1] [INFO] [1783807038.068724687] [amcl]: Creating bond (amcl) to lifecycle manager.
[sweepi_robot_manager_node.py-5] [component_container_isolated-1] [INFO] [1783807038.149344841] [amcl]: createLaserObject
[sweepi_robot_manager_node.py-5] [component_container_isolated-1] [INFO] [1783807038.160082008] [route_server]: 
[sweepi_robot_manager_node.py-5] [component_container_isolated-1] 	route_server lifecycle node launched. 
[sweepi_robot_manager_node.py-5] [component_container_isolated-1] 	Waiting on external lifecycle transitions to activate
[sweepi_robot_manager_node.py-5] [component_container_isolated-1] 	See https://design.ros2.org/articles/node_lifecycle.html for more information.
[sweepi_robot_manager_node.py-5] [INFO] [launch_ros.actions.load_composable_nodes]: Loaded node '/route_server' in container '/nav2_container'
[sweepi_robot_manager_node.py-5] [component_container_isolated-1] [INFO] [1783807038.184018883] [nav2_container]: Load Library: /opt/ros/jazzy/lib/libbehavior_server_core.so
[sweepi_robot_manager_node.py-5] [component_container_isolated-1] [INFO] [1783807038.186108878] [nav2_container]: Found class: rclcpp_components::NodeFactoryTemplate<behavior_server::BehaviorServer>
[sweepi_robot_manager_node.py-5] [component_container_isolated-1] [INFO] [1783807038.186236252] [nav2_container]: Instantiate class: rclcpp_components::NodeFactoryTemplate<behavior_server::BehaviorServer>
[sweepi_robot_manager_node.py-5] [component_container_isolated-1] [INFO] [1783807038.217902258] [lifecycle_manager_localization]: Server amcl connected with bond.
[sweepi_robot_manager_node.py-5] [component_container_isolated-1] [INFO] [1783807038.217985649] [lifecycle_manager_localization]: [34m[1mManaged nodes are active[0m[0m
[sweepi_robot_manager_node.py-5] [component_container_isolated-1] [INFO] [1783807038.218016965] [lifecycle_manager_localization]: [34m[1mCreating bond timer...[0m[0m
[sweepi_robot_manager_node.py-5] [component_container_isolated-1] [INFO] [1783807038.235966232] [behavior_server]: 
[sweepi_robot_manager_node.py-5] [component_container_isolated-1] 	behavior_server lifecycle node launched. 
[sweepi_robot_manager_node.py-5] [component_container_isolated-1] 	Waiting on external lifecycle transitions to activate
[sweepi_robot_manager_node.py-5] [component_container_isolated-1] 	See https://design.ros2.org/articles/node_lifecycle.html for more information.
[sweepi_robot_manager_node.py-5] [INFO] [launch_ros.actions.load_composable_nodes]: Loaded node '/behavior_server' in container '/nav2_container'
[sweepi_robot_manager_node.py-5] [component_container_isolated-1] [INFO] [1783807038.256933258] [nav2_container]: Load Library: /opt/ros/jazzy/lib/libbt_navigator_core.so
[sweepi_robot_manager_node.py-5] [component_container_isolated-1] [INFO] [1783807038.267026613] [nav2_container]: Found class: rclcpp_components::NodeFactoryTemplate<nav2_bt_navigator::BtNavigator>
[sweepi_robot_manager_node.py-5] [component_container_isolated-1] [INFO] [1783807038.267123856] [nav2_container]: Instantiate class: rclcpp_components::NodeFactoryTemplate<nav2_bt_navigator::BtNavigator>
[sweepi_robot_manager_node.py-5] [coverage_arm_follow_path_executor_node.py-4] [INFO] [1783807038.422236571] [coverage_follow_path_executor_node]: Coverage FollowPath executor started: action=/follow_path controller_id=FollowPath smoother_action=/smooth_path smoother_id=simple_smoother path=/coverage_path raw=/coverage_path_raw smoothed=/coverage_smoothed_path active=/coverage_active_path costmap=/global_costmap/costmap. This mode uses FollowPath, not NavigateThroughPoses. dynamic_obstacle_skip=true local_costmap=/local_costmap/costmap static_map=/map
[sweepi_robot_manager_node.py-5] [coverage_arm_follow_path_executor_node.py-4] [INFO] [1783807038.424623758] [coverage_follow_path_executor_node]: Loaded dynamic obstacle parameters: dynamic_rejoin_max_search_distance_m=5.00 dynamic_progress_search_forward_m=1.00 dynamic_max_rejoin_candidates=100 dynamic_rejoin_min_clearance_m=0.03 dynamic_collision_check_radius_m=0.23 dynamic_connector_goal_tolerance_m=0.15 dynamic_skip_replan_cooldown_sec=3.00 dynamic_skip_max_consecutive_failures=5
[sweepi_robot_manager_node.py-5] [component_container_isolated-1] [INFO] [1783807038.437177470] [amcl]: Message Filter dropping message: frame 'lidar_link' at time 1783807037.754 for reason 'the timestamp on the message is earlier than all the data in the transform cache'
[sweepi_robot_manager_node.py-5] [coverage_tracker_node.py-2] [INFO] [1783807038.517038049] [coverage_tracker_node]: Coverage tracker started: map=/map, coverage=/coverage_map, TF=map -> base_footprint
[sweepi_robot_manager_node.py-5] [component_container_isolated-1] [INFO] [1783807038.524992149] [bt_navigator]: 
[sweepi_robot_manager_node.py-5] [component_container_isolated-1] 	bt_navigator lifecycle node launched. 
[sweepi_robot_manager_node.py-5] [component_container_isolated-1] 	Waiting on external lifecycle transitions to activate
[sweepi_robot_manager_node.py-5] [component_container_isolated-1] 	See https://design.ros2.org/articles/node_lifecycle.html for more information.
[sweepi_robot_manager_node.py-5] [component_container_isolated-1] [INFO] [1783807038.528245524] [bt_navigator]: Creating
[sweepi_robot_manager_node.py-5] [INFO] [launch_ros.actions.load_composable_nodes]: Loaded node '/bt_navigator' in container '/nav2_container'
[sweepi_robot_manager_node.py-5] [component_container_isolated-1] [INFO] [1783807038.561070559] [nav2_container]: Load Library: /opt/ros/jazzy/lib/libwaypoint_follower_core.so
[sweepi_robot_manager_node.py-5] [coverage_arm_follow_path_executor_node.py-4] [INFO] [1783807038.564879392] [coverage_follow_path_executor_node]: [COVERAGE_ARM] IDLE use_robot_arm=false inflated_promotion=true front_lidar_threshold_m=0.50 front_tof_clear_threshold_m=0.50
[sweepi_robot_manager_node.py-5] [component_container_isolated-1] [INFO] [1783807038.567009591] [nav2_container]: Found class: rclcpp_components::NodeFactoryTemplate<nav2_waypoint_follower::WaypointFollower>
[sweepi_robot_manager_node.py-5] [component_container_isolated-1] [INFO] [1783807038.567095723] [nav2_container]: Instantiate class: rclcpp_components::NodeFactoryTemplate<nav2_waypoint_follower::WaypointFollower>
[sweepi_robot_manager_node.py-5] [component_container_isolated-1] [INFO] [1783807038.662621256] [waypoint_follower]: 
[sweepi_robot_manager_node.py-5] [component_container_isolated-1] 	waypoint_follower lifecycle node launched. 
[sweepi_robot_manager_node.py-5] [component_container_isolated-1] 	Waiting on external lifecycle transitions to activate
[sweepi_robot_manager_node.py-5] [component_container_isolated-1] 	See https://design.ros2.org/articles/node_lifecycle.html for more information.
[sweepi_robot_manager_node.py-5] [component_container_isolated-1] [INFO] [1783807038.663658762] [waypoint_follower]: Creating
[sweepi_robot_manager_node.py-5] [INFO] [launch_ros.actions.load_composable_nodes]: Loaded node '/waypoint_follower' in container '/nav2_container'
[sweepi_robot_manager_node.py-5] [component_container_isolated-1] [INFO] [1783807038.686018525] [nav2_container]: Load Library: /opt/ros/jazzy/lib/libvelocity_smoother_core.so
[sweepi_robot_manager_node.py-5] [component_container_isolated-1] [INFO] [1783807038.687973980] [nav2_container]: Found class: rclcpp_components::NodeFactoryTemplate<nav2_velocity_smoother::VelocitySmoother>
[sweepi_robot_manager_node.py-5] [component_container_isolated-1] [INFO] [1783807038.688041074] [nav2_container]: Instantiate class: rclcpp_components::NodeFactoryTemplate<nav2_velocity_smoother::VelocitySmoother>
[sweepi_robot_manager_node.py-5] [component_container_isolated-1] [INFO] [1783807038.783910504] [velocity_smoother]: 
[sweepi_robot_manager_node.py-5] [component_container_isolated-1] 	velocity_smoother lifecycle node launched. 
[sweepi_robot_manager_node.py-5] [component_container_isolated-1] 	Waiting on external lifecycle transitions to activate
[sweepi_robot_manager_node.py-5] [component_container_isolated-1] 	See https://design.ros2.org/articles/node_lifecycle.html for more information.
[sweepi_robot_manager_node.py-5] [INFO] [launch_ros.actions.load_composable_nodes]: Loaded node '/velocity_smoother' in container '/nav2_container'
[sweepi_robot_manager_node.py-5] [component_container_isolated-1] [INFO] [1783807038.791493336] [nav2_container]: Load Library: /opt/ros/jazzy/lib/libcollision_monitor_core.so
[sweepi_robot_manager_node.py-5] [component_container_isolated-1] [INFO] [1783807038.799102409] [nav2_container]: Found class: rclcpp_components::NodeFactoryTemplate<nav2_collision_monitor::CollisionMonitor>
[sweepi_robot_manager_node.py-5] [component_container_isolated-1] [INFO] [1783807038.799226449] [nav2_container]: Instantiate class: rclcpp_components::NodeFactoryTemplate<nav2_collision_monitor::CollisionMonitor>
[sweepi_robot_manager_node.py-5] [component_container_isolated-1] [INFO] [1783807038.901863931] [collision_monitor]: 
[sweepi_robot_manager_node.py-5] [component_container_isolated-1] 	collision_monitor lifecycle node launched. 
[sweepi_robot_manager_node.py-5] [component_container_isolated-1] 	Waiting on external lifecycle transitions to activate
[sweepi_robot_manager_node.py-5] [component_container_isolated-1] 	See https://design.ros2.org/articles/node_lifecycle.html for more information.
[sweepi_robot_manager_node.py-5] [INFO] [launch_ros.actions.load_composable_nodes]: Loaded node '/collision_monitor' in container '/nav2_container'
[sweepi_robot_manager_node.py-5] [component_container_isolated-1] [INFO] [1783807038.907354916] [nav2_container]: Load Library: /opt/ros/jazzy/lib/libopennav_docking_core.so
[sweepi_robot_manager_node.py-5] [component_container_isolated-1] [INFO] [1783807038.911370624] [nav2_container]: Found class: rclcpp_components::NodeFactoryTemplate<opennav_docking::DockingServer>
[sweepi_robot_manager_node.py-5] [component_container_isolated-1] [INFO] [1783807038.911438774] [nav2_container]: Instantiate class: rclcpp_components::NodeFactoryTemplate<opennav_docking::DockingServer>
[sweepi_robot_manager_node.py-5] [component_container_isolated-1] [INFO] [1783807038.988415877] [docking_server]: 
[sweepi_robot_manager_node.py-5] [component_container_isolated-1] 	docking_server lifecycle node launched. 
[sweepi_robot_manager_node.py-5] [component_container_isolated-1] 	Waiting on external lifecycle transitions to activate
[sweepi_robot_manager_node.py-5] [component_container_isolated-1] 	See https://design.ros2.org/articles/node_lifecycle.html for more information.
[sweepi_robot_manager_node.py-5] [component_container_isolated-1] [INFO] [1783807038.988517324] [docking_server]: Creating docking_server
[sweepi_robot_manager_node.py-5] [INFO] [launch_ros.actions.load_composable_nodes]: Loaded node '/docking_server' in container '/nav2_container'
[sweepi_robot_manager_node.py-5] [coverage_tracker_node.py-2] [INFO] [1783807039.031328544] [coverage_tracker_node]: Initialized coverage map: 243x269 at 0.050 m/cell
[sweepi_robot_manager_node.py-5] [coverage_planner_node.py-3] [INFO] [1783807039.050852498] [coverage_planner_node]: Coverage planner started: coverage_map=/coverage_map, nav_costmap=/global_costmap/costmap, path=/coverage_path, mask=/coverage_planning_mask, percentage=/coverage_percentage, stats=/coverage_stats, direction=auto, use_nav_costmap=true, robot_radius=0.20m, safety_margin=0.10m, inflation_radius=0.24m
[sweepi_robot_manager_node.py-5] [component_container_isolated-1] [INFO] [1783807039.203581673] [nav2_container]: Found class: rclcpp_components::NodeFactoryTemplate<nav2_lifecycle_manager::LifecycleManager>
[sweepi_robot_manager_node.py-5] [component_container_isolated-1] [INFO] [1783807039.203654341] [nav2_container]: Instantiate class: rclcpp_components::NodeFactoryTemplate<nav2_lifecycle_manager::LifecycleManager>
[sweepi_robot_manager_node.py-5] [coverage_tracker_node.py-2] [WARN] [1783807039.214276580] [coverage_tracker_node]: Could not get TF map -> base_footprint: "map" passed to lookupTransform argument target_frame does not exist. 
[sweepi_robot_manager_node.py-5] [component_container_isolated-1] [INFO] [1783807039.255137846] [lifecycle_manager_navigation]: Creating
[sweepi_robot_manager_node.py-5] [component_container_isolated-1] [INFO] [1783807039.272263815] [lifecycle_manager_navigation]: [34m[1mCreating and initializing lifecycle service clients[0m[0m
[sweepi_robot_manager_node.py-5] [INFO] [launch_ros.actions.load_composable_nodes]: Loaded node '/lifecycle_manager_navigation' in container '/nav2_container'
[sweepi_robot_manager_node.py-5] [component_container_isolated-1] [INFO] [1783807039.355891116] [lifecycle_manager_navigation]: [34m[1mStarting managed nodes bringup...[0m[0m
[sweepi_robot_manager_node.py-5] [component_container_isolated-1] [INFO] [1783807039.355975247] [lifecycle_manager_navigation]: [34m[1mConfiguring controller_server[0m[0m
[sweepi_robot_manager_node.py-5] [component_container_isolated-1] [INFO] [1783807039.356884380] [controller_server]: Configuring controller interface
[sweepi_robot_manager_node.py-5] [component_container_isolated-1] [INFO] [1783807039.357427208] [controller_server]: getting progress checker plugins..
[sweepi_robot_manager_node.py-5] [component_container_isolated-1] [INFO] [1783807039.361006758] [controller_server]: getting goal checker plugins..
[sweepi_robot_manager_node.py-5] [component_container_isolated-1] [INFO] [1783807039.367425432] [controller_server]: Controller frequency set to 10.0000Hz
[sweepi_robot_manager_node.py-5] [component_container_isolated-1] [INFO] [1783807039.367584380] [local_costmap.local_costmap]: Configuring
[sweepi_robot_manager_node.py-5] [component_container_isolated-1] [INFO] [1783807039.393022680] [local_costmap.local_costmap]: Using plugin "obstacle_layer"
[sweepi_robot_manager_node.py-5] [component_container_isolated-1] [INFO] [1783807039.400971224] [local_costmap.local_costmap]: Subscribed to Topics: scan
[sweepi_robot_manager_node.py-5] [component_container_isolated-1] [INFO] [1783807039.416614584] [local_costmap.local_costmap]: Initialized plugin "obstacle_layer"
[sweepi_robot_manager_node.py-5] [component_container_isolated-1] [INFO] [1783807039.416686790] [local_costmap.local_costmap]: Using plugin "inflation_layer"
[sweepi_robot_manager_node.py-5] [component_container_isolated-1] [INFO] [1783807039.420452492] [local_costmap.local_costmap]: Initialized plugin "inflation_layer"
[sweepi_robot_manager_node.py-5] [component_container_isolated-1] [INFO] [1783807039.471528634] [controller_server]: Created progress_checker : progress_checker of type nav2_controller::SimpleProgressChecker
[sweepi_robot_manager_node.py-5] [component_container_isolated-1] [INFO] [1783807039.472946835] [controller_server]: Controller Server has progress_checker  progress checkers available.
[sweepi_robot_manager_node.py-5] [component_container_isolated-1] [INFO] [1783807039.474044288] [controller_server]: Created goal checker : goal_checker of type nav2_controller::SimpleGoalChecker
[sweepi_robot_manager_node.py-5] [component_container_isolated-1] [INFO] [1783807039.475162537] [controller_server]: Controller Server has goal_checker  goal checkers available.
[sweepi_robot_manager_node.py-5] [component_container_isolated-1] [INFO] [1783807039.476933746] [controller_server]: Created controller : FollowPath of type nav2_regulated_pure_pursuit_controller::RegulatedPurePursuitController
[sweepi_robot_manager_node.py-5] [component_container_isolated-1] [INFO] [1783807039.495050370] [controller_server]: Controller Server has FollowPath  controllers available.
[sweepi_robot_manager_node.py-5] [component_container_isolated-1] [INFO] [1783807039.519617816] [lifecycle_manager_navigation]: [34m[1mConfiguring smoother_server[0m[0m
[sweepi_robot_manager_node.py-5] [component_container_isolated-1] [INFO] [1783807039.520271239] [smoother_server]: Configuring smoother server
[sweepi_robot_manager_node.py-5] [component_container_isolated-1] [INFO] [1783807039.539141269] [amcl]: initialPoseReceived
[sweepi_robot_manager_node.py-5] [component_container_isolated-1] [WARN] [1783807039.539363830] [amcl]: Failed to transform initial pose in time (Lookup would require extrapolation into the future.  Requested time 1783807039.539250 but the latest data is at time 1783807039.525855, when looking up transform from frame [base_footprint] to frame [odom])
[sweepi_robot_manager_node.py-5] [component_container_isolated-1] [INFO] [1783807039.539419980] [amcl]: Setting pose (1783807039.539419): 0.000 0.000 0.000
[sweepi_robot_manager_node.py-5] [component_container_isolated-1] [INFO] [1783807039.571523330] [smoother_server]: Created smoother : simple_smoother of type nav2_smoother::SimpleSmoother
[sweepi_robot_manager_node.py-5] [component_container_isolated-1] [INFO] [1783807039.583905945] [smoother_server]: Smoother Server has simple_smoother  smoothers available.
[sweepi_robot_manager_node.py-5] [component_container_isolated-1] [INFO] [1783807039.614289105] [lifecycle_manager_navigation]: [34m[1mConfiguring planner_server[0m[0m
[sweepi_robot_manager_node.py-5] [component_container_isolated-1] [INFO] [1783807039.614763487] [planner_server]: Configuring
[sweepi_robot_manager_node.py-5] [component_container_isolated-1] [INFO] [1783807039.614900231] [global_costmap.global_costmap]: Configuring
[sweepi_robot_manager_node.py-5] [component_container_isolated-1] [INFO] [1783807039.642999651] [global_costmap.global_costmap]: Using plugin "static_layer"
[sweepi_robot_manager_node.py-5] [component_container_isolated-1] [INFO] [1783807039.645786200] [global_costmap.global_costmap]: Subscribing to the map topic (/map) with transient local durability
[sweepi_robot_manager_node.py-5] [component_container_isolated-1] [INFO] [1783807039.648987000] [global_costmap.global_costmap]: Initialized plugin "static_layer"
[sweepi_robot_manager_node.py-5] [component_container_isolated-1] [INFO] [1783807039.649069020] [global_costmap.global_costmap]: Using plugin "obstacle_layer"
[sweepi_robot_manager_node.py-5] [component_container_isolated-1] [INFO] [1783807039.652822445] [global_costmap.global_costmap]: Subscribed to Topics: scan
[sweepi_robot_manager_node.py-5] [component_container_isolated-1] [INFO] [1783807039.676293068] [global_costmap.global_costmap]: Initialized plugin "obstacle_layer"
[sweepi_robot_manager_node.py-5] [component_container_isolated-1] [INFO] [1783807039.676496110] [global_costmap.global_costmap]: Using plugin "inflation_layer"
[sweepi_robot_manager_node.py-5] [component_container_isolated-1] [INFO] [1783807039.681447155] [global_costmap.global_costmap]: Initialized plugin "inflation_layer"
[sweepi_robot_manager_node.py-5] [component_container_isolated-1] [INFO] [1783807039.758111991] [global_costmap.global_costmap]: StaticLayer: Resizing costmap to 243 X 269 at 0.050000 m/pix
[sweepi_robot_manager_node.py-5] [component_container_isolated-1] [INFO] [1783807039.759211351] [planner_server]: Created global planner plugin GridBased of type nav2_navfn_planner::NavfnPlanner
[sweepi_robot_manager_node.py-5] [component_container_isolated-1] [INFO] [1783807039.759275500] [planner_server]: Configuring plugin GridBased of type NavfnPlanner
[sweepi_robot_manager_node.py-5] [component_container_isolated-1] [INFO] [1783807039.765883438] [planner_server]: Planner Server has GridBased  planners available.
[sweepi_robot_manager_node.py-5] [component_container_isolated-1] [INFO] [1783807039.810957472] [lifecycle_manager_navigation]: [34m[1mConfiguring route_server[0m[0m
[sweepi_robot_manager_node.py-5] [component_container_isolated-1] [INFO] [1783807039.812419952] [route_server]: Configuring
[sweepi_robot_manager_node.py-5] [coverage_planner_node.py-3] [INFO] [1783807040.022734483] [coverage_planner_node]: Waiting for /global_costmap/costmap before generating frozen coverage path
[sweepi_robot_manager_node.py-5] [component_container_isolated-1] [INFO] [1783807040.716227954] [route_server]: Created GraphFileLoader GeoJsonGraphFileLoader of type nav2_route::GeoJsonGraphFileLoader
[sweepi_robot_manager_node.py-5] [component_container_isolated-1] [INFO] [1783807040.716288141] [route_server]: Configuring geojson graph file loader
[sweepi_robot_manager_node.py-5] [component_container_isolated-1] [INFO] [1783807040.716307030] [route_server]: No graph file provided to load yet.
[sweepi_robot_manager_node.py-5] [component_container_isolated-1] [INFO] [1783807040.725098169] [route_server]: Created edge cost function plugin DistanceScorer of type nav2_route::DistanceScorer
[sweepi_robot_manager_node.py-5] [component_container_isolated-1] [INFO] [1783807040.725167189] [route_server]: Configuring distance scorer.
[sweepi_robot_manager_node.py-5] [component_container_isolated-1] [INFO] [1783807040.727779845] [route_server]: Created edge cost function plugin CostmapScorer of type nav2_route::CostmapScorer
[sweepi_robot_manager_node.py-5] [component_container_isolated-1] [INFO] [1783807040.727846717] [route_server]: Configuring costmap scorer.
[sweepi_robot_manager_node.py-5] [component_container_isolated-1] [INFO] [1783807040.736316848] [route_server]: Created route operation AdjustSpeedLimit of type nav2_route::AdjustSpeedLimit
[sweepi_robot_manager_node.py-5] [component_container_isolated-1] [INFO] [1783807040.736385127] [route_server]: Configuring Adjust speed limit operation.
[sweepi_robot_manager_node.py-5] [component_container_isolated-1] [INFO] [1783807040.740964275] [route_server]: Created route operation ReroutingService of type nav2_route::ReroutingService
[sweepi_robot_manager_node.py-5] [component_container_isolated-1] [INFO] [1783807040.741023443] [route_server]: Configuring Rerouting service operation.
[sweepi_robot_manager_node.py-5] [component_container_isolated-1] [INFO] [1783807040.745401530] [route_server]: Created route operation CollisionMonitor of type nav2_route::CollisionMonitor
[sweepi_robot_manager_node.py-5] [component_container_isolated-1] [INFO] [1783807040.745876653] [route_server]: Using costmap topic: local_costmap/costmap_raw instead of server costmap topic: global_costmap/costmap_raw for CollisionMonitor.
[sweepi_robot_manager_node.py-5] [component_container_isolated-1] [INFO] [1783807040.758348121] [lifecycle_manager_navigation]: [34m[1mConfiguring behavior_server[0m[0m
[sweepi_robot_manager_node.py-5] [component_container_isolated-1] [INFO] [1783807040.758860022] [behavior_server]: Configuring
[sweepi_robot_manager_node.py-5] [component_container_isolated-1] [INFO] [1783807040.769324664] [behavior_server]: Creating behavior plugin spin of type nav2_behaviors::Spin
[sweepi_robot_manager_node.py-5] [component_container_isolated-1] [INFO] [1783807040.774004074] [behavior_server]: Creating behavior plugin backup of type nav2_behaviors::BackUp
[sweepi_robot_manager_node.py-5] [component_container_isolated-1] [INFO] [1783807040.778176082] [behavior_server]: Creating behavior plugin drive_on_heading of type nav2_behaviors::DriveOnHeading
[sweepi_robot_manager_node.py-5] [component_container_isolated-1] [INFO] [1783807040.782743378] [behavior_server]: Creating behavior plugin assisted_teleop of type nav2_behaviors::AssistedTeleop
[sweepi_robot_manager_node.py-5] [component_container_isolated-1] [INFO] [1783807040.786503894] [behavior_server]: Creating behavior plugin wait of type nav2_behaviors::Wait
[sweepi_robot_manager_node.py-5] [component_container_isolated-1] [INFO] [1783807040.797319248] [behavior_server]: Configuring spin
[sweepi_robot_manager_node.py-5] [component_container_isolated-1] [INFO] [1783807040.820746222] [behavior_server]: Configuring backup
[sweepi_robot_manager_node.py-5] [component_container_isolated-1] [INFO] [1783807040.837977824] [behavior_server]: Configuring drive_on_heading
[sweepi_robot_manager_node.py-5] [component_container_isolated-1] [INFO] [1783807040.855262427] [behavior_server]: Configuring assisted_teleop
[sweepi_robot_manager_node.py-5] [component_container_isolated-1] [INFO] [1783807040.879280767] [behavior_server]: Configuring wait
[ekf_node-2] [ERROR] [1783807040.886709910] [ekf_filter_node]: Failed to meet update rate! Took 0.32796387399999998857seconds. Try decreasing the rate, limiting sensor output frequency, or limiting the number of sensors.
[sweepi_robot_manager_node.py-5] [component_container_isolated-1] [INFO] [1783807040.939039342] [lifecycle_manager_navigation]: [34m[1mConfiguring velocity_smoother[0m[0m
[sweepi_robot_manager_node.py-5] [component_container_isolated-1] [INFO] [1783807040.939589744] [velocity_smoother]: Configuring velocity smoother
[sweepi_robot_manager_node.py-5] [component_container_isolated-1] [INFO] [1783807040.969695231] [lifecycle_manager_navigation]: [34m[1mConfiguring collision_monitor[0m[0m
[sweepi_robot_manager_node.py-5] [component_container_isolated-1] [INFO] [1783807040.970095852] [collision_monitor]: Configuring
[sweepi_robot_manager_node.py-5] [coverage_arm_follow_path_executor_node.py-4] [INFO] [1783807040.986631048] [coverage_follow_path_executor_node]: Static map received for dynamic obstacle reference: topic=/map frame=map size=243x269 resolution=0.050 occupied_threshold=50
[sweepi_robot_manager_node.py-5] [component_container_isolated-1] [INFO] [1783807041.033141395] [collision_monitor]: [scan]: Creating Scan
[sweepi_robot_manager_node.py-5] [component_container_isolated-1] [INFO] [1783807041.054127328] [collision_monitor]: [FootprintApproach]: Creating Polygon
[sweepi_robot_manager_node.py-5] [component_container_isolated-1] [INFO] [1783807041.056911284] [collision_monitor]: [FootprintApproach]: Polygon points are not defined. Using dynamic subscription instead.
[sweepi_robot_manager_node.py-5] [component_container_isolated-1] [INFO] [1783807041.073624873] [collision_monitor]: [FootprintApproach]: Making footprint subscriber on /local_costmap/published_footprint topic
[sweepi_robot_manager_node.py-5] [component_container_isolated-1] [INFO] [1783807041.106291367] [lifecycle_manager_navigation]: [34m[1mConfiguring bt_navigator[0m[0m
[sweepi_robot_manager_node.py-5] [component_container_isolated-1] [INFO] [1783807041.107005514] [bt_navigator]: Configuring
[sweepi_robot_manager_node.py-5] [component_container_isolated-1] [INFO] [1783807041.158937195] [bt_navigator]: Creating navigator id navigate_to_pose of type nav2_bt_navigator::NavigateToPoseNavigator
[sweepi_robot_manager_node.py-5] [component_container_isolated-1] [INFO] [1783807041.397333940] [bt_navigator]: Creating navigator id navigate_through_poses of type nav2_bt_navigator::NavigateThroughPosesNavigator
[sweepi_robot_manager_node.py-5] [component_container_isolated-1] [INFO] [1783807041.537025595] [lifecycle_manager_navigation]: [34m[1mConfiguring waypoint_follower[0m[0m
[sweepi_robot_manager_node.py-5] [component_container_isolated-1] [INFO] [1783807041.537777020] [waypoint_follower]: Configuring
[sweepi_robot_manager_node.py-5] [component_container_isolated-1] [INFO] [1783807041.624818309] [waypoint_follower]: Created waypoint_task_executor : wait_at_waypoint of type nav2_waypoint_follower::WaitAtWaypoint
[sweepi_robot_manager_node.py-5] [component_container_isolated-1] [INFO] [1783807041.629373883] [lifecycle_manager_navigation]: [34m[1mConfiguring docking_server[0m[0m
[sweepi_robot_manager_node.py-5] [component_container_isolated-1] [INFO] [1783807041.629807541] [docking_server]: Configuring docking_server
[sweepi_robot_manager_node.py-5] [component_container_isolated-1] [INFO] [1783807041.629915322] [docking_server]: Controller frequency set to 50.0000Hz
[sweepi_robot_manager_node.py-5] [component_container_isolated-1] [INFO] [1783807041.743351156] [docking_server]: Created charging dock plugin simple_charging_dock of type opennav_docking::SimpleChargingDock
[sweepi_robot_manager_node.py-5] [component_container_isolated-1] [WARN] [1783807041.777033415] [docking_server]: Dock database filepath nor dock parameters set. Docking actions can only be executed specifying the dock pose via the action request. Or update the dock database via the reload_database service.
[sweepi_robot_manager_node.py-5] [component_container_isolated-1] [INFO] [1783807041.778106404] [docking_server]: Docking Server has 1 dock types and 0 dock instances available.
[sweepi_robot_manager_node.py-5] [component_container_isolated-1] [INFO] [1783807041.788675474] [lifecycle_manager_navigation]: [34m[1mActivating controller_server[0m[0m
[sweepi_robot_manager_node.py-5] [component_container_isolated-1] [INFO] [1783807041.789335120] [controller_server]: Activating
[sweepi_robot_manager_node.py-5] [component_container_isolated-1] [INFO] [1783807041.789422955] [local_costmap.local_costmap]: Activating
[sweepi_robot_manager_node.py-5] [component_container_isolated-1] [INFO] [1783807041.789445104] [local_costmap.local_costmap]: Checking transform
[sweepi_robot_manager_node.py-5] [component_container_isolated-1] [INFO] [1783807041.789714166] [local_costmap.local_costmap]: start
[sweepi_robot_manager_node.py-5] [coverage_arm_follow_path_executor_node.py-4] [INFO] [1783807042.043366020] [coverage_follow_path_executor_node]: Local costmap received for dynamic obstacle skip: topic=/local_costmap/costmap frame=odom size=100x100 resolution=0.050 threshold=100 detection_radius=0.230m unknown_blocked=true
[sweepi_robot_manager_node.py-5] [component_container_isolated-1] [INFO] [1783807042.046529097] [controller_server]: Activating controller: FollowPath of type regulated_pure_pursuit_controller::RegulatedPurePursuitController
[sweepi_robot_manager_node.py-5] [component_container_isolated-1] [INFO] [1783807042.046969607] [controller_server]: Creating bond (controller_server) to lifecycle manager.
[sweepi_robot_manager_node.py-5] [component_container_isolated-1] [INFO] [1783807042.160449554] [lifecycle_manager_navigation]: Server controller_server connected with bond.
[sweepi_robot_manager_node.py-5] [component_container_isolated-1] [INFO] [1783807042.160540593] [lifecycle_manager_navigation]: [34m[1mActivating smoother_server[0m[0m
[sweepi_robot_manager_node.py-5] [component_container_isolated-1] [INFO] [1783807042.161790975] [smoother_server]: Activating
[sweepi_robot_manager_node.py-5] [component_container_isolated-1] [INFO] [1783807042.161877051] [smoother_server]: Creating bond (smoother_server) to lifecycle manager.
[sweepi_robot_manager_node.py-5] [component_container_isolated-1] [INFO] [1783807042.278777673] [lifecycle_manager_navigation]: Server smoother_server connected with bond.
[sweepi_robot_manager_node.py-5] [component_container_isolated-1] [INFO] [1783807042.278849693] [lifecycle_manager_navigation]: [34m[1mActivating planner_server[0m[0m
[sweepi_robot_manager_node.py-5] [component_container_isolated-1] [INFO] [1783807042.279392873] [planner_server]: Activating
[sweepi_robot_manager_node.py-5] [component_container_isolated-1] [INFO] [1783807042.279496209] [global_costmap.global_costmap]: Activating
[sweepi_robot_manager_node.py-5] [component_container_isolated-1] [INFO] [1783807042.279524710] [global_costmap.global_costmap]: Checking transform
[sweepi_robot_manager_node.py-5] [component_container_isolated-1] [INFO] [1783807042.279784901] [global_costmap.global_costmap]: start
[sweepi_robot_manager_node.py-5] [coverage_arm_follow_path_executor_node.py-4] [INFO] [1783807042.538492043] [coverage_follow_path_executor_node]: Global costmap received for FollowPath validation: topic=/global_costmap/costmap frame=map size=243x269 resolution=0.050 max_allowed_nav_cost=85 unknown_blocked=true
[sweepi_robot_manager_node.py-5] [coverage_planner_node.py-3] [INFO] [1783807042.538488080] [coverage_planner_node]: Global costmap received for coverage planning: topic=/global_costmap/costmap frame=map size=243x269 resolution=0.050 max_allowed_nav_cost=85 unknown_blocked=true
[sweepi_robot_manager_node.py-5] [component_container_isolated-1] [INFO] [1783807042.582940321] [planner_server]: Activating plugin GridBased of type NavfnPlanner
[sweepi_robot_manager_node.py-5] [component_container_isolated-1] [INFO] [1783807042.591418693] [planner_server]: Creating bond (planner_server) to lifecycle manager.
[sweepi_robot_manager_node.py-5] [component_container_isolated-1] [INFO] [1783807042.708183682] [lifecycle_manager_navigation]: Server planner_server connected with bond.
[sweepi_robot_manager_node.py-5] [component_container_isolated-1] [INFO] [1783807042.708253906] [lifecycle_manager_navigation]: [34m[1mActivating route_server[0m[0m
[sweepi_robot_manager_node.py-5] [component_container_isolated-1] [INFO] [1783807042.708996942] [route_server]: Activating
[sweepi_robot_manager_node.py-5] [component_container_isolated-1] [INFO] [1783807042.709491009] [route_server]: Creating bond (route_server) to lifecycle manager.
[sweepi_robot_manager_node.py-5] [component_container_isolated-1] [INFO] [1783807042.830224705] [lifecycle_manager_navigation]: Server route_server connected with bond.
[sweepi_robot_manager_node.py-5] [component_container_isolated-1] [INFO] [1783807042.830298337] [lifecycle_manager_navigation]: [34m[1mActivating behavior_server[0m[0m
[sweepi_robot_manager_node.py-5] [component_container_isolated-1] [INFO] [1783807042.831097893] [behavior_server]: Activating
[sweepi_robot_manager_node.py-5] [component_container_isolated-1] [INFO] [1783807042.831146043] [behavior_server]: Activating spin
[sweepi_robot_manager_node.py-5] [component_container_isolated-1] [INFO] [1783807042.831192210] [behavior_server]: Activating backup
[sweepi_robot_manager_node.py-5] [component_container_isolated-1] [INFO] [1783807042.831216044] [behavior_server]: Activating drive_on_heading
[sweepi_robot_manager_node.py-5] [component_container_isolated-1] [INFO] [1783807042.831238860] [behavior_server]: Activating assisted_teleop
[sweepi_robot_manager_node.py-5] [component_container_isolated-1] [INFO] [1783807042.831261582] [behavior_server]: Activating wait
[sweepi_robot_manager_node.py-5] [component_container_isolated-1] [INFO] [1783807042.831291879] [behavior_server]: Creating bond (behavior_server) to lifecycle manager.
[sweepi_robot_manager_node.py-5] [component_container_isolated-1] [INFO] [1783807042.946165156] [lifecycle_manager_navigation]: Server behavior_server connected with bond.
[sweepi_robot_manager_node.py-5] [component_container_isolated-1] [INFO] [1783807042.946229787] [lifecycle_manager_navigation]: [34m[1mActivating velocity_smoother[0m[0m
[sweepi_robot_manager_node.py-5] [component_container_isolated-1] [INFO] [1783807042.946864969] [velocity_smoother]: Activating
[sweepi_robot_manager_node.py-5] [component_container_isolated-1] [INFO] [1783807042.946972361] [velocity_smoother]: Creating bond (velocity_smoother) to lifecycle manager.
[sweepi_robot_manager_node.py-5] [component_container_isolated-1] [INFO] [1783807043.060889077] [lifecycle_manager_navigation]: Server velocity_smoother connected with bond.
[sweepi_robot_manager_node.py-5] [component_container_isolated-1] [INFO] [1783807043.060950708] [lifecycle_manager_navigation]: [34m[1mActivating collision_monitor[0m[0m
[sweepi_robot_manager_node.py-5] [component_container_isolated-1] [INFO] [1783807043.061499332] [collision_monitor]: Activating
[sweepi_robot_manager_node.py-5] [component_container_isolated-1] [INFO] [1783807043.061623669] [collision_monitor]: Creating bond (collision_monitor) to lifecycle manager.
[sweepi_robot_manager_node.py-5] [component_container_isolated-1] [INFO] [1783807043.173028842] [lifecycle_manager_navigation]: Server collision_monitor connected with bond.
[sweepi_robot_manager_node.py-5] [component_container_isolated-1] [INFO] [1783807043.173084158] [lifecycle_manager_navigation]: [34m[1mActivating bt_navigator[0m[0m
[sweepi_robot_manager_node.py-5] [component_container_isolated-1] [INFO] [1783807043.175698370] [bt_navigator]: Activating
[sweepi_robot_manager_node.py-5] [component_container_isolated-1] [INFO] [1783807043.676357450] [bt_navigator]: Creating bond (bt_navigator) to lifecycle manager.
[sweepi_robot_manager_node.py-5] [component_container_isolated-1] [INFO] [1783807043.804090111] [lifecycle_manager_navigation]: Server bt_navigator connected with bond.
[sweepi_robot_manager_node.py-5] [component_container_isolated-1] [INFO] [1783807043.804157483] [lifecycle_manager_navigation]: [34m[1mActivating waypoint_follower[0m[0m
[sweepi_robot_manager_node.py-5] [component_container_isolated-1] [INFO] [1783807043.805736669] [waypoint_follower]: Activating
[sweepi_robot_manager_node.py-5] [component_container_isolated-1] [INFO] [1783807043.805823301] [waypoint_follower]: Creating bond (waypoint_follower) to lifecycle manager.
[sweepi_robot_manager_node.py-5] [component_container_isolated-1] [INFO] [1783807043.923631778] [lifecycle_manager_navigation]: Server waypoint_follower connected with bond.
[sweepi_robot_manager_node.py-5] [component_container_isolated-1] [INFO] [1783807043.923708983] [lifecycle_manager_navigation]: [34m[1mActivating docking_server[0m[0m
[sweepi_robot_manager_node.py-5] [component_container_isolated-1] [INFO] [1783807043.925055016] [docking_server]: Activating docking_server
[sweepi_robot_manager_node.py-5] [component_container_isolated-1] [INFO] [1783807043.994031071] [docking_server]: Creating bond (docking_server) to lifecycle manager.
[sweepi_robot_manager_node.py-5] [coverage_planner_node.py-3] [INFO] [1783807044.110437958] [coverage_planner_node]: Nav costmap filtered 13 coverage planning cells (blocked_by_cost=13, unknown=0, unknown_blocked=true, max_allowed_nav_cost=85)
[sweepi_robot_manager_node.py-5] [component_container_isolated-1] [INFO] [1783807044.118400039] [lifecycle_manager_navigation]: Server docking_server connected with bond.
[sweepi_robot_manager_node.py-5] [component_container_isolated-1] [INFO] [1783807044.118463004] [lifecycle_manager_navigation]: [34m[1mManaged nodes are active[0m[0m
[sweepi_robot_manager_node.py-5] [component_container_isolated-1] [INFO] [1783807044.118478819] [lifecycle_manager_navigation]: [34m[1mCreating bond timer...[0m[0m
[api_bridge_node-6] [INFO] [1783807044.617863163] [sweepi_api_bridge]: HTTP "POST /api/localization/initial-pose HTTP/1.1" 200 -
[api_bridge_node-6] [INFO] [1783807044.635437995] [sweepi_api_bridge]: HTTP "GET /api/localization/status HTTP/1.1" 200 -
[api_bridge_node-6] [INFO] [1783807044.667007850] [sweepi_api_bridge]: HTTP "GET /api/cleaning/status HTTP/1.1" 200 -
[sweepi_robot_manager_node.py-5] [coverage_planner_node.py-3] [INFO] [1783807045.568828508] [coverage_planner_node]: Reachability filter removed 2440 uncovered cells that are not safely connected to the robot start
[sweepi_robot_manager_node.py-5] [coverage_planner_node.py-3] [WARN] [1783807045.614040952] [coverage_planner_node]: segment straight connector from (98, 166) to (98, 156) is blocked at cell (98, 164); trying grid connector
[sweepi_robot_manager_node.py-5] [coverage_planner_node.py-3] [INFO] [1783807045.667782509] [coverage_planner_node]: Coverage path continuity report: segments_before_ordering=55 segments_after_ordering=55 connector_count=3 connector_pose_count=178 total_poses=1896 path_length_m=103.80 max_consecutive_jump_m=0.492 max_jump_index=1699 first_pose=x=-0.279 y=-0.600 yaw=-1.57 last_pose=x=3.921 y=-0.650 yaw=-1.57 follow_path_ready=true robot_start_used=true nav_costmap_used=true nav_blocked_cells=13 nav_filtered_cells=13 reachability_used=true reachable_cells=6790 unreachable_filtered_cells=2440
[sweepi_robot_manager_node.py-5] [coverage_planner_node.py-3] [INFO] [1783807045.669476754] [coverage_planner_node]: Coverage replan: percentage=0.3%, uncovered=16105, segments=55, poses=1896, path_length=103.80m, unreachable_filtered=2440
[sweepi_robot_manager_node.py-5] [coverage_planner_node.py-3] [INFO] [1783807045.670116232] [coverage_planner_node]: Coverage path frozen after first valid plan: poses=1896 path_length=103.80m
[sweepi_robot_manager_node.py-5] [coverage_arm_follow_path_executor_node.py-4] [WARN] [1783807045.803629828] [coverage_follow_path_executor_node]: Coverage path has 3 inflated costmap samples (ratio=0.0007, max_cost=97); tolerating because it is under configured limits.
[sweepi_robot_manager_node.py-5] [coverage_arm_follow_path_executor_node.py-4] [INFO] [1783807046.072339504] [coverage_follow_path_executor_node]: Coverage FollowPath status: IDLE
[sweepi_robot_manager_node.py-5] [coverage_arm_follow_path_executor_node.py-4] [INFO] [1783807046.075643362] [coverage_follow_path_executor_node]: Coverage path frozen: frame_id=map poses=1896 path_length=103.80m first=(x=-0.279 y=-0.600 yaw=-1.57) last=(x=3.921 y=-0.650 yaw=-1.57)
[sweepi_robot_manager_node.py-5] [coverage_arm_follow_path_executor_node.py-4] [INFO] [1783807046.076471734] [coverage_follow_path_executor_node]: Path is frozen from the first executable /coverage_path. Later updates will not replace the active coverage path without reset.
[sweepi_robot_manager_node.py-5] [coverage_arm_follow_path_executor_node.py-4] [INFO] [1783807046.143800601] [coverage_follow_path_executor_node]: Ignoring /coverage_path update because the first valid coverage path is already cached. Call /reset_coverage_follow_path to accept a new path.
[sweepi_robot_manager_node.py-5] [coverage_arm_follow_path_executor_node.py-4] [INFO] [1783807052.098607584] [coverage_follow_path_executor_node]: Ignoring /coverage_path update because the first valid coverage path is already cached. Call /reset_coverage_follow_path to accept a new path.
[sweepi_robot_manager_node.py-5] [coverage_arm_follow_path_executor_node.py-4] [INFO] [1783807057.104392819] [coverage_follow_path_executor_node]: Ignoring /coverage_path update because the first valid coverage path is already cached. Call /reset_coverage_follow_path to accept a new path.
[sweepi_robot_manager_node.py-5] [coverage_arm_follow_path_executor_node.py-4] [INFO] [1783807063.164099374] [coverage_follow_path_executor_node]: Ignoring /coverage_path update because the first valid coverage path is already cached. Call /reset_coverage_follow_path to accept a new path.
[sweepi_robot_manager_node.py-5] [coverage_arm_follow_path_executor_node.py-4] [INFO] [1783807069.103227381] [coverage_follow_path_executor_node]: Ignoring /coverage_path update because the first valid coverage path is already cached. Call /reset_coverage_follow_path to accept a new path.
[sweepi_robot_manager_node.py-5] [coverage_arm_follow_path_executor_node.py-4] [INFO] [1783807074.105226592] [coverage_follow_path_executor_node]: Ignoring /coverage_path update because the first valid coverage path is already cached. Call /reset_coverage_follow_path to accept a new path.
[sweepi_robot_manager_node.py-5] [component_container_isolated-1] [INFO] [1783807074.126894243] [amcl]: initialPoseReceived
[sweepi_robot_manager_node.py-5] [component_container_isolated-1] [WARN] [1783807074.129000034] [amcl]: Failed to transform initial pose in time (Lookup would require extrapolation into the future.  Requested time 1783807074.126981 but the latest data is at time 1783807074.094683, when looking up transform from frame [base_footprint] to frame [odom])
[sweepi_robot_manager_node.py-5] [component_container_isolated-1] [INFO] [1783807074.129054498] [amcl]: Setting pose (1783807074.129053): -0.290 -0.582 -0.029
[api_bridge_node-6] [INFO] [1783807074.329423649] [sweepi_api_bridge]: HTTP "POST /api/localization/initial-pose HTTP/1.1" 200 -
[sweepi_robot_manager_node.py-5] [coverage_arm_follow_path_executor_node.py-4] [INFO] [1783807079.106980646] [coverage_follow_path_executor_node]: Ignoring /coverage_path update because the first valid coverage path is already cached. Call /reset_coverage_follow_path to accept a new path.
[api_bridge_node-6] [INFO] [1783807079.351927049] [sweepi_api_bridge]: HTTP "GET /api/localization/status HTTP/1.1" 200 -
[api_bridge_node-6] [INFO] [1783807079.375695545] [sweepi_api_bridge]: HTTP "GET /api/cleaning/status HTTP/1.1" 200 -
[api_bridge_node-6] [INFO] [1783807079.408804859] [sweepi_api_bridge]: HTTP "GET /api/cleaning/path HTTP/1.1" 200 -
[sweepi_robot_manager_node.py-5] [coverage_arm_follow_path_executor_node.py-4] [INFO] [1783807085.152772239] [coverage_follow_path_executor_node]: Ignoring /coverage_path update because the first valid coverage path is already cached. Call /reset_coverage_follow_path to accept a new path.
[sweepi_robot_manager_node.py-5] [coverage_arm_follow_path_executor_node.py-4] [INFO] [1783807091.098442464] [coverage_follow_path_executor_node]: Ignoring /coverage_path update because the first valid coverage path is already cached. Call /reset_coverage_follow_path to accept a new path.
[sweepi_robot_manager_node.py-5] [coverage_arm_follow_path_executor_node.py-4] [INFO] [1783807097.100509173] [coverage_follow_path_executor_node]: Ignoring /coverage_path update because the first valid coverage path is already cached. Call /reset_coverage_follow_path to accept a new path.
[sweepi_robot_manager_node.py-5] [coverage_arm_follow_path_executor_node.py-4] [INFO] [1783807102.142102671] [coverage_follow_path_executor_node]: Ignoring /coverage_path update because the first valid coverage path is already cached. Call /reset_coverage_follow_path to accept a new path.
[sweepi_robot_manager_node.py-5] [coverage_arm_follow_path_executor_node.py-4] [INFO] [1783807107.236688312] [coverage_follow_path_executor_node]: Ignoring /coverage_path update because the first valid coverage path is already cached. Call /reset_coverage_follow_path to accept a new path.
[sweepi_robot_manager_node.py-5] [coverage_arm_follow_path_executor_node.py-4] [INFO] [1783807113.103662682] [coverage_follow_path_executor_node]: Ignoring /coverage_path update because the first valid coverage path is already cached. Call /reset_coverage_follow_path to accept a new path.
[sweepi_robot_manager_node.py-5] [coverage_arm_follow_path_executor_node.py-4] [INFO] [1783807118.123550446] [coverage_follow_path_executor_node]: Ignoring /coverage_path update because the first valid coverage path is already cached. Call /reset_coverage_follow_path to accept a new path.
[sweepi_robot_manager_node.py-5] [coverage_arm_follow_path_executor_node.py-4] [INFO] [1783807123.144251796] [coverage_follow_path_executor_node]: Ignoring /coverage_path update because the first valid coverage path is already cached. Call /reset_coverage_follow_path to accept a new path.
[sweepi_robot_manager_node.py-5] [coverage_arm_follow_path_executor_node.py-4] [INFO] [1783807128.147552726] [coverage_follow_path_executor_node]: Ignoring /coverage_path update because the first valid coverage path is already cached. Call /reset_coverage_follow_path to accept a new path.
[sweepi_robot_manager_node.py-5] [coverage_arm_follow_path_executor_node.py-4] [INFO] [1783807133.183715880] [coverage_follow_path_executor_node]: Ignoring /coverage_path update because the first valid coverage path is already cached. Call /reset_coverage_follow_path to accept a new path.
[sweepi_robot_manager_node.py-5] [coverage_arm_follow_path_executor_node.py-4] [INFO] [1783807139.129702224] [coverage_follow_path_executor_node]: Ignoring /coverage_path update because the first valid coverage path is already cached. Call /reset_coverage_follow_path to accept a new path.
[sweepi_robot_manager_node.py-5] [coverage_arm_follow_path_executor_node.py-4] [INFO] [1783807144.213793742] [coverage_follow_path_executor_node]: Ignoring /coverage_path update because the first valid coverage path is already cached. Call /reset_coverage_follow_path to accept a new path.
[sweepi_robot_manager_node.py-5] [coverage_arm_follow_path_executor_node.py-4] [INFO] [1783807150.105143168] [coverage_follow_path_executor_node]: Ignoring /coverage_path update because the first valid coverage path is already cached. Call /reset_coverage_follow_path to accept a new path.
[sweepi_robot_manager_node.py-5] [coverage_arm_follow_path_executor_node.py-4] [INFO] [1783807156.098218487] [coverage_follow_path_executor_node]: Ignoring /coverage_path update because the first valid coverage path is already cached. Call /reset_coverage_follow_path to accept a new path.
[sweepi_robot_manager_node.py-5] [coverage_arm_follow_path_executor_node.py-4] [INFO] [1783807162.099013464] [coverage_follow_path_executor_node]: Ignoring /coverage_path update because the first valid coverage path is already cached. Call /reset_coverage_follow_path to accept a new path.
[sweepi_robot_manager_node.py-5] [coverage_arm_follow_path_executor_node.py-4] [INFO] [1783807167.102953325] [coverage_follow_path_executor_node]: Ignoring /coverage_path update because the first valid coverage path is already cached. Call /reset_coverage_follow_path to accept a new path.
[sweepi_robot_manager_node.py-5] [coverage_arm_follow_path_executor_node.py-4] [INFO] [1783807172.104451412] [coverage_follow_path_executor_node]: Ignoring /coverage_path update because the first valid coverage path is already cached. Call /reset_coverage_follow_path to accept a new path.
[sweepi_robot_manager_node.py-5] [coverage_arm_follow_path_executor_node.py-4] [INFO] [1783807178.105285857] [coverage_follow_path_executor_node]: Ignoring /coverage_path update because the first valid coverage path is already cached. Call /reset_coverage_follow_path to accept a new path.
[sweepi_robot_manager_node.py-5] [coverage_arm_follow_path_executor_node.py-4] [INFO] [1783807184.101459007] [coverage_follow_path_executor_node]: Ignoring /coverage_path update because the first valid coverage path is already cached. Call /reset_coverage_follow_path to accept a new path.
[sweepi_robot_manager_node.py-5] [coverage_arm_follow_path_executor_node.py-4] [INFO] [1783807189.102102746] [coverage_follow_path_executor_node]: Ignoring /coverage_path update because the first valid coverage path is already cached. Call /reset_coverage_follow_path to accept a new path.
[sweepi_robot_manager_node.py-5] [coverage_arm_follow_path_executor_node.py-4] [INFO] [1783807194.117715224] [coverage_follow_path_executor_node]: Ignoring /coverage_path update because the first valid coverage path is already cached. Call /reset_coverage_follow_path to accept a new path.
[sweepi_robot_manager_node.py-5] [coverage_arm_follow_path_executor_node.py-4] [INFO] [1783807200.099898623] [coverage_follow_path_executor_node]: Ignoring /coverage_path update because the first valid coverage path is already cached. Call /reset_coverage_follow_path to accept a new path.
[sweepi_robot_manager_node.py-5] [coverage_arm_follow_path_executor_node.py-4] [INFO] [1783807205.103277681] [coverage_follow_path_executor_node]: Ignoring /coverage_path update because the first valid coverage path is already cached. Call /reset_coverage_follow_path to accept a new path.
[sweepi_robot_manager_node.py-5] [coverage_arm_follow_path_executor_node.py-4] [INFO] [1783807210.159193478] [coverage_follow_path_executor_node]: Ignoring /coverage_path update because the first valid coverage path is already cached. Call /reset_coverage_follow_path to accept a new path.
[sweepi_robot_manager_node.py-5] [coverage_arm_follow_path_executor_node.py-4] [INFO] [1783807216.101601625] [coverage_follow_path_executor_node]: Ignoring /coverage_path update because the first valid coverage path is already cached. Call /reset_coverage_follow_path to accept a new path.
[sweepi_robot_manager_node.py-5] [coverage_arm_follow_path_executor_node.py-4] [INFO] [1783807221.106499817] [coverage_follow_path_executor_node]: Ignoring /coverage_path update because the first valid coverage path is already cached. Call /reset_coverage_follow_path to accept a new path.
[sweepi_robot_manager_node.py-5] [coverage_arm_follow_path_executor_node.py-4] [INFO] [1783807227.119035125] [coverage_follow_path_executor_node]: Ignoring /coverage_path update because the first valid coverage path is already cached. Call /reset_coverage_follow_path to accept a new path.
[sweepi_robot_manager_node.py-5] [coverage_arm_follow_path_executor_node.py-4] [WARN] [1783807227.254289058] [coverage_follow_path_executor_node]: Coverage path has 3 inflated costmap samples (ratio=0.0007, max_cost=97); tolerating because it is under configured limits.
[sweepi_robot_manager_node.py-5] [coverage_arm_follow_path_executor_node.py-4] [INFO] [1783807227.268438799] [coverage_follow_path_executor_node]: Coverage FollowPath validation passed
[api_bridge_node-6] [INFO] [1783807227.280453453] [sweepi_api_bridge]: HTTP "POST /api/cleaning/validate HTTP/1.1" 200 -
[api_bridge_node-6] [INFO] [1783807227.315798602] [sweepi_api_bridge]: HTTP "GET /api/cleaning/status HTTP/1.1" 200 -
[sweepi_robot_manager_node.py-5] [coverage_arm_follow_path_executor_node.py-4] [INFO] [1783807233.099644197] [coverage_follow_path_executor_node]: Ignoring /coverage_path update because the first valid coverage path is already cached. Call /reset_coverage_follow_path to accept a new path.
[sweepi_robot_manager_node.py-5] [coverage_arm_follow_path_executor_node.py-4] [INFO] [1783807238.149910223] [coverage_follow_path_executor_node]: Ignoring /coverage_path update because the first valid coverage path is already cached. Call /reset_coverage_follow_path to accept a new path.
[api_bridge_node-6] [INFO] [1783807240.329929934] [sweepi_api_bridge]: HTTP "POST /api/cleaning/start-motion HTTP/1.1" 200 -
[sweepi_robot_manager_node.py-5] [coverage_arm_follow_path_executor_node.py-4] [INFO] [1783807244.107187000] [coverage_follow_path_executor_node]: Ignoring /coverage_path update because the first valid coverage path is already cached. Call /reset_coverage_follow_path to accept a new path.
[sweepi_robot_manager_node.py-5] [coverage_arm_follow_path_executor_node.py-4] [INFO] [1783807250.105151943] [coverage_follow_path_executor_node]: Ignoring /coverage_path update because the first valid coverage path is already cached. Call /reset_coverage_follow_path to accept a new path.
[sweepi_robot_manager_node.py-5] [coverage_arm_follow_path_executor_node.py-4] [INFO] [1783807256.101535909] [coverage_follow_path_executor_node]: Ignoring /coverage_path update because the first valid coverage path is already cached. Call /reset_coverage_follow_path to accept a new path.
[sweepi_robot_manager_node.py-5] [coverage_arm_follow_path_executor_node.py-4] [INFO] [1783807261.161291618] [coverage_follow_path_executor_node]: Ignoring /coverage_path update because the first valid coverage path is already cached. Call /reset_coverage_follow_path to accept a new path.
[sweepi_robot_manager_node.py-5] [coverage_arm_follow_path_executor_node.py-4] [INFO] [1783807267.099277865] [coverage_follow_path_executor_node]: Ignoring /coverage_path update because the first valid coverage path is already cached. Call /reset_coverage_follow_path to accept a new path.
[sweepi_robot_manager_node.py-5] [coverage_arm_follow_path_executor_node.py-4] [INFO] [1783807272.106644635] [coverage_follow_path_executor_node]: Ignoring /coverage_path update because the first valid coverage path is already cached. Call /reset_coverage_follow_path to accept a new path.
[api_bridge_node-6] [INFO] [1783807274.637375680] [sweepi_api_bridge]: HTTP "GET /api/cleaning/status HTTP/1.1" 200 -
[sweepi_robot_manager_node.py-5] [coverage_arm_follow_path_executor_node.py-4] [INFO] [1783807277.146851331] [coverage_follow_path_executor_node]: Ignoring /coverage_path update because the first valid coverage path is already cached. Call /reset_coverage_follow_path to accept a new path.
[sweepi_robot_manager_node.py-5] [coverage_arm_follow_path_executor_node.py-4] [INFO] [1783807283.155634105] [coverage_follow_path_executor_node]: Ignoring /coverage_path update because the first valid coverage path is already cached. Call /reset_coverage_follow_path to accept a new path.
[sweepi_robot_manager_node.py-5] [coverage_arm_follow_path_executor_node.py-4] [INFO] [1783807289.104351646] [coverage_follow_path_executor_node]: Ignoring /coverage_path update because the first valid coverage path is already cached. Call /reset_coverage_follow_path to accept a new path.
[sweepi_robot_manager_node.py-5] [coverage_arm_follow_path_executor_node.py-4] [INFO] [1783807295.102029395] [coverage_follow_path_executor_node]: Ignoring /coverage_path update because the first valid coverage path is already cached. Call /reset_coverage_follow_path to accept a new path.
[sweepi_robot_manager_node.py-5] [coverage_arm_follow_path_executor_node.py-4] [INFO] [1783807300.104073573] [coverage_follow_path_executor_node]: Ignoring /coverage_path update because the first valid coverage path is already cached. Call /reset_coverage_follow_path to accept a new path.
[sweepi_robot_manager_node.py-5] [coverage_arm_follow_path_executor_node.py-4] [INFO] [1783807305.152068749] [coverage_follow_path_executor_node]: Ignoring /coverage_path update because the first valid coverage path is already cached. Call /reset_coverage_follow_path to accept a new path.
[sweepi_robot_manager_node.py-5] [coverage_arm_follow_path_executor_node.py-4] [INFO] [1783807311.108026507] [coverage_follow_path_executor_node]: Ignoring /coverage_path update because the first valid coverage path is already cached. Call /reset_coverage_follow_path to accept a new path.
[sweepi_robot_manager_node.py-5] [coverage_arm_follow_path_executor_node.py-4] [INFO] [1783807317.099647865] [coverage_follow_path_executor_node]: Ignoring /coverage_path update because the first valid coverage path is already cached. Call /reset_coverage_follow_path to accept a new path.
[sweepi_robot_manager_node.py-5] [coverage_arm_follow_path_executor_node.py-4] [INFO] [1783807322.145526972] [coverage_follow_path_executor_node]: Ignoring /coverage_path update because the first valid coverage path is already cached. Call /reset_coverage_follow_path to accept a new path.
[sweepi_robot_manager_node.py-5] [coverage_arm_follow_path_executor_node.py-4] [INFO] [1783807327.156492069] [coverage_follow_path_executor_node]: Ignoring /coverage_path update because the first valid coverage path is already cached. Call /reset_coverage_follow_path to accept a new path.
[sweepi_robot_manager_node.py-5] [coverage_arm_follow_path_executor_node.py-4] [INFO] [1783807333.098662674] [coverage_follow_path_executor_node]: Ignoring /coverage_path update because the first valid coverage path is already cached. Call /reset_coverage_follow_path to accept a new path.
[sweepi_robot_manager_node.py-5] [coverage_arm_follow_path_executor_node.py-4] [INFO] [1783807338.104832942] [coverage_follow_path_executor_node]: Ignoring /coverage_path update because the first valid coverage path is already cached. Call /reset_coverage_follow_path to accept a new path.
[sweepi_robot_manager_node.py-5] [coverage_arm_follow_path_executor_node.py-4] [INFO] [1783807344.105122786] [coverage_follow_path_executor_node]: Ignoring /coverage_path update because the first valid coverage path is already cached. Call /reset_coverage_follow_path to accept a new path.
[sweepi_robot_manager_node.py-5] [coverage_arm_follow_path_executor_node.py-4] [INFO] [1783807349.153576009] [coverage_follow_path_executor_node]: Ignoring /coverage_path update because the first valid coverage path is already cached. Call /reset_coverage_follow_path to accept a new path.
[sweepi_robot_manager_node.py-5] [coverage_arm_follow_path_executor_node.py-4] [INFO] [1783807355.098644880] [coverage_follow_path_executor_node]: Ignoring /coverage_path update because the first valid coverage path is already cached. Call /reset_coverage_follow_path to accept a new path.
[sweepi_robot_manager_node.py-5] [coverage_arm_follow_path_executor_node.py-4] [INFO] [1783807360.104324659] [coverage_follow_path_executor_node]: Ignoring /coverage_path update because the first valid coverage path is already cached. Call /reset_coverage_follow_path to accept a new path.
[sweepi_robot_manager_node.py-5] [coverage_arm_follow_path_executor_node.py-4] [INFO] [1783807365.128707190] [coverage_follow_path_executor_node]: Ignoring /coverage_path update because the first valid coverage path is already cached. Call /reset_coverage_follow_path to accept a new path.
[sweepi_robot_manager_node.py-5] [coverage_arm_follow_path_executor_node.py-4] [INFO] [1783807371.248648768] [coverage_follow_path_executor_node]: Ignoring /coverage_path update because the first valid coverage path is already cached. Call /reset_coverage_follow_path to accept a new path.
[sweepi_robot_manager_node.py-5] [coverage_arm_follow_path_executor_node.py-4] [INFO] [1783807371.777205100] [coverage_follow_path_executor_node]: Coverage FollowPath status: STOPPED
[sweepi_robot_manager_node.py-5] [INFO] [1783807371.784929821] [sweepi_robot_manager]: /stop_coverage_follow_path result: Coverage stopped; No active SmoothPath or FollowPath goal to cancel
[sweepi_robot_manager_node.py-5] [INFO] [1783807372.923695321] [sweepi_robot_manager]: Closing coverage launch and returning idle.
[sweepi_robot_manager_node.py-5] [INFO] [1783807372.924458964] [sweepi_robot_manager]: Stopping active coverage launch
[sweepi_robot_manager_node.py-5] [WARNING] [launch]: user interrupted with ctrl-c (SIGINT)
[sweepi_robot_manager_node.py-5] [component_container_isolated-1] [INFO] [1783807372.924640092] [rclcpp]: signal_handler(SIGINT/SIGTERM)
[sweepi_robot_manager_node.py-5] [component_container_isolated-1] [INFO] [1783807372.924772573] [controller_server]: Running Nav2 LifecycleNode rcl preshutdown (controller_server)
[sweepi_robot_manager_node.py-5] [component_container_isolated-1] [INFO] [1783807372.924962386] [controller_server]: Deactivating
[sweepi_robot_manager_node.py-5] [component_container_isolated-1] [INFO] [1783807372.924998312] [controller_server]: Deactivating controller: FollowPath of type regulated_pure_pursuit_controller::RegulatedPurePursuitController
[sweepi_robot_manager_node.py-5] [component_container_isolated-1] [INFO] [1783807372.925140070] [local_costmap.local_costmap]: Deactivating
[sweepi_robot_manager_node.py-5] [INFO] [coverage_manager_node.py-5]: sending signal 'SIGINT' to process[coverage_manager_node.py-5]
[sweepi_robot_manager_node.py-5] [INFO] [coverage_arm_follow_path_executor_node.py-4]: sending signal 'SIGINT' to process[coverage_arm_follow_path_executor_node.py-4]
[sweepi_robot_manager_node.py-5] [INFO] [coverage_planner_node.py-3]: sending signal 'SIGINT' to process[coverage_planner_node.py-3]
[sweepi_robot_manager_node.py-5] [INFO] [coverage_tracker_node.py-2]: sending signal 'SIGINT' to process[coverage_tracker_node.py-2]
[sweepi_robot_manager_node.py-5] [INFO] [component_container_isolated-1]: sending signal 'SIGINT' to process[component_container_isolated-1]
[sweepi_robot_manager_node.py-5] [component_container_isolated-1] [INFO] [1783807373.040746894] [controller_server]: Destroying bond (controller_server) to lifecycle manager.
[sweepi_robot_manager_node.py-5] [component_container_isolated-1] [INFO] [1783807373.061718019] [controller_server]: Cleaning up
[sweepi_robot_manager_node.py-5] [component_container_isolated-1] [INFO] [1783807373.061796093] [controller_server]: Cleaning up controller: FollowPath of type regulated_pure_pursuit_controller::RegulatedPurePursuitController
[sweepi_robot_manager_node.py-5] [component_container_isolated-1] [INFO] [1783807373.061984055] [local_costmap.local_costmap]: Cleaning up
[sweepi_robot_manager_node.py-5] [component_container_isolated-1] [INFO] [1783807373.118850179] [lifecycle_manager_navigation]: [34m[1mHave not received a heartbeat from controller_server.[0m[0m
[sweepi_robot_manager_node.py-5] [component_container_isolated-1] [ERROR] [1783807373.118964974] [lifecycle_manager_navigation]: CRITICAL FAILURE: SERVER controller_server IS DOWN after not receiving a heartbeat for 4000 ms. Shutting down related nodes.
[sweepi_robot_manager_node.py-5] [component_container_isolated-1] [INFO] [1783807373.119136121] [lifecycle_manager_navigation]: [34m[1mTerminating bond timer...[0m[0m
[sweepi_robot_manager_node.py-5] [component_container_isolated-1] [INFO] [1783807373.119173491] [lifecycle_manager_navigation]: [34m[1mResetting managed nodes...[0m[0m
[sweepi_robot_manager_node.py-5] [component_container_isolated-1] [INFO] [1783807373.119195658] [lifecycle_manager_navigation]: [34m[1mDeactivating docking_server[0m[0m
[sweepi_robot_manager_node.py-5] [component_container_isolated-1] [INFO] [1783807373.122714595] [docking_server]: Deactivating docking_server
[sweepi_robot_manager_node.py-5] [ERROR] [coverage_arm_follow_path_executor_node.py-4]: process has died [pid 9968, exit code -2, cmd '/home/sweepi/SweePi/install/sweepi_coverage/lib/sweepi_coverage/coverage_arm_follow_path_executor_node.py --ros-args -r __node:=coverage_follow_path_executor_node --params-file /home/sweepi/SweePi/install/sweepi_coverage/share/sweepi_coverage/config/coverage_follow_path_params.yaml --params-file /tmp/launch_params_9cxrugsc --params-file /tmp/launch_params_8q7c5xys'].
[sweepi_robot_manager_node.py-5] [ERROR] [coverage_manager_node.py-5]: process has died [pid 9969, exit code -2, cmd '/home/sweepi/SweePi/install/sweepi_coverage/lib/sweepi_coverage/coverage_manager_node.py --ros-args -r __node:=coverage_manager_node --params-file /home/sweepi/SweePi/install/sweepi_coverage/share/sweepi_coverage/config/coverage_follow_path_params.yaml --params-file /tmp/launch_params_lfexh8j8'].
[sweepi_robot_manager_node.py-5] [ERROR] [coverage_planner_node.py-3]: process has died [pid 9967, exit code -2, cmd '/home/sweepi/SweePi/install/sweepi_coverage/lib/sweepi_coverage/coverage_planner_node.py --ros-args -r __node:=coverage_planner_node --params-file /home/sweepi/SweePi/install/sweepi_coverage/share/sweepi_coverage/config/coverage_follow_path_params.yaml --params-file /tmp/launch_params_kjjzzmih'].
[sweepi_robot_manager_node.py-5] [ERROR] [coverage_tracker_node.py-2]: process has died [pid 9966, exit code -2, cmd '/home/sweepi/SweePi/install/sweepi_coverage/lib/sweepi_coverage/coverage_tracker_node.py --ros-args -r __node:=coverage_tracker_node --params-file /home/sweepi/SweePi/install/sweepi_coverage/share/sweepi_coverage/config/coverage_follow_path_params.yaml --params-file /tmp/launch_params_8jxnu28t'].
[sweepi_robot_manager_node.py-5] [component_container_isolated-1] [INFO] [1783807373.871639716] [docking_server]: Destroying bond (docking_server) to lifecycle manager.
[sweepi_robot_manager_node.py-5] [component_container_isolated-1] [INFO] [1783807374.016152280] [lifecycle_manager_navigation]: [34m[1mDeactivating waypoint_follower[0m[0m
[sweepi_robot_manager_node.py-5] [component_container_isolated-1] [INFO] [1783807374.016989181] [waypoint_follower]: Deactivating
[sweepi_robot_manager_node.py-5] [component_container_isolated-1] [INFO] [1783807374.017080977] [waypoint_follower]: Destroying bond (waypoint_follower) to lifecycle manager.
[sweepi_robot_manager_node.py-5] [component_container_isolated-1] [INFO] [1783807374.146330490] [lifecycle_manager_navigation]: [34m[1mDeactivating bt_navigator[0m[0m
[sweepi_robot_manager_node.py-5] [component_container_isolated-1] [INFO] [1783807374.146925245] [bt_navigator]: Deactivating
[sweepi_robot_manager_node.py-5] [component_container_isolated-1] [INFO] [1783807374.147021448] [bt_navigator]: Destroying bond (bt_navigator) to lifecycle manager.
[sweepi_robot_manager_node.py-5] [component_container_isolated-1] [INFO] [1783807374.152556667] [controller_server]: Destroying bond (controller_server) to lifecycle manager.
[sweepi_robot_manager_node.py-5] [component_container_isolated-1] [INFO] [1783807374.152629574] [map_server]: Running Nav2 LifecycleNode rcl preshutdown (map_server)
[sweepi_robot_manager_node.py-5] [component_container_isolated-1] [INFO] [1783807374.152712333] [map_server]: Deactivating
[sweepi_robot_manager_node.py-5] [component_container_isolated-1] [INFO] [1783807374.152757980] [map_server]: Destroying bond (map_server) to lifecycle manager.
[sweepi_robot_manager_node.py-5] [component_container_isolated-1] [INFO] [1783807374.163676550] [map_server]: Cleaning up
[sweepi_robot_manager_node.py-5] [component_container_isolated-1] [INFO] [1783807374.163750253] [map_server]: Destroying bond (map_server) to lifecycle manager.
[sweepi_robot_manager_node.py-5] [component_container_isolated-1] [INFO] [1783807374.163768920] [amcl]: Running Nav2 LifecycleNode rcl preshutdown (amcl)
[sweepi_robot_manager_node.py-5] [component_container_isolated-1] [INFO] [1783807374.163811327] [amcl]: Deactivating
[sweepi_robot_manager_node.py-5] [component_container_isolated-1] [INFO] [1783807374.163867734] [amcl]: Destroying bond (amcl) to lifecycle manager.
[sweepi_robot_manager_node.py-5] [component_container_isolated-1] [INFO] [1783807374.176645160] [amcl]: Cleaning up
[sweepi_robot_manager_node.py-5] [component_container_isolated-1] [INFO] [1783807374.218132676] [lifecycle_manager_localization]: [34m[1mHave not received a heartbeat from map_server.[0m[0m
[sweepi_robot_manager_node.py-5] [component_container_isolated-1] [ERROR] [1783807374.218214675] [lifecycle_manager_localization]: CRITICAL FAILURE: SERVER map_server IS DOWN after not receiving a heartbeat for 4000 ms. Shutting down related nodes.
[sweepi_robot_manager_node.py-5] [component_container_isolated-1] [INFO] [1783807374.218299434] [lifecycle_manager_localization]: [34m[1mTerminating bond timer...[0m[0m
[sweepi_robot_manager_node.py-5] [component_container_isolated-1] [INFO] [1783807374.218318804] [lifecycle_manager_localization]: [34m[1mResetting managed nodes...[0m[0m
[sweepi_robot_manager_node.py-5] [component_container_isolated-1] [INFO] [1783807374.218333212] [lifecycle_manager_localization]: [34m[1mDeactivating amcl[0m[0m
[sweepi_robot_manager_node.py-5] [component_container_isolated-1] [INFO] [1783807374.219925793] [amcl]: Destroying bond (amcl) to lifecycle manager.
[sweepi_robot_manager_node.py-5] [component_container_isolated-1] [INFO] [1783807374.219997792] [smoother_server]: Running Nav2 LifecycleNode rcl preshutdown (smoother_server)
[sweepi_robot_manager_node.py-5] [component_container_isolated-1] [INFO] [1783807374.220060070] [smoother_server]: Deactivating
[sweepi_robot_manager_node.py-5] [component_container_isolated-1] [INFO] [1783807374.220113403] [smoother_server]: Destroying bond (smoother_server) to lifecycle manager.
[sweepi_robot_manager_node.py-5] [component_container_isolated-1] [INFO] [1783807374.230736733] [smoother_server]: Cleaning up
[sweepi_robot_manager_node.py-5] [component_container_isolated-1] [INFO] [1783807374.295526118] [lifecycle_manager_navigation]: [34m[1mDeactivating collision_monitor[0m[0m
[sweepi_robot_manager_node.py-5] [component_container_isolated-1] [INFO] [1783807374.296650351] [collision_monitor]: Deactivating
[sweepi_robot_manager_node.py-5] [component_container_isolated-1] [INFO] [1783807374.296847387] [collision_monitor]: Destroying bond (collision_monitor) to lifecycle manager.
[sweepi_robot_manager_node.py-5] [component_container_isolated-1] [WARN] [1783807374.309641980] [rcl_lifecycle]: No transition matching 4 found for current state unconfigured
[sweepi_robot_manager_node.py-5] [component_container_isolated-1] [WARN] [1783807374.309708553] [rcl_lifecycle]: No transition matching 4 found for current state unconfigured
[sweepi_robot_manager_node.py-5] [component_container_isolated-1] [ERROR] [1783807374.309724942] [amcl]: Unable to start transition 4 from current state unconfigured: Transition is not registered., at ./src/rcl_lifecycle.c:355
[sweepi_robot_manager_node.py-5] [component_container_isolated-1] [ERROR] [1783807374.312321016] [lifecycle_manager_localization]: Failed to change state for node: amcl
[sweepi_robot_manager_node.py-5] [component_container_isolated-1] [INFO] [1783807374.312403682] [lifecycle_manager_localization]: [34m[1mDeactivating map_server[0m[0m
[sweepi_robot_manager_node.py-5] [component_container_isolated-1] [WARN] [1783807374.312744457] [rcl_lifecycle]: No transition matching 4 found for current state unconfigured
[sweepi_robot_manager_node.py-5] [component_container_isolated-1] [WARN] [1783807374.312765235] [rcl_lifecycle]: No transition matching 4 found for current state unconfigured
[sweepi_robot_manager_node.py-5] [component_container_isolated-1] [ERROR] [1783807374.312774883] [map_server]: Unable to start transition 4 from current state unconfigured: Transition is not registered., at ./src/rcl_lifecycle.c:355
[sweepi_robot_manager_node.py-5] [component_container_isolated-1] [ERROR] [1783807374.313267768] [lifecycle_manager_localization]: Failed to change state for node: map_server
[sweepi_robot_manager_node.py-5] [component_container_isolated-1] [INFO] [1783807374.313310398] [lifecycle_manager_localization]: [34m[1mCleaning up amcl[0m[0m
[sweepi_robot_manager_node.py-5] [component_container_isolated-1] [WARN] [1783807374.314371668] [rcl_lifecycle]: No transition matching 2 found for current state unconfigured
[sweepi_robot_manager_node.py-5] [component_container_isolated-1] [WARN] [1783807374.314426279] [rcl_lifecycle]: No transition matching 2 found for current state unconfigured
[sweepi_robot_manager_node.py-5] [component_container_isolated-1] [ERROR] [1783807374.314438482] [amcl]: Unable to start transition 2 from current state unconfigured: Transition is not registered., at ./src/rcl_lifecycle.c:355
[sweepi_robot_manager_node.py-5] [component_container_isolated-1] [INFO] [1783807374.315222014] [smoother_server]: Destroying bond (smoother_server) to lifecycle manager.
[sweepi_robot_manager_node.py-5] [component_container_isolated-1] [INFO] [1783807374.315302531] [lifecycle_manager_localization]: Running Nav2 LifecycleManager rcl preshutdown (lifecycle_manager_localization)
[sweepi_robot_manager_node.py-5] [component_container_isolated-1] [INFO] [1783807374.316972205] [lifecycle_manager_localization]: [34m[1mCleaning up map_server[0m[0m
[sweepi_robot_manager_node.py-5] [component_container_isolated-1] [WARN] [1783807374.317507034] [rcl_lifecycle]: No transition matching 2 found for current state unconfigured
[sweepi_robot_manager_node.py-5] [component_container_isolated-1] [WARN] [1783807374.317531127] [rcl_lifecycle]: No transition matching 2 found for current state unconfigured
[sweepi_robot_manager_node.py-5] [component_container_isolated-1] [ERROR] [1783807374.317541849] [map_server]: Unable to start transition 2 from current state unconfigured: Transition is not registered., at ./src/rcl_lifecycle.c:355
[sweepi_robot_manager_node.py-5] [component_container_isolated-1] [INFO] [1783807374.318077067] [lifecycle_manager_localization]: [34m[1mManaged nodes have been reset[0m[0m
[sweepi_robot_manager_node.py-5] [component_container_isolated-1] [INFO] [1783807374.364123735] [planner_server]: Running Nav2 LifecycleNode rcl preshutdown (planner_server)
[sweepi_robot_manager_node.py-5] [component_container_isolated-1] [INFO] [1783807374.364218068] [planner_server]: Deactivating
[sweepi_robot_manager_node.py-5] [component_container_isolated-1] [INFO] [1783807374.364274068] [global_costmap.global_costmap]: Deactivating
[sweepi_robot_manager_node.py-5] [component_container_isolated-1] [INFO] [1783807374.415488532] [lifecycle_manager_navigation]: [34m[1mDeactivating velocity_smoother[0m[0m
[sweepi_robot_manager_node.py-5] [component_container_isolated-1] [INFO] [1783807374.416123490] [velocity_smoother]: Deactivating
[sweepi_robot_manager_node.py-5] [component_container_isolated-1] [INFO] [1783807374.416224212] [velocity_smoother]: Destroying bond (velocity_smoother) to lifecycle manager.
[sweepi_robot_manager_node.py-5] [component_container_isolated-1] [INFO] [1783807374.530966385] [planner_server]: Deactivating plugin GridBased of type NavfnPlanner
[sweepi_robot_manager_node.py-5] [component_container_isolated-1] [INFO] [1783807374.531068977] [planner_server]: Destroying bond (planner_server) to lifecycle manager.
[sweepi_robot_manager_node.py-5] [component_container_isolated-1] [INFO] [1783807374.535131836] [lifecycle_manager_navigation]: [34m[1mDeactivating behavior_server[0m[0m
[sweepi_robot_manager_node.py-5] [component_container_isolated-1] [INFO] [1783807374.536547160] [behavior_server]: Deactivating
[sweepi_robot_manager_node.py-5] [component_container_isolated-1] [INFO] [1783807374.537115896] [behavior_server]: Destroying bond (behavior_server) to lifecycle manager.
[sweepi_robot_manager_node.py-5] [component_container_isolated-1] [INFO] [1783807374.541374662] [planner_server]: Cleaning up
[sweepi_robot_manager_node.py-5] [component_container_isolated-1] [INFO] [1783807374.596165545] [global_costmap.global_costmap]: Cleaning up
[sweepi_robot_manager_node.py-5] [component_container_isolated-1] [INFO] [1783807374.617767186] [planner_server]: Cleaning up plugin GridBased of type NavfnPlanner
[sweepi_robot_manager_node.py-5] [component_container_isolated-1] [INFO] [1783807374.618297182] [planner_server]: Destroying plugin GridBased of type NavfnPlanner
[sweepi_robot_manager_node.py-5] [component_container_isolated-1] [INFO] [1783807374.667287421] [lifecycle_manager_navigation]: [34m[1mDeactivating route_server[0m[0m
[sweepi_robot_manager_node.py-5] [component_container_isolated-1] [INFO] [1783807374.667854362] [route_server]: Deactivating
[sweepi_robot_manager_node.py-5] [component_container_isolated-1] [INFO] [1783807374.667952731] [route_server]: Destroying bond (route_server) to lifecycle manager.
[sweepi_robot_manager_node.py-5] [component_container_isolated-1] [INFO] [1783807374.722529375] [planner_server]: Destroying bond (planner_server) to lifecycle manager.
[sweepi_robot_manager_node.py-5] [component_container_isolated-1] [INFO] [1783807374.722580393] [route_server]: Running Nav2 LifecycleNode rcl preshutdown (route_server)
[sweepi_robot_manager_node.py-5] [component_container_isolated-1] [INFO] [1783807374.722599134] [route_server]: Destroying bond (route_server) to lifecycle manager.
[sweepi_robot_manager_node.py-5] [component_container_isolated-1] [INFO] [1783807374.722611523] [behavior_server]: Running Nav2 LifecycleNode rcl preshutdown (behavior_server)
[sweepi_robot_manager_node.py-5] [component_container_isolated-1] [INFO] [1783807374.722643282] [behavior_server]: Cleaning up
[sweepi_robot_manager_node.py-5] [component_container_isolated-1] [INFO] [1783807374.731060277] [behavior_server]: Destroying bond (behavior_server) to lifecycle manager.
[sweepi_robot_manager_node.py-5] [component_container_isolated-1] [INFO] [1783807374.731114906] [bt_navigator]: Running Nav2 LifecycleNode rcl preshutdown (bt_navigator)
[sweepi_robot_manager_node.py-5] [component_container_isolated-1] [INFO] [1783807374.731148091] [bt_navigator]: Cleaning up
[sweepi_robot_manager_node.py-5] [component_container_isolated-1] [INFO] [1783807374.802452022] [lifecycle_manager_navigation]: [34m[1mDeactivating planner_server[0m[0m
[sweepi_robot_manager_node.py-5] [component_container_isolated-1] [WARN] [1783807374.813198648] [rcl_lifecycle]: No transition matching 4 found for current state unconfigured
[sweepi_robot_manager_node.py-5] [component_container_isolated-1] [WARN] [1783807374.813244333] [rcl_lifecycle]: No transition matching 4 found for current state unconfigured
[sweepi_robot_manager_node.py-5] [component_container_isolated-1] [ERROR] [1783807374.813255518] [planner_server]: Unable to start transition 4 from current state unconfigured: Transition is not registered., at ./src/rcl_lifecycle.c:355
[sweepi_robot_manager_node.py-5] [component_container_isolated-1] [ERROR] [1783807374.814142104] [lifecycle_manager_navigation]: Failed to change state for node: planner_server
[sweepi_robot_manager_node.py-5] [component_container_isolated-1] [INFO] [1783807374.814221418] [lifecycle_manager_navigation]: [34m[1mDeactivating smoother_server[0m[0m
[sweepi_robot_manager_node.py-5] [component_container_isolated-1] [WARN] [1783807374.846545519] [rcl_lifecycle]: No transition matching 4 found for current state unconfigured
[sweepi_robot_manager_node.py-5] [component_container_isolated-1] [WARN] [1783807374.846597611] [rcl_lifecycle]: No transition matching 4 found for current state unconfigured
[sweepi_robot_manager_node.py-5] [component_container_isolated-1] [ERROR] [1783807374.846610166] [smoother_server]: Unable to start transition 4 from current state unconfigured: Transition is not registered., at ./src/rcl_lifecycle.c:355
[sweepi_robot_manager_node.py-5] [component_container_isolated-1] [ERROR] [1783807374.849572626] [lifecycle_manager_navigation]: Failed to change state for node: smoother_server
[sweepi_robot_manager_node.py-5] [component_container_isolated-1] [INFO] [1783807374.849677663] [lifecycle_manager_navigation]: [34m[1mDeactivating controller_server[0m[0m
[sweepi_robot_manager_node.py-5] [component_container_isolated-1] [WARN] [1783807374.864962219] [rcl_lifecycle]: No transition matching 4 found for current state unconfigured
[sweepi_robot_manager_node.py-5] [component_container_isolated-1] [WARN] [1783807374.865019552] [rcl_lifecycle]: No transition matching 4 found for current state unconfigured
[sweepi_robot_manager_node.py-5] [component_container_isolated-1] [ERROR] [1783807374.865029404] [controller_server]: Unable to start transition 4 from current state unconfigured: Transition is not registered., at ./src/rcl_lifecycle.c:355
[sweepi_robot_manager_node.py-5] [component_container_isolated-1] [ERROR] [1783807374.867082611] [lifecycle_manager_navigation]: Failed to change state for node: controller_server
[sweepi_robot_manager_node.py-5] [component_container_isolated-1] [INFO] [1783807374.867174111] [lifecycle_manager_navigation]: [34m[1mCleaning up docking_server[0m[0m
[sweepi_robot_manager_node.py-5] [component_container_isolated-1] [INFO] [1783807374.867708366] [docking_server]: Cleaning up docking_server
[sweepi_robot_manager_node.py-5] [component_container_isolated-1] [INFO] [1783807375.024350128] [lifecycle_manager_navigation]: [34m[1mCleaning up waypoint_follower[0m[0m
[sweepi_robot_manager_node.py-5] [component_container_isolated-1] [INFO] [1783807375.025844654] [waypoint_follower]: Cleaning up
[sweepi_robot_manager_node.py-5] [component_container_isolated-1] [INFO] [1783807375.224282642] [lifecycle_manager_navigation]: [34m[1mCleaning up bt_navigator[0m[0m
[sweepi_robot_manager_node.py-5] [component_container_isolated-1] [WARN] [1783807375.257619514] [rcl_lifecycle]: No transition matching 2 found for current state cleaningup
[sweepi_robot_manager_node.py-5] [component_container_isolated-1] [WARN] [1783807375.257662477] [rcl_lifecycle]: No transition matching 2 found for current state cleaningup
[sweepi_robot_manager_node.py-5] [component_container_isolated-1] [ERROR] [1783807375.257686014] [bt_navigator]: Unable to start transition 2 from current state cleaningup: Transition is not registered., at ./src/rcl_lifecycle.c:355
[sweepi_robot_manager_node.py-5] [component_container_isolated-1] [ERROR] [1783807375.259732536] [lifecycle_manager_navigation]: Failed to change state for node: bt_navigator
[sweepi_robot_manager_node.py-5] [component_container_isolated-1] [INFO] [1783807375.259887480] [lifecycle_manager_navigation]: [34m[1mCleaning up collision_monitor[0m[0m
[sweepi_robot_manager_node.py-5] [component_container_isolated-1] [INFO] [1783807375.261398061] [collision_monitor]: Cleaning up
[sweepi_robot_manager_node.py-5] [component_container_isolated-1] [INFO] [1783807375.314080759] [collision_monitor]: [FootprintApproach]: Destroying Polygon
[sweepi_robot_manager_node.py-5] [component_container_isolated-1] [INFO] [1783807375.320637415] [collision_monitor]: [scan]: Destroying Scan
[sweepi_robot_manager_node.py-5] [component_container_isolated-1] [INFO] [1783807375.361691103] [lifecycle_manager_navigation]: [34m[1mCleaning up velocity_smoother[0m[0m
[sweepi_robot_manager_node.py-5] [component_container_isolated-1] [INFO] [1783807375.364938747] [velocity_smoother]: Cleaning up
[sweepi_robot_manager_node.py-5] [component_container_isolated-1] [INFO] [1783807375.394617794] [lifecycle_manager_navigation]: [34m[1mCleaning up behavior_server[0m[0m
[sweepi_robot_manager_node.py-5] [component_container_isolated-1] [INFO] [1783807375.523561945] [bt_navigator]: Completed Cleaning up
[sweepi_robot_manager_node.py-5] [component_container_isolated-1] [INFO] [1783807375.524530920] [bt_navigator]: Destroying bond (bt_navigator) to lifecycle manager.
[sweepi_robot_manager_node.py-5] [component_container_isolated-1] [INFO] [1783807375.524567068] [waypoint_follower]: Running Nav2 LifecycleNode rcl preshutdown (waypoint_follower)
[sweepi_robot_manager_node.py-5] [component_container_isolated-1] [INFO] [1783807375.524592364] [waypoint_follower]: Destroying bond (waypoint_follower) to lifecycle manager.
[sweepi_robot_manager_node.py-5] [component_container_isolated-1] [INFO] [1783807375.524605827] [velocity_smoother]: Running Nav2 LifecycleNode rcl preshutdown (velocity_smoother)
[sweepi_robot_manager_node.py-5] [component_container_isolated-1] [INFO] [1783807375.524625808] [velocity_smoother]: Destroying bond (velocity_smoother) to lifecycle manager.
[sweepi_robot_manager_node.py-5] [component_container_isolated-1] [INFO] [1783807375.524639623] [collision_monitor]: Running Nav2 LifecycleNode rcl preshutdown (collision_monitor)
[sweepi_robot_manager_node.py-5] [component_container_isolated-1] [INFO] [1783807375.524685456] [collision_monitor]: Destroying bond (collision_monitor) to lifecycle manager.
[sweepi_robot_manager_node.py-5] [component_container_isolated-1] [INFO] [1783807375.524702937] [docking_server]: Running Nav2 LifecycleNode rcl preshutdown (docking_server)
[sweepi_robot_manager_node.py-5] [component_container_isolated-1] [INFO] [1783807375.524722696] [docking_server]: Destroying bond (docking_server) to lifecycle manager.
[sweepi_robot_manager_node.py-5] [component_container_isolated-1] [INFO] [1783807375.524739696] [lifecycle_manager_navigation]: Running Nav2 LifecycleManager rcl preshutdown (lifecycle_manager_navigation)
[sweepi_robot_manager_node.py-5] [component_container_isolated-1] [WARN] [1783807375.595065471] [rcl_lifecycle]: No transition matching 2 found for current state unconfigured
[sweepi_robot_manager_node.py-5] [component_container_isolated-1] [WARN] [1783807375.595106452] [rcl_lifecycle]: No transition matching 2 found for current state unconfigured
[sweepi_robot_manager_node.py-5] [component_container_isolated-1] [ERROR] [1783807375.595115637] [behavior_server]: Unable to start transition 2 from current state unconfigured: Transition is not registered., at ./src/rcl_lifecycle.c:355
[sweepi_robot_manager_node.py-5] [component_container_isolated-1] [INFO] [1783807375.595638355] [lifecycle_manager_navigation]: [34m[1mCleaning up route_server[0m[0m
[sweepi_robot_manager_node.py-5] [component_container_isolated-1] [INFO] [1783807375.595882909] [route_server]: Cleaning up
[sweepi_robot_manager_node.py-5] [component_container_isolated-1] [INFO] [1783807375.679661865] [lifecycle_manager_navigation]: [34m[1mCleaning up planner_server[0m[0m
[sweepi_robot_manager_node.py-5] [component_container_isolated-1] [WARN] [1783807375.679902623] [rcl_lifecycle]: No transition matching 2 found for current state unconfigured
[sweepi_robot_manager_node.py-5] [component_container_isolated-1] [WARN] [1783807375.679917197] [rcl_lifecycle]: No transition matching 2 found for current state unconfigured
[sweepi_robot_manager_node.py-5] [component_container_isolated-1] [ERROR] [1783807375.679924160] [planner_server]: Unable to start transition 2 from current state unconfigured: Transition is not registered., at ./src/rcl_lifecycle.c:355
[sweepi_robot_manager_node.py-5] [component_container_isolated-1] [INFO] [1783807375.680248435] [lifecycle_manager_navigation]: [34m[1mCleaning up smoother_server[0m[0m
[sweepi_robot_manager_node.py-5] [component_container_isolated-1] [WARN] [1783807375.680437712] [rcl_lifecycle]: No transition matching 2 found for current state unconfigured
[sweepi_robot_manager_node.py-5] [component_container_isolated-1] [WARN] [1783807375.680454804] [rcl_lifecycle]: No transition matching 2 found for current state unconfigured
[sweepi_robot_manager_node.py-5] [component_container_isolated-1] [ERROR] [1783807375.680463212] [smoother_server]: Unable to start transition 2 from current state unconfigured: Transition is not registered., at ./src/rcl_lifecycle.c:355
[sweepi_robot_manager_node.py-5] [component_container_isolated-1] [INFO] [1783807375.681300854] [lifecycle_manager_navigation]: [34m[1mCleaning up controller_server[0m[0m
[sweepi_robot_manager_node.py-5] [component_container_isolated-1] [WARN] [1783807375.681747388] [rcl_lifecycle]: No transition matching 2 found for current state unconfigured
[sweepi_robot_manager_node.py-5] [component_container_isolated-1] [WARN] [1783807375.681770239] [rcl_lifecycle]: No transition matching 2 found for current state unconfigured
[sweepi_robot_manager_node.py-5] [component_container_isolated-1] [ERROR] [1783807375.681780350] [controller_server]: Unable to start transition 2 from current state unconfigured: Transition is not registered., at ./src/rcl_lifecycle.c:355
[sweepi_robot_manager_node.py-5] [component_container_isolated-1] [INFO] [1783807375.682469234] [lifecycle_manager_navigation]: [34m[1mManaged nodes have been reset[0m[0m
[sweepi_robot_manager_node.py-5] [component_container_isolated-1] [INFO] [1783807375.812745821] [lifecycle_manager_navigation]: Destroying lifecycle_manager_navigation
[sweepi_robot_manager_node.py-5] [component_container_isolated-1] [INFO] [1783807375.908824096] [rclcpp]: signal_handler(SIGINT/SIGTERM)
[sweepi_robot_manager_node.py-5] [component_container_isolated-1] [INFO] [1783807375.910809453] [docking_server]: Destroying
[sweepi_robot_manager_node.py-5] [component_container_isolated-1] Magick: abort due to signal 11 (SIGSEGV) "Segmentation Fault"...
[sweepi_robot_manager_node.py-5] [ERROR] [component_container_isolated-1]: process has died [pid 9965, exit code -6, cmd '/opt/ros/jazzy/lib/rclcpp_components/component_container_isolated --ros-args --log-level info --ros-args -r __node:=nav2_container --params-file /tmp/launch_params_pq9sl6_p --params-file /tmp/launch_params_feafry8s -r /tf:=tf -r /tf_static:=tf_static'].
[sweepi_robot_manager_node.py-5] /opt/ros/jazzy/lib/python3.12/site-packages/rclpy/service.py:78: RuntimeWarning: failed to send response (timeout): client will not receive response, at ./src/rmw_response.cpp:153, at ./src/rcl/service.c:400
[sweepi_robot_manager_node.py-5]   self.__service.service_send_response(response, header.request_id)
[WARNING] [launch]: user interrupted with ctrl-c (SIGINT)
[INFO] [api_bridge_node-6]: sending signal 'SIGINT' to process[api_bridge_node-6]
[INFO] [sweepi_robot_manager_node.py-5]: sending signal 'SIGINT' to process[sweepi_robot_manager_node.py-5]
[INFO] [robot_state_publisher-4]: sending signal 'SIGINT' to process[robot_state_publisher-4]
[INFO] [sllidar_node-3]: sending signal 'SIGINT' to process[sllidar_node-3]
[INFO] [ekf_node-2]: sending signal 'SIGINT' to process[ekf_node-2]
[INFO] [base_driver_node-1]: sending signal 'SIGINT' to process[base_driver_node-1]
[robot_state_publisher-4] [INFO] [1783807400.146407063] [rclcpp]: signal_handler(SIGINT/SIGTERM)
[ekf_node-2] [INFO] [1783807400.146604322] [rclcpp]: signal_handler(SIGINT/SIGTERM)
[api_bridge_node-6] Traceback (most recent call last):
[api_bridge_node-6]   File "/home/sweepi/SweePi/install/sweepi_api_bridge/lib/sweepi_api_bridge/api_bridge_node", line 33, in <module>
[api_bridge_node-6]     sys.exit(load_entry_point('sweepi-api-bridge', 'console_scripts', 'api_bridge_node')())
[api_bridge_node-6]              ^^^^^^^^^^^^^^^^^^^^^^^^^^^^^^^^^^^^^^^^^^^^^^^^^^^^^^^^^^^^^^^^^^^^^^^^^^^^^
[api_bridge_node-6]   File "/home/sweepi/SweePi/build/sweepi_api_bridge/sweepi_api_bridge/api_bridge_node.py", line 2562, in main
[api_bridge_node-6]     pass
[api_bridge_node-6]     ^^^^^
[api_bridge_node-6]   File "/home/sweepi/SweePi/build/sweepi_api_bridge/sweepi_api_bridge/api_bridge_node.py", line 202, in destroy_node
[api_bridge_node-6]     self.http_server.shutdown()
[api_bridge_node-6]   File "/usr/lib/python3.12/socketserver.py", line 255, in shutdown
[api_bridge_node-6]     self.__is_shut_down.wait()
[api_bridge_node-6]   File "/usr/lib/python3.12/threading.py", line 655, in wait
[api_bridge_node-6]     signaled = self._cond.wait(timeout)
[api_bridge_node-6]                ^^^^^^^^^^^^^^^^^^^^^^^^
[api_bridge_node-6]   File "/usr/lib/python3.12/threading.py", line 355, in wait
[api_bridge_node-6]     waiter.acquire()
[api_bridge_node-6] KeyboardInterrupt
[sweepi_robot_manager_node.py-5] Traceback (most recent call last):
[sweepi_robot_manager_node.py-5]   File "/home/sweepi/SweePi/install/sweepi_robot_manager/lib/sweepi_robot_manager/sweepi_robot_manager_node.py", line 1270, in <module>
[sweepi_robot_manager_node.py-5]     main()
[sweepi_robot_manager_node.py-5]   File "/home/sweepi/SweePi/install/sweepi_robot_manager/lib/sweepi_robot_manager/sweepi_robot_manager_node.py", line 1264, in main
[sweepi_robot_manager_node.py-5]     node.destroy_node()
[sweepi_robot_manager_node.py-5]   File "/opt/ros/jazzy/lib/python3.12/site-packages/rclpy/node.py", line 1956, in destroy_node
[robot_state_publisher-4] [INFO] [1783807400.174583730] [rclcpp]: signal_handler(SIGINT/SIGTERM)
[sweepi_robot_manager_node.py-5]     self.destroy_publisher(self._publishers[0])
[sweepi_robot_manager_node.py-5]   File "/opt/ros/jazzy/lib/python3.12/site-packages/rclpy/node.py", line 1836, in destroy_publisher
[sweepi_robot_manager_node.py-5]     publisher.destroy()
[sweepi_robot_manager_node.py-5]   File "/opt/ros/jazzy/lib/python3.12/site-packages/rclpy/publisher.py", line 105, in destroy
[sweepi_robot_manager_node.py-5]     self.__publisher.destroy_when_not_in_use()
[sweepi_robot_manager_node.py-5] KeyboardInterrupt
[ERROR] [ekf_node-2]: process has died [pid 9809, exit code -2, cmd '/opt/ros/jazzy/lib/robot_localization/ekf_node --ros-args -r __node:=ekf_filter_node --params-file /home/sweepi/SweePi/install/sweepi_state_estimation/share/sweepi_state_estimation/config/ekf.yaml --params-file /tmp/launch_params_et2h9_eu -r odometry/filtered:=/odom'].
[sllidar_node-3] [INFO] [1783807400.324343624] [sllidar_node]: Stop motor
[ERROR] [sweepi_robot_manager_node.py-5]: process has died [pid 9812, exit code -2, cmd '/home/sweepi/SweePi/install/sweepi_robot_manager/lib/sweepi_robot_manager/sweepi_robot_manager_node.py --ros-args -r __node:=sweepi_robot_manager --params-file /tmp/launch_params_yzcof3n4'].
[ERROR] [api_bridge_node-6]: process has died [pid 9813, exit code -2, cmd '/home/sweepi/SweePi/install/sweepi_api_bridge/lib/sweepi_api_bridge/api_bridge_node --ros-args -r __node:=sweepi_api_bridge --params-file /tmp/launch_params_6yoxadar'].
[base_driver_node-1] Traceback (most recent call last):
[base_driver_node-1]   File "/home/sweepi/SweePi/install/sweepi_base_driver/lib/sweepi_base_driver/base_driver_node", line 33, in <module>
[base_driver_node-1]     sys.exit(load_entry_point('sweepi-base-driver==0.1.0', 'console_scripts', 'base_driver_node')())
[base_driver_node-1]              ^^^^^^^^^^^^^^^^^^^^^^^^^^^^^^^^^^^^^^^^^^^^^^^^^^^^^^^^^^^^^^^^^^^^^^^^^^^^^^^^^^^^^^
[base_driver_node-1]   File "/home/sweepi/SweePi/install/sweepi_base_driver/lib/python3.12/site-packages/sweepi_base_driver/base_driver_node.py", line 483, in main
[base_driver_node-1]     node.destroy_node()
[base_driver_node-1]   File "/opt/ros/jazzy/lib/python3.12/site-packages/rclpy/node.py", line 1968, in destroy_node
[base_driver_node-1]     self.__node.destroy_when_not_in_use()
[base_driver_node-1] KeyboardInterrupt
[ERROR] [base_driver_node-1]: process has died [pid 9808, exit code -2, cmd '/home/sweepi/SweePi/install/sweepi_base_driver/lib/sweepi_base_driver/base_driver_node --ros-args -r __node:=base_driver_node --params-file /home/sweepi/SweePi/install/sweepi_base_driver/share/sweepi_base_driver/config/base_driver_params.yaml --params-file /tmp/launch_params_bflk7hl7'].
[INFO] [robot_state_publisher-4]: process has finished cleanly [pid 9811]
[ERROR] [sllidar_node-3]: process[sllidar_node-3] failed to terminate '5' seconds after receiving 'SIGINT', escalating to 'SIGTERM'
[INFO] [sllidar_node-3]: sending signal 'SIGTERM' to process[sllidar_node-3]
[INFO] [sllidar_node-3]: process has finished cleanly [pid 9810]
