[INFO] [launch]: All log files can be found below /home/sweepi/.ros/log/2026-07-12-03-13-30-048180-sweepi-8085
[INFO] [launch]: Default logging verbosity is set to INFO
[INFO] [base_driver_node-1]: process started with pid [8089]
[INFO] [ekf_node-2]: process started with pid [8090]
[INFO] [sllidar_node-3]: process started with pid [8091]
[INFO] [robot_state_publisher-4]: process started with pid [8092]
[INFO] [sweepi_robot_manager_node.py-5]: process started with pid [8093]
[INFO] [api_bridge_node-6]: process started with pid [8094]
[sllidar_node-3] [INFO] [1783806210.475932625] [sllidar_node]: SLLidar running on ROS2 package SLLidar.ROS2 SDK Version:1.0.1, SLLIDAR SDK Version:2.1.0
[robot_state_publisher-4] [INFO] [1783806210.575011461] [robot_state_publisher]: Robot initialized
[ekf_node-2] [ERROR] [1783806210.595216396] [ekf_filter_node]: Warning: /imu/data is listed as an input topic, but all its update variables are false
[sllidar_node-3] [INFO] [1783806211.000181016] [sllidar_node]: SLLidar S/N: 6325E0F6C1E092D4A19E9FF9F389461A
[sllidar_node-3] [INFO] [1783806211.000320241] [sllidar_node]: Firmware Ver: 1.02
[sllidar_node-3] [INFO] [1783806211.000340501] [sllidar_node]: Hardware Rev: 18
[sllidar_node-3] [INFO] [1783806211.003368072] [sllidar_node]: SLLidar health status : 0
[sllidar_node-3] [INFO] [1783806211.003657134] [sllidar_node]: SLLidar health status : OK.
[sllidar_node-3] [INFO] [1783806211.292812796] [sllidar_node]: current scan mode: Standard, sample rate: 5 Khz, max_distance: 16.0 m, scan frequency:10.0 Hz, 
[sweepi_robot_manager_node.py-5] [INFO] [1783806211.573736100] [sweepi_robot_manager]: SweePi robot manager ready for service commands
[api_bridge_node-6] [INFO] [1783806211.674225466] [sweepi_api_bridge]: SweePi API bridge listening on http://0.0.0.0:8080/api
[base_driver_node-1] [INFO] [1783806211.904175078] [base_driver_node]: SweePi base driver starting on /dev/ttyAMA0 at 115200 baud
[base_driver_node-1] [INFO] [1783806211.904781463] [base_driver_node]: Base driver parameters: serial_port=/dev/ttyAMA0, baud_rate=115200, wheel_radius=0.0615, wheel_separation=0.29, ticks_per_revolution=7392.0, left_encoder_sign=1.0, right_encoder_sign=1.0, left_motor_command_sign=1.0, right_motor_command_sign=1.0, command_rate_hz=50.0, feedback_poll_rate_hz=100.0, cmd_vel_timeout=0.5, gyro_units=rad_s, accel_units=m_s2
[base_driver_node-1] [INFO] [1783806211.906049455] [base_driver_node]: Connected to STM32 on /dev/ttyAMA0
[base_driver_node-1] [WARN] [1783806211.932339310] [base_driver_node]: Ignoring unknown STM32 packet: 
[api_bridge_node-6] [INFO] [1783806225.790525414] [sweepi_api_bridge]: HTTP "GET /api/system/health HTTP/1.1" 200 -
[api_bridge_node-6] [INFO] [1783806225.806070938] [sweepi_api_bridge]: HTTP "GET /api/robot/status HTTP/1.1" 200 -
[api_bridge_node-6] [INFO] [1783806301.739523322] [sweepi_api_bridge]: HTTP "POST /api/cleaning/stop HTTP/1.1" 200 -
[api_bridge_node-6] [INFO] [1783806301.757730960] [sweepi_api_bridge]: HTTP "POST /api/cleaning/reset HTTP/1.1" 200 -
[sweepi_robot_manager_node.py-5] [INFO] [1783806304.586527356] [sweepi_robot_manager]: coverage launch started: /opt/ros/jazzy/bin/ros2 launch sweepi_robot_manager coverage_task.launch.py map_name:=living_room auto_start:=false use_sim_time:=false use_robot_arm:=false
[api_bridge_node-6] [INFO] [1783806304.592305253] [sweepi_api_bridge]: HTTP "POST /api/cleaning/start HTTP/1.1" 200 -
[sweepi_robot_manager_node.py-5] [INFO] [launch]: All log files can be found below /home/sweepi/.ros/log/2026-07-12-03-15-05-047738-sweepi-8443
[sweepi_robot_manager_node.py-5] [INFO] [launch]: Default logging verbosity is set to INFO
[sweepi_robot_manager_node.py-5] [INFO] [component_container_isolated-1]: process started with pid [8464]
[sweepi_robot_manager_node.py-5] [INFO] [coverage_tracker_node.py-2]: process started with pid [8465]
[sweepi_robot_manager_node.py-5] [INFO] [coverage_planner_node.py-3]: process started with pid [8466]
[sweepi_robot_manager_node.py-5] [INFO] [coverage_arm_follow_path_executor_node.py-4]: process started with pid [8467]
[sweepi_robot_manager_node.py-5] [INFO] [coverage_manager_node.py-5]: process started with pid [8468]
[sweepi_robot_manager_node.py-5] [coverage_manager_node.py-5] [INFO] [1783806307.506937935] [coverage_manager_node]: Coverage manager placeholder started; no coverage workflow is active.
[sweepi_robot_manager_node.py-5] [coverage_tracker_node.py-2] [INFO] [1783806308.790750871] [coverage_tracker_node]: Coverage tracker started: map=/map, coverage=/coverage_map, TF=map -> base_footprint
[sweepi_robot_manager_node.py-5] [coverage_planner_node.py-3] [INFO] [1783806308.792227656] [coverage_planner_node]: Coverage planner started: coverage_map=/coverage_map, nav_costmap=/global_costmap/costmap, path=/coverage_path, mask=/coverage_planning_mask, percentage=/coverage_percentage, stats=/coverage_stats, direction=auto, use_nav_costmap=true, robot_radius=0.20m, safety_margin=0.10m, inflation_radius=0.24m
[sweepi_robot_manager_node.py-5] [coverage_arm_follow_path_executor_node.py-4] [INFO] [1783806309.230376398] [coverage_follow_path_executor_node]: Coverage FollowPath executor started: action=/follow_path controller_id=FollowPath smoother_action=/smooth_path smoother_id=simple_smoother path=/coverage_path raw=/coverage_path_raw smoothed=/coverage_smoothed_path active=/coverage_active_path costmap=/global_costmap/costmap. This mode uses FollowPath, not NavigateThroughPoses. dynamic_obstacle_skip=true local_costmap=/local_costmap/costmap static_map=/map
[sweepi_robot_manager_node.py-5] [coverage_arm_follow_path_executor_node.py-4] [INFO] [1783806309.231093947] [coverage_follow_path_executor_node]: Loaded dynamic obstacle parameters: dynamic_rejoin_max_search_distance_m=5.00 dynamic_progress_search_forward_m=1.00 dynamic_max_rejoin_candidates=100 dynamic_rejoin_min_clearance_m=0.03 dynamic_collision_check_radius_m=0.23 dynamic_connector_goal_tolerance_m=0.15 dynamic_skip_replan_cooldown_sec=3.00 dynamic_skip_max_consecutive_failures=5
[sweepi_robot_manager_node.py-5] [coverage_arm_follow_path_executor_node.py-4] [INFO] [1783806309.265984840] [coverage_follow_path_executor_node]: [COVERAGE_ARM] IDLE use_robot_arm=false inflated_promotion=true front_lidar_threshold_m=0.50 front_tof_clear_threshold_m=0.50
[sweepi_robot_manager_node.py-5] [component_container_isolated-1] [INFO] [1783806309.605026310] [nav2_container]: Load Library: /opt/ros/jazzy/lib/libcontroller_server_core.so
[sweepi_robot_manager_node.py-5] [component_container_isolated-1] [INFO] [1783806309.683740272] [nav2_container]: Found class: rclcpp_components::NodeFactoryTemplate<nav2_controller::ControllerServer>
[sweepi_robot_manager_node.py-5] [component_container_isolated-1] [INFO] [1783806309.683818460] [nav2_container]: Instantiate class: rclcpp_components::NodeFactoryTemplate<nav2_controller::ControllerServer>
[sweepi_robot_manager_node.py-5] [component_container_isolated-1] [INFO] [1783806309.738236073] [controller_server]: 
[sweepi_robot_manager_node.py-5] [component_container_isolated-1] 	controller_server lifecycle node launched. 
[sweepi_robot_manager_node.py-5] [component_container_isolated-1] 	Waiting on external lifecycle transitions to activate
[sweepi_robot_manager_node.py-5] [component_container_isolated-1] 	See https://design.ros2.org/articles/node_lifecycle.html for more information.
[sweepi_robot_manager_node.py-5] [component_container_isolated-1] [INFO] [1783806309.766212357] [controller_server]: Creating controller server
[sweepi_robot_manager_node.py-5] [component_container_isolated-1] [INFO] [1783806309.816975351] [local_costmap.local_costmap]: 
[sweepi_robot_manager_node.py-5] [component_container_isolated-1] 	local_costmap lifecycle node launched. 
[sweepi_robot_manager_node.py-5] [component_container_isolated-1] 	Waiting on external lifecycle transitions to activate
[sweepi_robot_manager_node.py-5] [component_container_isolated-1] 	See https://design.ros2.org/articles/node_lifecycle.html for more information.
[sweepi_robot_manager_node.py-5] [component_container_isolated-1] [INFO] [1783806309.821645587] [local_costmap.local_costmap]: Creating Costmap
[sweepi_robot_manager_node.py-5] [INFO] [launch_ros.actions.load_composable_nodes]: Loaded node '/controller_server' in container '/nav2_container'
[sweepi_robot_manager_node.py-5] [component_container_isolated-1] [INFO] [1783806309.826657615] [nav2_container]: Load Library: /opt/ros/jazzy/lib/libmap_server_core.so
[sweepi_robot_manager_node.py-5] [component_container_isolated-1] [INFO] [1783806309.886307376] [nav2_container]: Found class: rclcpp_components::NodeFactoryTemplate<nav2_map_server::CostmapFilterInfoServer>
[sweepi_robot_manager_node.py-5] [component_container_isolated-1] [INFO] [1783806309.886382028] [nav2_container]: Found class: rclcpp_components::NodeFactoryTemplate<nav2_map_server::MapSaver>
[sweepi_robot_manager_node.py-5] [component_container_isolated-1] [INFO] [1783806309.886399677] [nav2_container]: Found class: rclcpp_components::NodeFactoryTemplate<nav2_map_server::MapServer>
[sweepi_robot_manager_node.py-5] [component_container_isolated-1] [INFO] [1783806309.886412603] [nav2_container]: Instantiate class: rclcpp_components::NodeFactoryTemplate<nav2_map_server::MapServer>
[sweepi_robot_manager_node.py-5] [component_container_isolated-1] [INFO] [1783806309.930478053] [map_server]: 
[sweepi_robot_manager_node.py-5] [INFO] [launch_ros.actions.load_composable_nodes]: Loaded node '/map_server' in container '/nav2_container'
[sweepi_robot_manager_node.py-5] [component_container_isolated-1] 	map_server lifecycle node launched. 
[sweepi_robot_manager_node.py-5] [component_container_isolated-1] 	Waiting on external lifecycle transitions to activate
[sweepi_robot_manager_node.py-5] [component_container_isolated-1] 	See https://design.ros2.org/articles/node_lifecycle.html for more information.
[sweepi_robot_manager_node.py-5] [component_container_isolated-1] [INFO] [1783806309.930584132] [map_server]: Creating
[sweepi_robot_manager_node.py-5] [component_container_isolated-1] [INFO] [1783806309.932275611] [nav2_container]: Load Library: /opt/ros/jazzy/lib/libamcl_core.so
[sweepi_robot_manager_node.py-5] [component_container_isolated-1] [INFO] [1783806309.956925790] [nav2_container]: Found class: rclcpp_components::NodeFactoryTemplate<nav2_amcl::AmclNode>
[sweepi_robot_manager_node.py-5] [component_container_isolated-1] [INFO] [1783806309.956995423] [nav2_container]: Instantiate class: rclcpp_components::NodeFactoryTemplate<nav2_amcl::AmclNode>
[sweepi_robot_manager_node.py-5] [component_container_isolated-1] [INFO] [1783806310.010296932] [amcl]: 
[sweepi_robot_manager_node.py-5] [component_container_isolated-1] 	amcl lifecycle node launched. 
[sweepi_robot_manager_node.py-5] [component_container_isolated-1] 	Waiting on external lifecycle transitions to activate
[sweepi_robot_manager_node.py-5] [component_container_isolated-1] 	See https://design.ros2.org/articles/node_lifecycle.html for more information.
[sweepi_robot_manager_node.py-5] [component_container_isolated-1] [INFO] [1783806310.014709027] [amcl]: Creating
[sweepi_robot_manager_node.py-5] [INFO] [launch_ros.actions.load_composable_nodes]: Loaded node '/amcl' in container '/nav2_container'
[sweepi_robot_manager_node.py-5] [component_container_isolated-1] [INFO] [1783806310.020220576] [nav2_container]: Load Library: /opt/ros/jazzy/lib/libsmoother_server_core.so
[sweepi_robot_manager_node.py-5] [component_container_isolated-1] [INFO] [1783806310.045071335] [nav2_container]: Found class: rclcpp_components::NodeFactoryTemplate<nav2_smoother::SmootherServer>
[sweepi_robot_manager_node.py-5] [component_container_isolated-1] [INFO] [1783806310.045138838] [nav2_container]: Instantiate class: rclcpp_components::NodeFactoryTemplate<nav2_smoother::SmootherServer>
[sweepi_robot_manager_node.py-5] [component_container_isolated-1] [INFO] [1783806310.119315824] [smoother_server]: 
[sweepi_robot_manager_node.py-5] [component_container_isolated-1] 	smoother_server lifecycle node launched. 
[sweepi_robot_manager_node.py-5] [component_container_isolated-1] 	Waiting on external lifecycle transitions to activate
[sweepi_robot_manager_node.py-5] [component_container_isolated-1] 	See https://design.ros2.org/articles/node_lifecycle.html for more information.
[sweepi_robot_manager_node.py-5] [component_container_isolated-1] [INFO] [1783806310.124574269] [smoother_server]: Creating smoother server
[sweepi_robot_manager_node.py-5] [INFO] [launch_ros.actions.load_composable_nodes]: Loaded node '/smoother_server' in container '/nav2_container'
[sweepi_robot_manager_node.py-5] [component_container_isolated-1] [INFO] [1783806310.129747230] [nav2_container]: Load Library: /opt/ros/jazzy/lib/libnav2_lifecycle_manager_core.so
[sweepi_robot_manager_node.py-5] [component_container_isolated-1] [INFO] [1783806310.136185763] [nav2_container]: Found class: rclcpp_components::NodeFactoryTemplate<nav2_lifecycle_manager::LifecycleManager>
[sweepi_robot_manager_node.py-5] [component_container_isolated-1] [INFO] [1783806310.136249432] [nav2_container]: Instantiate class: rclcpp_components::NodeFactoryTemplate<nav2_lifecycle_manager::LifecycleManager>
[sweepi_robot_manager_node.py-5] [component_container_isolated-1] [INFO] [1783806310.186615591] [lifecycle_manager_localization]: Creating
[sweepi_robot_manager_node.py-5] [component_container_isolated-1] [INFO] [1783806310.220816526] [lifecycle_manager_localization]: [34m[1mCreating and initializing lifecycle service clients[0m[0m
[sweepi_robot_manager_node.py-5] [component_container_isolated-1] [INFO] [1783806310.221796123] [nav2_container]: Load Library: /opt/ros/jazzy/lib/libplanner_server_core.so
[sweepi_robot_manager_node.py-5] [INFO] [launch_ros.actions.load_composable_nodes]: Loaded node '/lifecycle_manager_localization' in container '/nav2_container'
[sweepi_robot_manager_node.py-5] [component_container_isolated-1] [INFO] [1783806310.234480643] [nav2_container]: Found class: rclcpp_components::NodeFactoryTemplate<nav2_planner::PlannerServer>
[sweepi_robot_manager_node.py-5] [component_container_isolated-1] [INFO] [1783806310.234558850] [nav2_container]: Instantiate class: rclcpp_components::NodeFactoryTemplate<nav2_planner::PlannerServer>
[sweepi_robot_manager_node.py-5] [component_container_isolated-1] [INFO] [1783806310.253250867] [lifecycle_manager_localization]: [34m[1mStarting managed nodes bringup...[0m[0m
[sweepi_robot_manager_node.py-5] [component_container_isolated-1] [INFO] [1783806310.253936600] [lifecycle_manager_localization]: [34m[1mConfiguring map_server[0m[0m
[sweepi_robot_manager_node.py-5] [component_container_isolated-1] [INFO] [1783806310.254755042] [map_server]: Configuring
[sweepi_robot_manager_node.py-5] [component_container_isolated-1] [INFO] [1783806310.254926938] [map_io]: Loading yaml file: /home/sweepi/SweePi/maps/living_room.yaml
[sweepi_robot_manager_node.py-5] [component_container_isolated-1] [INFO] [1783806310.258474681] [map_io]: resolution: 0.05
[sweepi_robot_manager_node.py-5] [component_container_isolated-1] [INFO] [1783806310.258538832] [map_io]: origin[0]: -7.20409
[sweepi_robot_manager_node.py-5] [component_container_isolated-1] [INFO] [1783806310.258548796] [map_io]: origin[1]: -8.17541
[sweepi_robot_manager_node.py-5] [component_container_isolated-1] [INFO] [1783806310.258554444] [map_io]: origin[2]: 0
[sweepi_robot_manager_node.py-5] [component_container_isolated-1] [INFO] [1783806310.258560537] [map_io]: free_thresh: 0.196
[sweepi_robot_manager_node.py-5] [component_container_isolated-1] [INFO] [1783806310.258566056] [map_io]: occupied_thresh: 0.65
[sweepi_robot_manager_node.py-5] [component_container_isolated-1] [INFO] [1783806310.258577871] [map_io]: mode: trinary
[sweepi_robot_manager_node.py-5] [component_container_isolated-1] [INFO] [1783806310.258586482] [map_io]: negate: 0
[sweepi_robot_manager_node.py-5] [component_container_isolated-1] [INFO] [1783806310.283202343] [map_io]: Loading image_file: /home/sweepi/SweePi/maps/living_room.pgm
[sweepi_robot_manager_node.py-5] [component_container_isolated-1] [INFO] [1783806310.293585988] [map_io]: Read map /home/sweepi/SweePi/maps/living_room.pgm: 243 X 269 map @ 0.05 m/cell
[sweepi_robot_manager_node.py-5] [component_container_isolated-1] [INFO] [1783806310.316735416] [lifecycle_manager_localization]: [34m[1mConfiguring amcl[0m[0m
[sweepi_robot_manager_node.py-5] [component_container_isolated-1] [INFO] [1783806310.317774312] [amcl]: Configuring
[sweepi_robot_manager_node.py-5] [component_container_isolated-1] [INFO] [1783806310.318056473] [amcl]: initTransforms
[sweepi_robot_manager_node.py-5] [component_container_isolated-1] [INFO] [1783806310.324320720] [planner_server]: 
[sweepi_robot_manager_node.py-5] [component_container_isolated-1] 	planner_server lifecycle node launched. 
[sweepi_robot_manager_node.py-5] [component_container_isolated-1] 	Waiting on external lifecycle transitions to activate
[sweepi_robot_manager_node.py-5] [component_container_isolated-1] 	See https://design.ros2.org/articles/node_lifecycle.html for more information.
[sweepi_robot_manager_node.py-5] [component_container_isolated-1] [INFO] [1783806310.328772113] [planner_server]: Creating
[sweepi_robot_manager_node.py-5] [component_container_isolated-1] [INFO] [1783806310.367390958] [amcl]: initPubSub
[sweepi_robot_manager_node.py-5] [component_container_isolated-1] [INFO] [1783806310.414466088] [amcl]: Subscribed to map topic.
[sweepi_robot_manager_node.py-5] [component_container_isolated-1] [INFO] [1783806310.440520917] [lifecycle_manager_localization]: [34m[1mActivating map_server[0m[0m
[sweepi_robot_manager_node.py-5] [component_container_isolated-1] [INFO] [1783806310.441991239] [map_server]: Activating
[sweepi_robot_manager_node.py-5] [component_container_isolated-1] [INFO] [1783806310.442607265] [map_server]: Creating bond (map_server) to lifecycle manager.
[sweepi_robot_manager_node.py-5] [component_container_isolated-1] [INFO] [1783806310.445065296] [amcl]: Received a 243 X 269 map @ 0.050 m/pix
[sweepi_robot_manager_node.py-5] [coverage_arm_follow_path_executor_node.py-4] [INFO] [1783806310.448185428] [coverage_follow_path_executor_node]: Static map received for dynamic obstacle reference: topic=/map frame=map size=243x269 resolution=0.050 occupied_threshold=50
[sweepi_robot_manager_node.py-5] [coverage_tracker_node.py-2] [INFO] [1783806310.459233601] [coverage_tracker_node]: Initialized coverage map: 243x269 at 0.050 m/cell
[sweepi_robot_manager_node.py-5] [component_container_isolated-1] [INFO] [1783806310.474172310] [global_costmap.global_costmap]: 
[sweepi_robot_manager_node.py-5] [component_container_isolated-1] 	global_costmap lifecycle node launched. 
[sweepi_robot_manager_node.py-5] [component_container_isolated-1] 	Waiting on external lifecycle transitions to activate
[sweepi_robot_manager_node.py-5] [component_container_isolated-1] 	See https://design.ros2.org/articles/node_lifecycle.html for more information.
[sweepi_robot_manager_node.py-5] [component_container_isolated-1] [INFO] [1783806310.475168167] [global_costmap.global_costmap]: Creating Costmap
[sweepi_robot_manager_node.py-5] [INFO] [launch_ros.actions.load_composable_nodes]: Loaded node '/planner_server' in container '/nav2_container'
[sweepi_robot_manager_node.py-5] [component_container_isolated-1] [INFO] [1783806310.498695686] [nav2_container]: Load Library: /opt/ros/jazzy/lib/libroute_server_core.so
[sweepi_robot_manager_node.py-5] [component_container_isolated-1] [INFO] [1783806310.516715248] [nav2_container]: Found class: rclcpp_components::NodeFactoryTemplate<nav2_route::RouteServer>
[sweepi_robot_manager_node.py-5] [component_container_isolated-1] [INFO] [1783806310.516782010] [nav2_container]: Instantiate class: rclcpp_components::NodeFactoryTemplate<nav2_route::RouteServer>
[sweepi_robot_manager_node.py-5] [component_container_isolated-1] [INFO] [1783806310.584192559] [route_server]: 
[sweepi_robot_manager_node.py-5] [component_container_isolated-1] 	route_server lifecycle node launched. 
[sweepi_robot_manager_node.py-5] [component_container_isolated-1] 	Waiting on external lifecycle transitions to activate
[sweepi_robot_manager_node.py-5] [component_container_isolated-1] 	See https://design.ros2.org/articles/node_lifecycle.html for more information.
[sweepi_robot_manager_node.py-5] [INFO] [launch_ros.actions.load_composable_nodes]: Loaded node '/route_server' in container '/nav2_container'
[sweepi_robot_manager_node.py-5] [component_container_isolated-1] [INFO] [1783806310.586016841] [lifecycle_manager_localization]: Server map_server connected with bond.
[sweepi_robot_manager_node.py-5] [component_container_isolated-1] [INFO] [1783806310.586075362] [lifecycle_manager_localization]: [34m[1mActivating amcl[0m[0m
[sweepi_robot_manager_node.py-5] [component_container_isolated-1] [INFO] [1783806310.586456915] [amcl]: Activating
[sweepi_robot_manager_node.py-5] [component_container_isolated-1] [INFO] [1783806310.586533863] [amcl]: Creating bond (amcl) to lifecycle manager.
[sweepi_robot_manager_node.py-5] [component_container_isolated-1] [INFO] [1783806310.590767709] [nav2_container]: Load Library: /opt/ros/jazzy/lib/libbehavior_server_core.so
[sweepi_robot_manager_node.py-5] [component_container_isolated-1] [INFO] [1783806310.603095566] [nav2_container]: Found class: rclcpp_components::NodeFactoryTemplate<behavior_server::BehaviorServer>
[sweepi_robot_manager_node.py-5] [component_container_isolated-1] [INFO] [1783806310.603165866] [nav2_container]: Instantiate class: rclcpp_components::NodeFactoryTemplate<behavior_server::BehaviorServer>
[sweepi_robot_manager_node.py-5] [component_container_isolated-1] [INFO] [1783806310.611500035] [amcl]: createLaserObject
[sweepi_robot_manager_node.py-5] [coverage_tracker_node.py-2] [WARN] [1783806310.622342088] [coverage_tracker_node]: Could not get TF map -> base_footprint: "map" passed to lookupTransform argument target_frame does not exist. 
[sweepi_robot_manager_node.py-5] [component_container_isolated-1] [INFO] [1783806310.672265839] [behavior_server]: 
[sweepi_robot_manager_node.py-5] [component_container_isolated-1] 	behavior_server lifecycle node launched. 
[sweepi_robot_manager_node.py-5] [component_container_isolated-1] 	Waiting on external lifecycle transitions to activate
[sweepi_robot_manager_node.py-5] [component_container_isolated-1] 	See https://design.ros2.org/articles/node_lifecycle.html for more information.
[sweepi_robot_manager_node.py-5] [INFO] [launch_ros.actions.load_composable_nodes]: Loaded node '/behavior_server' in container '/nav2_container'
[sweepi_robot_manager_node.py-5] [component_container_isolated-1] [INFO] [1783806310.682740414] [nav2_container]: Load Library: /opt/ros/jazzy/lib/libbt_navigator_core.so
[sweepi_robot_manager_node.py-5] [component_container_isolated-1] [INFO] [1783806310.701146918] [lifecycle_manager_localization]: Server amcl connected with bond.
[sweepi_robot_manager_node.py-5] [component_container_isolated-1] [INFO] [1783806310.701250034] [lifecycle_manager_localization]: [34m[1mManaged nodes are active[0m[0m
[sweepi_robot_manager_node.py-5] [component_container_isolated-1] [INFO] [1783806310.701279609] [lifecycle_manager_localization]: [34m[1mCreating bond timer...[0m[0m
[sweepi_robot_manager_node.py-5] [component_container_isolated-1] [INFO] [1783806310.730969945] [nav2_container]: Found class: rclcpp_components::NodeFactoryTemplate<nav2_bt_navigator::BtNavigator>
[sweepi_robot_manager_node.py-5] [component_container_isolated-1] [INFO] [1783806310.731038077] [nav2_container]: Instantiate class: rclcpp_components::NodeFactoryTemplate<nav2_bt_navigator::BtNavigator>
[sweepi_robot_manager_node.py-5] [coverage_planner_node.py-3] [INFO] [1783806310.761267010] [coverage_planner_node]: Waiting for /global_costmap/costmap before generating frozen coverage path
[sweepi_robot_manager_node.py-5] [component_container_isolated-1] [INFO] [1783806310.803143419] [bt_navigator]: 
[sweepi_robot_manager_node.py-5] [component_container_isolated-1] 	bt_navigator lifecycle node launched. 
[sweepi_robot_manager_node.py-5] [component_container_isolated-1] 	Waiting on external lifecycle transitions to activate
[sweepi_robot_manager_node.py-5] [component_container_isolated-1] 	See https://design.ros2.org/articles/node_lifecycle.html for more information.
[sweepi_robot_manager_node.py-5] [component_container_isolated-1] [INFO] [1783806310.806237236] [bt_navigator]: Creating
[sweepi_robot_manager_node.py-5] [INFO] [launch_ros.actions.load_composable_nodes]: Loaded node '/bt_navigator' in container '/nav2_container'
[sweepi_robot_manager_node.py-5] [component_container_isolated-1] [INFO] [1783806310.811105480] [nav2_container]: Load Library: /opt/ros/jazzy/lib/libwaypoint_follower_core.so
[sweepi_robot_manager_node.py-5] [component_container_isolated-1] [INFO] [1783806310.822260435] [nav2_container]: Found class: rclcpp_components::NodeFactoryTemplate<nav2_waypoint_follower::WaypointFollower>
[sweepi_robot_manager_node.py-5] [component_container_isolated-1] [INFO] [1783806310.822334512] [nav2_container]: Instantiate class: rclcpp_components::NodeFactoryTemplate<nav2_waypoint_follower::WaypointFollower>
[sweepi_robot_manager_node.py-5] [component_container_isolated-1] [INFO] [1783806310.888162569] [waypoint_follower]: 
[sweepi_robot_manager_node.py-5] [component_container_isolated-1] 	waypoint_follower lifecycle node launched. 
[sweepi_robot_manager_node.py-5] [component_container_isolated-1] 	Waiting on external lifecycle transitions to activate
[sweepi_robot_manager_node.py-5] [component_container_isolated-1] 	See https://design.ros2.org/articles/node_lifecycle.html for more information.
[sweepi_robot_manager_node.py-5] [component_container_isolated-1] [INFO] [1783806310.891196753] [waypoint_follower]: Creating
[sweepi_robot_manager_node.py-5] [INFO] [launch_ros.actions.load_composable_nodes]: Loaded node '/waypoint_follower' in container '/nav2_container'
[sweepi_robot_manager_node.py-5] [component_container_isolated-1] [INFO] [1783806310.896590371] [nav2_container]: Load Library: /opt/ros/jazzy/lib/libvelocity_smoother_core.so
[sweepi_robot_manager_node.py-5] [component_container_isolated-1] [INFO] [1783806310.909141905] [nav2_container]: Found class: rclcpp_components::NodeFactoryTemplate<nav2_velocity_smoother::VelocitySmoother>
[sweepi_robot_manager_node.py-5] [component_container_isolated-1] [INFO] [1783806310.909217834] [nav2_container]: Instantiate class: rclcpp_components::NodeFactoryTemplate<nav2_velocity_smoother::VelocitySmoother>
[sweepi_robot_manager_node.py-5] [component_container_isolated-1] [INFO] [1783806310.943649575] [amcl]: Message Filter dropping message: frame 'lidar_link' at time 1783806310.309 for reason 'the timestamp on the message is earlier than all the data in the transform cache'
[sweepi_robot_manager_node.py-5] [component_container_isolated-1] [INFO] [1783806310.977949273] [velocity_smoother]: 
[sweepi_robot_manager_node.py-5] [component_container_isolated-1] 	velocity_smoother lifecycle node launched. 
[sweepi_robot_manager_node.py-5] [component_container_isolated-1] 	Waiting on external lifecycle transitions to activate
[sweepi_robot_manager_node.py-5] [component_container_isolated-1] 	See https://design.ros2.org/articles/node_lifecycle.html for more information.
[sweepi_robot_manager_node.py-5] [INFO] [launch_ros.actions.load_composable_nodes]: Loaded node '/velocity_smoother' in container '/nav2_container'
[sweepi_robot_manager_node.py-5] [component_container_isolated-1] [INFO] [1783806310.983444951] [nav2_container]: Load Library: /opt/ros/jazzy/lib/libcollision_monitor_core.so
[sweepi_robot_manager_node.py-5] [component_container_isolated-1] [INFO] [1783806311.013926597] [nav2_container]: Found class: rclcpp_components::NodeFactoryTemplate<nav2_collision_monitor::CollisionMonitor>
[sweepi_robot_manager_node.py-5] [component_container_isolated-1] [INFO] [1783806311.013997378] [nav2_container]: Instantiate class: rclcpp_components::NodeFactoryTemplate<nav2_collision_monitor::CollisionMonitor>
[sweepi_robot_manager_node.py-5] [component_container_isolated-1] [INFO] [1783806311.083476103] [collision_monitor]: 
[sweepi_robot_manager_node.py-5] [component_container_isolated-1] 	collision_monitor lifecycle node launched. 
[sweepi_robot_manager_node.py-5] [component_container_isolated-1] 	Waiting on external lifecycle transitions to activate
[sweepi_robot_manager_node.py-5] [component_container_isolated-1] 	See https://design.ros2.org/articles/node_lifecycle.html for more information.
[sweepi_robot_manager_node.py-5] [INFO] [launch_ros.actions.load_composable_nodes]: Loaded node '/collision_monitor' in container '/nav2_container'
[sweepi_robot_manager_node.py-5] [component_container_isolated-1] [INFO] [1783806311.090008324] [nav2_container]: Load Library: /opt/ros/jazzy/lib/libopennav_docking_core.so
[sweepi_robot_manager_node.py-5] [component_container_isolated-1] [INFO] [1783806311.111857399] [nav2_container]: Found class: rclcpp_components::NodeFactoryTemplate<opennav_docking::DockingServer>
[sweepi_robot_manager_node.py-5] [component_container_isolated-1] [INFO] [1783806311.111932940] [nav2_container]: Instantiate class: rclcpp_components::NodeFactoryTemplate<opennav_docking::DockingServer>
[sweepi_robot_manager_node.py-5] [component_container_isolated-1] [INFO] [1783806311.185485356] [docking_server]: 
[sweepi_robot_manager_node.py-5] [component_container_isolated-1] 	docking_server lifecycle node launched. 
[sweepi_robot_manager_node.py-5] [component_container_isolated-1] 	Waiting on external lifecycle transitions to activate
[sweepi_robot_manager_node.py-5] [component_container_isolated-1] 	See https://design.ros2.org/articles/node_lifecycle.html for more information.
[sweepi_robot_manager_node.py-5] [component_container_isolated-1] [INFO] [1783806311.185604139] [docking_server]: Creating docking_server
[sweepi_robot_manager_node.py-5] [INFO] [launch_ros.actions.load_composable_nodes]: Loaded node '/docking_server' in container '/nav2_container'
[sweepi_robot_manager_node.py-5] [component_container_isolated-1] [INFO] [1783806311.192400186] [nav2_container]: Found class: rclcpp_components::NodeFactoryTemplate<nav2_lifecycle_manager::LifecycleManager>
[sweepi_robot_manager_node.py-5] [component_container_isolated-1] [INFO] [1783806311.192454892] [nav2_container]: Instantiate class: rclcpp_components::NodeFactoryTemplate<nav2_lifecycle_manager::LifecycleManager>
[sweepi_robot_manager_node.py-5] [component_container_isolated-1] [INFO] [1783806311.245005955] [lifecycle_manager_navigation]: Creating
[sweepi_robot_manager_node.py-5] [INFO] [launch_ros.actions.load_composable_nodes]: Loaded node '/lifecycle_manager_navigation' in container '/nav2_container'
[sweepi_robot_manager_node.py-5] [component_container_isolated-1] [INFO] [1783806311.260301307] [lifecycle_manager_navigation]: [34m[1mCreating and initializing lifecycle service clients[0m[0m
[sweepi_robot_manager_node.py-5] [component_container_isolated-1] [INFO] [1783806311.350579859] [lifecycle_manager_navigation]: [34m[1mStarting managed nodes bringup...[0m[0m
[sweepi_robot_manager_node.py-5] [component_container_isolated-1] [INFO] [1783806311.350696679] [lifecycle_manager_navigation]: [34m[1mConfiguring controller_server[0m[0m
[sweepi_robot_manager_node.py-5] [component_container_isolated-1] [INFO] [1783806311.351393486] [controller_server]: Configuring controller interface
[sweepi_robot_manager_node.py-5] [component_container_isolated-1] [INFO] [1783806311.351454933] [controller_server]: getting progress checker plugins..
[sweepi_robot_manager_node.py-5] [component_container_isolated-1] [INFO] [1783806311.352131573] [controller_server]: getting goal checker plugins..
[sweepi_robot_manager_node.py-5] [component_container_isolated-1] [INFO] [1783806311.352600778] [controller_server]: Controller frequency set to 10.0000Hz
[sweepi_robot_manager_node.py-5] [component_container_isolated-1] [INFO] [1783806311.352725876] [local_costmap.local_costmap]: Configuring
[sweepi_robot_manager_node.py-5] [component_container_isolated-1] [INFO] [1783806311.379931437] [local_costmap.local_costmap]: Using plugin "obstacle_layer"
[sweepi_robot_manager_node.py-5] [component_container_isolated-1] [INFO] [1783806311.415806959] [local_costmap.local_costmap]: Subscribed to Topics: scan
[sweepi_robot_manager_node.py-5] [component_container_isolated-1] [INFO] [1783806311.429557635] [local_costmap.local_costmap]: Initialized plugin "obstacle_layer"
[sweepi_robot_manager_node.py-5] [component_container_isolated-1] [INFO] [1783806311.429635694] [local_costmap.local_costmap]: Using plugin "inflation_layer"
[sweepi_robot_manager_node.py-5] [component_container_isolated-1] [INFO] [1783806311.432296584] [local_costmap.local_costmap]: Initialized plugin "inflation_layer"
[sweepi_robot_manager_node.py-5] [component_container_isolated-1] [INFO] [1783806311.502251089] [controller_server]: Created progress_checker : progress_checker of type nav2_controller::SimpleProgressChecker
[sweepi_robot_manager_node.py-5] [component_container_isolated-1] [INFO] [1783806311.503044159] [controller_server]: Controller Server has progress_checker  progress checkers available.
[sweepi_robot_manager_node.py-5] [component_container_isolated-1] [INFO] [1783806311.506385079] [controller_server]: Created goal checker : goal_checker of type nav2_controller::SimpleGoalChecker
[sweepi_robot_manager_node.py-5] [component_container_isolated-1] [INFO] [1783806311.509856763] [controller_server]: Controller Server has goal_checker  goal checkers available.
[sweepi_robot_manager_node.py-5] [component_container_isolated-1] [INFO] [1783806311.516664496] [controller_server]: Created controller : FollowPath of type nav2_regulated_pure_pursuit_controller::RegulatedPurePursuitController
[sweepi_robot_manager_node.py-5] [component_container_isolated-1] [INFO] [1783806311.547920674] [controller_server]: Controller Server has FollowPath  controllers available.
[sweepi_robot_manager_node.py-5] [component_container_isolated-1] [INFO] [1783806311.587841738] [lifecycle_manager_navigation]: [34m[1mConfiguring smoother_server[0m[0m
[sweepi_robot_manager_node.py-5] [component_container_isolated-1] [INFO] [1783806311.588243125] [smoother_server]: Configuring smoother server
[sweepi_robot_manager_node.py-5] [component_container_isolated-1] [INFO] [1783806311.621867199] [smoother_server]: Created smoother : simple_smoother of type nav2_smoother::SimpleSmoother
[sweepi_robot_manager_node.py-5] [component_container_isolated-1] [INFO] [1783806311.628686211] [smoother_server]: Smoother Server has simple_smoother  smoothers available.
[sweepi_robot_manager_node.py-5] [component_container_isolated-1] [INFO] [1783806311.653987117] [lifecycle_manager_navigation]: [34m[1mConfiguring planner_server[0m[0m
[sweepi_robot_manager_node.py-5] [component_container_isolated-1] [INFO] [1783806311.654547049] [planner_server]: Configuring
[sweepi_robot_manager_node.py-5] [component_container_isolated-1] [INFO] [1783806311.654656183] [global_costmap.global_costmap]: Configuring
[sweepi_robot_manager_node.py-5] [component_container_isolated-1] [INFO] [1783806311.679831158] [global_costmap.global_costmap]: Using plugin "static_layer"
[sweepi_robot_manager_node.py-5] [component_container_isolated-1] [INFO] [1783806311.687405646] [global_costmap.global_costmap]: Subscribing to the map topic (/map) with transient local durability
[sweepi_robot_manager_node.py-5] [component_container_isolated-1] [INFO] [1783806311.690772067] [global_costmap.global_costmap]: Initialized plugin "static_layer"
[sweepi_robot_manager_node.py-5] [component_container_isolated-1] [INFO] [1783806311.690877145] [global_costmap.global_costmap]: Using plugin "obstacle_layer"
[sweepi_robot_manager_node.py-5] [component_container_isolated-1] [INFO] [1783806311.697947945] [global_costmap.global_costmap]: Subscribed to Topics: scan
[sweepi_robot_manager_node.py-5] [component_container_isolated-1] [INFO] [1783806311.717881531] [global_costmap.global_costmap]: Initialized plugin "obstacle_layer"
[sweepi_robot_manager_node.py-5] [component_container_isolated-1] [INFO] [1783806311.717939497] [global_costmap.global_costmap]: Using plugin "inflation_layer"
[sweepi_robot_manager_node.py-5] [component_container_isolated-1] [INFO] [1783806311.721977113] [global_costmap.global_costmap]: Initialized plugin "inflation_layer"
[sweepi_robot_manager_node.py-5] [component_container_isolated-1] [INFO] [1783806311.812246145] [global_costmap.global_costmap]: StaticLayer: Resizing costmap to 243 X 269 at 0.050000 m/pix
[sweepi_robot_manager_node.py-5] [component_container_isolated-1] [INFO] [1783806311.816342949] [planner_server]: Created global planner plugin GridBased of type nav2_navfn_planner::NavfnPlanner
[sweepi_robot_manager_node.py-5] [component_container_isolated-1] [INFO] [1783806311.816939659] [planner_server]: Configuring plugin GridBased of type NavfnPlanner
[sweepi_robot_manager_node.py-5] [component_container_isolated-1] [INFO] [1783806311.820004752] [planner_server]: Planner Server has GridBased  planners available.
[sweepi_robot_manager_node.py-5] [component_container_isolated-1] [INFO] [1783806311.868977163] [lifecycle_manager_navigation]: [34m[1mConfiguring route_server[0m[0m
[sweepi_robot_manager_node.py-5] [component_container_isolated-1] [INFO] [1783806311.869390440] [route_server]: Configuring
[sweepi_robot_manager_node.py-5] [component_container_isolated-1] [INFO] [1783806311.965921145] [route_server]: Created GraphFileLoader GeoJsonGraphFileLoader of type nav2_route::GeoJsonGraphFileLoader
[sweepi_robot_manager_node.py-5] [component_container_isolated-1] [INFO] [1783806311.965995926] [route_server]: Configuring geojson graph file loader
[sweepi_robot_manager_node.py-5] [component_container_isolated-1] [INFO] [1783806311.966990543] [route_server]: No graph file provided to load yet.
[sweepi_robot_manager_node.py-5] [component_container_isolated-1] [INFO] [1783806311.979591114] [route_server]: Created edge cost function plugin DistanceScorer of type nav2_route::DistanceScorer
[sweepi_robot_manager_node.py-5] [component_container_isolated-1] [INFO] [1783806311.979662784] [route_server]: Configuring distance scorer.
[sweepi_robot_manager_node.py-5] [component_container_isolated-1] [INFO] [1783806311.982751081] [route_server]: Created edge cost function plugin CostmapScorer of type nav2_route::CostmapScorer
[sweepi_robot_manager_node.py-5] [component_container_isolated-1] [INFO] [1783806311.982828992] [route_server]: Configuring costmap scorer.
[sweepi_robot_manager_node.py-5] [component_container_isolated-1] [INFO] [1783806311.999967034] [route_server]: Created route operation AdjustSpeedLimit of type nav2_route::AdjustSpeedLimit
[sweepi_robot_manager_node.py-5] [component_container_isolated-1] [INFO] [1783806312.000081854] [route_server]: Configuring Adjust speed limit operation.
[sweepi_robot_manager_node.py-5] [component_container_isolated-1] [INFO] [1783806312.005549493] [route_server]: Created route operation ReroutingService of type nav2_route::ReroutingService
[sweepi_robot_manager_node.py-5] [component_container_isolated-1] [INFO] [1783806312.005642978] [route_server]: Configuring Rerouting service operation.
[sweepi_robot_manager_node.py-5] [component_container_isolated-1] [INFO] [1783806312.014618414] [route_server]: Created route operation CollisionMonitor of type nav2_route::CollisionMonitor
[sweepi_robot_manager_node.py-5] [component_container_isolated-1] [INFO] [1783806312.015707571] [route_server]: Using costmap topic: local_costmap/costmap_raw instead of server costmap topic: global_costmap/costmap_raw for CollisionMonitor.
[sweepi_robot_manager_node.py-5] [component_container_isolated-1] [INFO] [1783806312.032610268] [lifecycle_manager_navigation]: [34m[1mConfiguring behavior_server[0m[0m
[sweepi_robot_manager_node.py-5] [component_container_isolated-1] [INFO] [1783806312.032927800] [behavior_server]: Configuring
[sweepi_robot_manager_node.py-5] [component_container_isolated-1] [INFO] [1783806312.048298025] [behavior_server]: Creating behavior plugin spin of type nav2_behaviors::Spin
[sweepi_robot_manager_node.py-5] [component_container_isolated-1] [INFO] [1783806312.057811205] [behavior_server]: Creating behavior plugin backup of type nav2_behaviors::BackUp
[sweepi_robot_manager_node.py-5] [component_container_isolated-1] [INFO] [1783806312.067168879] [behavior_server]: Creating behavior plugin drive_on_heading of type nav2_behaviors::DriveOnHeading
[sweepi_robot_manager_node.py-5] [component_container_isolated-1] [INFO] [1783806312.075075288] [behavior_server]: Creating behavior plugin assisted_teleop of type nav2_behaviors::AssistedTeleop
[sweepi_robot_manager_node.py-5] [component_container_isolated-1] [INFO] [1783806312.093118312] [behavior_server]: Creating behavior plugin wait of type nav2_behaviors::Wait
[sweepi_robot_manager_node.py-5] [component_container_isolated-1] [INFO] [1783806312.111267376] [behavior_server]: Configuring spin
[sweepi_robot_manager_node.py-5] [component_container_isolated-1] [INFO] [1783806312.142249281] [behavior_server]: Configuring backup
[sweepi_robot_manager_node.py-5] [component_container_isolated-1] [INFO] [1783806312.165536619] [behavior_server]: Configuring drive_on_heading
[sweepi_robot_manager_node.py-5] [component_container_isolated-1] [INFO] [1783806312.188609855] [behavior_server]: Configuring assisted_teleop
[sweepi_robot_manager_node.py-5] [component_container_isolated-1] [INFO] [1783806312.230510462] [behavior_server]: Configuring wait
[sweepi_robot_manager_node.py-5] [component_container_isolated-1] [INFO] [1783806312.260138106] [lifecycle_manager_navigation]: [34m[1mConfiguring velocity_smoother[0m[0m
[sweepi_robot_manager_node.py-5] [component_container_isolated-1] [INFO] [1783806312.261170946] [velocity_smoother]: Configuring velocity smoother
[sweepi_robot_manager_node.py-5] [component_container_isolated-1] [INFO] [1783806312.282631354] [lifecycle_manager_navigation]: [34m[1mConfiguring collision_monitor[0m[0m
[sweepi_robot_manager_node.py-5] [component_container_isolated-1] [INFO] [1783806312.282982703] [collision_monitor]: Configuring
[sweepi_robot_manager_node.py-5] [component_container_isolated-1] [INFO] [1783806312.307395107] [collision_monitor]: [scan]: Creating Scan
[sweepi_robot_manager_node.py-5] [component_container_isolated-1] [INFO] [1783806312.318625397] [collision_monitor]: [FootprintApproach]: Creating Polygon
[sweepi_robot_manager_node.py-5] [component_container_isolated-1] [INFO] [1783806312.324158483] [collision_monitor]: [FootprintApproach]: Polygon points are not defined. Using dynamic subscription instead.
[sweepi_robot_manager_node.py-5] [component_container_isolated-1] [INFO] [1783806312.331188392] [collision_monitor]: [FootprintApproach]: Making footprint subscriber on /local_costmap/published_footprint topic
[sweepi_robot_manager_node.py-5] [component_container_isolated-1] [INFO] [1783806312.356540947] [lifecycle_manager_navigation]: [34m[1mConfiguring bt_navigator[0m[0m
[sweepi_robot_manager_node.py-5] [component_container_isolated-1] [INFO] [1783806312.357002503] [bt_navigator]: Configuring
[sweepi_robot_manager_node.py-5] [component_container_isolated-1] [INFO] [1783806312.379838081] [bt_navigator]: Creating navigator id navigate_to_pose of type nav2_bt_navigator::NavigateToPoseNavigator
[sweepi_robot_manager_node.py-5] [component_container_isolated-1] [WARN] [1783806312.408133280] [amcl]: AMCL cannot publish a pose or update the transform. Please set the initial pose...
[api_bridge_node-6] [INFO] [1783806312.616466101] [sweepi_api_bridge]: HTTP "GET /api/cleaning/status HTTP/1.1" 200 -
[api_bridge_node-6] [INFO] [1783806312.633249497] [sweepi_api_bridge]: HTTP "GET /api/cleaning/path?stride=5 HTTP/1.1" 200 -
[sweepi_robot_manager_node.py-5] [component_container_isolated-1] [INFO] [1783806312.978839574] [bt_navigator]: Creating navigator id navigate_through_poses of type nav2_bt_navigator::NavigateThroughPosesNavigator
[sweepi_robot_manager_node.py-5] [component_container_isolated-1] [INFO] [1783806313.161080075] [lifecycle_manager_navigation]: [34m[1mConfiguring waypoint_follower[0m[0m
[sweepi_robot_manager_node.py-5] [component_container_isolated-1] [INFO] [1783806313.161539742] [waypoint_follower]: Configuring
[sweepi_robot_manager_node.py-5] [component_container_isolated-1] [INFO] [1783806313.285853904] [waypoint_follower]: Created waypoint_task_executor : wait_at_waypoint of type nav2_waypoint_follower::WaitAtWaypoint
[sweepi_robot_manager_node.py-5] [component_container_isolated-1] [INFO] [1783806313.289209287] [lifecycle_manager_navigation]: [34m[1mConfiguring docking_server[0m[0m
[sweepi_robot_manager_node.py-5] [component_container_isolated-1] [INFO] [1783806313.289734920] [docking_server]: Configuring docking_server
[sweepi_robot_manager_node.py-5] [component_container_isolated-1] [INFO] [1783806313.289878741] [docking_server]: Controller frequency set to 50.0000Hz
[sweepi_robot_manager_node.py-5] [component_container_isolated-1] [INFO] [1783806313.416127670] [docking_server]: Created charging dock plugin simple_charging_dock of type opennav_docking::SimpleChargingDock
[sweepi_robot_manager_node.py-5] [component_container_isolated-1] [WARN] [1783806313.451343065] [docking_server]: Dock database filepath nor dock parameters set. Docking actions can only be executed specifying the dock pose via the action request. Or update the dock database via the reload_database service.
[sweepi_robot_manager_node.py-5] [component_container_isolated-1] [INFO] [1783806313.451493146] [docking_server]: Docking Server has 1 dock types and 0 dock instances available.
[sweepi_robot_manager_node.py-5] [component_container_isolated-1] [INFO] [1783806313.460884765] [lifecycle_manager_navigation]: [34m[1mActivating controller_server[0m[0m
[sweepi_robot_manager_node.py-5] [component_container_isolated-1] [INFO] [1783806313.461360081] [controller_server]: Activating
[sweepi_robot_manager_node.py-5] [component_container_isolated-1] [INFO] [1783806313.461442696] [local_costmap.local_costmap]: Activating
[sweepi_robot_manager_node.py-5] [component_container_isolated-1] [INFO] [1783806313.461462956] [local_costmap.local_costmap]: Checking transform
[sweepi_robot_manager_node.py-5] [component_container_isolated-1] [INFO] [1783806313.461770414] [local_costmap.local_costmap]: start
[sweepi_robot_manager_node.py-5] [component_container_isolated-1] [INFO] [1783806313.714891112] [controller_server]: Activating controller: FollowPath of type regulated_pure_pursuit_controller::RegulatedPurePursuitController
[sweepi_robot_manager_node.py-5] [component_container_isolated-1] [INFO] [1783806313.715041878] [controller_server]: Creating bond (controller_server) to lifecycle manager.
[sweepi_robot_manager_node.py-5] [coverage_arm_follow_path_executor_node.py-4] [INFO] [1783806313.717418238] [coverage_follow_path_executor_node]: Local costmap received for dynamic obstacle skip: topic=/local_costmap/costmap frame=odom size=100x100 resolution=0.050 threshold=100 detection_radius=0.230m unknown_blocked=true
[sweepi_robot_manager_node.py-5] [coverage_planner_node.py-3] [INFO] [1783806313.760957559] [coverage_planner_node]: Waiting for /global_costmap/costmap before generating frozen coverage path
[sweepi_robot_manager_node.py-5] [component_container_isolated-1] [INFO] [1783806313.836327930] [lifecycle_manager_navigation]: Server controller_server connected with bond.
[sweepi_robot_manager_node.py-5] [component_container_isolated-1] [INFO] [1783806313.836412545] [lifecycle_manager_navigation]: [34m[1mActivating smoother_server[0m[0m
[sweepi_robot_manager_node.py-5] [component_container_isolated-1] [INFO] [1783806313.838557617] [smoother_server]: Activating
[sweepi_robot_manager_node.py-5] [component_container_isolated-1] [INFO] [1783806313.838693234] [smoother_server]: Creating bond (smoother_server) to lifecycle manager.
[sweepi_robot_manager_node.py-5] [component_container_isolated-1] [INFO] [1783806313.952327815] [lifecycle_manager_navigation]: Server smoother_server connected with bond.
[sweepi_robot_manager_node.py-5] [component_container_isolated-1] [INFO] [1783806313.952439282] [lifecycle_manager_navigation]: [34m[1mActivating planner_server[0m[0m
[sweepi_robot_manager_node.py-5] [component_container_isolated-1] [INFO] [1783806313.953111329] [planner_server]: Activating
[sweepi_robot_manager_node.py-5] [component_container_isolated-1] [INFO] [1783806313.953216926] [global_costmap.global_costmap]: Activating
[sweepi_robot_manager_node.py-5] [component_container_isolated-1] [INFO] [1783806313.953240094] [global_costmap.global_costmap]: Checking transform
[sweepi_robot_manager_node.py-5] [component_container_isolated-1] [INFO] [1783806313.953278188] [global_costmap.global_costmap]: Timed out waiting for transform from base_footprint to map to become available, tf error: Invalid frame ID "map" passed to canTransform argument target_frame - frame does not exist
[sweepi_robot_manager_node.py-5] [component_container_isolated-1] [INFO] [1783806314.453350291] [global_costmap.global_costmap]: Timed out waiting for transform from base_footprint to map to become available, tf error: Invalid frame ID "map" passed to canTransform argument target_frame - frame does not exist
[sweepi_robot_manager_node.py-5] [component_container_isolated-1] [WARN] [1783806314.506227188] [amcl]: AMCL cannot publish a pose or update the transform. Please set the initial pose...
[sweepi_robot_manager_node.py-5] [component_container_isolated-1] [INFO] [1783806314.953350831] [global_costmap.global_costmap]: Timed out waiting for transform from base_footprint to map to become available, tf error: Invalid frame ID "map" passed to canTransform argument target_frame - frame does not exist
[sweepi_robot_manager_node.py-5] [component_container_isolated-1] [INFO] [1783806315.453362319] [global_costmap.global_costmap]: Timed out waiting for transform from base_footprint to map to become available, tf error: Invalid frame ID "map" passed to canTransform argument target_frame - frame does not exist
[sweepi_robot_manager_node.py-5] [coverage_tracker_node.py-2] [WARN] [1783806315.736502041] [coverage_tracker_node]: Could not get TF map -> base_footprint: "map" passed to lookupTransform argument target_frame does not exist. 
[sweepi_robot_manager_node.py-5] [component_container_isolated-1] [INFO] [1783806315.953348007] [global_costmap.global_costmap]: Timed out waiting for transform from base_footprint to map to become available, tf error: Invalid frame ID "map" passed to canTransform argument target_frame - frame does not exist
[sweepi_robot_manager_node.py-5] [component_container_isolated-1] [INFO] [1783806316.453349439] [global_costmap.global_costmap]: Timed out waiting for transform from base_footprint to map to become available, tf error: Invalid frame ID "map" passed to canTransform argument target_frame - frame does not exist
[sweepi_robot_manager_node.py-5] [component_container_isolated-1] [WARN] [1783806316.601358532] [amcl]: AMCL cannot publish a pose or update the transform. Please set the initial pose...
[sweepi_robot_manager_node.py-5] [coverage_planner_node.py-3] [INFO] [1783806316.760829515] [coverage_planner_node]: Waiting for /global_costmap/costmap before generating frozen coverage path
[sweepi_robot_manager_node.py-5] [component_container_isolated-1] [INFO] [1783806316.953365517] [global_costmap.global_costmap]: Timed out waiting for transform from base_footprint to map to become available, tf error: Invalid frame ID "map" passed to canTransform argument target_frame - frame does not exist
[sweepi_robot_manager_node.py-5] [component_container_isolated-1] [INFO] [1783806317.453354208] [global_costmap.global_costmap]: Timed out waiting for transform from base_footprint to map to become available, tf error: Invalid frame ID "map" passed to canTransform argument target_frame - frame does not exist
[sweepi_robot_manager_node.py-5] [component_container_isolated-1] [INFO] [1783806317.953344895] [global_costmap.global_costmap]: Timed out waiting for transform from base_footprint to map to become available, tf error: Invalid frame ID "map" passed to canTransform argument target_frame - frame does not exist
[sweepi_robot_manager_node.py-5] [component_container_isolated-1] [INFO] [1783806318.453362828] [global_costmap.global_costmap]: Timed out waiting for transform from base_footprint to map to become available, tf error: Invalid frame ID "map" passed to canTransform argument target_frame - frame does not exist
[sweepi_robot_manager_node.py-5] [component_container_isolated-1] [WARN] [1783806318.695402506] [amcl]: AMCL cannot publish a pose or update the transform. Please set the initial pose...
[sweepi_robot_manager_node.py-5] [component_container_isolated-1] [INFO] [1783806318.953349349] [global_costmap.global_costmap]: Timed out waiting for transform from base_footprint to map to become available, tf error: Invalid frame ID "map" passed to canTransform argument target_frame - frame does not exist
[sweepi_robot_manager_node.py-5] [component_container_isolated-1] [INFO] [1783806319.453342096] [global_costmap.global_costmap]: Timed out waiting for transform from base_footprint to map to become available, tf error: Invalid frame ID "map" passed to canTransform argument target_frame - frame does not exist
[sweepi_robot_manager_node.py-5] [coverage_planner_node.py-3] [INFO] [1783806319.760820048] [coverage_planner_node]: Waiting for /global_costmap/costmap before generating frozen coverage path
[sweepi_robot_manager_node.py-5] [component_container_isolated-1] [INFO] [1783806319.953331247] [global_costmap.global_costmap]: Timed out waiting for transform from base_footprint to map to become available, tf error: Invalid frame ID "map" passed to canTransform argument target_frame - frame does not exist
[sweepi_robot_manager_node.py-5] [component_container_isolated-1] [INFO] [1783806320.453354218] [global_costmap.global_costmap]: Timed out waiting for transform from base_footprint to map to become available, tf error: Invalid frame ID "map" passed to canTransform argument target_frame - frame does not exist
[sweepi_robot_manager_node.py-5] [component_container_isolated-1] [WARN] [1783806320.695519050] [amcl]: AMCL cannot publish a pose or update the transform. Please set the initial pose...
[sweepi_robot_manager_node.py-5] [coverage_tracker_node.py-2] [WARN] [1783806320.860285799] [coverage_tracker_node]: Could not get TF map -> base_footprint: "map" passed to lookupTransform argument target_frame does not exist. 
[sweepi_robot_manager_node.py-5] [component_container_isolated-1] [INFO] [1783806320.953343795] [global_costmap.global_costmap]: Timed out waiting for transform from base_footprint to map to become available, tf error: Invalid frame ID "map" passed to canTransform argument target_frame - frame does not exist
[sweepi_robot_manager_node.py-5] [component_container_isolated-1] [INFO] [1783806321.453350174] [global_costmap.global_costmap]: Timed out waiting for transform from base_footprint to map to become available, tf error: Invalid frame ID "map" passed to canTransform argument target_frame - frame does not exist
[sweepi_robot_manager_node.py-5] [component_container_isolated-1] [INFO] [1783806321.953353900] [global_costmap.global_costmap]: Timed out waiting for transform from base_footprint to map to become available, tf error: Invalid frame ID "map" passed to canTransform argument target_frame - frame does not exist
[sweepi_robot_manager_node.py-5] [component_container_isolated-1] [INFO] [1783806322.453347852] [global_costmap.global_costmap]: Timed out waiting for transform from base_footprint to map to become available, tf error: Invalid frame ID "map" passed to canTransform argument target_frame - frame does not exist
[sweepi_robot_manager_node.py-5] [coverage_planner_node.py-3] [INFO] [1783806322.760839182] [coverage_planner_node]: Waiting for /global_costmap/costmap before generating frozen coverage path
[sweepi_robot_manager_node.py-5] [component_container_isolated-1] [WARN] [1783806322.794174994] [amcl]: AMCL cannot publish a pose or update the transform. Please set the initial pose...
[sweepi_robot_manager_node.py-5] [component_container_isolated-1] [INFO] [1783806322.953352617] [global_costmap.global_costmap]: Timed out waiting for transform from base_footprint to map to become available, tf error: Invalid frame ID "map" passed to canTransform argument target_frame - frame does not exist
[sweepi_robot_manager_node.py-5] [component_container_isolated-1] [INFO] [1783806323.453353996] [global_costmap.global_costmap]: Timed out waiting for transform from base_footprint to map to become available, tf error: Invalid frame ID "map" passed to canTransform argument target_frame - frame does not exist
[sweepi_robot_manager_node.py-5] [component_container_isolated-1] [INFO] [1783806323.953342464] [global_costmap.global_costmap]: Timed out waiting for transform from base_footprint to map to become available, tf error: Invalid frame ID "map" passed to canTransform argument target_frame - frame does not exist
[sweepi_robot_manager_node.py-5] [component_container_isolated-1] [INFO] [1783806324.453347326] [global_costmap.global_costmap]: Timed out waiting for transform from base_footprint to map to become available, tf error: Invalid frame ID "map" passed to canTransform argument target_frame - frame does not exist
[sweepi_robot_manager_node.py-5] [component_container_isolated-1] [WARN] [1783806324.892739524] [amcl]: AMCL cannot publish a pose or update the transform. Please set the initial pose...
[sweepi_robot_manager_node.py-5] [component_container_isolated-1] [INFO] [1783806324.953347796] [global_costmap.global_costmap]: Timed out waiting for transform from base_footprint to map to become available, tf error: Invalid frame ID "map" passed to canTransform argument target_frame - frame does not exist
[sweepi_robot_manager_node.py-5] [component_container_isolated-1] [INFO] [1783806325.453351677] [global_costmap.global_costmap]: Timed out waiting for transform from base_footprint to map to become available, tf error: Invalid frame ID "map" passed to canTransform argument target_frame - frame does not exist
[sweepi_robot_manager_node.py-5] [coverage_planner_node.py-3] [INFO] [1783806325.760814550] [coverage_planner_node]: Waiting for /global_costmap/costmap before generating frozen coverage path
[sweepi_robot_manager_node.py-5] [coverage_tracker_node.py-2] [WARN] [1783806325.860304260] [coverage_tracker_node]: Could not get TF map -> base_footprint: "map" passed to lookupTransform argument target_frame does not exist. 
[sweepi_robot_manager_node.py-5] [component_container_isolated-1] [INFO] [1783806325.953357630] [global_costmap.global_costmap]: Timed out waiting for transform from base_footprint to map to become available, tf error: Invalid frame ID "map" passed to canTransform argument target_frame - frame does not exist
[sweepi_robot_manager_node.py-5] [component_container_isolated-1] [INFO] [1783806326.453350216] [global_costmap.global_costmap]: Timed out waiting for transform from base_footprint to map to become available, tf error: Invalid frame ID "map" passed to canTransform argument target_frame - frame does not exist
[sweepi_robot_manager_node.py-5] [component_container_isolated-1] [WARN] [1783806326.893097828] [amcl]: AMCL cannot publish a pose or update the transform. Please set the initial pose...
[sweepi_robot_manager_node.py-5] [component_container_isolated-1] [INFO] [1783806326.953347058] [global_costmap.global_costmap]: Timed out waiting for transform from base_footprint to map to become available, tf error: Invalid frame ID "map" passed to canTransform argument target_frame - frame does not exist
[sweepi_robot_manager_node.py-5] [component_container_isolated-1] [INFO] [1783806327.453413019] [global_costmap.global_costmap]: Timed out waiting for transform from base_footprint to map to become available, tf error: Invalid frame ID "map" passed to canTransform argument target_frame - frame does not exist
[sweepi_robot_manager_node.py-5] [component_container_isolated-1] [INFO] [1783806327.953347304] [global_costmap.global_costmap]: Timed out waiting for transform from base_footprint to map to become available, tf error: Invalid frame ID "map" passed to canTransform argument target_frame - frame does not exist
[sweepi_robot_manager_node.py-5] [component_container_isolated-1] [INFO] [1783806328.453349653] [global_costmap.global_costmap]: Timed out waiting for transform from base_footprint to map to become available, tf error: Invalid frame ID "map" passed to canTransform argument target_frame - frame does not exist
[sweepi_robot_manager_node.py-5] [coverage_planner_node.py-3] [INFO] [1783806328.760777255] [coverage_planner_node]: Waiting for /global_costmap/costmap before generating frozen coverage path
[sweepi_robot_manager_node.py-5] [component_container_isolated-1] [INFO] [1783806328.953348091] [global_costmap.global_costmap]: Timed out waiting for transform from base_footprint to map to become available, tf error: Invalid frame ID "map" passed to canTransform argument target_frame - frame does not exist
[sweepi_robot_manager_node.py-5] [component_container_isolated-1] [WARN] [1783806328.989536970] [amcl]: AMCL cannot publish a pose or update the transform. Please set the initial pose...
[sweepi_robot_manager_node.py-5] [component_container_isolated-1] [INFO] [1783806329.453354886] [global_costmap.global_costmap]: Timed out waiting for transform from base_footprint to map to become available, tf error: Invalid frame ID "map" passed to canTransform argument target_frame - frame does not exist
[sweepi_robot_manager_node.py-5] [component_container_isolated-1] [INFO] [1783806329.953351047] [global_costmap.global_costmap]: Timed out waiting for transform from base_footprint to map to become available, tf error: Invalid frame ID "map" passed to canTransform argument target_frame - frame does not exist
[sweepi_robot_manager_node.py-5] [component_container_isolated-1] [INFO] [1783806330.453348621] [global_costmap.global_costmap]: Timed out waiting for transform from base_footprint to map to become available, tf error: Invalid frame ID "map" passed to canTransform argument target_frame - frame does not exist
[sweepi_robot_manager_node.py-5] [coverage_planner_node.py-3] [INFO] [1783806330.760909426] [coverage_planner_node]: Waiting for /global_costmap/costmap before generating frozen coverage path
[sweepi_robot_manager_node.py-5] [component_container_isolated-1] [INFO] [1783806330.953341248] [global_costmap.global_costmap]: Timed out waiting for transform from base_footprint to map to become available, tf error: Invalid frame ID "map" passed to canTransform argument target_frame - frame does not exist
[sweepi_robot_manager_node.py-5] [coverage_tracker_node.py-2] [WARN] [1783806330.985274299] [coverage_tracker_node]: Could not get TF map -> base_footprint: "map" passed to lookupTransform argument target_frame does not exist. 
[sweepi_robot_manager_node.py-5] [component_container_isolated-1] [WARN] [1783806331.085547814] [amcl]: AMCL cannot publish a pose or update the transform. Please set the initial pose...
[sweepi_robot_manager_node.py-5] [component_container_isolated-1] [INFO] [1783806331.453347880] [global_costmap.global_costmap]: Timed out waiting for transform from base_footprint to map to become available, tf error: Invalid frame ID "map" passed to canTransform argument target_frame - frame does not exist
[sweepi_robot_manager_node.py-5] [component_container_isolated-1] [INFO] [1783806331.953336378] [global_costmap.global_costmap]: Timed out waiting for transform from base_footprint to map to become available, tf error: Invalid frame ID "map" passed to canTransform argument target_frame - frame does not exist
[sweepi_robot_manager_node.py-5] [component_container_isolated-1] [INFO] [1783806332.453350272] [global_costmap.global_costmap]: Timed out waiting for transform from base_footprint to map to become available, tf error: Invalid frame ID "map" passed to canTransform argument target_frame - frame does not exist
[sweepi_robot_manager_node.py-5] [component_container_isolated-1] [INFO] [1783806332.953353254] [global_costmap.global_costmap]: Timed out waiting for transform from base_footprint to map to become available, tf error: Invalid frame ID "map" passed to canTransform argument target_frame - frame does not exist
[sweepi_robot_manager_node.py-5] [component_container_isolated-1] [WARN] [1783806333.181510349] [amcl]: AMCL cannot publish a pose or update the transform. Please set the initial pose...
[sweepi_robot_manager_node.py-5] [component_container_isolated-1] [INFO] [1783806333.453346519] [global_costmap.global_costmap]: Timed out waiting for transform from base_footprint to map to become available, tf error: Invalid frame ID "map" passed to canTransform argument target_frame - frame does not exist
[sweepi_robot_manager_node.py-5] [coverage_planner_node.py-3] [INFO] [1783806333.760812978] [coverage_planner_node]: Waiting for /global_costmap/costmap before generating frozen coverage path
[sweepi_robot_manager_node.py-5] [component_container_isolated-1] [INFO] [1783806333.953344671] [global_costmap.global_costmap]: Timed out waiting for transform from base_footprint to map to become available, tf error: Invalid frame ID "map" passed to canTransform argument target_frame - frame does not exist
[sweepi_robot_manager_node.py-5] [component_container_isolated-1] [INFO] [1783806334.453347031] [global_costmap.global_costmap]: Timed out waiting for transform from base_footprint to map to become available, tf error: Invalid frame ID "map" passed to canTransform argument target_frame - frame does not exist
[sweepi_robot_manager_node.py-5] [component_container_isolated-1] [INFO] [1783806334.953344740] [global_costmap.global_costmap]: Timed out waiting for transform from base_footprint to map to become available, tf error: Invalid frame ID "map" passed to canTransform argument target_frame - frame does not exist
[sweepi_robot_manager_node.py-5] [component_container_isolated-1] [WARN] [1783806335.184573447] [amcl]: AMCL cannot publish a pose or update the transform. Please set the initial pose...
[sweepi_robot_manager_node.py-5] [component_container_isolated-1] [INFO] [1783806335.453349011] [global_costmap.global_costmap]: Timed out waiting for transform from base_footprint to map to become available, tf error: Invalid frame ID "map" passed to canTransform argument target_frame - frame does not exist
[sweepi_robot_manager_node.py-5] [component_container_isolated-1] [INFO] [1783806335.953352963] [global_costmap.global_costmap]: Timed out waiting for transform from base_footprint to map to become available, tf error: Invalid frame ID "map" passed to canTransform argument target_frame - frame does not exist
[sweepi_robot_manager_node.py-5] [coverage_tracker_node.py-2] [WARN] [1783806335.986468274] [coverage_tracker_node]: Could not get TF map -> base_footprint: "map" passed to lookupTransform argument target_frame does not exist. 
[sweepi_robot_manager_node.py-5] [component_container_isolated-1] [INFO] [1783806336.453350866] [global_costmap.global_costmap]: Timed out waiting for transform from base_footprint to map to become available, tf error: Invalid frame ID "map" passed to canTransform argument target_frame - frame does not exist
[sweepi_robot_manager_node.py-5] [coverage_planner_node.py-3] [INFO] [1783806336.760824391] [coverage_planner_node]: Waiting for /global_costmap/costmap before generating frozen coverage path
[sweepi_robot_manager_node.py-5] [component_container_isolated-1] [INFO] [1783806336.953341839] [global_costmap.global_costmap]: Timed out waiting for transform from base_footprint to map to become available, tf error: Invalid frame ID "map" passed to canTransform argument target_frame - frame does not exist
[sweepi_robot_manager_node.py-5] [component_container_isolated-1] [WARN] [1783806337.283057266] [amcl]: AMCL cannot publish a pose or update the transform. Please set the initial pose...
[sweepi_robot_manager_node.py-5] [component_container_isolated-1] [INFO] [1783806337.453354245] [global_costmap.global_costmap]: Timed out waiting for transform from base_footprint to map to become available, tf error: Invalid frame ID "map" passed to canTransform argument target_frame - frame does not exist
[sweepi_robot_manager_node.py-5] [component_container_isolated-1] [INFO] [1783806337.953345314] [global_costmap.global_costmap]: Timed out waiting for transform from base_footprint to map to become available, tf error: Invalid frame ID "map" passed to canTransform argument target_frame - frame does not exist
[sweepi_robot_manager_node.py-5] [component_container_isolated-1] [INFO] [1783806338.453355630] [global_costmap.global_costmap]: Timed out waiting for transform from base_footprint to map to become available, tf error: Invalid frame ID "map" passed to canTransform argument target_frame - frame does not exist
[sweepi_robot_manager_node.py-5] [component_container_isolated-1] [INFO] [1783806338.953352479] [global_costmap.global_costmap]: Timed out waiting for transform from base_footprint to map to become available, tf error: Invalid frame ID "map" passed to canTransform argument target_frame - frame does not exist
[sweepi_robot_manager_node.py-5] [component_container_isolated-1] [WARN] [1783806339.381841908] [amcl]: AMCL cannot publish a pose or update the transform. Please set the initial pose...
[sweepi_robot_manager_node.py-5] [component_container_isolated-1] [INFO] [1783806339.453345705] [global_costmap.global_costmap]: Timed out waiting for transform from base_footprint to map to become available, tf error: Invalid frame ID "map" passed to canTransform argument target_frame - frame does not exist
[sweepi_robot_manager_node.py-5] [coverage_planner_node.py-3] [INFO] [1783806339.761003970] [coverage_planner_node]: Waiting for /global_costmap/costmap before generating frozen coverage path
[sweepi_robot_manager_node.py-5] [component_container_isolated-1] [INFO] [1783806339.953350132] [global_costmap.global_costmap]: Timed out waiting for transform from base_footprint to map to become available, tf error: Invalid frame ID "map" passed to canTransform argument target_frame - frame does not exist
[sweepi_robot_manager_node.py-5] [component_container_isolated-1] [INFO] [1783806340.453346824] [global_costmap.global_costmap]: Timed out waiting for transform from base_footprint to map to become available, tf error: Invalid frame ID "map" passed to canTransform argument target_frame - frame does not exist
[sweepi_robot_manager_node.py-5] [component_container_isolated-1] [INFO] [1783806340.953350717] [global_costmap.global_costmap]: Timed out waiting for transform from base_footprint to map to become available, tf error: Invalid frame ID "map" passed to canTransform argument target_frame - frame does not exist
[sweepi_robot_manager_node.py-5] [coverage_tracker_node.py-2] [WARN] [1783806341.110458751] [coverage_tracker_node]: Could not get TF map -> base_footprint: "map" passed to lookupTransform argument target_frame does not exist. 
[sweepi_robot_manager_node.py-5] [component_container_isolated-1] [INFO] [1783806341.453304059] [global_costmap.global_costmap]: Timed out waiting for transform from base_footprint to map to become available, tf error: Invalid frame ID "map" passed to canTransform argument target_frame - frame does not exist
[sweepi_robot_manager_node.py-5] [component_container_isolated-1] [WARN] [1783806341.477884474] [amcl]: AMCL cannot publish a pose or update the transform. Please set the initial pose...
[sweepi_robot_manager_node.py-5] [component_container_isolated-1] [INFO] [1783806341.953347382] [global_costmap.global_costmap]: Timed out waiting for transform from base_footprint to map to become available, tf error: Invalid frame ID "map" passed to canTransform argument target_frame - frame does not exist
[sweepi_robot_manager_node.py-5] [component_container_isolated-1] [INFO] [1783806342.453351248] [global_costmap.global_costmap]: Timed out waiting for transform from base_footprint to map to become available, tf error: Invalid frame ID "map" passed to canTransform argument target_frame - frame does not exist
[sweepi_robot_manager_node.py-5] [coverage_planner_node.py-3] [INFO] [1783806342.760962431] [coverage_planner_node]: Waiting for /global_costmap/costmap before generating frozen coverage path
[sweepi_robot_manager_node.py-5] [component_container_isolated-1] [INFO] [1783806342.953354907] [global_costmap.global_costmap]: Timed out waiting for transform from base_footprint to map to become available, tf error: Invalid frame ID "map" passed to canTransform argument target_frame - frame does not exist
[sweepi_robot_manager_node.py-5] [component_container_isolated-1] [INFO] [1783806343.453349128] [global_costmap.global_costmap]: Timed out waiting for transform from base_footprint to map to become available, tf error: Invalid frame ID "map" passed to canTransform argument target_frame - frame does not exist
[sweepi_robot_manager_node.py-5] [component_container_isolated-1] [WARN] [1783806343.573763757] [amcl]: AMCL cannot publish a pose or update the transform. Please set the initial pose...
[sweepi_robot_manager_node.py-5] [component_container_isolated-1] [INFO] [1783806343.953346049] [global_costmap.global_costmap]: Timed out waiting for transform from base_footprint to map to become available, tf error: Invalid frame ID "map" passed to canTransform argument target_frame - frame does not exist
[sweepi_robot_manager_node.py-5] [component_container_isolated-1] [INFO] [1783806344.453345681] [global_costmap.global_costmap]: Timed out waiting for transform from base_footprint to map to become available, tf error: Invalid frame ID "map" passed to canTransform argument target_frame - frame does not exist
[api_bridge_node-6] [INFO] [1783806344.863020542] [sweepi_api_bridge]: HTTP "POST /api/localization/initial-pose HTTP/1.1" 200 -
[sweepi_robot_manager_node.py-5] [component_container_isolated-1] [INFO] [1783806344.953352810] [global_costmap.global_costmap]: Timed out waiting for transform from base_footprint to map to become available, tf error: Invalid frame ID "map" passed to canTransform argument target_frame - frame does not exist
[sweepi_robot_manager_node.py-5] [component_container_isolated-1] [INFO] [1783806345.453347779] [global_costmap.global_costmap]: Timed out waiting for transform from base_footprint to map to become available, tf error: Invalid frame ID "map" passed to canTransform argument target_frame - frame does not exist
[sweepi_robot_manager_node.py-5] [component_container_isolated-1] [WARN] [1783806345.669907184] [amcl]: AMCL cannot publish a pose or update the transform. Please set the initial pose...
[sweepi_robot_manager_node.py-5] [coverage_planner_node.py-3] [INFO] [1783806345.760946511] [coverage_planner_node]: Waiting for /global_costmap/costmap before generating frozen coverage path
[sweepi_robot_manager_node.py-5] [component_container_isolated-1] [INFO] [1783806345.953345319] [global_costmap.global_costmap]: Timed out waiting for transform from base_footprint to map to become available, tf error: Invalid frame ID "map" passed to canTransform argument target_frame - frame does not exist
[sweepi_robot_manager_node.py-5] [coverage_tracker_node.py-2] [WARN] [1783806346.110753702] [coverage_tracker_node]: Could not get TF map -> base_footprint: "map" passed to lookupTransform argument target_frame does not exist. 
[sweepi_robot_manager_node.py-5] [component_container_isolated-1] [INFO] [1783806346.453353997] [global_costmap.global_costmap]: Timed out waiting for transform from base_footprint to map to become available, tf error: Invalid frame ID "map" passed to canTransform argument target_frame - frame does not exist
[sweepi_robot_manager_node.py-5] [component_container_isolated-1] [INFO] [1783806346.953351985] [global_costmap.global_costmap]: Timed out waiting for transform from base_footprint to map to become available, tf error: Invalid frame ID "map" passed to canTransform argument target_frame - frame does not exist
[sweepi_robot_manager_node.py-5] [component_container_isolated-1] [INFO] [1783806347.453354944] [global_costmap.global_costmap]: Timed out waiting for transform from base_footprint to map to become available, tf error: Invalid frame ID "map" passed to canTransform argument target_frame - frame does not exist
[sweepi_robot_manager_node.py-5] [component_container_isolated-1] [WARN] [1783806347.670208813] [amcl]: AMCL cannot publish a pose or update the transform. Please set the initial pose...
[sweepi_robot_manager_node.py-5] [component_container_isolated-1] [INFO] [1783806347.953357622] [global_costmap.global_costmap]: Timed out waiting for transform from base_footprint to map to become available, tf error: Invalid frame ID "map" passed to canTransform argument target_frame - frame does not exist
[sweepi_robot_manager_node.py-5] [component_container_isolated-1] [INFO] [1783806348.453347158] [global_costmap.global_costmap]: Timed out waiting for transform from base_footprint to map to become available, tf error: Invalid frame ID "map" passed to canTransform argument target_frame - frame does not exist
[sweepi_robot_manager_node.py-5] [coverage_planner_node.py-3] [INFO] [1783806348.760879975] [coverage_planner_node]: Waiting for /global_costmap/costmap before generating frozen coverage path
[sweepi_robot_manager_node.py-5] [component_container_isolated-1] [INFO] [1783806348.953345988] [global_costmap.global_costmap]: Timed out waiting for transform from base_footprint to map to become available, tf error: Invalid frame ID "map" passed to canTransform argument target_frame - frame does not exist
[sweepi_robot_manager_node.py-5] [component_container_isolated-1] [INFO] [1783806349.453351011] [global_costmap.global_costmap]: Timed out waiting for transform from base_footprint to map to become available, tf error: Invalid frame ID "map" passed to canTransform argument target_frame - frame does not exist
[sweepi_robot_manager_node.py-5] [component_container_isolated-1] [WARN] [1783806349.769051984] [amcl]: AMCL cannot publish a pose or update the transform. Please set the initial pose...
[sweepi_robot_manager_node.py-5] [component_container_isolated-1] [INFO] [1783806349.953351049] [global_costmap.global_costmap]: Timed out waiting for transform from base_footprint to map to become available, tf error: Invalid frame ID "map" passed to canTransform argument target_frame - frame does not exist
[sweepi_robot_manager_node.py-5] [component_container_isolated-1] [INFO] [1783806350.453351206] [global_costmap.global_costmap]: Timed out waiting for transform from base_footprint to map to become available, tf error: Invalid frame ID "map" passed to canTransform argument target_frame - frame does not exist
[sweepi_robot_manager_node.py-5] [component_container_isolated-1] [INFO] [1783806350.953355545] [global_costmap.global_costmap]: Timed out waiting for transform from base_footprint to map to become available, tf error: Invalid frame ID "map" passed to canTransform argument target_frame - frame does not exist
[sweepi_robot_manager_node.py-5] [coverage_tracker_node.py-2] [WARN] [1783806351.235441704] [coverage_tracker_node]: Could not get TF map -> base_footprint: "map" passed to lookupTransform argument target_frame does not exist. 
[sweepi_robot_manager_node.py-5] [component_container_isolated-1] [INFO] [1783806351.453353058] [global_costmap.global_costmap]: Timed out waiting for transform from base_footprint to map to become available, tf error: Invalid frame ID "map" passed to canTransform argument target_frame - frame does not exist
[sweepi_robot_manager_node.py-5] [coverage_planner_node.py-3] [INFO] [1783806351.760822923] [coverage_planner_node]: Waiting for /global_costmap/costmap before generating frozen coverage path
[sweepi_robot_manager_node.py-5] [component_container_isolated-1] [WARN] [1783806351.769556103] [amcl]: AMCL cannot publish a pose or update the transform. Please set the initial pose...
[sweepi_robot_manager_node.py-5] [component_container_isolated-1] [INFO] [1783806351.953350069] [global_costmap.global_costmap]: Timed out waiting for transform from base_footprint to map to become available, tf error: Invalid frame ID "map" passed to canTransform argument target_frame - frame does not exist
[sweepi_robot_manager_node.py-5] [component_container_isolated-1] [INFO] [1783806352.453345179] [global_costmap.global_costmap]: Timed out waiting for transform from base_footprint to map to become available, tf error: Invalid frame ID "map" passed to canTransform argument target_frame - frame does not exist
[sweepi_robot_manager_node.py-5] [component_container_isolated-1] [INFO] [1783806352.953350713] [global_costmap.global_costmap]: Timed out waiting for transform from base_footprint to map to become available, tf error: Invalid frame ID "map" passed to canTransform argument target_frame - frame does not exist
[sweepi_robot_manager_node.py-5] [component_container_isolated-1] [INFO] [1783806353.453351476] [global_costmap.global_costmap]: Timed out waiting for transform from base_footprint to map to become available, tf error: Invalid frame ID "map" passed to canTransform argument target_frame - frame does not exist
[sweepi_robot_manager_node.py-5] [component_container_isolated-1] [WARN] [1783806353.770098020] [amcl]: AMCL cannot publish a pose or update the transform. Please set the initial pose...
[sweepi_robot_manager_node.py-5] [component_container_isolated-1] [INFO] [1783806353.953348162] [global_costmap.global_costmap]: Timed out waiting for transform from base_footprint to map to become available, tf error: Invalid frame ID "map" passed to canTransform argument target_frame - frame does not exist
[sweepi_robot_manager_node.py-5] [component_container_isolated-1] [INFO] [1783806354.453351042] [global_costmap.global_costmap]: Timed out waiting for transform from base_footprint to map to become available, tf error: Invalid frame ID "map" passed to canTransform argument target_frame - frame does not exist
[sweepi_robot_manager_node.py-5] [coverage_planner_node.py-3] [INFO] [1783806354.760839534] [coverage_planner_node]: Waiting for /global_costmap/costmap before generating frozen coverage path
[api_bridge_node-6] [INFO] [1783806354.883332955] [sweepi_api_bridge]: HTTP "GET /api/localization/status HTTP/1.1" 200 -
[api_bridge_node-6] [INFO] [1783806354.901863463] [sweepi_api_bridge]: HTTP "GET /api/cleaning/status HTTP/1.1" 200 -
[api_bridge_node-6] [INFO] [1783806354.917169011] [sweepi_api_bridge]: HTTP "GET /api/cleaning/path?stride=5 HTTP/1.1" 200 -
[sweepi_robot_manager_node.py-5] [component_container_isolated-1] [INFO] [1783806354.953360308] [global_costmap.global_costmap]: Timed out waiting for transform from base_footprint to map to become available, tf error: Invalid frame ID "map" passed to canTransform argument target_frame - frame does not exist
[sweepi_robot_manager_node.py-5] [component_container_isolated-1] [INFO] [1783806355.453337322] [global_costmap.global_costmap]: Timed out waiting for transform from base_footprint to map to become available, tf error: Invalid frame ID "map" passed to canTransform argument target_frame - frame does not exist
[sweepi_robot_manager_node.py-5] [component_container_isolated-1] [WARN] [1783806355.774074352] [amcl]: AMCL cannot publish a pose or update the transform. Please set the initial pose...
[sweepi_robot_manager_node.py-5] [component_container_isolated-1] [INFO] [1783806355.953348463] [global_costmap.global_costmap]: Timed out waiting for transform from base_footprint to map to become available, tf error: Invalid frame ID "map" passed to canTransform argument target_frame - frame does not exist
[sweepi_robot_manager_node.py-5] [coverage_tracker_node.py-2] [WARN] [1783806356.236166912] [coverage_tracker_node]: Could not get TF map -> base_footprint: "map" passed to lookupTransform argument target_frame does not exist. 
[sweepi_robot_manager_node.py-5] [component_container_isolated-1] [INFO] [1783806356.453328056] [global_costmap.global_costmap]: Timed out waiting for transform from base_footprint to map to become available, tf error: Invalid frame ID "map" passed to canTransform argument target_frame - frame does not exist
[sweepi_robot_manager_node.py-5] [coverage_planner_node.py-3] [INFO] [1783806356.760930550] [coverage_planner_node]: Waiting for /global_costmap/costmap before generating frozen coverage path
[sweepi_robot_manager_node.py-5] [component_container_isolated-1] [INFO] [1783806356.953377037] [global_costmap.global_costmap]: Timed out waiting for transform from base_footprint to map to become available, tf error: Invalid frame ID "map" passed to canTransform argument target_frame - frame does not exist
[sweepi_robot_manager_node.py-5] [component_container_isolated-1] [INFO] [1783806357.453346394] [global_costmap.global_costmap]: Timed out waiting for transform from base_footprint to map to become available, tf error: Invalid frame ID "map" passed to canTransform argument target_frame - frame does not exist
[sweepi_robot_manager_node.py-5] [component_container_isolated-1] [WARN] [1783806357.864261569] [amcl]: AMCL cannot publish a pose or update the transform. Please set the initial pose...
[sweepi_robot_manager_node.py-5] [component_container_isolated-1] [INFO] [1783806357.953354138] [global_costmap.global_costmap]: Timed out waiting for transform from base_footprint to map to become available, tf error: Invalid frame ID "map" passed to canTransform argument target_frame - frame does not exist
[sweepi_robot_manager_node.py-5] [component_container_isolated-1] [INFO] [1783806358.453347761] [global_costmap.global_costmap]: Timed out waiting for transform from base_footprint to map to become available, tf error: Invalid frame ID "map" passed to canTransform argument target_frame - frame does not exist
[sweepi_robot_manager_node.py-5] [component_container_isolated-1] [INFO] [1783806358.953342751] [global_costmap.global_costmap]: Timed out waiting for transform from base_footprint to map to become available, tf error: Invalid frame ID "map" passed to canTransform argument target_frame - frame does not exist
[sweepi_robot_manager_node.py-5] [component_container_isolated-1] [INFO] [1783806359.453346213] [global_costmap.global_costmap]: Timed out waiting for transform from base_footprint to map to become available, tf error: Invalid frame ID "map" passed to canTransform argument target_frame - frame does not exist
[sweepi_robot_manager_node.py-5] [coverage_planner_node.py-3] [INFO] [1783806359.760789605] [coverage_planner_node]: Waiting for /global_costmap/costmap before generating frozen coverage path
[sweepi_robot_manager_node.py-5] [component_container_isolated-1] [INFO] [1783806359.953345913] [global_costmap.global_costmap]: Timed out waiting for transform from base_footprint to map to become available, tf error: Invalid frame ID "map" passed to canTransform argument target_frame - frame does not exist
[sweepi_robot_manager_node.py-5] [component_container_isolated-1] [WARN] [1783806359.960092565] [amcl]: AMCL cannot publish a pose or update the transform. Please set the initial pose...
[sweepi_robot_manager_node.py-5] [component_container_isolated-1] [INFO] [1783806360.453345973] [global_costmap.global_costmap]: Timed out waiting for transform from base_footprint to map to become available, tf error: Invalid frame ID "map" passed to canTransform argument target_frame - frame does not exist
[sweepi_robot_manager_node.py-5] [component_container_isolated-1] [INFO] [1783806360.953349919] [global_costmap.global_costmap]: Timed out waiting for transform from base_footprint to map to become available, tf error: Invalid frame ID "map" passed to canTransform argument target_frame - frame does not exist
[sweepi_robot_manager_node.py-5] [coverage_tracker_node.py-2] [WARN] [1783806361.360368435] [coverage_tracker_node]: Could not get TF map -> base_footprint: "map" passed to lookupTransform argument target_frame does not exist. 
[sweepi_robot_manager_node.py-5] [component_container_isolated-1] [INFO] [1783806361.453361393] [global_costmap.global_costmap]: Timed out waiting for transform from base_footprint to map to become available, tf error: Invalid frame ID "map" passed to canTransform argument target_frame - frame does not exist
[sweepi_robot_manager_node.py-5] [coverage_planner_node.py-3] [INFO] [1783806361.774223196] [coverage_planner_node]: Waiting for /global_costmap/costmap before generating frozen coverage path
[sweepi_robot_manager_node.py-5] [component_container_isolated-1] [INFO] [1783806361.953346640] [global_costmap.global_costmap]: Timed out waiting for transform from base_footprint to map to become available, tf error: Invalid frame ID "map" passed to canTransform argument target_frame - frame does not exist
[sweepi_robot_manager_node.py-5] [component_container_isolated-1] [WARN] [1783806361.965608081] [amcl]: AMCL cannot publish a pose or update the transform. Please set the initial pose...
[sweepi_robot_manager_node.py-5] [component_container_isolated-1] [INFO] [1783806362.453350360] [global_costmap.global_costmap]: Timed out waiting for transform from base_footprint to map to become available, tf error: Invalid frame ID "map" passed to canTransform argument target_frame - frame does not exist
[sweepi_robot_manager_node.py-5] [component_container_isolated-1] [INFO] [1783806362.953346911] [global_costmap.global_costmap]: Timed out waiting for transform from base_footprint to map to become available, tf error: Invalid frame ID "map" passed to canTransform argument target_frame - frame does not exist
[sweepi_robot_manager_node.py-5] [component_container_isolated-1] [INFO] [1783806363.453353063] [global_costmap.global_costmap]: Timed out waiting for transform from base_footprint to map to become available, tf error: Invalid frame ID "map" passed to canTransform argument target_frame - frame does not exist
[sweepi_robot_manager_node.py-5] [component_container_isolated-1] [INFO] [1783806363.953359805] [global_costmap.global_costmap]: Timed out waiting for transform from base_footprint to map to become available, tf error: Invalid frame ID "map" passed to canTransform argument target_frame - frame does not exist
[sweepi_robot_manager_node.py-5] [component_container_isolated-1] [WARN] [1783806364.056788413] [amcl]: AMCL cannot publish a pose or update the transform. Please set the initial pose...
[sweepi_robot_manager_node.py-5] [component_container_isolated-1] [INFO] [1783806364.453352166] [global_costmap.global_costmap]: Timed out waiting for transform from base_footprint to map to become available, tf error: Invalid frame ID "map" passed to canTransform argument target_frame - frame does not exist
[sweepi_robot_manager_node.py-5] [coverage_planner_node.py-3] [INFO] [1783806364.761172996] [coverage_planner_node]: Waiting for /global_costmap/costmap before generating frozen coverage path
[sweepi_robot_manager_node.py-5] [component_container_isolated-1] [INFO] [1783806364.953353637] [global_costmap.global_costmap]: Timed out waiting for transform from base_footprint to map to become available, tf error: Invalid frame ID "map" passed to canTransform argument target_frame - frame does not exist
[sweepi_robot_manager_node.py-5] [component_container_isolated-1] [INFO] [1783806365.453351042] [global_costmap.global_costmap]: Timed out waiting for transform from base_footprint to map to become available, tf error: Invalid frame ID "map" passed to canTransform argument target_frame - frame does not exist
[sweepi_robot_manager_node.py-5] [component_container_isolated-1] [INFO] [1783806365.953347222] [global_costmap.global_costmap]: Timed out waiting for transform from base_footprint to map to become available, tf error: Invalid frame ID "map" passed to canTransform argument target_frame - frame does not exist
[sweepi_robot_manager_node.py-5] [component_container_isolated-1] [WARN] [1783806366.074121654] [amcl]: AMCL cannot publish a pose or update the transform. Please set the initial pose...
[sweepi_robot_manager_node.py-5] [coverage_tracker_node.py-2] [WARN] [1783806366.360776091] [coverage_tracker_node]: Could not get TF map -> base_footprint: "map" passed to lookupTransform argument target_frame does not exist. 
[sweepi_robot_manager_node.py-5] [component_container_isolated-1] [INFO] [1783806366.453348948] [global_costmap.global_costmap]: Timed out waiting for transform from base_footprint to map to become available, tf error: Invalid frame ID "map" passed to canTransform argument target_frame - frame does not exist
[sweepi_robot_manager_node.py-5] [component_container_isolated-1] [INFO] [1783806366.953352801] [global_costmap.global_costmap]: Timed out waiting for transform from base_footprint to map to become available, tf error: Invalid frame ID "map" passed to canTransform argument target_frame - frame does not exist
[sweepi_robot_manager_node.py-5] [component_container_isolated-1] [INFO] [1783806367.453348756] [global_costmap.global_costmap]: Timed out waiting for transform from base_footprint to map to become available, tf error: Invalid frame ID "map" passed to canTransform argument target_frame - frame does not exist
[sweepi_robot_manager_node.py-5] [coverage_planner_node.py-3] [INFO] [1783806367.760875111] [coverage_planner_node]: Waiting for /global_costmap/costmap before generating frozen coverage path
[sweepi_robot_manager_node.py-5] [component_container_isolated-1] [INFO] [1783806367.953460750] [global_costmap.global_costmap]: Timed out waiting for transform from base_footprint to map to become available, tf error: Invalid frame ID "map" passed to canTransform argument target_frame - frame does not exist
[sweepi_robot_manager_node.py-5] [component_container_isolated-1] [WARN] [1783806368.153341013] [amcl]: AMCL cannot publish a pose or update the transform. Please set the initial pose...
[sweepi_robot_manager_node.py-5] [component_container_isolated-1] [INFO] [1783806368.453342837] [global_costmap.global_costmap]: Timed out waiting for transform from base_footprint to map to become available, tf error: Invalid frame ID "map" passed to canTransform argument target_frame - frame does not exist
[sweepi_robot_manager_node.py-5] [component_container_isolated-1] [INFO] [1783806368.953343815] [global_costmap.global_costmap]: Timed out waiting for transform from base_footprint to map to become available, tf error: Invalid frame ID "map" passed to canTransform argument target_frame - frame does not exist
[sweepi_robot_manager_node.py-5] [component_container_isolated-1] [INFO] [1783806369.453342876] [global_costmap.global_costmap]: Timed out waiting for transform from base_footprint to map to become available, tf error: Invalid frame ID "map" passed to canTransform argument target_frame - frame does not exist
[sweepi_robot_manager_node.py-5] [coverage_planner_node.py-3] [INFO] [1783806369.760897287] [coverage_planner_node]: Waiting for /global_costmap/costmap before generating frozen coverage path
[sweepi_robot_manager_node.py-5] [component_container_isolated-1] [INFO] [1783806369.953343953] [global_costmap.global_costmap]: Timed out waiting for transform from base_footprint to map to become available, tf error: Invalid frame ID "map" passed to canTransform argument target_frame - frame does not exist
[sweepi_robot_manager_node.py-5] [component_container_isolated-1] [WARN] [1783806370.251841407] [amcl]: AMCL cannot publish a pose or update the transform. Please set the initial pose...
[sweepi_robot_manager_node.py-5] [component_container_isolated-1] [INFO] [1783806370.453347225] [global_costmap.global_costmap]: Timed out waiting for transform from base_footprint to map to become available, tf error: Invalid frame ID "map" passed to canTransform argument target_frame - frame does not exist
[sweepi_robot_manager_node.py-5] [component_container_isolated-1] [INFO] [1783806370.953350253] [global_costmap.global_costmap]: Timed out waiting for transform from base_footprint to map to become available, tf error: Invalid frame ID "map" passed to canTransform argument target_frame - frame does not exist
[sweepi_robot_manager_node.py-5] [component_container_isolated-1] [INFO] [1783806371.453344310] [global_costmap.global_costmap]: Timed out waiting for transform from base_footprint to map to become available, tf error: Invalid frame ID "map" passed to canTransform argument target_frame - frame does not exist
[sweepi_robot_manager_node.py-5] [coverage_tracker_node.py-2] [WARN] [1783806371.485095954] [coverage_tracker_node]: Could not get TF map -> base_footprint: "map" passed to lookupTransform argument target_frame does not exist. 
[sweepi_robot_manager_node.py-5] [component_container_isolated-1] [INFO] [1783806371.953353401] [global_costmap.global_costmap]: Timed out waiting for transform from base_footprint to map to become available, tf error: Invalid frame ID "map" passed to canTransform argument target_frame - frame does not exist
[sweepi_robot_manager_node.py-5] [component_container_isolated-1] [WARN] [1783806372.255022738] [amcl]: AMCL cannot publish a pose or update the transform. Please set the initial pose...
[sweepi_robot_manager_node.py-5] [component_container_isolated-1] [INFO] [1783806372.453344909] [global_costmap.global_costmap]: Timed out waiting for transform from base_footprint to map to become available, tf error: Invalid frame ID "map" passed to canTransform argument target_frame - frame does not exist
[sweepi_robot_manager_node.py-5] [coverage_planner_node.py-3] [INFO] [1783806372.760844725] [coverage_planner_node]: Waiting for /global_costmap/costmap before generating frozen coverage path
[sweepi_robot_manager_node.py-5] [component_container_isolated-1] [INFO] [1783806372.953350340] [global_costmap.global_costmap]: Timed out waiting for transform from base_footprint to map to become available, tf error: Invalid frame ID "map" passed to canTransform argument target_frame - frame does not exist
[sweepi_robot_manager_node.py-5] [component_container_isolated-1] [INFO] [1783806373.453353800] [global_costmap.global_costmap]: Timed out waiting for transform from base_footprint to map to become available, tf error: Invalid frame ID "map" passed to canTransform argument target_frame - frame does not exist
[sweepi_robot_manager_node.py-5] [component_container_isolated-1] [INFO] [1783806373.953344442] [global_costmap.global_costmap]: Timed out waiting for transform from base_footprint to map to become available, tf error: Invalid frame ID "map" passed to canTransform argument target_frame - frame does not exist
[sweepi_robot_manager_node.py-5] [component_container_isolated-1] [WARN] [1783806374.343778688] [amcl]: AMCL cannot publish a pose or update the transform. Please set the initial pose...
[sweepi_robot_manager_node.py-5] [component_container_isolated-1] [INFO] [1783806374.453348743] [global_costmap.global_costmap]: Timed out waiting for transform from base_footprint to map to become available, tf error: Invalid frame ID "map" passed to canTransform argument target_frame - frame does not exist
[sweepi_robot_manager_node.py-5] [component_container_isolated-1] [INFO] [1783806374.953352560] [global_costmap.global_costmap]: Timed out waiting for transform from base_footprint to map to become available, tf error: Invalid frame ID "map" passed to canTransform argument target_frame - frame does not exist
[sweepi_robot_manager_node.py-5] [component_container_isolated-1] [INFO] [1783806375.453354072] [global_costmap.global_costmap]: Timed out waiting for transform from base_footprint to map to become available, tf error: Invalid frame ID "map" passed to canTransform argument target_frame - frame does not exist
[sweepi_robot_manager_node.py-5] [coverage_planner_node.py-3] [INFO] [1783806375.760805054] [coverage_planner_node]: Waiting for /global_costmap/costmap before generating frozen coverage path
[sweepi_robot_manager_node.py-5] [component_container_isolated-1] [INFO] [1783806375.953349858] [global_costmap.global_costmap]: Timed out waiting for transform from base_footprint to map to become available, tf error: Invalid frame ID "map" passed to canTransform argument target_frame - frame does not exist
[sweepi_robot_manager_node.py-5] [component_container_isolated-1] [WARN] [1783806376.352433739] [amcl]: AMCL cannot publish a pose or update the transform. Please set the initial pose...
[sweepi_robot_manager_node.py-5] [component_container_isolated-1] [INFO] [1783806376.454886251] [global_costmap.global_costmap]: Timed out waiting for transform from base_footprint to map to become available, tf error: Invalid frame ID "map" passed to canTransform argument target_frame - frame does not exist
[sweepi_robot_manager_node.py-5] [coverage_tracker_node.py-2] [WARN] [1783806376.485164274] [coverage_tracker_node]: Could not get TF map -> base_footprint: "map" passed to lookupTransform argument target_frame does not exist. 
[sweepi_robot_manager_node.py-5] [component_container_isolated-1] [INFO] [1783806376.953372432] [global_costmap.global_costmap]: Timed out waiting for transform from base_footprint to map to become available, tf error: Invalid frame ID "map" passed to canTransform argument target_frame - frame does not exist
[sweepi_robot_manager_node.py-5] [component_container_isolated-1] [INFO] [1783806377.453349458] [global_costmap.global_costmap]: Timed out waiting for transform from base_footprint to map to become available, tf error: Invalid frame ID "map" passed to canTransform argument target_frame - frame does not exist
[sweepi_robot_manager_node.py-5] [coverage_planner_node.py-3] [INFO] [1783806377.760850869] [coverage_planner_node]: Waiting for /global_costmap/costmap before generating frozen coverage path
[sweepi_robot_manager_node.py-5] [component_container_isolated-1] [INFO] [1783806377.953345464] [global_costmap.global_costmap]: Timed out waiting for transform from base_footprint to map to become available, tf error: Invalid frame ID "map" passed to canTransform argument target_frame - frame does not exist
[sweepi_robot_manager_node.py-5] [component_container_isolated-1] [WARN] [1783806378.448252861] [amcl]: AMCL cannot publish a pose or update the transform. Please set the initial pose...
[sweepi_robot_manager_node.py-5] [component_container_isolated-1] [INFO] [1783806378.453343610] [global_costmap.global_costmap]: Timed out waiting for transform from base_footprint to map to become available, tf error: Invalid frame ID "map" passed to canTransform argument target_frame - frame does not exist
[sweepi_robot_manager_node.py-5] [component_container_isolated-1] [INFO] [1783806378.953344105] [global_costmap.global_costmap]: Timed out waiting for transform from base_footprint to map to become available, tf error: Invalid frame ID "map" passed to canTransform argument target_frame - frame does not exist
[sweepi_robot_manager_node.py-5] [component_container_isolated-1] [INFO] [1783806379.453362353] [global_costmap.global_costmap]: Timed out waiting for transform from base_footprint to map to become available, tf error: Invalid frame ID "map" passed to canTransform argument target_frame - frame does not exist
[sweepi_robot_manager_node.py-5] [component_container_isolated-1] [INFO] [1783806379.953349855] [global_costmap.global_costmap]: Timed out waiting for transform from base_footprint to map to become available, tf error: Invalid frame ID "map" passed to canTransform argument target_frame - frame does not exist
[sweepi_robot_manager_node.py-5] [component_container_isolated-1] [WARN] [1783806380.452425094] [amcl]: AMCL cannot publish a pose or update the transform. Please set the initial pose...
[sweepi_robot_manager_node.py-5] [component_container_isolated-1] [INFO] [1783806380.454979487] [global_costmap.global_costmap]: Timed out waiting for transform from base_footprint to map to become available, tf error: Invalid frame ID "map" passed to canTransform argument target_frame - frame does not exist
[sweepi_robot_manager_node.py-5] [coverage_planner_node.py-3] [INFO] [1783806380.760742908] [coverage_planner_node]: Waiting for /global_costmap/costmap before generating frozen coverage path
[sweepi_robot_manager_node.py-5] [component_container_isolated-1] [INFO] [1783806380.953351844] [global_costmap.global_costmap]: Timed out waiting for transform from base_footprint to map to become available, tf error: Invalid frame ID "map" passed to canTransform argument target_frame - frame does not exist
[sweepi_robot_manager_node.py-5] [component_container_isolated-1] [INFO] [1783806381.453357236] [global_costmap.global_costmap]: Timed out waiting for transform from base_footprint to map to become available, tf error: Invalid frame ID "map" passed to canTransform argument target_frame - frame does not exist
[sweepi_robot_manager_node.py-5] [coverage_tracker_node.py-2] [WARN] [1783806381.485840667] [coverage_tracker_node]: Could not get TF map -> base_footprint: "map" passed to lookupTransform argument target_frame does not exist. 
[sweepi_robot_manager_node.py-5] [component_container_isolated-1] [INFO] [1783806381.953348941] [global_costmap.global_costmap]: Timed out waiting for transform from base_footprint to map to become available, tf error: Invalid frame ID "map" passed to canTransform argument target_frame - frame does not exist
[sweepi_robot_manager_node.py-5] [component_container_isolated-1] [INFO] [1783806382.453352379] [global_costmap.global_costmap]: Timed out waiting for transform from base_footprint to map to become available, tf error: Invalid frame ID "map" passed to canTransform argument target_frame - frame does not exist
[sweepi_robot_manager_node.py-5] [component_container_isolated-1] [WARN] [1783806382.544802828] [amcl]: AMCL cannot publish a pose or update the transform. Please set the initial pose...
[sweepi_robot_manager_node.py-5] [coverage_planner_node.py-3] [INFO] [1783806382.760791772] [coverage_planner_node]: Waiting for /global_costmap/costmap before generating frozen coverage path
[sweepi_robot_manager_node.py-5] [component_container_isolated-1] [INFO] [1783806382.953360888] [global_costmap.global_costmap]: Timed out waiting for transform from base_footprint to map to become available, tf error: Invalid frame ID "map" passed to canTransform argument target_frame - frame does not exist
[sweepi_robot_manager_node.py-5] [component_container_isolated-1] [INFO] [1783806383.453343815] [global_costmap.global_costmap]: Timed out waiting for transform from base_footprint to map to become available, tf error: Invalid frame ID "map" passed to canTransform argument target_frame - frame does not exist
[sweepi_robot_manager_node.py-5] [component_container_isolated-1] [INFO] [1783806383.953348259] [global_costmap.global_costmap]: Timed out waiting for transform from base_footprint to map to become available, tf error: Invalid frame ID "map" passed to canTransform argument target_frame - frame does not exist
[sweepi_robot_manager_node.py-5] [component_container_isolated-1] [INFO] [1783806384.453344473] [global_costmap.global_costmap]: Timed out waiting for transform from base_footprint to map to become available, tf error: Invalid frame ID "map" passed to canTransform argument target_frame - frame does not exist
[sweepi_robot_manager_node.py-5] [component_container_isolated-1] [WARN] [1783806384.640555328] [amcl]: AMCL cannot publish a pose or update the transform. Please set the initial pose...
[sweepi_robot_manager_node.py-5] [coverage_planner_node.py-3] [INFO] [1783806384.760834870] [coverage_planner_node]: Waiting for /global_costmap/costmap before generating frozen coverage path
[sweepi_robot_manager_node.py-5] [component_container_isolated-1] [INFO] [1783806384.953348814] [global_costmap.global_costmap]: Timed out waiting for transform from base_footprint to map to become available, tf error: Invalid frame ID "map" passed to canTransform argument target_frame - frame does not exist
[sweepi_robot_manager_node.py-5] [component_container_isolated-1] [INFO] [1783806385.453351129] [global_costmap.global_costmap]: Timed out waiting for transform from base_footprint to map to become available, tf error: Invalid frame ID "map" passed to canTransform argument target_frame - frame does not exist
[sweepi_robot_manager_node.py-5] [component_container_isolated-1] [INFO] [1783806385.953347645] [global_costmap.global_costmap]: Timed out waiting for transform from base_footprint to map to become available, tf error: Invalid frame ID "map" passed to canTransform argument target_frame - frame does not exist
[sweepi_robot_manager_node.py-5] [component_container_isolated-1] [INFO] [1783806386.453387896] [global_costmap.global_costmap]: Timed out waiting for transform from base_footprint to map to become available, tf error: Invalid frame ID "map" passed to canTransform argument target_frame - frame does not exist
[sweepi_robot_manager_node.py-5] [coverage_tracker_node.py-2] [WARN] [1783806386.610360671] [coverage_tracker_node]: Could not get TF map -> base_footprint: "map" passed to lookupTransform argument target_frame does not exist. 
[sweepi_robot_manager_node.py-5] [component_container_isolated-1] [WARN] [1783806386.734256613] [amcl]: AMCL cannot publish a pose or update the transform. Please set the initial pose...
[sweepi_robot_manager_node.py-5] [coverage_planner_node.py-3] [INFO] [1783806386.760863832] [coverage_planner_node]: Waiting for /global_costmap/costmap before generating frozen coverage path
[sweepi_robot_manager_node.py-5] [component_container_isolated-1] [INFO] [1783806386.953365347] [global_costmap.global_costmap]: Timed out waiting for transform from base_footprint to map to become available, tf error: Invalid frame ID "map" passed to canTransform argument target_frame - frame does not exist
[sweepi_robot_manager_node.py-5] [component_container_isolated-1] [INFO] [1783806387.453343215] [global_costmap.global_costmap]: Timed out waiting for transform from base_footprint to map to become available, tf error: Invalid frame ID "map" passed to canTransform argument target_frame - frame does not exist
[sweepi_robot_manager_node.py-5] [component_container_isolated-1] [INFO] [1783806387.953345490] [global_costmap.global_costmap]: Timed out waiting for transform from base_footprint to map to become available, tf error: Invalid frame ID "map" passed to canTransform argument target_frame - frame does not exist
[sweepi_robot_manager_node.py-5] [component_container_isolated-1] [INFO] [1783806388.453352073] [global_costmap.global_costmap]: Timed out waiting for transform from base_footprint to map to become available, tf error: Invalid frame ID "map" passed to canTransform argument target_frame - frame does not exist
[sweepi_robot_manager_node.py-5] [component_container_isolated-1] [WARN] [1783806388.829809979] [amcl]: AMCL cannot publish a pose or update the transform. Please set the initial pose...
[sweepi_robot_manager_node.py-5] [component_container_isolated-1] [INFO] [1783806388.953347282] [global_costmap.global_costmap]: Timed out waiting for transform from base_footprint to map to become available, tf error: Invalid frame ID "map" passed to canTransform argument target_frame - frame does not exist
[sweepi_robot_manager_node.py-5] [component_container_isolated-1] [INFO] [1783806389.453349040] [global_costmap.global_costmap]: Timed out waiting for transform from base_footprint to map to become available, tf error: Invalid frame ID "map" passed to canTransform argument target_frame - frame does not exist
[sweepi_robot_manager_node.py-5] [coverage_planner_node.py-3] [INFO] [1783806389.760795312] [coverage_planner_node]: Waiting for /global_costmap/costmap before generating frozen coverage path
[sweepi_robot_manager_node.py-5] [component_container_isolated-1] [INFO] [1783806389.953346870] [global_costmap.global_costmap]: Timed out waiting for transform from base_footprint to map to become available, tf error: Invalid frame ID "map" passed to canTransform argument target_frame - frame does not exist
[sweepi_robot_manager_node.py-5] [component_container_isolated-1] [INFO] [1783806390.453346933] [global_costmap.global_costmap]: Timed out waiting for transform from base_footprint to map to become available, tf error: Invalid frame ID "map" passed to canTransform argument target_frame - frame does not exist
[sweepi_robot_manager_node.py-5] [component_container_isolated-1] [WARN] [1783806390.926065904] [amcl]: AMCL cannot publish a pose or update the transform. Please set the initial pose...
[sweepi_robot_manager_node.py-5] [component_container_isolated-1] [INFO] [1783806390.953401459] [global_costmap.global_costmap]: Timed out waiting for transform from base_footprint to map to become available, tf error: Invalid frame ID "map" passed to canTransform argument target_frame - frame does not exist
[sweepi_robot_manager_node.py-5] [component_container_isolated-1] [INFO] [1783806391.453342437] [global_costmap.global_costmap]: Timed out waiting for transform from base_footprint to map to become available, tf error: Invalid frame ID "map" passed to canTransform argument target_frame - frame does not exist
[sweepi_robot_manager_node.py-5] [coverage_tracker_node.py-2] [WARN] [1783806391.610470544] [coverage_tracker_node]: Could not get TF map -> base_footprint: "map" passed to lookupTransform argument target_frame does not exist. 
[sweepi_robot_manager_node.py-5] [coverage_planner_node.py-3] [INFO] [1783806391.760853807] [coverage_planner_node]: Waiting for /global_costmap/costmap before generating frozen coverage path
[sweepi_robot_manager_node.py-5] [component_container_isolated-1] [INFO] [1783806391.953346489] [global_costmap.global_costmap]: Timed out waiting for transform from base_footprint to map to become available, tf error: Invalid frame ID "map" passed to canTransform argument target_frame - frame does not exist
[sweepi_robot_manager_node.py-5] [component_container_isolated-1] [INFO] [1783806392.453361683] [global_costmap.global_costmap]: Timed out waiting for transform from base_footprint to map to become available, tf error: Invalid frame ID "map" passed to canTransform argument target_frame - frame does not exist
[sweepi_robot_manager_node.py-5] [component_container_isolated-1] [INFO] [1783806392.953358300] [global_costmap.global_costmap]: Timed out waiting for transform from base_footprint to map to become available, tf error: Invalid frame ID "map" passed to canTransform argument target_frame - frame does not exist
[sweepi_robot_manager_node.py-5] [component_container_isolated-1] [WARN] [1783806393.025812972] [amcl]: AMCL cannot publish a pose or update the transform. Please set the initial pose...
[sweepi_robot_manager_node.py-5] [component_container_isolated-1] [INFO] [1783806393.453349873] [global_costmap.global_costmap]: Timed out waiting for transform from base_footprint to map to become available, tf error: Invalid frame ID "map" passed to canTransform argument target_frame - frame does not exist
[sweepi_robot_manager_node.py-5] [component_container_isolated-1] [INFO] [1783806393.953356962] [global_costmap.global_costmap]: Timed out waiting for transform from base_footprint to map to become available, tf error: Invalid frame ID "map" passed to canTransform argument target_frame - frame does not exist
[sweepi_robot_manager_node.py-5] [component_container_isolated-1] [INFO] [1783806394.453347749] [global_costmap.global_costmap]: Timed out waiting for transform from base_footprint to map to become available, tf error: Invalid frame ID "map" passed to canTransform argument target_frame - frame does not exist
[sweepi_robot_manager_node.py-5] [coverage_planner_node.py-3] [INFO] [1783806394.760823863] [coverage_planner_node]: Waiting for /global_costmap/costmap before generating frozen coverage path
[sweepi_robot_manager_node.py-5] [component_container_isolated-1] [INFO] [1783806394.953348477] [global_costmap.global_costmap]: Timed out waiting for transform from base_footprint to map to become available, tf error: Invalid frame ID "map" passed to canTransform argument target_frame - frame does not exist
[sweepi_robot_manager_node.py-5] [component_container_isolated-1] [WARN] [1783806395.123189856] [amcl]: AMCL cannot publish a pose or update the transform. Please set the initial pose...
[sweepi_robot_manager_node.py-5] [component_container_isolated-1] [INFO] [1783806395.453345866] [global_costmap.global_costmap]: Timed out waiting for transform from base_footprint to map to become available, tf error: Invalid frame ID "map" passed to canTransform argument target_frame - frame does not exist
[sweepi_robot_manager_node.py-5] [component_container_isolated-1] [INFO] [1783806395.953344308] [global_costmap.global_costmap]: Timed out waiting for transform from base_footprint to map to become available, tf error: Invalid frame ID "map" passed to canTransform argument target_frame - frame does not exist
[sweepi_robot_manager_node.py-5] [component_container_isolated-1] [INFO] [1783806396.453347040] [global_costmap.global_costmap]: Timed out waiting for transform from base_footprint to map to become available, tf error: Invalid frame ID "map" passed to canTransform argument target_frame - frame does not exist
[sweepi_robot_manager_node.py-5] [coverage_tracker_node.py-2] [WARN] [1783806396.735209674] [coverage_tracker_node]: Could not get TF map -> base_footprint: "map" passed to lookupTransform argument target_frame does not exist. 
[sweepi_robot_manager_node.py-5] [coverage_planner_node.py-3] [INFO] [1783806396.760935699] [coverage_planner_node]: Waiting for /global_costmap/costmap before generating frozen coverage path
[sweepi_robot_manager_node.py-5] [component_container_isolated-1] [INFO] [1783806396.953349436] [global_costmap.global_costmap]: Timed out waiting for transform from base_footprint to map to become available, tf error: Invalid frame ID "map" passed to canTransform argument target_frame - frame does not exist
[sweepi_robot_manager_node.py-5] [component_container_isolated-1] [WARN] [1783806397.218956791] [amcl]: AMCL cannot publish a pose or update the transform. Please set the initial pose...
[sweepi_robot_manager_node.py-5] [component_container_isolated-1] [INFO] [1783806397.453348122] [global_costmap.global_costmap]: Timed out waiting for transform from base_footprint to map to become available, tf error: Invalid frame ID "map" passed to canTransform argument target_frame - frame does not exist
[sweepi_robot_manager_node.py-5] [component_container_isolated-1] [INFO] [1783806397.953348195] [global_costmap.global_costmap]: Timed out waiting for transform from base_footprint to map to become available, tf error: Invalid frame ID "map" passed to canTransform argument target_frame - frame does not exist
[sweepi_robot_manager_node.py-5] [component_container_isolated-1] [INFO] [1783806398.453347799] [global_costmap.global_costmap]: Timed out waiting for transform from base_footprint to map to become available, tf error: Invalid frame ID "map" passed to canTransform argument target_frame - frame does not exist
[sweepi_robot_manager_node.py-5] [component_container_isolated-1] [INFO] [1783806398.953345678] [global_costmap.global_costmap]: Timed out waiting for transform from base_footprint to map to become available, tf error: Invalid frame ID "map" passed to canTransform argument target_frame - frame does not exist
[sweepi_robot_manager_node.py-5] [component_container_isolated-1] [WARN] [1783806399.222435466] [amcl]: AMCL cannot publish a pose or update the transform. Please set the initial pose...
[sweepi_robot_manager_node.py-5] [component_container_isolated-1] [INFO] [1783806399.453350088] [global_costmap.global_costmap]: Timed out waiting for transform from base_footprint to map to become available, tf error: Invalid frame ID "map" passed to canTransform argument target_frame - frame does not exist
[sweepi_robot_manager_node.py-5] [coverage_planner_node.py-3] [INFO] [1783806399.760798674] [coverage_planner_node]: Waiting for /global_costmap/costmap before generating frozen coverage path
[sweepi_robot_manager_node.py-5] [component_container_isolated-1] [INFO] [1783806399.953346589] [global_costmap.global_costmap]: Timed out waiting for transform from base_footprint to map to become available, tf error: Invalid frame ID "map" passed to canTransform argument target_frame - frame does not exist
[sweepi_robot_manager_node.py-5] [component_container_isolated-1] [INFO] [1783806400.453351194] [global_costmap.global_costmap]: Timed out waiting for transform from base_footprint to map to become available, tf error: Invalid frame ID "map" passed to canTransform argument target_frame - frame does not exist
[sweepi_robot_manager_node.py-5] [component_container_isolated-1] [INFO] [1783806400.953348446] [global_costmap.global_costmap]: Timed out waiting for transform from base_footprint to map to become available, tf error: Invalid frame ID "map" passed to canTransform argument target_frame - frame does not exist
[sweepi_robot_manager_node.py-5] [component_container_isolated-1] [WARN] [1783806401.310637921] [amcl]: AMCL cannot publish a pose or update the transform. Please set the initial pose...
[sweepi_robot_manager_node.py-5] [component_container_isolated-1] [INFO] [1783806401.453346543] [global_costmap.global_costmap]: Timed out waiting for transform from base_footprint to map to become available, tf error: Invalid frame ID "map" passed to canTransform argument target_frame - frame does not exist
[sweepi_robot_manager_node.py-5] [coverage_tracker_node.py-2] [WARN] [1783806401.735394534] [coverage_tracker_node]: Could not get TF map -> base_footprint: "map" passed to lookupTransform argument target_frame does not exist. 
[sweepi_robot_manager_node.py-5] [coverage_planner_node.py-3] [INFO] [1783806401.760840634] [coverage_planner_node]: Waiting for /global_costmap/costmap before generating frozen coverage path
[sweepi_robot_manager_node.py-5] [component_container_isolated-1] [INFO] [1783806401.953348397] [global_costmap.global_costmap]: Timed out waiting for transform from base_footprint to map to become available, tf error: Invalid frame ID "map" passed to canTransform argument target_frame - frame does not exist
[sweepi_robot_manager_node.py-5] [component_container_isolated-1] [INFO] [1783806402.453415582] [global_costmap.global_costmap]: Timed out waiting for transform from base_footprint to map to become available, tf error: Invalid frame ID "map" passed to canTransform argument target_frame - frame does not exist
[sweepi_robot_manager_node.py-5] [component_container_isolated-1] [INFO] [1783806402.953378575] [global_costmap.global_costmap]: Timed out waiting for transform from base_footprint to map to become available, tf error: Invalid frame ID "map" passed to canTransform argument target_frame - frame does not exist
[sweepi_robot_manager_node.py-5] [component_container_isolated-1] [WARN] [1783806403.409418197] [amcl]: AMCL cannot publish a pose or update the transform. Please set the initial pose...
[sweepi_robot_manager_node.py-5] [component_container_isolated-1] [INFO] [1783806403.453346044] [global_costmap.global_costmap]: Timed out waiting for transform from base_footprint to map to become available, tf error: Invalid frame ID "map" passed to canTransform argument target_frame - frame does not exist
[sweepi_robot_manager_node.py-5] [component_container_isolated-1] [INFO] [1783806403.953345845] [global_costmap.global_costmap]: Timed out waiting for transform from base_footprint to map to become available, tf error: Invalid frame ID "map" passed to canTransform argument target_frame - frame does not exist
[sweepi_robot_manager_node.py-5] [component_container_isolated-1] [INFO] [1783806404.453348326] [global_costmap.global_costmap]: Timed out waiting for transform from base_footprint to map to become available, tf error: Invalid frame ID "map" passed to canTransform argument target_frame - frame does not exist
[sweepi_robot_manager_node.py-5] [coverage_planner_node.py-3] [INFO] [1783806404.760732253] [coverage_planner_node]: Waiting for /global_costmap/costmap before generating frozen coverage path
[sweepi_robot_manager_node.py-5] [component_container_isolated-1] [INFO] [1783806404.953344083] [global_costmap.global_costmap]: Timed out waiting for transform from base_footprint to map to become available, tf error: Invalid frame ID "map" passed to canTransform argument target_frame - frame does not exist
[sweepi_robot_manager_node.py-5] [component_container_isolated-1] [WARN] [1783806405.410271078] [amcl]: AMCL cannot publish a pose or update the transform. Please set the initial pose...
[sweepi_robot_manager_node.py-5] [component_container_isolated-1] [INFO] [1783806405.453351038] [global_costmap.global_costmap]: Timed out waiting for transform from base_footprint to map to become available, tf error: Invalid frame ID "map" passed to canTransform argument target_frame - frame does not exist
[sweepi_robot_manager_node.py-5] [component_container_isolated-1] [INFO] [1783806405.953353323] [global_costmap.global_costmap]: Timed out waiting for transform from base_footprint to map to become available, tf error: Invalid frame ID "map" passed to canTransform argument target_frame - frame does not exist
[sweepi_robot_manager_node.py-5] [component_container_isolated-1] [INFO] [1783806406.453351696] [global_costmap.global_costmap]: Timed out waiting for transform from base_footprint to map to become available, tf error: Invalid frame ID "map" passed to canTransform argument target_frame - frame does not exist
[sweepi_robot_manager_node.py-5] [coverage_tracker_node.py-2] [WARN] [1783806406.735576694] [coverage_tracker_node]: Could not get TF map -> base_footprint: "map" passed to lookupTransform argument target_frame does not exist. 
[sweepi_robot_manager_node.py-5] [coverage_planner_node.py-3] [INFO] [1783806406.760886874] [coverage_planner_node]: Waiting for /global_costmap/costmap before generating frozen coverage path
[sweepi_robot_manager_node.py-5] [component_container_isolated-1] [INFO] [1783806406.953351808] [global_costmap.global_costmap]: Timed out waiting for transform from base_footprint to map to become available, tf error: Invalid frame ID "map" passed to canTransform argument target_frame - frame does not exist
[sweepi_robot_manager_node.py-5] [component_container_isolated-1] [INFO] [1783806407.453349599] [global_costmap.global_costmap]: Timed out waiting for transform from base_footprint to map to become available, tf error: Invalid frame ID "map" passed to canTransform argument target_frame - frame does not exist
[sweepi_robot_manager_node.py-5] [component_container_isolated-1] [WARN] [1783806407.503409678] [amcl]: AMCL cannot publish a pose or update the transform. Please set the initial pose...
[sweepi_robot_manager_node.py-5] [component_container_isolated-1] [INFO] [1783806407.953344591] [global_costmap.global_costmap]: Timed out waiting for transform from base_footprint to map to become available, tf error: Invalid frame ID "map" passed to canTransform argument target_frame - frame does not exist
[sweepi_robot_manager_node.py-5] [component_container_isolated-1] [INFO] [1783806408.453350635] [global_costmap.global_costmap]: Timed out waiting for transform from base_footprint to map to become available, tf error: Invalid frame ID "map" passed to canTransform argument target_frame - frame does not exist
[sweepi_robot_manager_node.py-5] [coverage_planner_node.py-3] [INFO] [1783806408.760896559] [coverage_planner_node]: Waiting for /global_costmap/costmap before generating frozen coverage path
[sweepi_robot_manager_node.py-5] [component_container_isolated-1] [INFO] [1783806408.953352842] [global_costmap.global_costmap]: Timed out waiting for transform from base_footprint to map to become available, tf error: Invalid frame ID "map" passed to canTransform argument target_frame - frame does not exist
[sweepi_robot_manager_node.py-5] [component_container_isolated-1] [INFO] [1783806409.453348378] [global_costmap.global_costmap]: Timed out waiting for transform from base_footprint to map to become available, tf error: Invalid frame ID "map" passed to canTransform argument target_frame - frame does not exist
[sweepi_robot_manager_node.py-5] [component_container_isolated-1] [WARN] [1783806409.602268462] [amcl]: AMCL cannot publish a pose or update the transform. Please set the initial pose...
[sweepi_robot_manager_node.py-5] [component_container_isolated-1] [INFO] [1783806409.953345189] [global_costmap.global_costmap]: Timed out waiting for transform from base_footprint to map to become available, tf error: Invalid frame ID "map" passed to canTransform argument target_frame - frame does not exist
[sweepi_robot_manager_node.py-5] [component_container_isolated-1] [INFO] [1783806410.453352088] [global_costmap.global_costmap]: Timed out waiting for transform from base_footprint to map to become available, tf error: Invalid frame ID "map" passed to canTransform argument target_frame - frame does not exist
[sweepi_robot_manager_node.py-5] [component_container_isolated-1] [INFO] [1783806410.953349355] [global_costmap.global_costmap]: Timed out waiting for transform from base_footprint to map to become available, tf error: Invalid frame ID "map" passed to canTransform argument target_frame - frame does not exist
[sweepi_robot_manager_node.py-5] [component_container_isolated-1] [INFO] [1783806411.453345821] [global_costmap.global_costmap]: Timed out waiting for transform from base_footprint to map to become available, tf error: Invalid frame ID "map" passed to canTransform argument target_frame - frame does not exist
[sweepi_robot_manager_node.py-5] [component_container_isolated-1] [WARN] [1783806411.700849861] [amcl]: AMCL cannot publish a pose or update the transform. Please set the initial pose...
[sweepi_robot_manager_node.py-5] [coverage_planner_node.py-3] [INFO] [1783806411.760841603] [coverage_planner_node]: Waiting for /global_costmap/costmap before generating frozen coverage path
[sweepi_robot_manager_node.py-5] [coverage_tracker_node.py-2] [WARN] [1783806411.860108414] [coverage_tracker_node]: Could not get TF map -> base_footprint: "map" passed to lookupTransform argument target_frame does not exist. 
[sweepi_robot_manager_node.py-5] [component_container_isolated-1] [INFO] [1783806411.953351951] [global_costmap.global_costmap]: Timed out waiting for transform from base_footprint to map to become available, tf error: Invalid frame ID "map" passed to canTransform argument target_frame - frame does not exist
[sweepi_robot_manager_node.py-5] [component_container_isolated-1] [INFO] [1783806412.453351355] [global_costmap.global_costmap]: Timed out waiting for transform from base_footprint to map to become available, tf error: Invalid frame ID "map" passed to canTransform argument target_frame - frame does not exist
[sweepi_robot_manager_node.py-5] [component_container_isolated-1] [INFO] [1783806412.953354774] [global_costmap.global_costmap]: Timed out waiting for transform from base_footprint to map to become available, tf error: Invalid frame ID "map" passed to canTransform argument target_frame - frame does not exist
[sweepi_robot_manager_node.py-5] [component_container_isolated-1] [INFO] [1783806413.453349448] [global_costmap.global_costmap]: Timed out waiting for transform from base_footprint to map to become available, tf error: Invalid frame ID "map" passed to canTransform argument target_frame - frame does not exist
[sweepi_robot_manager_node.py-5] [coverage_planner_node.py-3] [INFO] [1783806413.760894905] [coverage_planner_node]: Waiting for /global_costmap/costmap before generating frozen coverage path
[sweepi_robot_manager_node.py-5] [component_container_isolated-1] [WARN] [1783806413.799951961] [amcl]: AMCL cannot publish a pose or update the transform. Please set the initial pose...
[sweepi_robot_manager_node.py-5] [component_container_isolated-1] [INFO] [1783806413.953346286] [global_costmap.global_costmap]: Timed out waiting for transform from base_footprint to map to become available, tf error: Invalid frame ID "map" passed to canTransform argument target_frame - frame does not exist
[sweepi_robot_manager_node.py-5] [component_container_isolated-1] [INFO] [1783806414.453351269] [global_costmap.global_costmap]: Timed out waiting for transform from base_footprint to map to become available, tf error: Invalid frame ID "map" passed to canTransform argument target_frame - frame does not exist
[sweepi_robot_manager_node.py-5] [component_container_isolated-1] [INFO] [1783806414.953350730] [global_costmap.global_costmap]: Timed out waiting for transform from base_footprint to map to become available, tf error: Invalid frame ID "map" passed to canTransform argument target_frame - frame does not exist
[sweepi_robot_manager_node.py-5] [component_container_isolated-1] [INFO] [1783806415.453352520] [global_costmap.global_costmap]: Timed out waiting for transform from base_footprint to map to become available, tf error: Invalid frame ID "map" passed to canTransform argument target_frame - frame does not exist
[sweepi_robot_manager_node.py-5] [component_container_isolated-1] [WARN] [1783806415.897752717] [amcl]: AMCL cannot publish a pose or update the transform. Please set the initial pose...
[sweepi_robot_manager_node.py-5] [component_container_isolated-1] [INFO] [1783806415.953382809] [global_costmap.global_costmap]: Timed out waiting for transform from base_footprint to map to become available, tf error: Invalid frame ID "map" passed to canTransform argument target_frame - frame does not exist
[sweepi_robot_manager_node.py-5] [component_container_isolated-1] [INFO] [1783806416.453349665] [global_costmap.global_costmap]: Timed out waiting for transform from base_footprint to map to become available, tf error: Invalid frame ID "map" passed to canTransform argument target_frame - frame does not exist
[sweepi_robot_manager_node.py-5] [coverage_planner_node.py-3] [INFO] [1783806416.760868000] [coverage_planner_node]: Waiting for /global_costmap/costmap before generating frozen coverage path
[sweepi_robot_manager_node.py-5] [coverage_tracker_node.py-2] [WARN] [1783806416.860284476] [coverage_tracker_node]: Could not get TF map -> base_footprint: "map" passed to lookupTransform argument target_frame does not exist. 
[sweepi_robot_manager_node.py-5] [component_container_isolated-1] [INFO] [1783806416.953348094] [global_costmap.global_costmap]: Timed out waiting for transform from base_footprint to map to become available, tf error: Invalid frame ID "map" passed to canTransform argument target_frame - frame does not exist
[sweepi_robot_manager_node.py-5] [component_container_isolated-1] [INFO] [1783806417.453348390] [global_costmap.global_costmap]: Timed out waiting for transform from base_footprint to map to become available, tf error: Invalid frame ID "map" passed to canTransform argument target_frame - frame does not exist
[sweepi_robot_manager_node.py-5] [component_container_isolated-1] [WARN] [1783806417.900716259] [amcl]: AMCL cannot publish a pose or update the transform. Please set the initial pose...
[sweepi_robot_manager_node.py-5] [component_container_isolated-1] [INFO] [1783806417.953345498] [global_costmap.global_costmap]: Timed out waiting for transform from base_footprint to map to become available, tf error: Invalid frame ID "map" passed to canTransform argument target_frame - frame does not exist
[sweepi_robot_manager_node.py-5] [component_container_isolated-1] [INFO] [1783806418.453349305] [global_costmap.global_costmap]: Timed out waiting for transform from base_footprint to map to become available, tf error: Invalid frame ID "map" passed to canTransform argument target_frame - frame does not exist
[sweepi_robot_manager_node.py-5] [component_container_isolated-1] [INFO] [1783806418.953350018] [global_costmap.global_costmap]: Timed out waiting for transform from base_footprint to map to become available, tf error: Invalid frame ID "map" passed to canTransform argument target_frame - frame does not exist
[sweepi_robot_manager_node.py-5] [component_container_isolated-1] [INFO] [1783806419.453352282] [global_costmap.global_costmap]: Timed out waiting for transform from base_footprint to map to become available, tf error: Invalid frame ID "map" passed to canTransform argument target_frame - frame does not exist
[sweepi_robot_manager_node.py-5] [coverage_planner_node.py-3] [INFO] [1783806419.760890553] [coverage_planner_node]: Waiting for /global_costmap/costmap before generating frozen coverage path
[sweepi_robot_manager_node.py-5] [component_container_isolated-1] [WARN] [1783806419.903862330] [amcl]: AMCL cannot publish a pose or update the transform. Please set the initial pose...
[sweepi_robot_manager_node.py-5] [component_container_isolated-1] [INFO] [1783806419.953350155] [global_costmap.global_costmap]: Timed out waiting for transform from base_footprint to map to become available, tf error: Invalid frame ID "map" passed to canTransform argument target_frame - frame does not exist
[sweepi_robot_manager_node.py-5] [component_container_isolated-1] [INFO] [1783806420.453346653] [global_costmap.global_costmap]: Timed out waiting for transform from base_footprint to map to become available, tf error: Invalid frame ID "map" passed to canTransform argument target_frame - frame does not exist
[sweepi_robot_manager_node.py-5] [component_container_isolated-1] [INFO] [1783806420.953371669] [global_costmap.global_costmap]: Timed out waiting for transform from base_footprint to map to become available, tf error: Invalid frame ID "map" passed to canTransform argument target_frame - frame does not exist
[sweepi_robot_manager_node.py-5] [component_container_isolated-1] [INFO] [1783806421.453381680] [global_costmap.global_costmap]: Timed out waiting for transform from base_footprint to map to become available, tf error: Invalid frame ID "map" passed to canTransform argument target_frame - frame does not exist
[sweepi_robot_manager_node.py-5] [coverage_tracker_node.py-2] [WARN] [1783806421.860469155] [coverage_tracker_node]: Could not get TF map -> base_footprint: "map" passed to lookupTransform argument target_frame does not exist. 
[sweepi_robot_manager_node.py-5] [component_container_isolated-1] [INFO] [1783806421.953354984] [global_costmap.global_costmap]: Timed out waiting for transform from base_footprint to map to become available, tf error: Invalid frame ID "map" passed to canTransform argument target_frame - frame does not exist
[sweepi_robot_manager_node.py-5] [component_container_isolated-1] [WARN] [1783806422.001297101] [amcl]: AMCL cannot publish a pose or update the transform. Please set the initial pose...
[sweepi_robot_manager_node.py-5] [component_container_isolated-1] [INFO] [1783806422.453357823] [global_costmap.global_costmap]: Timed out waiting for transform from base_footprint to map to become available, tf error: Invalid frame ID "map" passed to canTransform argument target_frame - frame does not exist
[sweepi_robot_manager_node.py-5] [coverage_planner_node.py-3] [INFO] [1783806422.760838046] [coverage_planner_node]: Waiting for /global_costmap/costmap before generating frozen coverage path
[sweepi_robot_manager_node.py-5] [component_container_isolated-1] [INFO] [1783806422.953384382] [global_costmap.global_costmap]: Timed out waiting for transform from base_footprint to map to become available, tf error: Invalid frame ID "map" passed to canTransform argument target_frame - frame does not exist
[sweepi_robot_manager_node.py-5] [component_container_isolated-1] [INFO] [1783806423.453345027] [global_costmap.global_costmap]: Timed out waiting for transform from base_footprint to map to become available, tf error: Invalid frame ID "map" passed to canTransform argument target_frame - frame does not exist
[sweepi_robot_manager_node.py-5] [component_container_isolated-1] [INFO] [1783806423.953343746] [global_costmap.global_costmap]: Timed out waiting for transform from base_footprint to map to become available, tf error: Invalid frame ID "map" passed to canTransform argument target_frame - frame does not exist
[sweepi_robot_manager_node.py-5] [component_container_isolated-1] [WARN] [1783806424.093329218] [amcl]: AMCL cannot publish a pose or update the transform. Please set the initial pose...
[sweepi_robot_manager_node.py-5] [component_container_isolated-1] [INFO] [1783806424.453348073] [global_costmap.global_costmap]: Timed out waiting for transform from base_footprint to map to become available, tf error: Invalid frame ID "map" passed to canTransform argument target_frame - frame does not exist
[sweepi_robot_manager_node.py-5] [coverage_planner_node.py-3] [INFO] [1783806424.760840692] [coverage_planner_node]: Waiting for /global_costmap/costmap before generating frozen coverage path
[sweepi_robot_manager_node.py-5] [component_container_isolated-1] [INFO] [1783806424.953356453] [global_costmap.global_costmap]: Timed out waiting for transform from base_footprint to map to become available, tf error: Invalid frame ID "map" passed to canTransform argument target_frame - frame does not exist
[sweepi_robot_manager_node.py-5] [component_container_isolated-1] [INFO] [1783806425.453358384] [global_costmap.global_costmap]: Timed out waiting for transform from base_footprint to map to become available, tf error: Invalid frame ID "map" passed to canTransform argument target_frame - frame does not exist
[sweepi_robot_manager_node.py-5] [component_container_isolated-1] [INFO] [1783806425.953344647] [global_costmap.global_costmap]: Timed out waiting for transform from base_footprint to map to become available, tf error: Invalid frame ID "map" passed to canTransform argument target_frame - frame does not exist
[sweepi_robot_manager_node.py-5] [component_container_isolated-1] [WARN] [1783806426.093572058] [amcl]: AMCL cannot publish a pose or update the transform. Please set the initial pose...
[sweepi_robot_manager_node.py-5] [component_container_isolated-1] [INFO] [1783806426.453348369] [global_costmap.global_costmap]: Timed out waiting for transform from base_footprint to map to become available, tf error: Invalid frame ID "map" passed to canTransform argument target_frame - frame does not exist
[sweepi_robot_manager_node.py-5] [coverage_planner_node.py-3] [INFO] [1783806426.760939462] [coverage_planner_node]: Waiting for /global_costmap/costmap before generating frozen coverage path
[sweepi_robot_manager_node.py-5] [component_container_isolated-1] [INFO] [1783806426.953347959] [global_costmap.global_costmap]: Timed out waiting for transform from base_footprint to map to become available, tf error: Invalid frame ID "map" passed to canTransform argument target_frame - frame does not exist
[sweepi_robot_manager_node.py-5] [coverage_tracker_node.py-2] [WARN] [1783806426.985249904] [coverage_tracker_node]: Could not get TF map -> base_footprint: "map" passed to lookupTransform argument target_frame does not exist. 
[sweepi_robot_manager_node.py-5] [component_container_isolated-1] [INFO] [1783806427.453347787] [global_costmap.global_costmap]: Timed out waiting for transform from base_footprint to map to become available, tf error: Invalid frame ID "map" passed to canTransform argument target_frame - frame does not exist
[sweepi_robot_manager_node.py-5] [component_container_isolated-1] [INFO] [1783806427.953349613] [global_costmap.global_costmap]: Timed out waiting for transform from base_footprint to map to become available, tf error: Invalid frame ID "map" passed to canTransform argument target_frame - frame does not exist
[sweepi_robot_manager_node.py-5] [component_container_isolated-1] [WARN] [1783806428.185009998] [amcl]: AMCL cannot publish a pose or update the transform. Please set the initial pose...
[sweepi_robot_manager_node.py-5] [component_container_isolated-1] [INFO] [1783806428.453359658] [global_costmap.global_costmap]: Timed out waiting for transform from base_footprint to map to become available, tf error: Invalid frame ID "map" passed to canTransform argument target_frame - frame does not exist
[sweepi_robot_manager_node.py-5] [component_container_isolated-1] [INFO] [1783806428.953346422] [global_costmap.global_costmap]: Timed out waiting for transform from base_footprint to map to become available, tf error: Invalid frame ID "map" passed to canTransform argument target_frame - frame does not exist
[sweepi_robot_manager_node.py-5] [component_container_isolated-1] [INFO] [1783806429.453350091] [global_costmap.global_costmap]: Timed out waiting for transform from base_footprint to map to become available, tf error: Invalid frame ID "map" passed to canTransform argument target_frame - frame does not exist
[sweepi_robot_manager_node.py-5] [coverage_planner_node.py-3] [INFO] [1783806429.760851470] [coverage_planner_node]: Waiting for /global_costmap/costmap before generating frozen coverage path
[sweepi_robot_manager_node.py-5] [component_container_isolated-1] [INFO] [1783806429.953342961] [global_costmap.global_costmap]: Timed out waiting for transform from base_footprint to map to become available, tf error: Invalid frame ID "map" passed to canTransform argument target_frame - frame does not exist
[sweepi_robot_manager_node.py-5] [component_container_isolated-1] [WARN] [1783806430.283790191] [amcl]: AMCL cannot publish a pose or update the transform. Please set the initial pose...
[sweepi_robot_manager_node.py-5] [component_container_isolated-1] [INFO] [1783806430.453344439] [global_costmap.global_costmap]: Timed out waiting for transform from base_footprint to map to become available, tf error: Invalid frame ID "map" passed to canTransform argument target_frame - frame does not exist
[sweepi_robot_manager_node.py-5] [component_container_isolated-1] [INFO] [1783806430.953349452] [global_costmap.global_costmap]: Timed out waiting for transform from base_footprint to map to become available, tf error: Invalid frame ID "map" passed to canTransform argument target_frame - frame does not exist
[sweepi_robot_manager_node.py-5] [component_container_isolated-1] [INFO] [1783806431.453377945] [global_costmap.global_costmap]: Timed out waiting for transform from base_footprint to map to become available, tf error: Invalid frame ID "map" passed to canTransform argument target_frame - frame does not exist
[sweepi_robot_manager_node.py-5] [component_container_isolated-1] [INFO] [1783806431.954285337] [global_costmap.global_costmap]: Timed out waiting for transform from base_footprint to map to become available, tf error: Invalid frame ID "map" passed to canTransform argument target_frame - frame does not exist
[sweepi_robot_manager_node.py-5] [coverage_tracker_node.py-2] [WARN] [1783806431.986084233] [coverage_tracker_node]: Could not get TF map -> base_footprint: "map" passed to lookupTransform argument target_frame does not exist. 
[sweepi_robot_manager_node.py-5] [component_container_isolated-1] [WARN] [1783806432.283992991] [amcl]: AMCL cannot publish a pose or update the transform. Please set the initial pose...
[sweepi_robot_manager_node.py-5] [component_container_isolated-1] [INFO] [1783806432.453352272] [global_costmap.global_costmap]: Timed out waiting for transform from base_footprint to map to become available, tf error: Invalid frame ID "map" passed to canTransform argument target_frame - frame does not exist
[sweepi_robot_manager_node.py-5] [coverage_planner_node.py-3] [INFO] [1783806432.760939740] [coverage_planner_node]: Waiting for /global_costmap/costmap before generating frozen coverage path
[sweepi_robot_manager_node.py-5] [component_container_isolated-1] [INFO] [1783806432.953349182] [global_costmap.global_costmap]: Timed out waiting for transform from base_footprint to map to become available, tf error: Invalid frame ID "map" passed to canTransform argument target_frame - frame does not exist
[sweepi_robot_manager_node.py-5] [component_container_isolated-1] [INFO] [1783806433.453341811] [global_costmap.global_costmap]: Timed out waiting for transform from base_footprint to map to become available, tf error: Invalid frame ID "map" passed to canTransform argument target_frame - frame does not exist
[sweepi_robot_manager_node.py-5] [component_container_isolated-1] [INFO] [1783806433.953347828] [global_costmap.global_costmap]: Timed out waiting for transform from base_footprint to map to become available, tf error: Invalid frame ID "map" passed to canTransform argument target_frame - frame does not exist
[sweepi_robot_manager_node.py-5] [component_container_isolated-1] [WARN] [1783806434.382644272] [amcl]: AMCL cannot publish a pose or update the transform. Please set the initial pose...
[sweepi_robot_manager_node.py-5] [component_container_isolated-1] [INFO] [1783806434.453355971] [global_costmap.global_costmap]: Timed out waiting for transform from base_footprint to map to become available, tf error: Invalid frame ID "map" passed to canTransform argument target_frame - frame does not exist
[sweepi_robot_manager_node.py-5] [component_container_isolated-1] [INFO] [1783806434.953353464] [global_costmap.global_costmap]: Timed out waiting for transform from base_footprint to map to become available, tf error: Invalid frame ID "map" passed to canTransform argument target_frame - frame does not exist
[sweepi_robot_manager_node.py-5] [component_container_isolated-1] [INFO] [1783806435.453348195] [global_costmap.global_costmap]: Timed out waiting for transform from base_footprint to map to become available, tf error: Invalid frame ID "map" passed to canTransform argument target_frame - frame does not exist
[sweepi_robot_manager_node.py-5] [coverage_planner_node.py-3] [INFO] [1783806435.760791300] [coverage_planner_node]: Waiting for /global_costmap/costmap before generating frozen coverage path
[sweepi_robot_manager_node.py-5] [component_container_isolated-1] [INFO] [1783806435.953343386] [global_costmap.global_costmap]: Timed out waiting for transform from base_footprint to map to become available, tf error: Invalid frame ID "map" passed to canTransform argument target_frame - frame does not exist
[sweepi_robot_manager_node.py-5] [component_container_isolated-1] [INFO] [1783806436.453345927] [global_costmap.global_costmap]: Timed out waiting for transform from base_footprint to map to become available, tf error: Invalid frame ID "map" passed to canTransform argument target_frame - frame does not exist
[sweepi_robot_manager_node.py-5] [component_container_isolated-1] [WARN] [1783806436.481302793] [amcl]: AMCL cannot publish a pose or update the transform. Please set the initial pose...
[sweepi_robot_manager_node.py-5] [component_container_isolated-1] [INFO] [1783806436.953351540] [global_costmap.global_costmap]: Timed out waiting for transform from base_footprint to map to become available, tf error: Invalid frame ID "map" passed to canTransform argument target_frame - frame does not exist
[sweepi_robot_manager_node.py-5] [coverage_tracker_node.py-2] [WARN] [1783806437.110814572] [coverage_tracker_node]: Could not get TF map -> base_footprint: "map" passed to lookupTransform argument target_frame does not exist. 
[sweepi_robot_manager_node.py-5] [component_container_isolated-1] [INFO] [1783806437.453350058] [global_costmap.global_costmap]: Timed out waiting for transform from base_footprint to map to become available, tf error: Invalid frame ID "map" passed to canTransform argument target_frame - frame does not exist
[sweepi_robot_manager_node.py-5] [coverage_planner_node.py-3] [INFO] [1783806437.760830117] [coverage_planner_node]: Waiting for /global_costmap/costmap before generating frozen coverage path
[sweepi_robot_manager_node.py-5] [component_container_isolated-1] [INFO] [1783806437.953345962] [global_costmap.global_costmap]: Timed out waiting for transform from base_footprint to map to become available, tf error: Invalid frame ID "map" passed to canTransform argument target_frame - frame does not exist
[sweepi_robot_manager_node.py-5] [component_container_isolated-1] [INFO] [1783806438.453347587] [global_costmap.global_costmap]: Timed out waiting for transform from base_footprint to map to become available, tf error: Invalid frame ID "map" passed to canTransform argument target_frame - frame does not exist
[sweepi_robot_manager_node.py-5] [component_container_isolated-1] [WARN] [1783806438.575742017] [amcl]: AMCL cannot publish a pose or update the transform. Please set the initial pose...
[sweepi_robot_manager_node.py-5] [component_container_isolated-1] [INFO] [1783806438.953344820] [global_costmap.global_costmap]: Timed out waiting for transform from base_footprint to map to become available, tf error: Invalid frame ID "map" passed to canTransform argument target_frame - frame does not exist
[sweepi_robot_manager_node.py-5] [component_container_isolated-1] [INFO] [1783806439.453351051] [global_costmap.global_costmap]: Timed out waiting for transform from base_footprint to map to become available, tf error: Invalid frame ID "map" passed to canTransform argument target_frame - frame does not exist
[sweepi_robot_manager_node.py-5] [coverage_planner_node.py-3] [INFO] [1783806439.760893825] [coverage_planner_node]: Waiting for /global_costmap/costmap before generating frozen coverage path
[sweepi_robot_manager_node.py-5] [component_container_isolated-1] [INFO] [1783806439.953356539] [global_costmap.global_costmap]: Timed out waiting for transform from base_footprint to map to become available, tf error: Invalid frame ID "map" passed to canTransform argument target_frame - frame does not exist
[sweepi_robot_manager_node.py-5] [component_container_isolated-1] [INFO] [1783806440.453351395] [global_costmap.global_costmap]: Timed out waiting for transform from base_footprint to map to become available, tf error: Invalid frame ID "map" passed to canTransform argument target_frame - frame does not exist
[sweepi_robot_manager_node.py-5] [component_container_isolated-1] [WARN] [1783806440.580205099] [amcl]: AMCL cannot publish a pose or update the transform. Please set the initial pose...
[sweepi_robot_manager_node.py-5] [component_container_isolated-1] [INFO] [1783806440.953352194] [global_costmap.global_costmap]: Timed out waiting for transform from base_footprint to map to become available, tf error: Invalid frame ID "map" passed to canTransform argument target_frame - frame does not exist
[sweepi_robot_manager_node.py-5] [component_container_isolated-1] [INFO] [1783806441.453355453] [global_costmap.global_costmap]: Timed out waiting for transform from base_footprint to map to become available, tf error: Invalid frame ID "map" passed to canTransform argument target_frame - frame does not exist
[sweepi_robot_manager_node.py-5] [coverage_planner_node.py-3] [INFO] [1783806441.760932570] [coverage_planner_node]: Waiting for /global_costmap/costmap before generating frozen coverage path
[sweepi_robot_manager_node.py-5] [component_container_isolated-1] [INFO] [1783806441.953345969] [global_costmap.global_costmap]: Timed out waiting for transform from base_footprint to map to become available, tf error: Invalid frame ID "map" passed to canTransform argument target_frame - frame does not exist
[sweepi_robot_manager_node.py-5] [coverage_tracker_node.py-2] [WARN] [1783806442.235778185] [coverage_tracker_node]: Could not get TF map -> base_footprint: "map" passed to lookupTransform argument target_frame does not exist. 
[sweepi_robot_manager_node.py-5] [component_container_isolated-1] [INFO] [1783806442.453353651] [global_costmap.global_costmap]: Timed out waiting for transform from base_footprint to map to become available, tf error: Invalid frame ID "map" passed to canTransform argument target_frame - frame does not exist
[sweepi_robot_manager_node.py-5] [component_container_isolated-1] [WARN] [1783806442.675056352] [amcl]: AMCL cannot publish a pose or update the transform. Please set the initial pose...
[sweepi_robot_manager_node.py-5] [component_container_isolated-1] [INFO] [1783806442.953351700] [global_costmap.global_costmap]: Timed out waiting for transform from base_footprint to map to become available, tf error: Invalid frame ID "map" passed to canTransform argument target_frame - frame does not exist
[sweepi_robot_manager_node.py-5] [component_container_isolated-1] [INFO] [1783806443.453345228] [global_costmap.global_costmap]: Timed out waiting for transform from base_footprint to map to become available, tf error: Invalid frame ID "map" passed to canTransform argument target_frame - frame does not exist
[sweepi_robot_manager_node.py-5] [component_container_isolated-1] [INFO] [1783806443.953358885] [global_costmap.global_costmap]: Timed out waiting for transform from base_footprint to map to become available, tf error: Invalid frame ID "map" passed to canTransform argument target_frame - frame does not exist
[sweepi_robot_manager_node.py-5] [component_container_isolated-1] [INFO] [1783806444.453356021] [global_costmap.global_costmap]: Timed out waiting for transform from base_footprint to map to become available, tf error: Invalid frame ID "map" passed to canTransform argument target_frame - frame does not exist
[sweepi_robot_manager_node.py-5] [coverage_planner_node.py-3] [INFO] [1783806444.760878131] [coverage_planner_node]: Waiting for /global_costmap/costmap before generating frozen coverage path
[sweepi_robot_manager_node.py-5] [component_container_isolated-1] [WARN] [1783806444.775275203] [amcl]: AMCL cannot publish a pose or update the transform. Please set the initial pose...
[sweepi_robot_manager_node.py-5] [component_container_isolated-1] [INFO] [1783806444.953345672] [global_costmap.global_costmap]: Timed out waiting for transform from base_footprint to map to become available, tf error: Invalid frame ID "map" passed to canTransform argument target_frame - frame does not exist
[sweepi_robot_manager_node.py-5] [component_container_isolated-1] [INFO] [1783806445.453348452] [global_costmap.global_costmap]: Timed out waiting for transform from base_footprint to map to become available, tf error: Invalid frame ID "map" passed to canTransform argument target_frame - frame does not exist
[sweepi_robot_manager_node.py-5] [component_container_isolated-1] [INFO] [1783806445.953345730] [global_costmap.global_costmap]: Timed out waiting for transform from base_footprint to map to become available, tf error: Invalid frame ID "map" passed to canTransform argument target_frame - frame does not exist
[sweepi_robot_manager_node.py-5] [component_container_isolated-1] [INFO] [1783806446.453349581] [global_costmap.global_costmap]: Timed out waiting for transform from base_footprint to map to become available, tf error: Invalid frame ID "map" passed to canTransform argument target_frame - frame does not exist
[sweepi_robot_manager_node.py-5] [component_container_isolated-1] [WARN] [1783806446.868019005] [amcl]: AMCL cannot publish a pose or update the transform. Please set the initial pose...
[sweepi_robot_manager_node.py-5] [component_container_isolated-1] [INFO] [1783806446.953357003] [global_costmap.global_costmap]: Timed out waiting for transform from base_footprint to map to become available, tf error: Invalid frame ID "map" passed to canTransform argument target_frame - frame does not exist
[sweepi_robot_manager_node.py-5] [coverage_tracker_node.py-2] [WARN] [1783806447.360275793] [coverage_tracker_node]: Could not get TF map -> base_footprint: "map" passed to lookupTransform argument target_frame does not exist. 
[sweepi_robot_manager_node.py-5] [component_container_isolated-1] [INFO] [1783806447.453348849] [global_costmap.global_costmap]: Timed out waiting for transform from base_footprint to map to become available, tf error: Invalid frame ID "map" passed to canTransform argument target_frame - frame does not exist
[sweepi_robot_manager_node.py-5] [coverage_planner_node.py-3] [INFO] [1783806447.760946310] [coverage_planner_node]: Waiting for /global_costmap/costmap before generating frozen coverage path
[sweepi_robot_manager_node.py-5] [component_container_isolated-1] [INFO] [1783806447.953344175] [global_costmap.global_costmap]: Timed out waiting for transform from base_footprint to map to become available, tf error: Invalid frame ID "map" passed to canTransform argument target_frame - frame does not exist
[sweepi_robot_manager_node.py-5] [component_container_isolated-1] [INFO] [1783806448.453351629] [global_costmap.global_costmap]: Timed out waiting for transform from base_footprint to map to become available, tf error: Invalid frame ID "map" passed to canTransform argument target_frame - frame does not exist
[sweepi_robot_manager_node.py-5] [component_container_isolated-1] [INFO] [1783806448.953348321] [global_costmap.global_costmap]: Timed out waiting for transform from base_footprint to map to become available, tf error: Invalid frame ID "map" passed to canTransform argument target_frame - frame does not exist
[sweepi_robot_manager_node.py-5] [component_container_isolated-1] [WARN] [1783806448.964777455] [amcl]: AMCL cannot publish a pose or update the transform. Please set the initial pose...
[sweepi_robot_manager_node.py-5] [component_container_isolated-1] [INFO] [1783806449.453345290] [global_costmap.global_costmap]: Timed out waiting for transform from base_footprint to map to become available, tf error: Invalid frame ID "map" passed to canTransform argument target_frame - frame does not exist
[sweepi_robot_manager_node.py-5] [component_container_isolated-1] [INFO] [1783806449.953347182] [global_costmap.global_costmap]: Timed out waiting for transform from base_footprint to map to become available, tf error: Invalid frame ID "map" passed to canTransform argument target_frame - frame does not exist
[sweepi_robot_manager_node.py-5] [component_container_isolated-1] [INFO] [1783806450.453350926] [global_costmap.global_costmap]: Timed out waiting for transform from base_footprint to map to become available, tf error: Invalid frame ID "map" passed to canTransform argument target_frame - frame does not exist
[sweepi_robot_manager_node.py-5] [coverage_planner_node.py-3] [INFO] [1783806450.760941049] [coverage_planner_node]: Waiting for /global_costmap/costmap before generating frozen coverage path
[sweepi_robot_manager_node.py-5] [component_container_isolated-1] [INFO] [1783806450.953344685] [global_costmap.global_costmap]: Timed out waiting for transform from base_footprint to map to become available, tf error: Invalid frame ID "map" passed to canTransform argument target_frame - frame does not exist
[sweepi_robot_manager_node.py-5] [component_container_isolated-1] [WARN] [1783806451.060518932] [amcl]: AMCL cannot publish a pose or update the transform. Please set the initial pose...
[sweepi_robot_manager_node.py-5] [component_container_isolated-1] [INFO] [1783806451.453348962] [global_costmap.global_costmap]: Timed out waiting for transform from base_footprint to map to become available, tf error: Invalid frame ID "map" passed to canTransform argument target_frame - frame does not exist
[sweepi_robot_manager_node.py-5] [component_container_isolated-1] [INFO] [1783806451.953349940] [global_costmap.global_costmap]: Timed out waiting for transform from base_footprint to map to become available, tf error: Invalid frame ID "map" passed to canTransform argument target_frame - frame does not exist
[sweepi_robot_manager_node.py-5] [coverage_tracker_node.py-2] [WARN] [1783806452.360582725] [coverage_tracker_node]: Could not get TF map -> base_footprint: "map" passed to lookupTransform argument target_frame does not exist. 
[sweepi_robot_manager_node.py-5] [component_container_isolated-1] [INFO] [1783806452.453355158] [global_costmap.global_costmap]: Timed out waiting for transform from base_footprint to map to become available, tf error: Invalid frame ID "map" passed to canTransform argument target_frame - frame does not exist
[sweepi_robot_manager_node.py-5] [component_container_isolated-1] [INFO] [1783806452.953350244] [global_costmap.global_costmap]: Timed out waiting for transform from base_footprint to map to become available, tf error: Invalid frame ID "map" passed to canTransform argument target_frame - frame does not exist
[sweepi_robot_manager_node.py-5] [component_container_isolated-1] [WARN] [1783806453.156376275] [amcl]: AMCL cannot publish a pose or update the transform. Please set the initial pose...
[sweepi_robot_manager_node.py-5] [component_container_isolated-1] [INFO] [1783806453.453351866] [global_costmap.global_costmap]: Timed out waiting for transform from base_footprint to map to become available, tf error: Invalid frame ID "map" passed to canTransform argument target_frame - frame does not exist
[sweepi_robot_manager_node.py-5] [coverage_planner_node.py-3] [INFO] [1783806453.761030915] [coverage_planner_node]: Waiting for /global_costmap/costmap before generating frozen coverage path
[sweepi_robot_manager_node.py-5] [component_container_isolated-1] [INFO] [1783806453.953347281] [global_costmap.global_costmap]: Timed out waiting for transform from base_footprint to map to become available, tf error: Invalid frame ID "map" passed to canTransform argument target_frame - frame does not exist
[sweepi_robot_manager_node.py-5] [component_container_isolated-1] [INFO] [1783806454.453348326] [global_costmap.global_costmap]: Timed out waiting for transform from base_footprint to map to become available, tf error: Invalid frame ID "map" passed to canTransform argument target_frame - frame does not exist
[sweepi_robot_manager_node.py-5] [component_container_isolated-1] [INFO] [1783806454.953344757] [global_costmap.global_costmap]: Timed out waiting for transform from base_footprint to map to become available, tf error: Invalid frame ID "map" passed to canTransform argument target_frame - frame does not exist
[sweepi_robot_manager_node.py-5] [component_container_isolated-1] [WARN] [1783806455.159751923] [amcl]: AMCL cannot publish a pose or update the transform. Please set the initial pose...
[sweepi_robot_manager_node.py-5] [component_container_isolated-1] [INFO] [1783806455.453351355] [global_costmap.global_costmap]: Timed out waiting for transform from base_footprint to map to become available, tf error: Invalid frame ID "map" passed to canTransform argument target_frame - frame does not exist
[sweepi_robot_manager_node.py-5] [component_container_isolated-1] [INFO] [1783806455.953346690] [global_costmap.global_costmap]: Timed out waiting for transform from base_footprint to map to become available, tf error: Invalid frame ID "map" passed to canTransform argument target_frame - frame does not exist
[sweepi_robot_manager_node.py-5] [component_container_isolated-1] [INFO] [1783806456.453353062] [global_costmap.global_costmap]: Timed out waiting for transform from base_footprint to map to become available, tf error: Invalid frame ID "map" passed to canTransform argument target_frame - frame does not exist
[sweepi_robot_manager_node.py-5] [coverage_planner_node.py-3] [INFO] [1783806456.761124241] [coverage_planner_node]: Waiting for /global_costmap/costmap before generating frozen coverage path
[sweepi_robot_manager_node.py-5] [component_container_isolated-1] [INFO] [1783806456.953348025] [global_costmap.global_costmap]: Timed out waiting for transform from base_footprint to map to become available, tf error: Invalid frame ID "map" passed to canTransform argument target_frame - frame does not exist
[sweepi_robot_manager_node.py-5] [component_container_isolated-1] [WARN] [1783806457.257927880] [amcl]: AMCL cannot publish a pose or update the transform. Please set the initial pose...
[sweepi_robot_manager_node.py-5] [coverage_tracker_node.py-2] [WARN] [1783806457.361264393] [coverage_tracker_node]: Could not get TF map -> base_footprint: "map" passed to lookupTransform argument target_frame does not exist. 
[sweepi_robot_manager_node.py-5] [component_container_isolated-1] [INFO] [1783806457.453350412] [global_costmap.global_costmap]: Timed out waiting for transform from base_footprint to map to become available, tf error: Invalid frame ID "map" passed to canTransform argument target_frame - frame does not exist
[sweepi_robot_manager_node.py-5] [component_container_isolated-1] [INFO] [1783806457.953347909] [global_costmap.global_costmap]: Timed out waiting for transform from base_footprint to map to become available, tf error: Invalid frame ID "map" passed to canTransform argument target_frame - frame does not exist
[sweepi_robot_manager_node.py-5] [component_container_isolated-1] [INFO] [1783806458.453347867] [global_costmap.global_costmap]: Timed out waiting for transform from base_footprint to map to become available, tf error: Invalid frame ID "map" passed to canTransform argument target_frame - frame does not exist
[sweepi_robot_manager_node.py-5] [component_container_isolated-1] [INFO] [1783806458.953342009] [global_costmap.global_costmap]: Timed out waiting for transform from base_footprint to map to become available, tf error: Invalid frame ID "map" passed to canTransform argument target_frame - frame does not exist
[sweepi_robot_manager_node.py-5] [component_container_isolated-1] [WARN] [1783806459.261811952] [amcl]: AMCL cannot publish a pose or update the transform. Please set the initial pose...
[sweepi_robot_manager_node.py-5] [component_container_isolated-1] [INFO] [1783806459.453355243] [global_costmap.global_costmap]: Timed out waiting for transform from base_footprint to map to become available, tf error: Invalid frame ID "map" passed to canTransform argument target_frame - frame does not exist
[sweepi_robot_manager_node.py-5] [coverage_planner_node.py-3] [INFO] [1783806459.760906838] [coverage_planner_node]: Waiting for /global_costmap/costmap before generating frozen coverage path
[sweepi_robot_manager_node.py-5] [component_container_isolated-1] [INFO] [1783806459.953354142] [global_costmap.global_costmap]: Timed out waiting for transform from base_footprint to map to become available, tf error: Invalid frame ID "map" passed to canTransform argument target_frame - frame does not exist
[sweepi_robot_manager_node.py-5] [component_container_isolated-1] [INFO] [1783806460.453349298] [global_costmap.global_costmap]: Timed out waiting for transform from base_footprint to map to become available, tf error: Invalid frame ID "map" passed to canTransform argument target_frame - frame does not exist
[sweepi_robot_manager_node.py-5] [component_container_isolated-1] [INFO] [1783806460.953344898] [global_costmap.global_costmap]: Timed out waiting for transform from base_footprint to map to become available, tf error: Invalid frame ID "map" passed to canTransform argument target_frame - frame does not exist
[sweepi_robot_manager_node.py-5] [component_container_isolated-1] [WARN] [1783806461.354526024] [amcl]: AMCL cannot publish a pose or update the transform. Please set the initial pose...
[sweepi_robot_manager_node.py-5] [component_container_isolated-1] [INFO] [1783806461.453348311] [global_costmap.global_costmap]: Timed out waiting for transform from base_footprint to map to become available, tf error: Invalid frame ID "map" passed to canTransform argument target_frame - frame does not exist
[sweepi_robot_manager_node.py-5] [component_container_isolated-1] [INFO] [1783806461.953344927] [global_costmap.global_costmap]: Timed out waiting for transform from base_footprint to map to become available, tf error: Invalid frame ID "map" passed to canTransform argument target_frame - frame does not exist
[sweepi_robot_manager_node.py-5] [component_container_isolated-1] [INFO] [1783806462.453352116] [global_costmap.global_costmap]: Timed out waiting for transform from base_footprint to map to become available, tf error: Invalid frame ID "map" passed to canTransform argument target_frame - frame does not exist
[sweepi_robot_manager_node.py-5] [coverage_tracker_node.py-2] [WARN] [1783806462.485206636] [coverage_tracker_node]: Could not get TF map -> base_footprint: "map" passed to lookupTransform argument target_frame does not exist. 
[sweepi_robot_manager_node.py-5] [coverage_planner_node.py-3] [INFO] [1783806462.760827003] [coverage_planner_node]: Waiting for /global_costmap/costmap before generating frozen coverage path
[sweepi_robot_manager_node.py-5] [component_container_isolated-1] [INFO] [1783806462.953348025] [global_costmap.global_costmap]: Timed out waiting for transform from base_footprint to map to become available, tf error: Invalid frame ID "map" passed to canTransform argument target_frame - frame does not exist
[sweepi_robot_manager_node.py-5] [component_container_isolated-1] [WARN] [1783806463.451015040] [amcl]: AMCL cannot publish a pose or update the transform. Please set the initial pose...
[sweepi_robot_manager_node.py-5] [component_container_isolated-1] [INFO] [1783806463.453348915] [global_costmap.global_costmap]: Timed out waiting for transform from base_footprint to map to become available, tf error: Invalid frame ID "map" passed to canTransform argument target_frame - frame does not exist
[sweepi_robot_manager_node.py-5] [component_container_isolated-1] [INFO] [1783806463.953341933] [global_costmap.global_costmap]: Timed out waiting for transform from base_footprint to map to become available, tf error: Invalid frame ID "map" passed to canTransform argument target_frame - frame does not exist
[sweepi_robot_manager_node.py-5] [component_container_isolated-1] [INFO] [1783806464.453339487] [global_costmap.global_costmap]: Timed out waiting for transform from base_footprint to map to become available, tf error: Invalid frame ID "map" passed to canTransform argument target_frame - frame does not exist
[sweepi_robot_manager_node.py-5] [coverage_planner_node.py-3] [INFO] [1783806464.760824849] [coverage_planner_node]: Waiting for /global_costmap/costmap before generating frozen coverage path
[sweepi_robot_manager_node.py-5] [component_container_isolated-1] [INFO] [1783806464.953348892] [global_costmap.global_costmap]: Timed out waiting for transform from base_footprint to map to become available, tf error: Invalid frame ID "map" passed to canTransform argument target_frame - frame does not exist
[sweepi_robot_manager_node.py-5] [component_container_isolated-1] [INFO] [1783806465.453352037] [global_costmap.global_costmap]: Timed out waiting for transform from base_footprint to map to become available, tf error: Invalid frame ID "map" passed to canTransform argument target_frame - frame does not exist
[sweepi_robot_manager_node.py-5] [component_container_isolated-1] [WARN] [1783806465.544294931] [amcl]: AMCL cannot publish a pose or update the transform. Please set the initial pose...
[sweepi_robot_manager_node.py-5] [component_container_isolated-1] [INFO] [1783806465.953347254] [global_costmap.global_costmap]: Timed out waiting for transform from base_footprint to map to become available, tf error: Invalid frame ID "map" passed to canTransform argument target_frame - frame does not exist
[sweepi_robot_manager_node.py-5] [component_container_isolated-1] [INFO] [1783806466.453349360] [global_costmap.global_costmap]: Timed out waiting for transform from base_footprint to map to become available, tf error: Invalid frame ID "map" passed to canTransform argument target_frame - frame does not exist
[sweepi_robot_manager_node.py-5] [component_container_isolated-1] [INFO] [1783806466.953348167] [global_costmap.global_costmap]: Timed out waiting for transform from base_footprint to map to become available, tf error: Invalid frame ID "map" passed to canTransform argument target_frame - frame does not exist
[sweepi_robot_manager_node.py-5] [component_container_isolated-1] [INFO] [1783806467.453347474] [global_costmap.global_costmap]: Timed out waiting for transform from base_footprint to map to become available, tf error: Invalid frame ID "map" passed to canTransform argument target_frame - frame does not exist
[sweepi_robot_manager_node.py-5] [coverage_tracker_node.py-2] [WARN] [1783806467.485506758] [coverage_tracker_node]: Could not get TF map -> base_footprint: "map" passed to lookupTransform argument target_frame does not exist. 
[sweepi_robot_manager_node.py-5] [component_container_isolated-1] [WARN] [1783806467.642818428] [amcl]: AMCL cannot publish a pose or update the transform. Please set the initial pose...
[sweepi_robot_manager_node.py-5] [coverage_planner_node.py-3] [INFO] [1783806467.760808130] [coverage_planner_node]: Waiting for /global_costmap/costmap before generating frozen coverage path
[sweepi_robot_manager_node.py-5] [component_container_isolated-1] [INFO] [1783806467.953352706] [global_costmap.global_costmap]: Timed out waiting for transform from base_footprint to map to become available, tf error: Invalid frame ID "map" passed to canTransform argument target_frame - frame does not exist
[sweepi_robot_manager_node.py-5] [component_container_isolated-1] [INFO] [1783806468.453349437] [global_costmap.global_costmap]: Timed out waiting for transform from base_footprint to map to become available, tf error: Invalid frame ID "map" passed to canTransform argument target_frame - frame does not exist
[sweepi_robot_manager_node.py-5] [component_container_isolated-1] [INFO] [1783806468.953352147] [global_costmap.global_costmap]: Timed out waiting for transform from base_footprint to map to become available, tf error: Invalid frame ID "map" passed to canTransform argument target_frame - frame does not exist
[sweepi_robot_manager_node.py-5] [component_container_isolated-1] [INFO] [1783806469.453351506] [global_costmap.global_costmap]: Timed out waiting for transform from base_footprint to map to become available, tf error: Invalid frame ID "map" passed to canTransform argument target_frame - frame does not exist
[sweepi_robot_manager_node.py-5] [component_container_isolated-1] [WARN] [1783806469.643142085] [amcl]: AMCL cannot publish a pose or update the transform. Please set the initial pose...
[sweepi_robot_manager_node.py-5] [coverage_planner_node.py-3] [INFO] [1783806469.760854805] [coverage_planner_node]: Waiting for /global_costmap/costmap before generating frozen coverage path
[sweepi_robot_manager_node.py-5] [component_container_isolated-1] [INFO] [1783806469.953349659] [global_costmap.global_costmap]: Timed out waiting for transform from base_footprint to map to become available, tf error: Invalid frame ID "map" passed to canTransform argument target_frame - frame does not exist
[sweepi_robot_manager_node.py-5] [component_container_isolated-1] [INFO] [1783806470.453350331] [global_costmap.global_costmap]: Timed out waiting for transform from base_footprint to map to become available, tf error: Invalid frame ID "map" passed to canTransform argument target_frame - frame does not exist
[sweepi_robot_manager_node.py-5] [component_container_isolated-1] [INFO] [1783806470.953348964] [global_costmap.global_costmap]: Timed out waiting for transform from base_footprint to map to become available, tf error: Invalid frame ID "map" passed to canTransform argument target_frame - frame does not exist
[sweepi_robot_manager_node.py-5] [component_container_isolated-1] [INFO] [1783806471.453352208] [global_costmap.global_costmap]: Timed out waiting for transform from base_footprint to map to become available, tf error: Invalid frame ID "map" passed to canTransform argument target_frame - frame does not exist
[sweepi_robot_manager_node.py-5] [component_container_isolated-1] [WARN] [1783806471.646380750] [amcl]: AMCL cannot publish a pose or update the transform. Please set the initial pose...
[sweepi_robot_manager_node.py-5] [component_container_isolated-1] [INFO] [1783806471.953317357] [global_costmap.global_costmap]: Timed out waiting for transform from base_footprint to map to become available, tf error: Invalid frame ID "map" passed to canTransform argument target_frame - frame does not exist
[sweepi_robot_manager_node.py-5] [component_container_isolated-1] [INFO] [1783806472.453353693] [global_costmap.global_costmap]: Timed out waiting for transform from base_footprint to map to become available, tf error: Invalid frame ID "map" passed to canTransform argument target_frame - frame does not exist
[sweepi_robot_manager_node.py-5] [coverage_tracker_node.py-2] [WARN] [1783806472.610120721] [coverage_tracker_node]: Could not get TF map -> base_footprint: "map" passed to lookupTransform argument target_frame does not exist. 
[sweepi_robot_manager_node.py-5] [coverage_planner_node.py-3] [INFO] [1783806472.760901974] [coverage_planner_node]: Waiting for /global_costmap/costmap before generating frozen coverage path
[sweepi_robot_manager_node.py-5] [component_container_isolated-1] [INFO] [1783806472.953351896] [global_costmap.global_costmap]: Timed out waiting for transform from base_footprint to map to become available, tf error: Invalid frame ID "map" passed to canTransform argument target_frame - frame does not exist
[sweepi_robot_manager_node.py-5] [component_container_isolated-1] [INFO] [1783806473.453349748] [global_costmap.global_costmap]: Timed out waiting for transform from base_footprint to map to become available, tf error: Invalid frame ID "map" passed to canTransform argument target_frame - frame does not exist
[sweepi_robot_manager_node.py-5] [component_container_isolated-1] [WARN] [1783806473.744862520] [amcl]: AMCL cannot publish a pose or update the transform. Please set the initial pose...
[sweepi_robot_manager_node.py-5] [component_container_isolated-1] [INFO] [1783806473.953345654] [global_costmap.global_costmap]: Timed out waiting for transform from base_footprint to map to become available, tf error: Invalid frame ID "map" passed to canTransform argument target_frame - frame does not exist
[sweepi_robot_manager_node.py-5] [component_container_isolated-1] [INFO] [1783806474.453343522] [global_costmap.global_costmap]: Timed out waiting for transform from base_footprint to map to become available, tf error: Invalid frame ID "map" passed to canTransform argument target_frame - frame does not exist
[sweepi_robot_manager_node.py-5] [component_container_isolated-1] [INFO] [1783806474.953334463] [global_costmap.global_costmap]: Timed out waiting for transform from base_footprint to map to become available, tf error: Invalid frame ID "map" passed to canTransform argument target_frame - frame does not exist
[sweepi_robot_manager_node.py-5] [component_container_isolated-1] [INFO] [1783806475.453342960] [global_costmap.global_costmap]: Timed out waiting for transform from base_footprint to map to become available, tf error: Invalid frame ID "map" passed to canTransform argument target_frame - frame does not exist
[sweepi_robot_manager_node.py-5] [component_container_isolated-1] [WARN] [1783806475.745338651] [amcl]: AMCL cannot publish a pose or update the transform. Please set the initial pose...
[sweepi_robot_manager_node.py-5] [coverage_planner_node.py-3] [INFO] [1783806475.760750367] [coverage_planner_node]: Waiting for /global_costmap/costmap before generating frozen coverage path
[sweepi_robot_manager_node.py-5] [component_container_isolated-1] [INFO] [1783806475.953345493] [global_costmap.global_costmap]: Timed out waiting for transform from base_footprint to map to become available, tf error: Invalid frame ID "map" passed to canTransform argument target_frame - frame does not exist
[sweepi_robot_manager_node.py-5] [component_container_isolated-1] [INFO] [1783806476.453350155] [global_costmap.global_costmap]: Timed out waiting for transform from base_footprint to map to become available, tf error: Invalid frame ID "map" passed to canTransform argument target_frame - frame does not exist
[sweepi_robot_manager_node.py-5] [component_container_isolated-1] [INFO] [1783806476.953343315] [global_costmap.global_costmap]: Timed out waiting for transform from base_footprint to map to become available, tf error: Invalid frame ID "map" passed to canTransform argument target_frame - frame does not exist
[sweepi_robot_manager_node.py-5] [component_container_isolated-1] [INFO] [1783806477.453344328] [global_costmap.global_costmap]: Timed out waiting for transform from base_footprint to map to become available, tf error: Invalid frame ID "map" passed to canTransform argument target_frame - frame does not exist
[sweepi_robot_manager_node.py-5] [coverage_tracker_node.py-2] [WARN] [1783806477.735350905] [coverage_tracker_node]: Could not get TF map -> base_footprint: "map" passed to lookupTransform argument target_frame does not exist. 
[sweepi_robot_manager_node.py-5] [coverage_planner_node.py-3] [INFO] [1783806477.760858399] [coverage_planner_node]: Waiting for /global_costmap/costmap before generating frozen coverage path
[sweepi_robot_manager_node.py-5] [component_container_isolated-1] [WARN] [1783806477.839027918] [amcl]: AMCL cannot publish a pose or update the transform. Please set the initial pose...
[sweepi_robot_manager_node.py-5] [component_container_isolated-1] [INFO] [1783806477.953346191] [global_costmap.global_costmap]: Timed out waiting for transform from base_footprint to map to become available, tf error: Invalid frame ID "map" passed to canTransform argument target_frame - frame does not exist
[sweepi_robot_manager_node.py-5] [component_container_isolated-1] [INFO] [1783806478.453349370] [global_costmap.global_costmap]: Timed out waiting for transform from base_footprint to map to become available, tf error: Invalid frame ID "map" passed to canTransform argument target_frame - frame does not exist
[sweepi_robot_manager_node.py-5] [component_container_isolated-1] [INFO] [1783806478.953348657] [global_costmap.global_costmap]: Timed out waiting for transform from base_footprint to map to become available, tf error: Invalid frame ID "map" passed to canTransform argument target_frame - frame does not exist
[sweepi_robot_manager_node.py-5] [component_container_isolated-1] [INFO] [1783806479.453343130] [global_costmap.global_costmap]: Timed out waiting for transform from base_footprint to map to become available, tf error: Invalid frame ID "map" passed to canTransform argument target_frame - frame does not exist
[sweepi_robot_manager_node.py-5] [coverage_planner_node.py-3] [INFO] [1783806479.760863529] [coverage_planner_node]: Waiting for /global_costmap/costmap before generating frozen coverage path
[sweepi_robot_manager_node.py-5] [component_container_isolated-1] [WARN] [1783806479.939506737] [amcl]: AMCL cannot publish a pose or update the transform. Please set the initial pose...
[sweepi_robot_manager_node.py-5] [component_container_isolated-1] [INFO] [1783806479.953346491] [global_costmap.global_costmap]: Timed out waiting for transform from base_footprint to map to become available, tf error: Invalid frame ID "map" passed to canTransform argument target_frame - frame does not exist
[sweepi_robot_manager_node.py-5] [component_container_isolated-1] [INFO] [1783806480.453343371] [global_costmap.global_costmap]: Timed out waiting for transform from base_footprint to map to become available, tf error: Invalid frame ID "map" passed to canTransform argument target_frame - frame does not exist
[sweepi_robot_manager_node.py-5] [component_container_isolated-1] [INFO] [1783806480.953341804] [global_costmap.global_costmap]: Timed out waiting for transform from base_footprint to map to become available, tf error: Invalid frame ID "map" passed to canTransform argument target_frame - frame does not exist
[sweepi_robot_manager_node.py-5] [component_container_isolated-1] [INFO] [1783806481.453347053] [global_costmap.global_costmap]: Timed out waiting for transform from base_footprint to map to become available, tf error: Invalid frame ID "map" passed to canTransform argument target_frame - frame does not exist
[sweepi_robot_manager_node.py-5] [component_container_isolated-1] [INFO] [1783806481.953354468] [global_costmap.global_costmap]: Timed out waiting for transform from base_footprint to map to become available, tf error: Invalid frame ID "map" passed to canTransform argument target_frame - frame does not exist
[sweepi_robot_manager_node.py-5] [component_container_isolated-1] [WARN] [1783806482.038272658] [amcl]: AMCL cannot publish a pose or update the transform. Please set the initial pose...
[sweepi_robot_manager_node.py-5] [component_container_isolated-1] [INFO] [1783806482.453352345] [global_costmap.global_costmap]: Timed out waiting for transform from base_footprint to map to become available, tf error: Invalid frame ID "map" passed to canTransform argument target_frame - frame does not exist
[sweepi_robot_manager_node.py-5] [coverage_tracker_node.py-2] [WARN] [1783806482.735411072] [coverage_tracker_node]: Could not get TF map -> base_footprint: "map" passed to lookupTransform argument target_frame does not exist. 
[sweepi_robot_manager_node.py-5] [coverage_planner_node.py-3] [INFO] [1783806482.760824799] [coverage_planner_node]: Waiting for /global_costmap/costmap before generating frozen coverage path
[sweepi_robot_manager_node.py-5] [component_container_isolated-1] [INFO] [1783806482.953342554] [global_costmap.global_costmap]: Timed out waiting for transform from base_footprint to map to become available, tf error: Invalid frame ID "map" passed to canTransform argument target_frame - frame does not exist
[sweepi_robot_manager_node.py-5] [component_container_isolated-1] [INFO] [1783806483.453343487] [global_costmap.global_costmap]: Timed out waiting for transform from base_footprint to map to become available, tf error: Invalid frame ID "map" passed to canTransform argument target_frame - frame does not exist
[sweepi_robot_manager_node.py-5] [component_container_isolated-1] [INFO] [1783806483.953383567] [global_costmap.global_costmap]: Timed out waiting for transform from base_footprint to map to become available, tf error: Invalid frame ID "map" passed to canTransform argument target_frame - frame does not exist
[sweepi_robot_manager_node.py-5] [component_container_isolated-1] [WARN] [1783806484.044127702] [amcl]: AMCL cannot publish a pose or update the transform. Please set the initial pose...
[sweepi_robot_manager_node.py-5] [component_container_isolated-1] [INFO] [1783806484.453351480] [global_costmap.global_costmap]: Timed out waiting for transform from base_footprint to map to become available, tf error: Invalid frame ID "map" passed to canTransform argument target_frame - frame does not exist
[sweepi_robot_manager_node.py-5] [component_container_isolated-1] [INFO] [1783806484.953347854] [global_costmap.global_costmap]: Timed out waiting for transform from base_footprint to map to become available, tf error: Invalid frame ID "map" passed to canTransform argument target_frame - frame does not exist
[sweepi_robot_manager_node.py-5] [component_container_isolated-1] [INFO] [1783806485.453350266] [global_costmap.global_costmap]: Timed out waiting for transform from base_footprint to map to become available, tf error: Invalid frame ID "map" passed to canTransform argument target_frame - frame does not exist
[sweepi_robot_manager_node.py-5] [coverage_planner_node.py-3] [INFO] [1783806485.760963041] [coverage_planner_node]: Waiting for /global_costmap/costmap before generating frozen coverage path
[sweepi_robot_manager_node.py-5] [component_container_isolated-1] [INFO] [1783806485.953349714] [global_costmap.global_costmap]: Timed out waiting for transform from base_footprint to map to become available, tf error: Invalid frame ID "map" passed to canTransform argument target_frame - frame does not exist
[sweepi_robot_manager_node.py-5] [component_container_isolated-1] [WARN] [1783806486.142710783] [amcl]: AMCL cannot publish a pose or update the transform. Please set the initial pose...
[sweepi_robot_manager_node.py-5] [component_container_isolated-1] [INFO] [1783806486.453348052] [global_costmap.global_costmap]: Timed out waiting for transform from base_footprint to map to become available, tf error: Invalid frame ID "map" passed to canTransform argument target_frame - frame does not exist
[sweepi_robot_manager_node.py-5] [component_container_isolated-1] [INFO] [1783806486.953347073] [global_costmap.global_costmap]: Timed out waiting for transform from base_footprint to map to become available, tf error: Invalid frame ID "map" passed to canTransform argument target_frame - frame does not exist
[sweepi_robot_manager_node.py-5] [component_container_isolated-1] [INFO] [1783806487.453339614] [global_costmap.global_costmap]: Timed out waiting for transform from base_footprint to map to become available, tf error: Invalid frame ID "map" passed to canTransform argument target_frame - frame does not exist
[sweepi_robot_manager_node.py-5] [coverage_tracker_node.py-2] [WARN] [1783806487.860200933] [coverage_tracker_node]: Could not get TF map -> base_footprint: "map" passed to lookupTransform argument target_frame does not exist. 
[sweepi_robot_manager_node.py-5] [component_container_isolated-1] [INFO] [1783806487.953350154] [global_costmap.global_costmap]: Timed out waiting for transform from base_footprint to map to become available, tf error: Invalid frame ID "map" passed to canTransform argument target_frame - frame does not exist
[sweepi_robot_manager_node.py-5] [component_container_isolated-1] [WARN] [1783806488.145697917] [amcl]: AMCL cannot publish a pose or update the transform. Please set the initial pose...
[sweepi_robot_manager_node.py-5] [component_container_isolated-1] [INFO] [1783806488.453354472] [global_costmap.global_costmap]: Timed out waiting for transform from base_footprint to map to become available, tf error: Invalid frame ID "map" passed to canTransform argument target_frame - frame does not exist
[sweepi_robot_manager_node.py-5] [coverage_planner_node.py-3] [INFO] [1783806488.760792761] [coverage_planner_node]: Waiting for /global_costmap/costmap before generating frozen coverage path
[sweepi_robot_manager_node.py-5] [component_container_isolated-1] [INFO] [1783806488.953353326] [global_costmap.global_costmap]: Timed out waiting for transform from base_footprint to map to become available, tf error: Invalid frame ID "map" passed to canTransform argument target_frame - frame does not exist
[sweepi_robot_manager_node.py-5] [component_container_isolated-1] [INFO] [1783806489.453349829] [global_costmap.global_costmap]: Timed out waiting for transform from base_footprint to map to become available, tf error: Invalid frame ID "map" passed to canTransform argument target_frame - frame does not exist
[sweepi_robot_manager_node.py-5] [component_container_isolated-1] [INFO] [1783806489.953350756] [global_costmap.global_costmap]: Timed out waiting for transform from base_footprint to map to become available, tf error: Invalid frame ID "map" passed to canTransform argument target_frame - frame does not exist
[sweepi_robot_manager_node.py-5] [component_container_isolated-1] [WARN] [1783806490.241948649] [amcl]: AMCL cannot publish a pose or update the transform. Please set the initial pose...
[sweepi_robot_manager_node.py-5] [component_container_isolated-1] [INFO] [1783806490.453343722] [global_costmap.global_costmap]: Timed out waiting for transform from base_footprint to map to become available, tf error: Invalid frame ID "map" passed to canTransform argument target_frame - frame does not exist
[sweepi_robot_manager_node.py-5] [component_container_isolated-1] [INFO] [1783806490.953356149] [global_costmap.global_costmap]: Timed out waiting for transform from base_footprint to map to become available, tf error: Invalid frame ID "map" passed to canTransform argument target_frame - frame does not exist
[sweepi_robot_manager_node.py-5] [component_container_isolated-1] [INFO] [1783806491.453346614] [global_costmap.global_costmap]: Timed out waiting for transform from base_footprint to map to become available, tf error: Invalid frame ID "map" passed to canTransform argument target_frame - frame does not exist
[sweepi_robot_manager_node.py-5] [coverage_planner_node.py-3] [INFO] [1783806491.760829685] [coverage_planner_node]: Waiting for /global_costmap/costmap before generating frozen coverage path
[sweepi_robot_manager_node.py-5] [component_container_isolated-1] [INFO] [1783806491.953350245] [global_costmap.global_costmap]: Timed out waiting for transform from base_footprint to map to become available, tf error: Invalid frame ID "map" passed to canTransform argument target_frame - frame does not exist
[sweepi_robot_manager_node.py-5] [component_container_isolated-1] [WARN] [1783806492.242247478] [amcl]: AMCL cannot publish a pose or update the transform. Please set the initial pose...
[sweepi_robot_manager_node.py-5] [component_container_isolated-1] [INFO] [1783806492.453343969] [global_costmap.global_costmap]: Timed out waiting for transform from base_footprint to map to become available, tf error: Invalid frame ID "map" passed to canTransform argument target_frame - frame does not exist
[sweepi_robot_manager_node.py-5] [component_container_isolated-1] [INFO] [1783806492.953346377] [global_costmap.global_costmap]: Timed out waiting for transform from base_footprint to map to become available, tf error: Invalid frame ID "map" passed to canTransform argument target_frame - frame does not exist
[sweepi_robot_manager_node.py-5] [coverage_tracker_node.py-2] [WARN] [1783806492.985306215] [coverage_tracker_node]: Could not get TF map -> base_footprint: "map" passed to lookupTransform argument target_frame does not exist. 
[sweepi_robot_manager_node.py-5] [component_container_isolated-1] [INFO] [1783806493.453340898] [global_costmap.global_costmap]: Timed out waiting for transform from base_footprint to map to become available, tf error: Invalid frame ID "map" passed to canTransform argument target_frame - frame does not exist
[sweepi_robot_manager_node.py-5] [coverage_planner_node.py-3] [INFO] [1783806493.760848558] [coverage_planner_node]: Waiting for /global_costmap/costmap before generating frozen coverage path
[sweepi_robot_manager_node.py-5] [component_container_isolated-1] [INFO] [1783806493.953348769] [global_costmap.global_costmap]: Timed out waiting for transform from base_footprint to map to become available, tf error: Invalid frame ID "map" passed to canTransform argument target_frame - frame does not exist
[sweepi_robot_manager_node.py-5] [component_container_isolated-1] [WARN] [1783806494.335861488] [amcl]: AMCL cannot publish a pose or update the transform. Please set the initial pose...
[sweepi_robot_manager_node.py-5] [component_container_isolated-1] [INFO] [1783806494.453345068] [global_costmap.global_costmap]: Timed out waiting for transform from base_footprint to map to become available, tf error: Invalid frame ID "map" passed to canTransform argument target_frame - frame does not exist
[sweepi_robot_manager_node.py-5] [component_container_isolated-1] [INFO] [1783806494.953354717] [global_costmap.global_costmap]: Timed out waiting for transform from base_footprint to map to become available, tf error: Invalid frame ID "map" passed to canTransform argument target_frame - frame does not exist
[sweepi_robot_manager_node.py-5] [component_container_isolated-1] [INFO] [1783806495.453351052] [global_costmap.global_costmap]: Timed out waiting for transform from base_footprint to map to become available, tf error: Invalid frame ID "map" passed to canTransform argument target_frame - frame does not exist
[sweepi_robot_manager_node.py-5] [component_container_isolated-1] [INFO] [1783806495.953342497] [global_costmap.global_costmap]: Timed out waiting for transform from base_footprint to map to become available, tf error: Invalid frame ID "map" passed to canTransform argument target_frame - frame does not exist
[sweepi_robot_manager_node.py-5] [component_container_isolated-1] [WARN] [1783806496.336428836] [amcl]: AMCL cannot publish a pose or update the transform. Please set the initial pose...
[sweepi_robot_manager_node.py-5] [component_container_isolated-1] [INFO] [1783806496.453344092] [global_costmap.global_costmap]: Timed out waiting for transform from base_footprint to map to become available, tf error: Invalid frame ID "map" passed to canTransform argument target_frame - frame does not exist
[sweepi_robot_manager_node.py-5] [coverage_planner_node.py-3] [INFO] [1783806496.760785549] [coverage_planner_node]: Waiting for /global_costmap/costmap before generating frozen coverage path
[sweepi_robot_manager_node.py-5] [component_container_isolated-1] [INFO] [1783806496.953345445] [global_costmap.global_costmap]: Timed out waiting for transform from base_footprint to map to become available, tf error: Invalid frame ID "map" passed to canTransform argument target_frame - frame does not exist
[sweepi_robot_manager_node.py-5] [component_container_isolated-1] [INFO] [1783806497.453351281] [global_costmap.global_costmap]: Timed out waiting for transform from base_footprint to map to become available, tf error: Invalid frame ID "map" passed to canTransform argument target_frame - frame does not exist
[sweepi_robot_manager_node.py-5] [component_container_isolated-1] [INFO] [1783806497.953356023] [global_costmap.global_costmap]: Timed out waiting for transform from base_footprint to map to become available, tf error: Invalid frame ID "map" passed to canTransform argument target_frame - frame does not exist
[sweepi_robot_manager_node.py-5] [coverage_tracker_node.py-2] [WARN] [1783806498.110325643] [coverage_tracker_node]: Could not get TF map -> base_footprint: "map" passed to lookupTransform argument target_frame does not exist. 
[sweepi_robot_manager_node.py-5] [component_container_isolated-1] [WARN] [1783806498.342107165] [amcl]: AMCL cannot publish a pose or update the transform. Please set the initial pose...
[sweepi_robot_manager_node.py-5] [component_container_isolated-1] [INFO] [1783806498.453349099] [global_costmap.global_costmap]: Timed out waiting for transform from base_footprint to map to become available, tf error: Invalid frame ID "map" passed to canTransform argument target_frame - frame does not exist
[sweepi_robot_manager_node.py-5] [coverage_planner_node.py-3] [INFO] [1783806498.760868462] [coverage_planner_node]: Waiting for /global_costmap/costmap before generating frozen coverage path
[sweepi_robot_manager_node.py-5] [component_container_isolated-1] [INFO] [1783806498.953345656] [global_costmap.global_costmap]: Timed out waiting for transform from base_footprint to map to become available, tf error: Invalid frame ID "map" passed to canTransform argument target_frame - frame does not exist
[sweepi_robot_manager_node.py-5] [component_container_isolated-1] [INFO] [1783806499.453344974] [global_costmap.global_costmap]: Timed out waiting for transform from base_footprint to map to become available, tf error: Invalid frame ID "map" passed to canTransform argument target_frame - frame does not exist
[sweepi_robot_manager_node.py-5] [component_container_isolated-1] [INFO] [1783806499.953346364] [global_costmap.global_costmap]: Timed out waiting for transform from base_footprint to map to become available, tf error: Invalid frame ID "map" passed to canTransform argument target_frame - frame does not exist
[sweepi_robot_manager_node.py-5] [component_container_isolated-1] [WARN] [1783806500.430370441] [amcl]: AMCL cannot publish a pose or update the transform. Please set the initial pose...
[sweepi_robot_manager_node.py-5] [component_container_isolated-1] [INFO] [1783806500.453344035] [global_costmap.global_costmap]: Timed out waiting for transform from base_footprint to map to become available, tf error: Invalid frame ID "map" passed to canTransform argument target_frame - frame does not exist
[sweepi_robot_manager_node.py-5] [component_container_isolated-1] [INFO] [1783806500.953351500] [global_costmap.global_costmap]: Timed out waiting for transform from base_footprint to map to become available, tf error: Invalid frame ID "map" passed to canTransform argument target_frame - frame does not exist
[sweepi_robot_manager_node.py-5] [component_container_isolated-1] [INFO] [1783806501.307133564] [amcl]: initialPoseReceived
[sweepi_robot_manager_node.py-5] [component_container_isolated-1] [WARN] [1783806501.307327904] [amcl]: Failed to transform initial pose in time (Lookup would require extrapolation into the future.  Requested time 1783806501.307244 but the latest data is at time 1783806501.281322, when looking up transform from frame [base_footprint] to frame [odom])
[sweepi_robot_manager_node.py-5] [component_container_isolated-1] [INFO] [1783806501.307364220] [amcl]: Setting pose (1783806501.307363): -0.129 0.100 0.000
[sweepi_robot_manager_node.py-5] [component_container_isolated-1] [INFO] [1783806501.453366912] [global_costmap.global_costmap]: Timed out waiting for transform from base_footprint to map to become available, tf error: Lookup would require extrapolation into the past.  Requested time 1783806501.431589 but the earliest data is at time 1783806501.735143, when looking up transform from frame [base_footprint] to frame [map]
[sweepi_robot_manager_node.py-5] [coverage_planner_node.py-3] [INFO] [1783806501.760952650] [coverage_planner_node]: Waiting for /global_costmap/costmap before generating frozen coverage path
[sweepi_robot_manager_node.py-5] [component_container_isolated-1] [INFO] [1783806501.953473825] [global_costmap.global_costmap]: start
[sweepi_robot_manager_node.py-5] [component_container_isolated-1] [INFO] [1783806502.206626726] [planner_server]: Activating plugin GridBased of type NavfnPlanner
[sweepi_robot_manager_node.py-5] [coverage_planner_node.py-3] [INFO] [1783806502.212949300] [coverage_planner_node]: Global costmap received for coverage planning: topic=/global_costmap/costmap frame=map size=243x269 resolution=0.050 max_allowed_nav_cost=85 unknown_blocked=true
[sweepi_robot_manager_node.py-5] [coverage_arm_follow_path_executor_node.py-4] [INFO] [1783806502.215986620] [coverage_follow_path_executor_node]: Global costmap received for FollowPath validation: topic=/global_costmap/costmap frame=map size=243x269 resolution=0.050 max_allowed_nav_cost=85 unknown_blocked=true
[sweepi_robot_manager_node.py-5] [component_container_isolated-1] [INFO] [1783806502.216575176] [planner_server]: Creating bond (planner_server) to lifecycle manager.
[sweepi_robot_manager_node.py-5] [component_container_isolated-1] [WARN] [1783806502.328190347] [planner_server.rclcpp]: failed to send response to /planner_server/get_state (timeout): client will not receive response, at ./src/rmw_response.cpp:153, at ./src/rcl/service.c:400
[sweepi_robot_manager_node.py-5] [component_container_isolated-1] [INFO] [1783806502.430262581] [lifecycle_manager_navigation]: Server planner_server connected with bond.
[sweepi_robot_manager_node.py-5] [component_container_isolated-1] [INFO] [1783806502.430350584] [lifecycle_manager_navigation]: [34m[1mActivating route_server[0m[0m
[sweepi_robot_manager_node.py-5] [component_container_isolated-1] [INFO] [1783806502.431020550] [route_server]: Activating
[sweepi_robot_manager_node.py-5] [component_container_isolated-1] [INFO] [1783806502.431421248] [route_server]: Creating bond (route_server) to lifecycle manager.
[sweepi_robot_manager_node.py-5] [component_container_isolated-1] [INFO] [1783806502.546980621] [lifecycle_manager_navigation]: Server route_server connected with bond.
[sweepi_robot_manager_node.py-5] [component_container_isolated-1] [INFO] [1783806502.547045475] [lifecycle_manager_navigation]: [34m[1mActivating behavior_server[0m[0m
[sweepi_robot_manager_node.py-5] [component_container_isolated-1] [INFO] [1783806502.547753442] [behavior_server]: Activating
[sweepi_robot_manager_node.py-5] [component_container_isolated-1] [INFO] [1783806502.547809592] [behavior_server]: Activating spin
[sweepi_robot_manager_node.py-5] [component_container_isolated-1] [INFO] [1783806502.547858575] [behavior_server]: Activating backup
[sweepi_robot_manager_node.py-5] [component_container_isolated-1] [INFO] [1783806502.547888613] [behavior_server]: Activating drive_on_heading
[sweepi_robot_manager_node.py-5] [component_container_isolated-1] [INFO] [1783806502.547915706] [behavior_server]: Activating assisted_teleop
[sweepi_robot_manager_node.py-5] [component_container_isolated-1] [INFO] [1783806502.547946189] [behavior_server]: Activating wait
[sweepi_robot_manager_node.py-5] [component_container_isolated-1] [INFO] [1783806502.547984931] [behavior_server]: Creating bond (behavior_server) to lifecycle manager.
[sweepi_robot_manager_node.py-5] [component_container_isolated-1] [INFO] [1783806502.670575400] [lifecycle_manager_navigation]: Server behavior_server connected with bond.
[sweepi_robot_manager_node.py-5] [component_container_isolated-1] [INFO] [1783806502.670687015] [lifecycle_manager_navigation]: [34m[1mActivating velocity_smoother[0m[0m
[sweepi_robot_manager_node.py-5] [component_container_isolated-1] [INFO] [1783806502.672610744] [velocity_smoother]: Activating
[sweepi_robot_manager_node.py-5] [component_container_isolated-1] [INFO] [1783806502.672782453] [velocity_smoother]: Creating bond (velocity_smoother) to lifecycle manager.
[sweepi_robot_manager_node.py-5] [component_container_isolated-1] [INFO] [1783806502.792437865] [lifecycle_manager_navigation]: Server velocity_smoother connected with bond.
[sweepi_robot_manager_node.py-5] [component_container_isolated-1] [INFO] [1783806502.792498904] [lifecycle_manager_navigation]: [34m[1mActivating collision_monitor[0m[0m
[sweepi_robot_manager_node.py-5] [component_container_isolated-1] [INFO] [1783806502.793455398] [collision_monitor]: Activating
[sweepi_robot_manager_node.py-5] [component_container_isolated-1] [INFO] [1783806502.793633718] [collision_monitor]: Creating bond (collision_monitor) to lifecycle manager.
[sweepi_robot_manager_node.py-5] [component_container_isolated-1] [INFO] [1783806502.915935456] [lifecycle_manager_navigation]: Server collision_monitor connected with bond.
[sweepi_robot_manager_node.py-5] [component_container_isolated-1] [INFO] [1783806502.916007310] [lifecycle_manager_navigation]: [34m[1mActivating bt_navigator[0m[0m
[sweepi_robot_manager_node.py-5] [component_container_isolated-1] [INFO] [1783806502.916592829] [bt_navigator]: Activating
[sweepi_robot_manager_node.py-5] [component_container_isolated-1] [INFO] [1783806503.404630487] [bt_navigator]: Creating bond (bt_navigator) to lifecycle manager.
[sweepi_robot_manager_node.py-5] [component_container_isolated-1] [INFO] [1783806503.527621743] [lifecycle_manager_navigation]: Server bt_navigator connected with bond.
[sweepi_robot_manager_node.py-5] [component_container_isolated-1] [INFO] [1783806503.527703746] [lifecycle_manager_navigation]: [34m[1mActivating waypoint_follower[0m[0m
[sweepi_robot_manager_node.py-5] [component_container_isolated-1] [INFO] [1783806503.528330581] [waypoint_follower]: Activating
[sweepi_robot_manager_node.py-5] [component_container_isolated-1] [INFO] [1783806503.528408935] [waypoint_follower]: Creating bond (waypoint_follower) to lifecycle manager.
[sweepi_robot_manager_node.py-5] [component_container_isolated-1] [INFO] [1783806503.645525835] [lifecycle_manager_navigation]: Server waypoint_follower connected with bond.
[sweepi_robot_manager_node.py-5] [component_container_isolated-1] [INFO] [1783806503.645597615] [lifecycle_manager_navigation]: [34m[1mActivating docking_server[0m[0m
[sweepi_robot_manager_node.py-5] [component_container_isolated-1] [INFO] [1783806503.647943468] [docking_server]: Activating docking_server
[sweepi_robot_manager_node.py-5] [component_container_isolated-1] [INFO] [1783806503.716748739] [docking_server]: Creating bond (docking_server) to lifecycle manager.
[sweepi_robot_manager_node.py-5] [coverage_planner_node.py-3] [INFO] [1783806503.779388644] [coverage_planner_node]: Nav costmap filtered 52 coverage planning cells (blocked_by_cost=52, unknown=0, unknown_blocked=true, max_allowed_nav_cost=85)
[sweepi_robot_manager_node.py-5] [component_container_isolated-1] [INFO] [1783806503.839204200] [lifecycle_manager_navigation]: Server docking_server connected with bond.
[sweepi_robot_manager_node.py-5] [component_container_isolated-1] [INFO] [1783806503.839264516] [lifecycle_manager_navigation]: [34m[1mManaged nodes are active[0m[0m
[sweepi_robot_manager_node.py-5] [component_container_isolated-1] [INFO] [1783806503.839278276] [lifecycle_manager_navigation]: [34m[1mCreating bond timer...[0m[0m
[sweepi_robot_manager_node.py-5] [coverage_planner_node.py-3] [INFO] [1783806505.270602743] [coverage_planner_node]: Reachability filter removed 2401 uncovered cells that are not safely connected to the robot start
[sweepi_robot_manager_node.py-5] [coverage_planner_node.py-3] [WARN] [1783806505.316458753] [coverage_planner_node]: segment straight connector from (98, 166) to (98, 156) is blocked at cell (98, 164); trying grid connector
[sweepi_robot_manager_node.py-5] [coverage_planner_node.py-3] [INFO] [1783806505.370059660] [coverage_planner_node]: Coverage path continuity report: segments_before_ordering=55 segments_after_ordering=55 connector_count=3 connector_pose_count=177 total_poses=1895 path_length_m=103.75 max_consecutive_jump_m=0.492 max_jump_index=1698 first_pose=x=-0.279 y=-0.650 yaw=-1.57 last_pose=x=3.921 y=-0.650 yaw=-1.57 follow_path_ready=true robot_start_used=true nav_costmap_used=true nav_blocked_cells=52 nav_filtered_cells=52 reachability_used=true reachable_cells=6790 unreachable_filtered_cells=2401
[sweepi_robot_manager_node.py-5] [coverage_planner_node.py-3] [INFO] [1783806505.371810531] [coverage_planner_node]: Coverage replan: percentage=0.3%, uncovered=16105, segments=55, poses=1895, path_length=103.75m, unreachable_filtered=2401
[sweepi_robot_manager_node.py-5] [coverage_planner_node.py-3] [INFO] [1783806505.372475886] [coverage_planner_node]: Coverage path frozen after first valid plan: poses=1895 path_length=103.75m
[sweepi_robot_manager_node.py-5] [coverage_arm_follow_path_executor_node.py-4] [INFO] [1783806505.753425493] [coverage_follow_path_executor_node]: Coverage FollowPath status: IDLE
[sweepi_robot_manager_node.py-5] [coverage_arm_follow_path_executor_node.py-4] [INFO] [1783806505.756348290] [coverage_follow_path_executor_node]: Coverage path frozen: frame_id=map poses=1895 path_length=103.75m first=(x=-0.279 y=-0.650 yaw=-1.57) last=(x=3.921 y=-0.650 yaw=-1.57)
[sweepi_robot_manager_node.py-5] [coverage_arm_follow_path_executor_node.py-4] [INFO] [1783806505.757107185] [coverage_follow_path_executor_node]: Path is frozen from the first executable /coverage_path. Later updates will not replace the active coverage path without reset.
[sweepi_robot_manager_node.py-5] [coverage_arm_follow_path_executor_node.py-4] [INFO] [1783806505.819996187] [coverage_follow_path_executor_node]: Ignoring /coverage_path update because the first valid coverage path is already cached. Call /reset_coverage_follow_path to accept a new path.
[api_bridge_node-6] [INFO] [1783806506.369555085] [sweepi_api_bridge]: HTTP "POST /api/localization/initial-pose HTTP/1.1" 200 -
[sweepi_robot_manager_node.py-5] [coverage_arm_follow_path_executor_node.py-4] [INFO] [1783806510.838345456] [coverage_follow_path_executor_node]: Ignoring /coverage_path update because the first valid coverage path is already cached. Call /reset_coverage_follow_path to accept a new path.
[api_bridge_node-6] [INFO] [1783806514.390468669] [sweepi_api_bridge]: HTTP "GET /api/localization/status HTTP/1.1" 200 -
[api_bridge_node-6] [INFO] [1783806514.411625564] [sweepi_api_bridge]: HTTP "GET /api/cleaning/status HTTP/1.1" 200 -
[api_bridge_node-6] [INFO] [1783806514.436233532] [sweepi_api_bridge]: HTTP "GET /api/cleaning/path?stride=5 HTTP/1.1" 200 -
[sweepi_robot_manager_node.py-5] [coverage_arm_follow_path_executor_node.py-4] [INFO] [1783806515.851093617] [coverage_follow_path_executor_node]: Ignoring /coverage_path update because the first valid coverage path is already cached. Call /reset_coverage_follow_path to accept a new path.
[sweepi_robot_manager_node.py-5] [coverage_arm_follow_path_executor_node.py-4] [INFO] [1783806520.854191137] [coverage_follow_path_executor_node]: Ignoring /coverage_path update because the first valid coverage path is already cached. Call /reset_coverage_follow_path to accept a new path.
[sweepi_robot_manager_node.py-5] [coverage_arm_follow_path_executor_node.py-4] [INFO] [1783806526.842830111] [coverage_follow_path_executor_node]: Ignoring /coverage_path update because the first valid coverage path is already cached. Call /reset_coverage_follow_path to accept a new path.
[sweepi_robot_manager_node.py-5] [coverage_arm_follow_path_executor_node.py-4] [INFO] [1783806532.879132069] [coverage_follow_path_executor_node]: Ignoring /coverage_path update because the first valid coverage path is already cached. Call /reset_coverage_follow_path to accept a new path.
[ekf_node-2] [ERROR] [1783806535.380861246] [ekf_filter_node]: Failed to meet update rate! Took 0.25756512599999997759seconds. Try decreasing the rate, limiting sensor output frequency, or limiting the number of sensors.
[api_bridge_node-6] [INFO] [1783806537.211146952] [sweepi_api_bridge]: HTTP "GET /api/cleaning/path HTTP/1.1" 200 -
[sweepi_robot_manager_node.py-5] [coverage_arm_follow_path_executor_node.py-4] [INFO] [1783806537.882458355] [coverage_follow_path_executor_node]: Ignoring /coverage_path update because the first valid coverage path is already cached. Call /reset_coverage_follow_path to accept a new path.
[sweepi_robot_manager_node.py-5] [coverage_arm_follow_path_executor_node.py-4] [INFO] [1783806543.903640856] [coverage_follow_path_executor_node]: Ignoring /coverage_path update because the first valid coverage path is already cached. Call /reset_coverage_follow_path to accept a new path.
[sweepi_robot_manager_node.py-5] [coverage_arm_follow_path_executor_node.py-4] [INFO] [1783806549.839201957] [coverage_follow_path_executor_node]: Ignoring /coverage_path update because the first valid coverage path is already cached. Call /reset_coverage_follow_path to accept a new path.
[sweepi_robot_manager_node.py-5] [coverage_arm_follow_path_executor_node.py-4] [INFO] [1783806554.844640384] [coverage_follow_path_executor_node]: Ignoring /coverage_path update because the first valid coverage path is already cached. Call /reset_coverage_follow_path to accept a new path.
[sweepi_robot_manager_node.py-5] [coverage_arm_follow_path_executor_node.py-4] [INFO] [1783806559.845812856] [coverage_follow_path_executor_node]: Ignoring /coverage_path update because the first valid coverage path is already cached. Call /reset_coverage_follow_path to accept a new path.
[sweepi_robot_manager_node.py-5] [coverage_arm_follow_path_executor_node.py-4] [INFO] [1783806565.909839593] [coverage_follow_path_executor_node]: Ignoring /coverage_path update because the first valid coverage path is already cached. Call /reset_coverage_follow_path to accept a new path.
[sweepi_robot_manager_node.py-5] [coverage_arm_follow_path_executor_node.py-4] [INFO] [1783806571.838095034] [coverage_follow_path_executor_node]: Ignoring /coverage_path update because the first valid coverage path is already cached. Call /reset_coverage_follow_path to accept a new path.
[sweepi_robot_manager_node.py-5] [coverage_arm_follow_path_executor_node.py-4] [INFO] [1783806576.838460010] [coverage_follow_path_executor_node]: Ignoring /coverage_path update because the first valid coverage path is already cached. Call /reset_coverage_follow_path to accept a new path.
[sweepi_robot_manager_node.py-5] [coverage_arm_follow_path_executor_node.py-4] [INFO] [1783806581.844362369] [coverage_follow_path_executor_node]: Ignoring /coverage_path update because the first valid coverage path is already cached. Call /reset_coverage_follow_path to accept a new path.
[sweepi_robot_manager_node.py-5] [coverage_arm_follow_path_executor_node.py-4] [INFO] [1783806587.909531871] [coverage_follow_path_executor_node]: Ignoring /coverage_path update because the first valid coverage path is already cached. Call /reset_coverage_follow_path to accept a new path.
[sweepi_robot_manager_node.py-5] [coverage_arm_follow_path_executor_node.py-4] [INFO] [1783806593.837759188] [coverage_follow_path_executor_node]: Ignoring /coverage_path update because the first valid coverage path is already cached. Call /reset_coverage_follow_path to accept a new path.
[sweepi_robot_manager_node.py-5] [coverage_arm_follow_path_executor_node.py-4] [INFO] [1783806598.839567889] [coverage_follow_path_executor_node]: Ignoring /coverage_path update because the first valid coverage path is already cached. Call /reset_coverage_follow_path to accept a new path.
[sweepi_robot_manager_node.py-5] [coverage_arm_follow_path_executor_node.py-4] [INFO] [1783806603.841912824] [coverage_follow_path_executor_node]: Ignoring /coverage_path update because the first valid coverage path is already cached. Call /reset_coverage_follow_path to accept a new path.
[sweepi_robot_manager_node.py-5] [coverage_arm_follow_path_executor_node.py-4] [INFO] [1783806609.906181274] [coverage_follow_path_executor_node]: Ignoring /coverage_path update because the first valid coverage path is already cached. Call /reset_coverage_follow_path to accept a new path.
[sweepi_robot_manager_node.py-5] [coverage_arm_follow_path_executor_node.py-4] [INFO] [1783806615.843705855] [coverage_follow_path_executor_node]: Ignoring /coverage_path update because the first valid coverage path is already cached. Call /reset_coverage_follow_path to accept a new path.
[sweepi_robot_manager_node.py-5] [coverage_arm_follow_path_executor_node.py-4] [INFO] [1783806621.839617900] [coverage_follow_path_executor_node]: Ignoring /coverage_path update because the first valid coverage path is already cached. Call /reset_coverage_follow_path to accept a new path.
[sweepi_robot_manager_node.py-5] [coverage_arm_follow_path_executor_node.py-4] [INFO] [1783806626.840895975] [coverage_follow_path_executor_node]: Ignoring /coverage_path update because the first valid coverage path is already cached. Call /reset_coverage_follow_path to accept a new path.
[sweepi_robot_manager_node.py-5] [coverage_arm_follow_path_executor_node.py-4] [INFO] [1783806631.908314834] [coverage_follow_path_executor_node]: Ignoring /coverage_path update because the first valid coverage path is already cached. Call /reset_coverage_follow_path to accept a new path.
[sweepi_robot_manager_node.py-5] [coverage_arm_follow_path_executor_node.py-4] [INFO] [1783806637.839537562] [coverage_follow_path_executor_node]: Ignoring /coverage_path update because the first valid coverage path is already cached. Call /reset_coverage_follow_path to accept a new path.
[sweepi_robot_manager_node.py-5] [coverage_arm_follow_path_executor_node.py-4] [INFO] [1783806642.840867041] [coverage_follow_path_executor_node]: Ignoring /coverage_path update because the first valid coverage path is already cached. Call /reset_coverage_follow_path to accept a new path.
[api_bridge_node-6] [INFO] [1783806647.518081954] [sweepi_api_bridge]: HTTP "POST /api/localization/initial-pose HTTP/1.1" 200 -
[api_bridge_node-6] [INFO] [1783806647.535346645] [sweepi_api_bridge]: HTTP "GET /api/localization/status HTTP/1.1" 200 -
[api_bridge_node-6] [INFO] [1783806647.561739706] [sweepi_api_bridge]: HTTP "GET /api/cleaning/status HTTP/1.1" 200 -
[sweepi_robot_manager_node.py-5] [coverage_arm_follow_path_executor_node.py-4] [INFO] [1783806647.844346563] [coverage_follow_path_executor_node]: Ignoring /coverage_path update because the first valid coverage path is already cached. Call /reset_coverage_follow_path to accept a new path.
[sweepi_robot_manager_node.py-5] [coverage_arm_follow_path_executor_node.py-4] [INFO] [1783806652.845140778] [coverage_follow_path_executor_node]: Ignoring /coverage_path update because the first valid coverage path is already cached. Call /reset_coverage_follow_path to accept a new path.
[sweepi_robot_manager_node.py-5] [coverage_arm_follow_path_executor_node.py-4] [INFO] [1783806658.840246046] [coverage_follow_path_executor_node]: Ignoring /coverage_path update because the first valid coverage path is already cached. Call /reset_coverage_follow_path to accept a new path.
[sweepi_robot_manager_node.py-5] [coverage_arm_follow_path_executor_node.py-4] [INFO] [1783806663.843480025] [coverage_follow_path_executor_node]: Ignoring /coverage_path update because the first valid coverage path is already cached. Call /reset_coverage_follow_path to accept a new path.
[sweepi_robot_manager_node.py-5] [coverage_arm_follow_path_executor_node.py-4] [INFO] [1783806668.903953398] [coverage_follow_path_executor_node]: Ignoring /coverage_path update because the first valid coverage path is already cached. Call /reset_coverage_follow_path to accept a new path.
[sweepi_robot_manager_node.py-5] [coverage_arm_follow_path_executor_node.py-4] [INFO] [1783806674.842590541] [coverage_follow_path_executor_node]: Ignoring /coverage_path update because the first valid coverage path is already cached. Call /reset_coverage_follow_path to accept a new path.
[sweepi_robot_manager_node.py-5] [coverage_arm_follow_path_executor_node.py-4] [INFO] [1783806680.836470473] [coverage_follow_path_executor_node]: Ignoring /coverage_path update because the first valid coverage path is already cached. Call /reset_coverage_follow_path to accept a new path.
[sweepi_robot_manager_node.py-5] [coverage_arm_follow_path_executor_node.py-4] [INFO] [1783806685.844250619] [coverage_follow_path_executor_node]: Ignoring /coverage_path update because the first valid coverage path is already cached. Call /reset_coverage_follow_path to accept a new path.
[sweepi_robot_manager_node.py-5] [coverage_arm_follow_path_executor_node.py-4] [INFO] [1783806690.898731332] [coverage_follow_path_executor_node]: Ignoring /coverage_path update because the first valid coverage path is already cached. Call /reset_coverage_follow_path to accept a new path.
[sweepi_robot_manager_node.py-5] [coverage_arm_follow_path_executor_node.py-4] [INFO] [1783806696.838336131] [coverage_follow_path_executor_node]: Ignoring /coverage_path update because the first valid coverage path is already cached. Call /reset_coverage_follow_path to accept a new path.
[api_bridge_node-6] [INFO] [1783806698.053255418] [sweepi_api_bridge]: HTTP "GET /api/cleaning/path HTTP/1.1" 200 -
[sweepi_robot_manager_node.py-5] [coverage_arm_follow_path_executor_node.py-4] [INFO] [1783806702.840202129] [coverage_follow_path_executor_node]: Ignoring /coverage_path update because the first valid coverage path is already cached. Call /reset_coverage_follow_path to accept a new path.
[sweepi_robot_manager_node.py-5] [coverage_arm_follow_path_executor_node.py-4] [INFO] [1783806708.840086539] [coverage_follow_path_executor_node]: Ignoring /coverage_path update because the first valid coverage path is already cached. Call /reset_coverage_follow_path to accept a new path.
[sweepi_robot_manager_node.py-5] [coverage_arm_follow_path_executor_node.py-4] [INFO] [1783806713.844731457] [coverage_follow_path_executor_node]: Ignoring /coverage_path update because the first valid coverage path is already cached. Call /reset_coverage_follow_path to accept a new path.
[sweepi_robot_manager_node.py-5] [coverage_arm_follow_path_executor_node.py-4] [INFO] [1783806719.914648617] [coverage_follow_path_executor_node]: Ignoring /coverage_path update because the first valid coverage path is already cached. Call /reset_coverage_follow_path to accept a new path.
[sweepi_robot_manager_node.py-5] [coverage_arm_follow_path_executor_node.py-4] [INFO] [1783806725.844324239] [coverage_follow_path_executor_node]: Ignoring /coverage_path update because the first valid coverage path is already cached. Call /reset_coverage_follow_path to accept a new path.
[sweepi_robot_manager_node.py-5] [coverage_arm_follow_path_executor_node.py-4] [INFO] [1783806731.839683854] [coverage_follow_path_executor_node]: Ignoring /coverage_path update because the first valid coverage path is already cached. Call /reset_coverage_follow_path to accept a new path.
[sweepi_robot_manager_node.py-5] [coverage_arm_follow_path_executor_node.py-4] [INFO] [1783806736.844503570] [coverage_follow_path_executor_node]: Ignoring /coverage_path update because the first valid coverage path is already cached. Call /reset_coverage_follow_path to accept a new path.
[sweepi_robot_manager_node.py-5] [coverage_arm_follow_path_executor_node.py-4] [INFO] [1783806741.903809491] [coverage_follow_path_executor_node]: Ignoring /coverage_path update because the first valid coverage path is already cached. Call /reset_coverage_follow_path to accept a new path.
[sweepi_robot_manager_node.py-5] [coverage_arm_follow_path_executor_node.py-4] [INFO] [1783806747.840534185] [coverage_follow_path_executor_node]: Ignoring /coverage_path update because the first valid coverage path is already cached. Call /reset_coverage_follow_path to accept a new path.
[sweepi_robot_manager_node.py-5] [coverage_arm_follow_path_executor_node.py-4] [INFO] [1783806752.840899085] [coverage_follow_path_executor_node]: Ignoring /coverage_path update because the first valid coverage path is already cached. Call /reset_coverage_follow_path to accept a new path.
[sweepi_robot_manager_node.py-5] [coverage_arm_follow_path_executor_node.py-4] [INFO] [1783806757.842924989] [coverage_follow_path_executor_node]: Ignoring /coverage_path update because the first valid coverage path is already cached. Call /reset_coverage_follow_path to accept a new path.
[sweepi_robot_manager_node.py-5] [coverage_arm_follow_path_executor_node.py-4] [INFO] [1783806763.902116027] [coverage_follow_path_executor_node]: Ignoring /coverage_path update because the first valid coverage path is already cached. Call /reset_coverage_follow_path to accept a new path.
[sweepi_robot_manager_node.py-5] [coverage_arm_follow_path_executor_node.py-4] [INFO] [1783806769.871597381] [coverage_follow_path_executor_node]: Ignoring /coverage_path update because the first valid coverage path is already cached. Call /reset_coverage_follow_path to accept a new path.
[sweepi_robot_manager_node.py-5] [coverage_arm_follow_path_executor_node.py-4] [INFO] [1783806775.842347894] [coverage_follow_path_executor_node]: Ignoring /coverage_path update because the first valid coverage path is already cached. Call /reset_coverage_follow_path to accept a new path.
[sweepi_robot_manager_node.py-5] [coverage_arm_follow_path_executor_node.py-4] [INFO] [1783806781.837453550] [coverage_follow_path_executor_node]: Ignoring /coverage_path update because the first valid coverage path is already cached. Call /reset_coverage_follow_path to accept a new path.
[sweepi_robot_manager_node.py-5] [coverage_arm_follow_path_executor_node.py-4] [INFO] [1783806786.841114946] [coverage_follow_path_executor_node]: Ignoring /coverage_path update because the first valid coverage path is already cached. Call /reset_coverage_follow_path to accept a new path.
[sweepi_robot_manager_node.py-5] [coverage_arm_follow_path_executor_node.py-4] [INFO] [1783806792.911721613] [coverage_follow_path_executor_node]: Ignoring /coverage_path update because the first valid coverage path is already cached. Call /reset_coverage_follow_path to accept a new path.
[sweepi_robot_manager_node.py-5] [coverage_arm_follow_path_executor_node.py-4] [INFO] [1783806798.847432172] [coverage_follow_path_executor_node]: Ignoring /coverage_path update because the first valid coverage path is already cached. Call /reset_coverage_follow_path to accept a new path.
[sweepi_robot_manager_node.py-5] [coverage_arm_follow_path_executor_node.py-4] [INFO] [1783806804.840421594] [coverage_follow_path_executor_node]: Ignoring /coverage_path update because the first valid coverage path is already cached. Call /reset_coverage_follow_path to accept a new path.
[sweepi_robot_manager_node.py-5] [coverage_arm_follow_path_executor_node.py-4] [INFO] [1783806809.859690879] [coverage_follow_path_executor_node]: Ignoring /coverage_path update because the first valid coverage path is already cached. Call /reset_coverage_follow_path to accept a new path.
[sweepi_robot_manager_node.py-5] [coverage_arm_follow_path_executor_node.py-4] [INFO] [1783806814.975690940] [coverage_follow_path_executor_node]: Ignoring /coverage_path update because the first valid coverage path is already cached. Call /reset_coverage_follow_path to accept a new path.
[sweepi_robot_manager_node.py-5] [coverage_arm_follow_path_executor_node.py-4] [INFO] [1783806820.852503483] [coverage_follow_path_executor_node]: Ignoring /coverage_path update because the first valid coverage path is already cached. Call /reset_coverage_follow_path to accept a new path.
[sweepi_robot_manager_node.py-5] [coverage_tracker_node.py-2] [INFO] [1783806821.018569363] [coverage_tracker_node]: Coverage tracker reset; /coverage_map cleared
[sweepi_robot_manager_node.py-5] [INFO] [1783806821.036624993] [sweepi_robot_manager]: /reset_coverage_tracker result: Coverage tracker reset; /coverage_map cleared
[sweepi_robot_manager_node.py-5] [coverage_arm_follow_path_executor_node.py-4] [INFO] [1783806821.039324044] [coverage_follow_path_executor_node]: Coverage FollowPath status: WAITING_FOR_PATH
[sweepi_robot_manager_node.py-5] [coverage_planner_node.py-3] [INFO] [1783806821.047699444] [coverage_planner_node]: Coverage planner reset; /coverage_path cleared
[sweepi_robot_manager_node.py-5] [INFO] [1783806821.048222328] [sweepi_robot_manager]: /reset_coverage_follow_path result: Coverage FollowPath cache reset; waiting for /coverage_path
[sweepi_robot_manager_node.py-5] [INFO] [1783806821.054068645] [sweepi_robot_manager]: /reset_coverage_planner result: Coverage planner reset; /coverage_path cleared
[sweepi_robot_manager_node.py-5] [coverage_arm_follow_path_executor_node.py-4] [WARN] [1783806821.053963161] [coverage_follow_path_executor_node]: Waiting for executable /coverage_path before freezing: path is empty
[sweepi_robot_manager_node.py-5] [INFO] [1783806822.553844506] [sweepi_robot_manager]: Closing coverage launch and returning idle.
[sweepi_robot_manager_node.py-5] [INFO] [1783806822.555144187] [sweepi_robot_manager]: Stopping active coverage launch
[sweepi_robot_manager_node.py-5] [WARNING] [launch]: user interrupted with ctrl-c (SIGINT)
[sweepi_robot_manager_node.py-5] [component_container_isolated-1] [INFO] [1783806822.555314970] [rclcpp]: signal_handler(SIGINT/SIGTERM)
[sweepi_robot_manager_node.py-5] [component_container_isolated-1] [INFO] [1783806822.555388601] [controller_server]: Running Nav2 LifecycleNode rcl preshutdown (controller_server)
[sweepi_robot_manager_node.py-5] [component_container_isolated-1] [INFO] [1783806822.555533549] [controller_server]: Deactivating
[sweepi_robot_manager_node.py-5] [component_container_isolated-1] [INFO] [1783806822.555565328] [controller_server]: Deactivating controller: FollowPath of type regulated_pure_pursuit_controller::RegulatedPurePursuitController
[sweepi_robot_manager_node.py-5] [component_container_isolated-1] [INFO] [1783806822.555740129] [local_costmap.local_costmap]: Deactivating
[sweepi_robot_manager_node.py-5] [INFO] [coverage_manager_node.py-5]: process has finished cleanly [pid 8468]
[sweepi_robot_manager_node.py-5] [INFO] [coverage_tracker_node.py-2]: process has finished cleanly [pid 8465]
[sweepi_robot_manager_node.py-5] [INFO] [coverage_arm_follow_path_executor_node.py-4]: sending signal 'SIGINT' to process[coverage_arm_follow_path_executor_node.py-4]
[sweepi_robot_manager_node.py-5] [INFO] [coverage_planner_node.py-3]: sending signal 'SIGINT' to process[coverage_planner_node.py-3]
[sweepi_robot_manager_node.py-5] [INFO] [component_container_isolated-1]: sending signal 'SIGINT' to process[component_container_isolated-1]
[sweepi_robot_manager_node.py-5] [INFO] [coverage_planner_node.py-3]: process has finished cleanly [pid 8466]
[sweepi_robot_manager_node.py-5] [component_container_isolated-1] [INFO] [1783806822.722437928] [controller_server]: Destroying bond (controller_server) to lifecycle manager.
[sweepi_robot_manager_node.py-5] [component_container_isolated-1] [INFO] [1783806822.738259501] [controller_server]: Cleaning up
[sweepi_robot_manager_node.py-5] [component_container_isolated-1] [INFO] [1783806822.738350689] [controller_server]: Cleaning up controller: FollowPath of type regulated_pure_pursuit_controller::RegulatedPurePursuitController
[sweepi_robot_manager_node.py-5] [component_container_isolated-1] [INFO] [1783806822.738556028] [local_costmap.local_costmap]: Cleaning up
[sweepi_robot_manager_node.py-5] [component_container_isolated-1] [INFO] [1783806822.840139414] [lifecycle_manager_navigation]: [34m[1mHave not received a heartbeat from controller_server.[0m[0m
[sweepi_robot_manager_node.py-5] [component_container_isolated-1] [ERROR] [1783806822.840253788] [lifecycle_manager_navigation]: CRITICAL FAILURE: SERVER controller_server IS DOWN after not receiving a heartbeat for 4000 ms. Shutting down related nodes.
[sweepi_robot_manager_node.py-5] [component_container_isolated-1] [INFO] [1783806822.840410532] [lifecycle_manager_navigation]: [34m[1mTerminating bond timer...[0m[0m
[sweepi_robot_manager_node.py-5] [component_container_isolated-1] [INFO] [1783806822.840444144] [lifecycle_manager_navigation]: [34m[1mResetting managed nodes...[0m[0m
[sweepi_robot_manager_node.py-5] [component_container_isolated-1] [INFO] [1783806822.840463608] [lifecycle_manager_navigation]: [34m[1mDeactivating docking_server[0m[0m
[sweepi_robot_manager_node.py-5] [component_container_isolated-1] [INFO] [1783806822.849556823] [docking_server]: Deactivating docking_server
[sweepi_robot_manager_node.py-5] [coverage_arm_follow_path_executor_node.py-4] Traceback (most recent call last):
[sweepi_robot_manager_node.py-5] [coverage_arm_follow_path_executor_node.py-4]   File "/home/sweepi/SweePi/install/sweepi_coverage/lib/sweepi_coverage/coverage_arm_follow_path_executor_node.py", line 1300, in <module>
[sweepi_robot_manager_node.py-5] [coverage_arm_follow_path_executor_node.py-4]     main()
[sweepi_robot_manager_node.py-5] [coverage_arm_follow_path_executor_node.py-4]   File "/home/sweepi/SweePi/install/sweepi_coverage/lib/sweepi_coverage/coverage_arm_follow_path_executor_node.py", line 1296, in main
[sweepi_robot_manager_node.py-5] [coverage_arm_follow_path_executor_node.py-4]     rclpy.shutdown()
[sweepi_robot_manager_node.py-5] [coverage_arm_follow_path_executor_node.py-4]   File "/opt/ros/jazzy/lib/python3.12/site-packages/rclpy/__init__.py", line 134, in shutdown
[sweepi_robot_manager_node.py-5] [coverage_arm_follow_path_executor_node.py-4]     _shutdown(context=context)
[sweepi_robot_manager_node.py-5] [coverage_arm_follow_path_executor_node.py-4]   File "/opt/ros/jazzy/lib/python3.12/site-packages/rclpy/utilities.py", line 82, in shutdown
[sweepi_robot_manager_node.py-5] [coverage_arm_follow_path_executor_node.py-4]     context.shutdown()
[sweepi_robot_manager_node.py-5] [coverage_arm_follow_path_executor_node.py-4]   File "/opt/ros/jazzy/lib/python3.12/site-packages/rclpy/context.py", line 129, in shutdown
[sweepi_robot_manager_node.py-5] [coverage_arm_follow_path_executor_node.py-4]     self.__context.shutdown()
[sweepi_robot_manager_node.py-5] [coverage_arm_follow_path_executor_node.py-4] rclpy._rclpy_pybind11.RCLError: failed to shutdown: rcl_shutdown already called on the given context, at ./src/rcl/init.c:333
[sweepi_robot_manager_node.py-5] [ERROR] [coverage_arm_follow_path_executor_node.py-4]: process has died [pid 8467, exit code -2, cmd '/home/sweepi/SweePi/install/sweepi_coverage/lib/sweepi_coverage/coverage_arm_follow_path_executor_node.py --ros-args -r __node:=coverage_follow_path_executor_node --params-file /home/sweepi/SweePi/install/sweepi_coverage/share/sweepi_coverage/config/coverage_follow_path_params.yaml --params-file /tmp/launch_params_5cdy2bql --params-file /tmp/launch_params_ntgvts3x'].
[sweepi_robot_manager_node.py-5] [component_container_isolated-1] [INFO] [1783806823.706615790] [docking_server]: Destroying bond (docking_server) to lifecycle manager.
[sweepi_robot_manager_node.py-5] [component_container_isolated-1] [INFO] [1783806823.857886118] [lifecycle_manager_navigation]: [34m[1mDeactivating waypoint_follower[0m[0m
[sweepi_robot_manager_node.py-5] [component_container_isolated-1] [INFO] [1783806823.858850846] [waypoint_follower]: Deactivating
[sweepi_robot_manager_node.py-5] [component_container_isolated-1] [INFO] [1783806823.858981498] [waypoint_follower]: Destroying bond (waypoint_follower) to lifecycle manager.
[sweepi_robot_manager_node.py-5] [component_container_isolated-1] [INFO] [1783806823.900551084] [controller_server]: Destroying bond (controller_server) to lifecycle manager.
[sweepi_robot_manager_node.py-5] [component_container_isolated-1] [INFO] [1783806823.900611530] [map_server]: Running Nav2 LifecycleNode rcl preshutdown (map_server)
[sweepi_robot_manager_node.py-5] [component_container_isolated-1] [INFO] [1783806823.900662772] [map_server]: Deactivating
[sweepi_robot_manager_node.py-5] [component_container_isolated-1] [INFO] [1783806823.900707458] [map_server]: Destroying bond (map_server) to lifecycle manager.
[sweepi_robot_manager_node.py-5] [component_container_isolated-1] [INFO] [1783806823.911204690] [map_server]: Cleaning up
[sweepi_robot_manager_node.py-5] [component_container_isolated-1] [INFO] [1783806823.911276803] [map_server]: Destroying bond (map_server) to lifecycle manager.
[sweepi_robot_manager_node.py-5] [component_container_isolated-1] [INFO] [1783806823.911294026] [amcl]: Running Nav2 LifecycleNode rcl preshutdown (amcl)
[sweepi_robot_manager_node.py-5] [component_container_isolated-1] [INFO] [1783806823.911332768] [amcl]: Deactivating
[sweepi_robot_manager_node.py-5] [component_container_isolated-1] [INFO] [1783806823.911380047] [amcl]: Destroying bond (amcl) to lifecycle manager.
[sweepi_robot_manager_node.py-5] [component_container_isolated-1] [INFO] [1783806823.921836482] [amcl]: Cleaning up
[sweepi_robot_manager_node.py-5] [component_container_isolated-1] [INFO] [1783806823.979279123] [amcl]: Destroying bond (amcl) to lifecycle manager.
[sweepi_robot_manager_node.py-5] [component_container_isolated-1] [INFO] [1783806823.979383181] [smoother_server]: Running Nav2 LifecycleNode rcl preshutdown (smoother_server)
[sweepi_robot_manager_node.py-5] [component_container_isolated-1] [INFO] [1783806823.979424701] [smoother_server]: Deactivating
[sweepi_robot_manager_node.py-5] [component_container_isolated-1] [INFO] [1783806823.979452331] [smoother_server]: Destroying bond (smoother_server) to lifecycle manager.
[sweepi_robot_manager_node.py-5] [component_container_isolated-1] [INFO] [1783806823.992330088] [smoother_server]: Cleaning up
[sweepi_robot_manager_node.py-5] [component_container_isolated-1] [INFO] [1783806824.021352166] [lifecycle_manager_navigation]: [34m[1mDeactivating bt_navigator[0m[0m
[sweepi_robot_manager_node.py-5] [component_container_isolated-1] [INFO] [1783806824.022097648] [bt_navigator]: Deactivating
[sweepi_robot_manager_node.py-5] [component_container_isolated-1] [INFO] [1783806824.022203429] [bt_navigator]: Destroying bond (bt_navigator) to lifecycle manager.
[sweepi_robot_manager_node.py-5] [component_container_isolated-1] [INFO] [1783806824.081015327] [smoother_server]: Destroying bond (smoother_server) to lifecycle manager.
[sweepi_robot_manager_node.py-5] [component_container_isolated-1] [INFO] [1783806824.081106033] [lifecycle_manager_localization]: Running Nav2 LifecycleManager rcl preshutdown (lifecycle_manager_localization)
[sweepi_robot_manager_node.py-5] [component_container_isolated-1] [INFO] [1783806824.081157090] [lifecycle_manager_localization]: [34m[1mTerminating bond timer...[0m[0m
[sweepi_robot_manager_node.py-5] [component_container_isolated-1] [INFO] [1783806824.125212109] [planner_server]: Running Nav2 LifecycleNode rcl preshutdown (planner_server)
[sweepi_robot_manager_node.py-5] [component_container_isolated-1] [INFO] [1783806824.125338946] [planner_server]: Deactivating
[sweepi_robot_manager_node.py-5] [component_container_isolated-1] [INFO] [1783806824.125413207] [global_costmap.global_costmap]: Deactivating
[sweepi_robot_manager_node.py-5] [component_container_isolated-1] [INFO] [1783806824.143674175] [lifecycle_manager_navigation]: [34m[1mDeactivating collision_monitor[0m[0m
[sweepi_robot_manager_node.py-5] [component_container_isolated-1] [INFO] [1783806824.144190170] [collision_monitor]: Deactivating
[sweepi_robot_manager_node.py-5] [component_container_isolated-1] [INFO] [1783806824.144300395] [collision_monitor]: Destroying bond (collision_monitor) to lifecycle manager.
[sweepi_robot_manager_node.py-5] [component_container_isolated-1] [INFO] [1783806824.203769273] [planner_server]: Deactivating plugin GridBased of type NavfnPlanner
[sweepi_robot_manager_node.py-5] [component_container_isolated-1] [INFO] [1783806824.203864757] [planner_server]: Destroying bond (planner_server) to lifecycle manager.
[sweepi_robot_manager_node.py-5] [component_container_isolated-1] [INFO] [1783806824.214296506] [planner_server]: Cleaning up
[sweepi_robot_manager_node.py-5] [component_container_isolated-1] [INFO] [1783806824.270184237] [global_costmap.global_costmap]: Cleaning up
[sweepi_robot_manager_node.py-5] [component_container_isolated-1] [INFO] [1783806824.270728417] [lifecycle_manager_navigation]: [34m[1mDeactivating velocity_smoother[0m[0m
[sweepi_robot_manager_node.py-5] [component_container_isolated-1] [INFO] [1783806824.271749221] [velocity_smoother]: Deactivating
[sweepi_robot_manager_node.py-5] [component_container_isolated-1] [INFO] [1783806824.271864243] [velocity_smoother]: Destroying bond (velocity_smoother) to lifecycle manager.
[sweepi_robot_manager_node.py-5] [component_container_isolated-1] [INFO] [1783806824.297346378] [planner_server]: Cleaning up plugin GridBased of type NavfnPlanner
[sweepi_robot_manager_node.py-5] [component_container_isolated-1] [INFO] [1783806824.297930264] [planner_server]: Destroying plugin GridBased of type NavfnPlanner
[sweepi_robot_manager_node.py-5] [component_container_isolated-1] [INFO] [1783806824.390269541] [planner_server]: Destroying bond (planner_server) to lifecycle manager.
[sweepi_robot_manager_node.py-5] [component_container_isolated-1] [INFO] [1783806824.390320690] [route_server]: Running Nav2 LifecycleNode rcl preshutdown (route_server)
[sweepi_robot_manager_node.py-5] [component_container_isolated-1] [INFO] [1783806824.390422545] [route_server]: Deactivating
[sweepi_robot_manager_node.py-5] [component_container_isolated-1] [INFO] [1783806824.390471657] [route_server]: Destroying bond (route_server) to lifecycle manager.
[sweepi_robot_manager_node.py-5] [component_container_isolated-1] [INFO] [1783806824.395078757] [lifecycle_manager_navigation]: [34m[1mDeactivating behavior_server[0m[0m
[sweepi_robot_manager_node.py-5] [component_container_isolated-1] [INFO] [1783806824.395661197] [behavior_server]: Deactivating
[sweepi_robot_manager_node.py-5] [component_container_isolated-1] [INFO] [1783806824.395814998] [behavior_server]: Destroying bond (behavior_server) to lifecycle manager.
[sweepi_robot_manager_node.py-5] [component_container_isolated-1] [INFO] [1783806824.401042262] [route_server]: Cleaning up
[sweepi_robot_manager_node.py-5] [component_container_isolated-1] [INFO] [1783806824.461880341] [route_server]: Destroying bond (route_server) to lifecycle manager.
[sweepi_robot_manager_node.py-5] [component_container_isolated-1] [INFO] [1783806824.461930935] [behavior_server]: Running Nav2 LifecycleNode rcl preshutdown (behavior_server)
[sweepi_robot_manager_node.py-5] [component_container_isolated-1] [INFO] [1783806824.461953528] [behavior_server]: Destroying bond (behavior_server) to lifecycle manager.
[sweepi_robot_manager_node.py-5] [component_container_isolated-1] [INFO] [1783806824.461968918] [bt_navigator]: Running Nav2 LifecycleNode rcl preshutdown (bt_navigator)
[sweepi_robot_manager_node.py-5] [component_container_isolated-1] [INFO] [1783806824.462002178] [bt_navigator]: Cleaning up
[sweepi_robot_manager_node.py-5] [component_container_isolated-1] [INFO] [1783806824.529238162] [lifecycle_manager_navigation]: [34m[1mDeactivating route_server[0m[0m
[sweepi_robot_manager_node.py-5] [component_container_isolated-1] Magick: abort due to signal 11 (SIGSEGV) "Segmentation Fault"...
[sweepi_robot_manager_node.py-5] [ERROR] [component_container_isolated-1]: process has died [pid 8464, exit code -6, cmd '/opt/ros/jazzy/lib/rclcpp_components/component_container_isolated --ros-args --log-level info --ros-args -r __node:=nav2_container --params-file /tmp/launch_params_eq1zzcyd --params-file /tmp/launch_params_jms_5223 -r /tf:=tf -r /tf_static:=tf_static'].
[WARNING] [launch]: user interrupted with ctrl-c (SIGINT)
[robot_state_publisher-4] [INFO] [1783806835.467471794] [rclcpp]: signal_handler(SIGINT/SIGTERM)
[INFO] [api_bridge_node-6]: sending signal 'SIGINT' to process[api_bridge_node-6]
[INFO] [sweepi_robot_manager_node.py-5]: sending signal 'SIGINT' to process[sweepi_robot_manager_node.py-5]
[INFO] [robot_state_publisher-4]: sending signal 'SIGINT' to process[robot_state_publisher-4]
[INFO] [sllidar_node-3]: sending signal 'SIGINT' to process[sllidar_node-3]
[INFO] [ekf_node-2]: sending signal 'SIGINT' to process[ekf_node-2]
[INFO] [base_driver_node-1]: sending signal 'SIGINT' to process[base_driver_node-1]
[ekf_node-2] [INFO] [1783806835.467572630] [rclcpp]: signal_handler(SIGINT/SIGTERM)
[api_bridge_node-6] Traceback (most recent call last):
[api_bridge_node-6]   File "/home/sweepi/SweePi/install/sweepi_api_bridge/lib/sweepi_api_bridge/api_bridge_node", line 33, in <module>
[api_bridge_node-6]     sys.exit(load_entry_point('sweepi-api-bridge', 'console_scripts', 'api_bridge_node')())
[api_bridge_node-6]              ^^^^^^^^^^^^^^^^^^^^^^^^^^^^^^^^^^^^^^^^^^^^^^^^^^^^^^^^^^^^^^^^^^^^^^^^^^^^^
[api_bridge_node-6]   File "/home/sweepi/SweePi/build/sweepi_api_bridge/sweepi_api_bridge/api_bridge_node.py", line 2562, in main
[api_bridge_node-6]     node.destroy_node()
[api_bridge_node-6]   File "/home/sweepi/SweePi/build/sweepi_api_bridge/sweepi_api_bridge/api_bridge_node.py", line 202, in destroy_node
[api_bridge_node-6]     self.http_server.shutdown()
[api_bridge_node-6]   File "/usr/lib/python3.12/socketserver.py", line 255, in shutdown
[api_bridge_node-6]     self.__is_shut_down.wait()
[api_bridge_node-6]   File "/usr/lib/python3.12/threading.py", line 655, in wait
[api_bridge_node-6]     signaled = self._cond.wait(timeout)
[api_bridge_node-6]                ^^^^^^^^^^^^^^^^^^^^^^^^
[api_bridge_node-6]   File "/usr/lib/python3.12/threading.py", line 355, in wait
[api_bridge_node-6]     waiter.acquire()
[api_bridge_node-6] KeyboardInterrupt
[sweepi_robot_manager_node.py-5] Traceback (most recent call last):
[sweepi_robot_manager_node.py-5]   File "/home/sweepi/SweePi/install/sweepi_robot_manager/lib/sweepi_robot_manager/sweepi_robot_manager_node.py", line 1270, in <module>
[sweepi_robot_manager_node.py-5]     main()
[sweepi_robot_manager_node.py-5]   File "/home/sweepi/SweePi/install/sweepi_robot_manager/lib/sweepi_robot_manager/sweepi_robot_manager_node.py", line 1264, in main
[sweepi_robot_manager_node.py-5]     node.destroy_node()
[sweepi_robot_manager_node.py-5]   File "/opt/ros/jazzy/lib/python3.12/site-packages/rclpy/node.py", line 1956, in destroy_node
[sweepi_robot_manager_node.py-5]     self.destroy_publisher(self._publishers[0])
[sweepi_robot_manager_node.py-5]   File "/opt/ros/jazzy/lib/python3.12/site-packages/rclpy/node.py", line 1836, in destroy_publisher
[sweepi_robot_manager_node.py-5]     publisher.destroy()
[sweepi_robot_manager_node.py-5]   File "/opt/ros/jazzy/lib/python3.12/site-packages/rclpy/publisher.py", line 105, in destroy
[sweepi_robot_manager_node.py-5]     self.__publisher.destroy_when_not_in_use()
[sweepi_robot_manager_node.py-5] KeyboardInterrupt
[robot_state_publisher-4] [INFO] [1783806835.486379259] [rclcpp]: signal_handler(SIGINT/SIGTERM)
[base_driver_node-1] Traceback (most recent call last):
[base_driver_node-1]   File "/home/sweepi/SweePi/install/sweepi_base_driver/lib/sweepi_base_driver/base_driver_node", line 33, in <module>
[base_driver_node-1]     sys.exit(load_entry_point('sweepi-base-driver==0.1.0', 'console_scripts', 'base_driver_node')())
[base_driver_node-1]              ^^^^^^^^^^^^^^^^^^^^^^^^^^^^^^^^^^^^^^^^^^^^^^^^^^^^^^^^^^^^^^^^^^^^^^^^^^^^^^^^^^^^^^
[base_driver_node-1]   File "/home/sweepi/SweePi/install/sweepi_base_driver/lib/python3.12/site-packages/sweepi_base_driver/base_driver_node.py", line 483, in main
[base_driver_node-1]     node.destroy_node()
[base_driver_node-1]   File "/opt/ros/jazzy/lib/python3.12/site-packages/rclpy/node.py", line 1956, in destroy_node
[base_driver_node-1]     self.destroy_publisher(self._publishers[0])
[base_driver_node-1]   File "/opt/ros/jazzy/lib/python3.12/site-packages/rclpy/node.py", line 1836, in destroy_publisher
[base_driver_node-1]     publisher.destroy()
[base_driver_node-1]   File "/opt/ros/jazzy/lib/python3.12/site-packages/rclpy/publisher.py", line 105, in destroy
[base_driver_node-1]     self.__publisher.destroy_when_not_in_use()
[base_driver_node-1] KeyboardInterrupt
[sllidar_node-3] [INFO] [1783806835.630383364] [sllidar_node]: Stop motor
[ERROR] [api_bridge_node-6]: process has died [pid 8094, exit code -2, cmd '/home/sweepi/SweePi/install/sweepi_api_bridge/lib/sweepi_api_bridge/api_bridge_node --ros-args -r __node:=sweepi_api_bridge --params-file /tmp/launch_params_wbg3phid'].
[INFO] [robot_state_publisher-4]: process has finished cleanly [pid 8092]
[ERROR] [base_driver_node-1]: process has died [pid 8089, exit code -2, cmd '/home/sweepi/SweePi/install/sweepi_base_driver/lib/sweepi_base_driver/base_driver_node --ros-args -r __node:=base_driver_node --params-file /home/sweepi/SweePi/install/sweepi_base_driver/share/sweepi_base_driver/config/base_driver_params.yaml --params-file /tmp/launch_params_v010kob8'].
[INFO] [ekf_node-2]: process has finished cleanly [pid 8090]
[ERROR] [sweepi_robot_manager_node.py-5]: process has died [pid 8093, exit code -2, cmd '/home/sweepi/SweePi/install/sweepi_robot_manager/lib/sweepi_robot_manager/sweepi_robot_manager_node.py --ros-args -r __node:=sweepi_robot_manager --params-file /tmp/launch_params_gmn8b2hh'].
[ERROR] [sllidar_node-3]: process[sllidar_node-3] failed to terminate '5' seconds after receiving 'SIGINT', escalating to 'SIGTERM'
[INFO] [sllidar_node-3]: sending signal 'SIGTERM' to process[sllidar_node-3]
[INFO] [sllidar_node-3]: process has finished cleanly [pid 8091]
