
   NETWORK CONFIGURATION
inet         : 127.0.0.1
inet4        : ['127.0.0.1']
inet6        : ['::1']
netmask      : 255.0.0.0
device       : lo
flags        : 73<RUNNING,UP,LOOPBACK>
mtu          : 65536
inet         : 192.168.8.164
inet4        : ['192.168.8.164']
ether        : 2c:cf:67:90:ef:47
inet6        : ['2402:4000:2351:2c8f:2ecf:67ff:fe90:ef47', 'fe80::2ecf:67ff:fe90:ef47%wlan0']
netmask      : 255.255.255.0
device       : wlan0
flags        : 4163<UP,MULTICAST,RUNNING,BROADCAST>
mtu          : 1500
broadcast    : 192.168.8.255
ether        : 2c:cf:67:90:ef:46
device       : eth0
flags        : 4098<MULTICAST,BROADCAST>
mtu          : 1500

   PACKAGE VERSIONS
sweepi_robot_manager                      : latest=N/A, local=0.1.0
sweepi_real_bringup                       : latest=N/A, local=0.1.0
sweepi_temp_rpi_hardware                  : latest=N/A, local=0.1.0
sweepi_state_estimation                   : latest=N/A, local=0.1.0
sweepi_exploration                        : latest=N/A, local=0.2.0
sweepi_bringup                            : latest=N/A, local=0.0.0
sweepi_slam                               : latest=N/A, local=0.0.0
sweepi_api_bridge                         : latest=N/A, local=0.1.0
sweepi_robot_manager_interfaces           : latest=N/A, local=0.1.0
sweepi_description                        : latest=N/A, local=0.0.0
sweepi_coverage                           : latest=N/A, local=0.1.0
sweepi_base_driver                        : latest=N/A, local=0.1.0
sllidar_ros2                              : latest=N/A, local=1.0.1
ros_environment                           : latest=4.2.1, local=4.2.1
tf2_kdl                                   : latest=0.36.21, local=0.36.21
examples_rclcpp_minimal_action_server     : latest=0.19.7, local=0.19.7
rosidl_cmake                              : latest=4.6.9, local=4.6.9
console_bridge_vendor                     : latest=1.7.2, local=1.7.2
ros_gz_interfaces                         : latest=1.0.23, local=1.0.22
examples_rclcpp_minimal_publisher         : latest=0.19.7, local=0.19.7
nav2_theta_star_planner                   : latest=1.3.12, local=1.3.12
rosbag2_storage_sqlite3                   : latest=0.26.11, local=0.26.11
nav2_graceful_controller                  : latest=1.3.12, local=1.3.12
realtime_tools                            : latest=3.11.0, local=3.11.0
teleop_twist_keyboard                     : latest=2.4.1, local=2.4.1
tinyxml2_vendor                           : latest=0.9.2, local=0.9.2
tf2_ros                                   : latest=0.36.21, local=0.36.21
ament_cmake_pep257                        : latest=0.17.5, local=0.17.5
rmw_dds_common                            : latest=3.1.1, local=3.1.1
ros2component                             : latest=0.32.10, local=0.32.10
gz_sim_vendor                             : latest=0.0.11, local=0.0.10
rviz_assimp_vendor                        : latest=14.1.22, local=14.1.22
ros2cli                                   : latest=0.32.10, local=0.32.10
type_description_interfaces               : latest=2.0.4, local=2.0.4
quality_of_service_demo_cpp               : latest=0.33.11, local=0.33.11
launch_testing                            : latest=3.4.11, local=3.4.11
behaviortree_cpp                          : latest=4.9.1, local=4.9.0
qt_dotgraph                               : latest=2.7.6, local=2.7.6
libcurl_vendor                            : latest=3.4.4, local=3.4.4
python_cmake_module                       : latest=0.11.1, local=0.11.1
rviz_common                               : latest=14.1.22, local=14.1.22
rqt_graph                                 : latest=1.5.6, local=1.5.6
gz_sensors_vendor                         : latest=0.0.6, local=0.0.6
nav2_smac_planner                         : latest=1.3.12, local=1.3.12
ros2interface                             : latest=0.32.10, local=0.32.10
simulation_interfaces                     : latest=1.5.1, local=1.5.1
nav2_behaviors                            : latest=1.3.12, local=1.3.12
gz_gui_vendor                             : latest=0.0.5, local=0.0.5
rosbag2_compression                       : latest=0.26.11, local=0.26.11
builtin_interfaces                        : latest=2.0.4, local=2.0.4
message_filters                           : latest=4.11.17, local=4.11.17
robot_localization                        : latest=3.8.3, local=3.8.3
ros2plugin                                : latest=5.4.5, local=5.4.5
composition_interfaces                    : latest=2.0.4, local=2.0.4
rosidl_core_runtime                       : latest=0.2.1, local=0.2.1
ros2cli_common_extensions                 : latest=0.3.1, local=0.3.1
rqt_publisher                             : latest=1.7.3, local=1.7.3
nav2_amcl                                 : latest=1.3.12, local=1.3.12
rosidl_adapter                            : latest=4.6.9, local=4.6.9
tf2_eigen_kdl                             : latest=0.36.21, local=0.36.21
ros2lifecycle                             : latest=0.32.10, local=0.32.10
filters                                   : latest=2.2.2, local=2.2.2
ros2node                                  : latest=0.32.10, local=0.32.10
compressed_depth_image_transport          : latest=4.0.7, local=4.0.7
ros_workspace                             : latest=1.0.3, local=1.0.3
ament_cmake_export_interfaces             : latest=2.5.6, local=2.5.6
ament_cppcheck                            : latest=0.17.5, local=0.17.5
rmw_fastrtps_shared_cpp                   : latest=8.4.4, local=8.4.4
examples_rclcpp_multithreaded_executor    : latest=0.19.7, local=0.19.7
rmw_implementation_cmake                  : latest=7.3.3, local=7.3.3
ament_cmake_export_definitions            : latest=2.5.6, local=2.5.6
gz_fuel_tools_vendor                      : latest=0.0.6, local=0.0.6
uncrustify_vendor                         : latest=3.0.1, local=3.0.1
generate_parameter_library_py             : latest=0.7.4, local=0.7.3
rosidl_typesupport_fastrtps_cpp           : latest=3.6.4, local=3.6.4
joint_limits                              : latest=4.46.0, local=4.45.2
pendulum_control                          : latest=0.33.11, local=0.33.11
dummy_robot_bringup                       : latest=0.33.11, local=0.33.11
gps_msgs                                  : latest=3.0.0, local=2.1.2
kdl_parser                                : latest=2.11.0, local=2.11.0
spdlog_vendor                             : latest=1.6.2, local=1.6.2
gz_utils_vendor                           : latest=0.0.5, local=0.0.5
ament_cmake_lint_cmake                    : latest=0.17.5, local=0.17.5
actuator_msgs                             : latest=0.0.1, local=0.0.1
nav2_rviz_plugins                         : latest=1.3.12, local=1.3.12
sros2                                     : latest=0.13.6, local=0.13.6
rqt_common_plugins                        : latest=1.2.0, local=1.2.0
ament_cmake_python                        : latest=2.5.6, local=2.5.6
sensor_msgs_py                            : latest=5.3.8, local=5.3.8
quality_of_service_demo_py                : latest=0.33.11, local=0.33.11
examples_rclpy_minimal_action_client      : latest=0.19.7, local=0.19.7
ament_xmllint                             : latest=0.17.5, local=0.17.5
diagnostic_msgs                           : latest=5.3.8, local=5.3.8
action_tutorials_py                       : latest=0.33.11, local=0.33.11
nav2_behavior_tree                        : latest=1.3.12, local=1.3.12
navigation2                               : latest=1.3.12, local=1.3.12
gz_dartsim_vendor                         : latest=0.0.3, local=0.0.3
rosbag2_compression_zstd                  : latest=0.26.11, local=0.26.11
rosidl_generator_rs                       : latest=0.4.12, local=0.4.12
class_loader                              : latest=2.7.1, local=2.7.1
nav2_common                               : latest=1.3.12, local=1.3.12
dwb_critics                               : latest=1.3.12, local=1.3.12
tl_expected                               : latest=1.3.2, local=1.3.1
demo_nodes_cpp_native                     : latest=0.33.11, local=0.33.11
orocos_kdl_vendor                         : latest=0.5.2, local=0.5.2
resource_retriever                        : latest=3.4.4, local=3.4.4
vision_msgs                               : latest=4.1.1, local=4.1.1
osrf_pycommon                             : latest=2.1.7, local=2.1.7
nav2_minimal_tb4_description              : latest=1.0.1, local=1.0.1
rqt_action                                : latest=2.2.1, local=2.2.1
rclcpp_action                             : latest=28.1.21, local=28.1.21
examples_rclcpp_minimal_composition       : latest=0.19.7, local=0.19.7
ros2launch                                : latest=0.26.12, local=0.26.12
image_geometry                            : latest=4.1.0, local=4.1.0
rcl_action                                : latest=9.2.11, local=9.2.11
std_srvs                                  : latest=5.3.8, local=5.3.8
opennav_docking_core                      : latest=1.3.12, local=1.3.12
ament_cmake_export_dependencies           : latest=2.5.6, local=2.5.6
diagnostic_updater                        : latest=4.2.7, local=4.2.7
hardware_interface                        : latest=4.46.0, local=4.45.2
sensor_msgs                               : latest=5.3.8, local=5.3.8
ros_gz                                    : latest=1.0.23, local=1.0.22
ament_cmake_copyright                     : latest=0.17.5, local=0.17.5
common_interfaces                         : latest=5.3.8, local=5.3.8
gz_cmake_vendor                           : latest=0.0.12, local=0.0.11
ament_cmake_target_dependencies           : latest=2.5.6, local=2.5.6
action_tutorials_cpp                      : latest=0.33.11, local=0.33.11
rviz_ogre_vendor                          : latest=14.1.22, local=14.1.22
ament_cmake_export_include_directories    : latest=2.5.6, local=2.5.6
ament_cmake_export_targets                : latest=2.5.6, local=2.5.6
nav2_core                                 : latest=1.3.12, local=1.3.12
examples_rclpy_minimal_subscriber         : latest=0.19.7, local=0.19.7
examples_rclpy_minimal_publisher          : latest=0.19.7, local=0.19.7
nav2_voxel_grid                           : latest=1.3.12, local=1.3.12
image_transport_plugins                   : latest=4.0.7, local=4.0.7
domain_coordinator                        : latest=0.12.1, local=0.12.1
sdformat_urdf                             : latest=1.0.2, local=1.0.2
statistics_msgs                           : latest=2.0.4, local=2.0.4
ros2param                                 : latest=0.32.10, local=0.32.10
gz_tools_vendor                           : latest=0.0.7, local=0.0.7
ament_cmake_uncrustify                    : latest=0.17.5, local=0.17.5
rosidl_runtime_py                         : latest=0.13.2, local=0.13.2
ament_cmake_include_directories           : latest=2.5.6, local=2.5.6
joint_state_publisher                     : latest=2.4.1, local=2.4.1
tf2_sensor_msgs                           : latest=0.36.21, local=0.36.21
intra_process_demo                        : latest=0.33.11, local=0.33.11
geographic_msgs                           : latest=1.0.6, local=1.0.6
gz_ros2_control                           : latest=1.2.19, local=1.2.19
rosbag2_cpp                               : latest=0.26.11, local=0.26.11
generate_parameter_library                : latest=0.7.4, local=0.7.3
rosbag2_storage_mcap                      : latest=0.26.11, local=0.26.11
ament_cmake_export_link_flags             : latest=2.5.6, local=2.5.6
rviz_default_plugins                      : latest=14.1.22, local=14.1.22
examples_rclcpp_minimal_timer             : latest=0.19.7, local=0.19.7
examples_rclcpp_minimal_subscriber        : latest=0.19.7, local=0.19.7
service_msgs                              : latest=2.0.4, local=2.0.4
action_msgs                               : latest=2.0.4, local=2.0.4
ament_copyright                           : latest=0.17.5, local=0.17.5
gz_plugin_vendor                          : latest=0.0.5, local=0.0.5
rcl                                       : latest=9.2.11, local=9.2.11
ament_cmake_version                       : latest=2.5.6, local=2.5.6
rosidl_default_generators                 : latest=1.6.1, local=1.6.1
controller_manager                        : latest=4.46.0, local=4.45.2
pybind11_vendor                           : latest=3.1.3, local=3.1.3
ament_cmake_export_libraries              : latest=2.5.6, local=2.5.6
nav2_map_server                           : latest=1.3.12, local=1.3.12
rcl_yaml_param_parser                     : latest=9.2.11, local=9.2.11
rqt_image_view                            : latest=1.3.0, local=1.3.0
dummy_sensors                             : latest=0.33.11, local=0.33.11
ament_cmake_xmllint                       : latest=0.17.5, local=0.17.5
rosidl_runtime_cpp                        : latest=4.6.9, local=4.6.9
nav2_navfn_planner                        : latest=1.3.12, local=1.3.12
angles                                    : latest=1.16.1, local=1.16.1
nav2_collision_monitor                    : latest=1.3.12, local=1.3.12
joint_state_publisher_gui                 : latest=2.4.1, local=2.4.1
ompl                                      : latest=1.7.0, local=1.7.0
ament_cmake_test                          : latest=2.5.6, local=2.5.6
ament_lint_auto                           : latest=0.17.5, local=0.17.5
qt_gui                                    : latest=2.7.6, local=2.7.6
ros_gz_sim_demos                          : latest=1.0.23, local=1.0.22
ament_lint_common                         : latest=0.17.5, local=0.17.5
nav_msgs                                  : latest=5.3.8, local=5.3.8
control_msgs                              : latest=5.9.0, local=5.9.0
nav2_bt_navigator                         : latest=1.3.12, local=1.3.12
rqt_plot                                  : latest=1.4.5, local=1.4.5
rqt_gui                                   : latest=1.6.4, local=1.6.4
tf2_ros_py                                : latest=0.36.21, local=0.36.21
ament_flake8                              : latest=0.17.5, local=0.17.5
ament_cmake                               : latest=2.5.6, local=2.5.6
nav2_dwb_controller                       : latest=1.3.12, local=1.3.12
ros_base                                  : latest=0.11.0, local=0.11.0
nav2_smoother                             : latest=1.3.12, local=1.3.12
ros_gz_sim                                : latest=1.0.23, local=1.0.22
interactive_markers                       : latest=2.5.5, local=2.5.5
rosidl_default_runtime                    : latest=1.6.1, local=1.6.1
launch_yaml                               : latest=3.4.11, local=3.4.11
rcl_logging_interface                     : latest=3.1.1, local=3.1.1
depthimage_to_laserscan                   : latest=2.5.1, local=2.5.1
examples_rclpy_minimal_service            : latest=0.19.7, local=0.19.7
tf2_tools                                 : latest=0.36.21, local=0.36.21
tracetools                                : latest=8.2.6, local=8.2.6
pcl_conversions                           : latest=2.6.4, local=2.6.4
cv_bridge                                 : latest=4.1.0, local=4.1.0
rosidl_dynamic_typesupport                : latest=0.1.2, local=0.1.2
theora_image_transport                    : latest=4.0.7, local=4.0.7
trajectory_msgs                           : latest=5.3.8, local=5.3.8
rosgraph_msgs                             : latest=2.0.4, local=2.0.4
launch_ros                                : latest=0.26.12, local=0.26.12
examples_rclcpp_minimal_action_client     : latest=0.19.7, local=0.19.7
nav2_lifecycle_manager                    : latest=1.3.12, local=1.3.12
std_msgs                                  : latest=5.3.8, local=5.3.8
rosidl_generator_cpp                      : latest=4.6.9, local=4.6.9
rqt_reconfigure                           : latest=1.6.4, local=1.6.4
desktop                                   : latest=0.11.0, local=0.11.0
dwb_msgs                                  : latest=1.3.12, local=1.3.12
rosidl_typesupport_introspection_cpp      : latest=4.6.9, local=4.6.9
tf2_bullet                                : latest=0.36.21, local=0.36.21
laser_geometry                            : latest=2.7.2, local=2.7.2
rosbag2                                   : latest=0.26.11, local=0.26.11
tf2_msgs                                  : latest=0.36.21, local=0.36.21
pendulum_msgs                             : latest=0.33.11, local=0.33.11
rclcpp_components                         : latest=28.1.21, local=28.1.21
ament_pep257                              : latest=0.17.5, local=0.17.5
map_msgs                                  : latest=2.4.1, local=2.4.1
costmap_queue                             : latest=1.3.12, local=1.3.12
bondcpp                                   : latest=4.2.0, local=4.2.0
ros2multicast                             : latest=0.32.10, local=0.32.10
eigen3_cmake_module                       : latest=0.3.1, local=0.3.1
tlsf_cpp                                  : latest=0.17.1, local=0.17.1
gz_math_vendor                            : latest=0.0.9, local=0.0.9
tf2                                       : latest=0.36.21, local=0.36.21
rosidl_runtime_c                          : latest=4.6.9, local=4.6.9
nav2_regulated_pure_pursuit_controller    : latest=1.3.12, local=1.3.12
dwb_core                                  : latest=1.3.12, local=1.3.12
zstd_vendor                               : latest=0.26.11, local=0.26.11
ros2run                                   : latest=0.32.10, local=0.32.10
nav2_msgs                                 : latest=1.3.12, local=1.3.12
action_tutorials_interfaces               : latest=0.33.11, local=0.33.11
qt_gui_cpp                                : latest=2.7.6, local=2.7.6
ros2pkg                                   : latest=0.32.10, local=0.32.10
rosidl_core_generators                    : latest=0.2.1, local=0.2.1
rosidl_cli                                : latest=4.6.9, local=4.6.9
nav2_bringup                              : latest=1.3.12, local=1.3.12
rclpy                                     : latest=7.1.11, local=7.1.11
mcap_vendor                               : latest=0.26.11, local=0.26.11
libyaml_vendor                            : latest=1.6.4, local=1.6.4
teleop_twist_joy                          : latest=2.6.5, local=2.6.5
qt_gui_py_common                          : latest=2.7.6, local=2.7.6
rmw_implementation                        : latest=2.15.6, local=2.15.6
ament_cmake_cpplint                       : latest=0.17.5, local=0.17.5
rqt_bag_plugins                           : latest=1.5.6, local=1.5.6
controller_interface                      : latest=4.46.0, local=4.45.2
sqlite3_vendor                            : latest=0.26.11, local=0.26.11
python_qt_binding                         : latest=2.2.2, local=2.2.2
dummy_map_server                          : latest=0.33.11, local=0.33.11
lifecycle_msgs                            : latest=2.0.4, local=2.0.4
tlsf                                      : latest=0.9.1, local=0.9.1
rqt_service_caller                        : latest=1.2.2, local=1.2.2
image_transport                           : latest=5.1.8, local=5.1.8
urdf_parser_plugin                        : latest=2.10.1, local=2.10.1
ros_gz_bridge                             : latest=1.0.23, local=1.0.22
rqt_srv                                   : latest=1.2.3, local=1.2.3
marine_acoustic_msgs                      : latest=2.1.0, local=2.1.0
rqt_console                               : latest=2.2.2, local=2.2.2
launch                                    : latest=3.4.11, local=3.4.11
rosidl_pycommon                           : latest=4.6.9, local=4.6.9
actionlib_msgs                            : latest=5.3.8, local=5.3.8
rviz2                                     : latest=14.1.22, local=14.1.22
rqt_py_console                            : latest=1.2.3, local=1.2.3
rqt_shell                                 : latest=1.2.3, local=1.2.3
nav_2d_utils                              : latest=1.3.12, local=1.3.12
ament_cmake_libraries                     : latest=2.5.6, local=2.5.6
liblz4_vendor                             : latest=0.26.11, local=0.26.11
nav2_velocity_smoother                    : latest=1.3.12, local=1.3.12
libstatistics_collector                   : latest=1.7.4, local=1.7.4
rqt_py_common                             : latest=1.6.4, local=1.6.4
rqt_topic                                 : latest=1.7.5, local=1.7.5
ros2service                               : latest=0.32.10, local=0.32.10
rosbag2_storage_default_plugins           : latest=0.26.11, local=0.26.11
rosidl_typesupport_introspection_c        : latest=4.6.9, local=4.6.9
rviz_rendering                            : latest=14.1.22, local=14.1.22
logging_demo                              : latest=0.33.11, local=0.33.11
gz_rendering_vendor                       : latest=0.0.7, local=0.0.7
diff_drive_controller                     : latest=4.41.0, local=4.40.1
opennav_docking                           : latest=1.3.12, local=1.3.12
nav2_planner                              : latest=1.3.12, local=1.3.12
slam_toolbox                              : latest=2.8.5, local=2.8.5
geometry2                                 : latest=0.36.21, local=0.36.21
ament_cmake_gmock                         : latest=2.5.6, local=2.5.6
robot_state_publisher                     : latest=3.3.4, local=3.3.4
unique_identifier_msgs                    : latest=2.5.1, local=2.5.1
point_cloud_transport                     : latest=4.0.9, local=4.0.8
sros2_cmake                               : latest=0.13.6, local=0.13.6
rttest                                    : latest=0.17.1, local=0.17.1
ament_index_cpp                           : latest=1.8.4, local=1.8.4
examples_rclpy_minimal_action_server      : latest=0.19.7, local=0.19.7
demo_nodes_py                             : latest=0.33.11, local=0.33.11
turtlesim                                 : latest=1.8.4, local=1.8.4
ament_uncrustify                          : latest=0.17.5, local=0.17.5
nav2_costmap_2d                           : latest=1.3.12, local=1.3.12
topic_monitor                             : latest=0.33.11, local=0.33.11
rosbag2_interfaces                        : latest=0.26.11, local=0.26.11
ament_lint                                : latest=0.17.5, local=0.17.5
rosbag2_storage                           : latest=0.26.11, local=0.26.11
examples_rclcpp_minimal_service           : latest=0.19.7, local=0.19.7
ament_cmake_core                          : latest=2.5.6, local=2.5.6
rosidl_typesupport_fastrtps_c             : latest=3.6.4, local=3.6.4
launch_testing_ros                        : latest=0.26.12, local=0.26.12
gz_common_vendor                          : latest=0.0.9, local=0.0.9
rcpputils                                 : latest=2.11.4, local=2.11.4
rosidl_generator_type_description         : latest=4.6.9, local=4.6.9
tf2_py                                    : latest=0.36.21, local=0.36.21
rqt_bag                                   : latest=1.5.6, local=1.5.6
parameter_traits                          : latest=0.7.4, local=0.7.3
opennav_docking_bt                        : latest=1.3.12, local=1.3.12
example_interfaces                        : latest=0.12.1, local=0.12.1
examples_rclpy_minimal_client             : latest=0.19.7, local=0.19.7
geometry_msgs                             : latest=5.3.8, local=5.3.8
ros2topic                                 : latest=0.32.10, local=0.32.10
gz_msgs_vendor                            : latest=0.0.6, local=0.0.6
pal_statistics                            : latest=2.7.0, local=2.7.0
examples_rclpy_executors                  : latest=0.19.7, local=0.19.7
ros_gz_image                              : latest=1.0.23, local=1.0.22
xacro                                     : latest=2.1.1, local=2.1.1
zstd_image_transport                      : latest=4.0.7, local=4.0.7
rosidl_generator_c                        : latest=4.6.9, local=4.6.9
rcl_lifecycle                             : latest=9.2.11, local=9.2.11
nav2_route                                : latest=1.3.12, local=1.3.12
sdl2_vendor                               : latest=3.3.0, local=3.3.0
nav2_controller                           : latest=1.3.12, local=1.3.12
rqt_msg                                   : latest=1.5.2, local=1.5.2
rosidl_typesupport_c                      : latest=3.2.3, local=3.2.3
lifecycle                                 : latest=0.33.11, local=0.33.11
nav_2d_msgs                               : latest=1.3.12, local=1.3.12
rpyutils                                  : latest=0.4.2, local=0.4.2
rosidl_generator_py                       : latest=0.22.2, local=0.22.2
nav2_waypoint_follower                    : latest=1.3.12, local=1.3.12
nav2_rotation_shim_controller             : latest=1.3.12, local=1.3.12
image_tools                               : latest=0.33.11, local=0.33.11
control_toolbox                           : latest=4.11.0, local=4.11.0
ament_cmake_gtest                         : latest=2.5.6, local=2.5.6
rmw                                       : latest=7.3.3, local=7.3.3
ament_lint_cmake                          : latest=0.17.5, local=0.17.5
rqt_gui_cpp                               : latest=1.6.4, local=1.6.4
ros2_control_cmake                        : latest=0.4.0, local=0.4.0
launch_testing_ament_cmake                : latest=3.4.11, local=3.4.11
stereo_msgs                               : latest=5.3.8, local=5.3.8
ament_package                             : latest=0.16.5, local=0.16.5
rqt_gui_py                                : latest=1.6.4, local=1.6.4
ament_cmake_ros                           : latest=0.12.1, local=0.12.1
tcb_span                                  : latest=1.3.2, local=1.3.1
examples_rclcpp_minimal_client            : latest=0.19.7, local=0.19.7
bond                                      : latest=4.2.0, local=4.2.0
ros2doctor                                : latest=0.32.10, local=0.32.10
gz_physics_vendor                         : latest=0.0.9, local=0.0.7
rosidl_typesupport_interface              : latest=4.6.9, local=4.6.9
rcl_logging_spdlog                        : latest=3.1.1, local=3.1.1
gz_transport_vendor                       : latest=0.0.7, local=0.0.7
nav2_simple_commander                     : latest=1.3.12, local=1.3.12
ros2action                                : latest=0.32.10, local=0.32.10
yaml_cpp_vendor                           : latest=9.0.1, local=9.0.1
rclcpp_lifecycle                          : latest=28.1.21, local=28.1.21
demo_nodes_cpp                            : latest=0.33.11, local=0.33.11
nav2_mppi_controller                      : latest=1.3.12, local=1.3.12
dwb_plugins                               : latest=1.3.12, local=1.3.12
pcl_msgs                                  : latest=1.0.0, local=1.0.0
ament_index_python                        : latest=1.8.4, local=1.8.4
rosbag2_transport                         : latest=0.26.11, local=0.26.11
nav2_minimal_tb3_sim                      : latest=1.0.1, local=1.0.1
python_orocos_kdl_vendor                  : latest=0.5.2, local=0.5.2
gz_ogre_next_vendor                       : latest=0.0.5, local=0.0.5
ament_cmake_gen_version_h                 : latest=2.5.6, local=2.5.6
pal_statistics_msgs                       : latest=2.7.0, local=2.7.0
launch_xml                                : latest=3.4.11, local=3.4.11
rcutils                                   : latest=6.7.6, local=6.7.6
smclib                                    : latest=4.2.0, local=4.2.0
ros2bag                                   : latest=0.26.11, local=0.26.11
rosbag2_py                                : latest=0.26.11, local=0.26.11
rosidl_dynamic_typesupport_fastrtps       : latest=0.1.0, local=0.1.0
tf2_eigen                                 : latest=0.36.21, local=0.36.21
visualization_msgs                        : latest=5.3.8, local=5.3.8
rcl_interfaces                            : latest=2.0.4, local=2.0.4
keyboard_handler                          : latest=0.3.2, local=0.3.2
nav2_util                                 : latest=1.3.12, local=1.3.12
tango_icons_vendor                        : latest=0.3.1, local=0.3.1
pluginlib                                 : latest=5.4.5, local=5.4.5
rosidl_typesupport_cpp                    : latest=3.2.3, local=3.2.3
ament_cmake_cppcheck                      : latest=0.17.5, local=0.17.5
ament_cmake_flake8                        : latest=0.17.5, local=0.17.5
rosidl_parser                             : latest=4.6.9, local=4.6.9
composition                               : latest=0.33.11, local=0.33.11
controller_manager_msgs                   : latest=4.46.0, local=4.45.2
ament_cmake_pytest                        : latest=2.5.6, local=2.5.6
nav2_constrained_smoother                 : latest=1.3.12, local=1.3.12
compressed_image_transport                : latest=4.0.7, local=4.0.7
nav2_minimal_tb4_sim                      : latest=1.0.1, local=1.0.1
ros_core                                  : latest=0.11.0, local=0.11.0
ament_cmake_auto                          : latest=2.5.6, local=2.5.6
fastrtps_cmake_module                     : latest=3.6.4, local=3.6.4
joint_state_broadcaster                   : latest=4.41.0, local=4.40.1
joy                                       : latest=3.3.0, local=3.3.0
tf2_geometry_msgs                         : latest=0.36.21, local=0.36.21
shape_msgs                                : latest=5.3.8, local=5.3.8
urdf                                      : latest=2.10.1, local=2.10.1
ament_cpplint                             : latest=0.17.5, local=0.17.5
rmw_fastrtps_cpp                          : latest=8.4.4, local=8.4.4
sdformat_vendor                           : latest=0.0.11, local=0.0.11
rclcpp                                    : latest=28.1.21, local=28.1.21

   PLATFORM INFORMATION
system           : Linux
platform info    : Linux-6.8.0-1060-raspi-aarch64-with-glibc2.39
release          : 6.8.0-1060-raspi
processor        : aarch64

   QOS COMPATIBILITY LIST
topic [type]            : /backup/_action/feedback [nav2_msgs/action/BackUp_FeedbackMessage]
publisher node          : behavior_server
subscriber node         : bt_navigator_navigate_to_pose_rclcpp_node
compatibility status    : OK
topic [type]            : /backup/_action/feedback [nav2_msgs/action/BackUp_FeedbackMessage]
publisher node          : behavior_server
subscriber node         : bt_navigator_navigate_through_poses_rclcpp_node
compatibility status    : OK
topic [type]            : /backup/_action/status [action_msgs/msg/GoalStatusArray]
publisher node          : behavior_server
subscriber node         : bt_navigator_navigate_to_pose_rclcpp_node
compatibility status    : OK
topic [type]            : /backup/_action/status [action_msgs/msg/GoalStatusArray]
publisher node          : behavior_server
subscriber node         : bt_navigator_navigate_through_poses_rclcpp_node
compatibility status    : OK
topic [type]            : /bond [bond/msg/Status]
publisher node          : docking_server
subscriber node         : docking_server
compatibility status    : OK
topic [type]            : /bond [bond/msg/Status]
publisher node          : docking_server
subscriber node         : lifecycle_manager_navigation
compatibility status    : OK
topic [type]            : /bond [bond/msg/Status]
publisher node          : docking_server
subscriber node         : lifecycle_manager_navigation
compatibility status    : OK
topic [type]            : /bond [bond/msg/Status]
publisher node          : docking_server
subscriber node         : lifecycle_manager_navigation
compatibility status    : OK
topic [type]            : /bond [bond/msg/Status]
publisher node          : docking_server
subscriber node         : lifecycle_manager_navigation
compatibility status    : OK
topic [type]            : /bond [bond/msg/Status]
publisher node          : docking_server
subscriber node         : lifecycle_manager_navigation
compatibility status    : OK
topic [type]            : /bond [bond/msg/Status]
publisher node          : docking_server
subscriber node         : lifecycle_manager_navigation
compatibility status    : OK
topic [type]            : /bond [bond/msg/Status]
publisher node          : docking_server
subscriber node         : lifecycle_manager_navigation
compatibility status    : OK
topic [type]            : /bond [bond/msg/Status]
publisher node          : docking_server
subscriber node         : lifecycle_manager_navigation
compatibility status    : OK
topic [type]            : /bond [bond/msg/Status]
publisher node          : docking_server
subscriber node         : lifecycle_manager_navigation
compatibility status    : OK
topic [type]            : /bond [bond/msg/Status]
publisher node          : docking_server
subscriber node         : lifecycle_manager_navigation
compatibility status    : OK
topic [type]            : /bond [bond/msg/Status]
publisher node          : docking_server
subscriber node         : controller_server
compatibility status    : OK
topic [type]            : /bond [bond/msg/Status]
publisher node          : docking_server
subscriber node         : smoother_server
compatibility status    : OK
topic [type]            : /bond [bond/msg/Status]
publisher node          : docking_server
subscriber node         : planner_server
compatibility status    : OK
topic [type]            : /bond [bond/msg/Status]
publisher node          : docking_server
subscriber node         : route_server
compatibility status    : OK
topic [type]            : /bond [bond/msg/Status]
publisher node          : docking_server
subscriber node         : behavior_server
compatibility status    : OK
topic [type]            : /bond [bond/msg/Status]
publisher node          : docking_server
subscriber node         : bt_navigator
compatibility status    : OK
topic [type]            : /bond [bond/msg/Status]
publisher node          : docking_server
subscriber node         : waypoint_follower
compatibility status    : OK
topic [type]            : /bond [bond/msg/Status]
publisher node          : docking_server
subscriber node         : velocity_smoother
compatibility status    : OK
topic [type]            : /bond [bond/msg/Status]
publisher node          : docking_server
subscriber node         : collision_monitor
compatibility status    : OK
topic [type]            : /bond [bond/msg/Status]
publisher node          : lifecycle_manager_navigation
subscriber node         : docking_server
compatibility status    : OK
topic [type]            : /bond [bond/msg/Status]
publisher node          : lifecycle_manager_navigation
subscriber node         : lifecycle_manager_navigation
compatibility status    : OK
topic [type]            : /bond [bond/msg/Status]
publisher node          : lifecycle_manager_navigation
subscriber node         : lifecycle_manager_navigation
compatibility status    : OK
topic [type]            : /bond [bond/msg/Status]
publisher node          : lifecycle_manager_navigation
subscriber node         : lifecycle_manager_navigation
compatibility status    : OK
topic [type]            : /bond [bond/msg/Status]
publisher node          : lifecycle_manager_navigation
subscriber node         : lifecycle_manager_navigation
compatibility status    : OK
topic [type]            : /bond [bond/msg/Status]
publisher node          : lifecycle_manager_navigation
subscriber node         : lifecycle_manager_navigation
compatibility status    : OK
topic [type]            : /bond [bond/msg/Status]
publisher node          : lifecycle_manager_navigation
subscriber node         : lifecycle_manager_navigation
compatibility status    : OK
topic [type]            : /bond [bond/msg/Status]
publisher node          : lifecycle_manager_navigation
subscriber node         : lifecycle_manager_navigation
compatibility status    : OK
topic [type]            : /bond [bond/msg/Status]
publisher node          : lifecycle_manager_navigation
subscriber node         : lifecycle_manager_navigation
compatibility status    : OK
topic [type]            : /bond [bond/msg/Status]
publisher node          : lifecycle_manager_navigation
subscriber node         : lifecycle_manager_navigation
compatibility status    : OK
topic [type]            : /bond [bond/msg/Status]
publisher node          : lifecycle_manager_navigation
subscriber node         : lifecycle_manager_navigation
compatibility status    : OK
topic [type]            : /bond [bond/msg/Status]
publisher node          : lifecycle_manager_navigation
subscriber node         : controller_server
compatibility status    : OK
topic [type]            : /bond [bond/msg/Status]
publisher node          : lifecycle_manager_navigation
subscriber node         : smoother_server
compatibility status    : OK
topic [type]            : /bond [bond/msg/Status]
publisher node          : lifecycle_manager_navigation
subscriber node         : planner_server
compatibility status    : OK
topic [type]            : /bond [bond/msg/Status]
publisher node          : lifecycle_manager_navigation
subscriber node         : route_server
compatibility status    : OK
topic [type]            : /bond [bond/msg/Status]
publisher node          : lifecycle_manager_navigation
subscriber node         : behavior_server
compatibility status    : OK
topic [type]            : /bond [bond/msg/Status]
publisher node          : lifecycle_manager_navigation
subscriber node         : bt_navigator
compatibility status    : OK
topic [type]            : /bond [bond/msg/Status]
publisher node          : lifecycle_manager_navigation
subscriber node         : waypoint_follower
compatibility status    : OK
topic [type]            : /bond [bond/msg/Status]
publisher node          : lifecycle_manager_navigation
subscriber node         : velocity_smoother
compatibility status    : OK
topic [type]            : /bond [bond/msg/Status]
publisher node          : lifecycle_manager_navigation
subscriber node         : collision_monitor
compatibility status    : OK
topic [type]            : /bond [bond/msg/Status]
publisher node          : lifecycle_manager_navigation
subscriber node         : docking_server
compatibility status    : OK
topic [type]            : /bond [bond/msg/Status]
publisher node          : lifecycle_manager_navigation
subscriber node         : lifecycle_manager_navigation
compatibility status    : OK
topic [type]            : /bond [bond/msg/Status]
publisher node          : lifecycle_manager_navigation
subscriber node         : lifecycle_manager_navigation
compatibility status    : OK
topic [type]            : /bond [bond/msg/Status]
publisher node          : lifecycle_manager_navigation
subscriber node         : lifecycle_manager_navigation
compatibility status    : OK
topic [type]            : /bond [bond/msg/Status]
publisher node          : lifecycle_manager_navigation
subscriber node         : lifecycle_manager_navigation
compatibility status    : OK
topic [type]            : /bond [bond/msg/Status]
publisher node          : lifecycle_manager_navigation
subscriber node         : lifecycle_manager_navigation
compatibility status    : OK
topic [type]            : /bond [bond/msg/Status]
publisher node          : lifecycle_manager_navigation
subscriber node         : lifecycle_manager_navigation
compatibility status    : OK
topic [type]            : /bond [bond/msg/Status]
publisher node          : lifecycle_manager_navigation
subscriber node         : lifecycle_manager_navigation
compatibility status    : OK
topic [type]            : /bond [bond/msg/Status]
publisher node          : lifecycle_manager_navigation
subscriber node         : lifecycle_manager_navigation
compatibility status    : OK
topic [type]            : /bond [bond/msg/Status]
publisher node          : lifecycle_manager_navigation
subscriber node         : lifecycle_manager_navigation
compatibility status    : OK
topic [type]            : /bond [bond/msg/Status]
publisher node          : lifecycle_manager_navigation
subscriber node         : lifecycle_manager_navigation
compatibility status    : OK
topic [type]            : /bond [bond/msg/Status]
publisher node          : lifecycle_manager_navigation
subscriber node         : controller_server
compatibility status    : OK
topic [type]            : /bond [bond/msg/Status]
publisher node          : lifecycle_manager_navigation
subscriber node         : smoother_server
compatibility status    : OK
topic [type]            : /bond [bond/msg/Status]
publisher node          : lifecycle_manager_navigation
subscriber node         : planner_server
compatibility status    : OK
topic [type]            : /bond [bond/msg/Status]
publisher node          : lifecycle_manager_navigation
subscriber node         : route_server
compatibility status    : OK
topic [type]            : /bond [bond/msg/Status]
publisher node          : lifecycle_manager_navigation
subscriber node         : behavior_server
compatibility status    : OK
topic [type]            : /bond [bond/msg/Status]
publisher node          : lifecycle_manager_navigation
subscriber node         : bt_navigator
compatibility status    : OK
topic [type]            : /bond [bond/msg/Status]
publisher node          : lifecycle_manager_navigation
subscriber node         : waypoint_follower
compatibility status    : OK
topic [type]            : /bond [bond/msg/Status]
publisher node          : lifecycle_manager_navigation
subscriber node         : velocity_smoother
compatibility status    : OK
topic [type]            : /bond [bond/msg/Status]
publisher node          : lifecycle_manager_navigation
subscriber node         : collision_monitor
compatibility status    : OK
topic [type]            : /bond [bond/msg/Status]
publisher node          : lifecycle_manager_navigation
subscriber node         : docking_server
compatibility status    : OK
topic [type]            : /bond [bond/msg/Status]
publisher node          : lifecycle_manager_navigation
subscriber node         : lifecycle_manager_navigation
compatibility status    : OK
topic [type]            : /bond [bond/msg/Status]
publisher node          : lifecycle_manager_navigation
subscriber node         : lifecycle_manager_navigation
compatibility status    : OK
topic [type]            : /bond [bond/msg/Status]
publisher node          : lifecycle_manager_navigation
subscriber node         : lifecycle_manager_navigation
compatibility status    : OK
topic [type]            : /bond [bond/msg/Status]
publisher node          : lifecycle_manager_navigation
subscriber node         : lifecycle_manager_navigation
compatibility status    : OK
topic [type]            : /bond [bond/msg/Status]
publisher node          : lifecycle_manager_navigation
subscriber node         : lifecycle_manager_navigation
compatibility status    : OK
topic [type]            : /bond [bond/msg/Status]
publisher node          : lifecycle_manager_navigation
subscriber node         : lifecycle_manager_navigation
compatibility status    : OK
topic [type]            : /bond [bond/msg/Status]
publisher node          : lifecycle_manager_navigation
subscriber node         : lifecycle_manager_navigation
compatibility status    : OK
topic [type]            : /bond [bond/msg/Status]
publisher node          : lifecycle_manager_navigation
subscriber node         : lifecycle_manager_navigation
compatibility status    : OK
topic [type]            : /bond [bond/msg/Status]
publisher node          : lifecycle_manager_navigation
subscriber node         : lifecycle_manager_navigation
compatibility status    : OK
topic [type]            : /bond [bond/msg/Status]
publisher node          : lifecycle_manager_navigation
subscriber node         : lifecycle_manager_navigation
compatibility status    : OK
topic [type]            : /bond [bond/msg/Status]
publisher node          : lifecycle_manager_navigation
subscriber node         : controller_server
compatibility status    : OK
topic [type]            : /bond [bond/msg/Status]
publisher node          : lifecycle_manager_navigation
subscriber node         : smoother_server
compatibility status    : OK
topic [type]            : /bond [bond/msg/Status]
publisher node          : lifecycle_manager_navigation
subscriber node         : planner_server
compatibility status    : OK
topic [type]            : /bond [bond/msg/Status]
publisher node          : lifecycle_manager_navigation
subscriber node         : route_server
compatibility status    : OK
topic [type]            : /bond [bond/msg/Status]
publisher node          : lifecycle_manager_navigation
subscriber node         : behavior_server
compatibility status    : OK
topic [type]            : /bond [bond/msg/Status]
publisher node          : lifecycle_manager_navigation
subscriber node         : bt_navigator
compatibility status    : OK
topic [type]            : /bond [bond/msg/Status]
publisher node          : lifecycle_manager_navigation
subscriber node         : waypoint_follower
compatibility status    : OK
topic [type]            : /bond [bond/msg/Status]
publisher node          : lifecycle_manager_navigation
subscriber node         : velocity_smoother
compatibility status    : OK
topic [type]            : /bond [bond/msg/Status]
publisher node          : lifecycle_manager_navigation
subscriber node         : collision_monitor
compatibility status    : OK
topic [type]            : /bond [bond/msg/Status]
publisher node          : lifecycle_manager_navigation
subscriber node         : docking_server
compatibility status    : OK
topic [type]            : /bond [bond/msg/Status]
publisher node          : lifecycle_manager_navigation
subscriber node         : lifecycle_manager_navigation
compatibility status    : OK
topic [type]            : /bond [bond/msg/Status]
publisher node          : lifecycle_manager_navigation
subscriber node         : lifecycle_manager_navigation
compatibility status    : OK
topic [type]            : /bond [bond/msg/Status]
publisher node          : lifecycle_manager_navigation
subscriber node         : lifecycle_manager_navigation
compatibility status    : OK
topic [type]            : /bond [bond/msg/Status]
publisher node          : lifecycle_manager_navigation
subscriber node         : lifecycle_manager_navigation
compatibility status    : OK
topic [type]            : /bond [bond/msg/Status]
publisher node          : lifecycle_manager_navigation
subscriber node         : lifecycle_manager_navigation
compatibility status    : OK
topic [type]            : /bond [bond/msg/Status]
publisher node          : lifecycle_manager_navigation
subscriber node         : lifecycle_manager_navigation
compatibility status    : OK
topic [type]            : /bond [bond/msg/Status]
publisher node          : lifecycle_manager_navigation
subscriber node         : lifecycle_manager_navigation
compatibility status    : OK
topic [type]            : /bond [bond/msg/Status]
publisher node          : lifecycle_manager_navigation
subscriber node         : lifecycle_manager_navigation
compatibility status    : OK
topic [type]            : /bond [bond/msg/Status]
publisher node          : lifecycle_manager_navigation
subscriber node         : lifecycle_manager_navigation
compatibility status    : OK
topic [type]            : /bond [bond/msg/Status]
publisher node          : lifecycle_manager_navigation
subscriber node         : lifecycle_manager_navigation
compatibility status    : OK
topic [type]            : /bond [bond/msg/Status]
publisher node          : lifecycle_manager_navigation
subscriber node         : controller_server
compatibility status    : OK
topic [type]            : /bond [bond/msg/Status]
publisher node          : lifecycle_manager_navigation
subscriber node         : smoother_server
compatibility status    : OK
topic [type]            : /bond [bond/msg/Status]
publisher node          : lifecycle_manager_navigation
subscriber node         : planner_server
compatibility status    : OK
topic [type]            : /bond [bond/msg/Status]
publisher node          : lifecycle_manager_navigation
subscriber node         : route_server
compatibility status    : OK
topic [type]            : /bond [bond/msg/Status]
publisher node          : lifecycle_manager_navigation
subscriber node         : behavior_server
compatibility status    : OK
topic [type]            : /bond [bond/msg/Status]
publisher node          : lifecycle_manager_navigation
subscriber node         : bt_navigator
compatibility status    : OK
topic [type]            : /bond [bond/msg/Status]
publisher node          : lifecycle_manager_navigation
subscriber node         : waypoint_follower
compatibility status    : OK
topic [type]            : /bond [bond/msg/Status]
publisher node          : lifecycle_manager_navigation
subscriber node         : velocity_smoother
compatibility status    : OK
topic [type]            : /bond [bond/msg/Status]
publisher node          : lifecycle_manager_navigation
subscriber node         : collision_monitor
compatibility status    : OK
topic [type]            : /bond [bond/msg/Status]
publisher node          : lifecycle_manager_navigation
subscriber node         : docking_server
compatibility status    : OK
topic [type]            : /bond [bond/msg/Status]
publisher node          : lifecycle_manager_navigation
subscriber node         : lifecycle_manager_navigation
compatibility status    : OK
topic [type]            : /bond [bond/msg/Status]
publisher node          : lifecycle_manager_navigation
subscriber node         : lifecycle_manager_navigation
compatibility status    : OK
topic [type]            : /bond [bond/msg/Status]
publisher node          : lifecycle_manager_navigation
subscriber node         : lifecycle_manager_navigation
compatibility status    : OK
topic [type]            : /bond [bond/msg/Status]
publisher node          : lifecycle_manager_navigation
subscriber node         : lifecycle_manager_navigation
compatibility status    : OK
topic [type]            : /bond [bond/msg/Status]
publisher node          : lifecycle_manager_navigation
subscriber node         : lifecycle_manager_navigation
compatibility status    : OK
topic [type]            : /bond [bond/msg/Status]
publisher node          : lifecycle_manager_navigation
subscriber node         : lifecycle_manager_navigation
compatibility status    : OK
topic [type]            : /bond [bond/msg/Status]
publisher node          : lifecycle_manager_navigation
subscriber node         : lifecycle_manager_navigation
compatibility status    : OK
topic [type]            : /bond [bond/msg/Status]
publisher node          : lifecycle_manager_navigation
subscriber node         : lifecycle_manager_navigation
compatibility status    : OK
topic [type]            : /bond [bond/msg/Status]
publisher node          : lifecycle_manager_navigation
subscriber node         : lifecycle_manager_navigation
compatibility status    : OK
topic [type]            : /bond [bond/msg/Status]
publisher node          : lifecycle_manager_navigation
subscriber node         : lifecycle_manager_navigation
compatibility status    : OK
topic [type]            : /bond [bond/msg/Status]
publisher node          : lifecycle_manager_navigation
subscriber node         : controller_server
compatibility status    : OK
topic [type]            : /bond [bond/msg/Status]
publisher node          : lifecycle_manager_navigation
subscriber node         : smoother_server
compatibility status    : OK
topic [type]            : /bond [bond/msg/Status]
publisher node          : lifecycle_manager_navigation
subscriber node         : planner_server
compatibility status    : OK
topic [type]            : /bond [bond/msg/Status]
publisher node          : lifecycle_manager_navigation
subscriber node         : route_server
compatibility status    : OK
topic [type]            : /bond [bond/msg/Status]
publisher node          : lifecycle_manager_navigation
subscriber node         : behavior_server
compatibility status    : OK
topic [type]            : /bond [bond/msg/Status]
publisher node          : lifecycle_manager_navigation
subscriber node         : bt_navigator
compatibility status    : OK
topic [type]            : /bond [bond/msg/Status]
publisher node          : lifecycle_manager_navigation
subscriber node         : waypoint_follower
compatibility status    : OK
topic [type]            : /bond [bond/msg/Status]
publisher node          : lifecycle_manager_navigation
subscriber node         : velocity_smoother
compatibility status    : OK
topic [type]            : /bond [bond/msg/Status]
publisher node          : lifecycle_manager_navigation
subscriber node         : collision_monitor
compatibility status    : OK
topic [type]            : /bond [bond/msg/Status]
publisher node          : lifecycle_manager_navigation
subscriber node         : docking_server
compatibility status    : OK
topic [type]            : /bond [bond/msg/Status]
publisher node          : lifecycle_manager_navigation
subscriber node         : lifecycle_manager_navigation
compatibility status    : OK
topic [type]            : /bond [bond/msg/Status]
publisher node          : lifecycle_manager_navigation
subscriber node         : lifecycle_manager_navigation
compatibility status    : OK
topic [type]            : /bond [bond/msg/Status]
publisher node          : lifecycle_manager_navigation
subscriber node         : lifecycle_manager_navigation
compatibility status    : OK
topic [type]            : /bond [bond/msg/Status]
publisher node          : lifecycle_manager_navigation
subscriber node         : lifecycle_manager_navigation
compatibility status    : OK
topic [type]            : /bond [bond/msg/Status]
publisher node          : lifecycle_manager_navigation
subscriber node         : lifecycle_manager_navigation
compatibility status    : OK
topic [type]            : /bond [bond/msg/Status]
publisher node          : lifecycle_manager_navigation
subscriber node         : lifecycle_manager_navigation
compatibility status    : OK
topic [type]            : /bond [bond/msg/Status]
publisher node          : lifecycle_manager_navigation
subscriber node         : lifecycle_manager_navigation
compatibility status    : OK
topic [type]            : /bond [bond/msg/Status]
publisher node          : lifecycle_manager_navigation
subscriber node         : lifecycle_manager_navigation
compatibility status    : OK
topic [type]            : /bond [bond/msg/Status]
publisher node          : lifecycle_manager_navigation
subscriber node         : lifecycle_manager_navigation
compatibility status    : OK
topic [type]            : /bond [bond/msg/Status]
publisher node          : lifecycle_manager_navigation
subscriber node         : lifecycle_manager_navigation
compatibility status    : OK
topic [type]            : /bond [bond/msg/Status]
publisher node          : lifecycle_manager_navigation
subscriber node         : controller_server
compatibility status    : OK
topic [type]            : /bond [bond/msg/Status]
publisher node          : lifecycle_manager_navigation
subscriber node         : smoother_server
compatibility status    : OK
topic [type]            : /bond [bond/msg/Status]
publisher node          : lifecycle_manager_navigation
subscriber node         : planner_server
compatibility status    : OK
topic [type]            : /bond [bond/msg/Status]
publisher node          : lifecycle_manager_navigation
subscriber node         : route_server
compatibility status    : OK
topic [type]            : /bond [bond/msg/Status]
publisher node          : lifecycle_manager_navigation
subscriber node         : behavior_server
compatibility status    : OK
topic [type]            : /bond [bond/msg/Status]
publisher node          : lifecycle_manager_navigation
subscriber node         : bt_navigator
compatibility status    : OK
topic [type]            : /bond [bond/msg/Status]
publisher node          : lifecycle_manager_navigation
subscriber node         : waypoint_follower
compatibility status    : OK
topic [type]            : /bond [bond/msg/Status]
publisher node          : lifecycle_manager_navigation
subscriber node         : velocity_smoother
compatibility status    : OK
topic [type]            : /bond [bond/msg/Status]
publisher node          : lifecycle_manager_navigation
subscriber node         : collision_monitor
compatibility status    : OK
topic [type]            : /bond [bond/msg/Status]
publisher node          : lifecycle_manager_navigation
subscriber node         : docking_server
compatibility status    : OK
topic [type]            : /bond [bond/msg/Status]
publisher node          : lifecycle_manager_navigation
subscriber node         : lifecycle_manager_navigation
compatibility status    : OK
topic [type]            : /bond [bond/msg/Status]
publisher node          : lifecycle_manager_navigation
subscriber node         : lifecycle_manager_navigation
compatibility status    : OK
topic [type]            : /bond [bond/msg/Status]
publisher node          : lifecycle_manager_navigation
subscriber node         : lifecycle_manager_navigation
compatibility status    : OK
topic [type]            : /bond [bond/msg/Status]
publisher node          : lifecycle_manager_navigation
subscriber node         : lifecycle_manager_navigation
compatibility status    : OK
topic [type]            : /bond [bond/msg/Status]
publisher node          : lifecycle_manager_navigation
subscriber node         : lifecycle_manager_navigation
compatibility status    : OK
topic [type]            : /bond [bond/msg/Status]
publisher node          : lifecycle_manager_navigation
subscriber node         : lifecycle_manager_navigation
compatibility status    : OK
topic [type]            : /bond [bond/msg/Status]
publisher node          : lifecycle_manager_navigation
subscriber node         : lifecycle_manager_navigation
compatibility status    : OK
topic [type]            : /bond [bond/msg/Status]
publisher node          : lifecycle_manager_navigation
subscriber node         : lifecycle_manager_navigation
compatibility status    : OK
topic [type]            : /bond [bond/msg/Status]
publisher node          : lifecycle_manager_navigation
subscriber node         : lifecycle_manager_navigation
compatibility status    : OK
topic [type]            : /bond [bond/msg/Status]
publisher node          : lifecycle_manager_navigation
subscriber node         : lifecycle_manager_navigation
compatibility status    : OK
topic [type]            : /bond [bond/msg/Status]
publisher node          : lifecycle_manager_navigation
subscriber node         : controller_server
compatibility status    : OK
topic [type]            : /bond [bond/msg/Status]
publisher node          : lifecycle_manager_navigation
subscriber node         : smoother_server
compatibility status    : OK
topic [type]            : /bond [bond/msg/Status]
publisher node          : lifecycle_manager_navigation
subscriber node         : planner_server
compatibility status    : OK
topic [type]            : /bond [bond/msg/Status]
publisher node          : lifecycle_manager_navigation
subscriber node         : route_server
compatibility status    : OK
topic [type]            : /bond [bond/msg/Status]
publisher node          : lifecycle_manager_navigation
subscriber node         : behavior_server
compatibility status    : OK
topic [type]            : /bond [bond/msg/Status]
publisher node          : lifecycle_manager_navigation
subscriber node         : bt_navigator
compatibility status    : OK
topic [type]            : /bond [bond/msg/Status]
publisher node          : lifecycle_manager_navigation
subscriber node         : waypoint_follower
compatibility status    : OK
topic [type]            : /bond [bond/msg/Status]
publisher node          : lifecycle_manager_navigation
subscriber node         : velocity_smoother
compatibility status    : OK
topic [type]            : /bond [bond/msg/Status]
publisher node          : lifecycle_manager_navigation
subscriber node         : collision_monitor
compatibility status    : OK
topic [type]            : /bond [bond/msg/Status]
publisher node          : lifecycle_manager_navigation
subscriber node         : docking_server
compatibility status    : OK
topic [type]            : /bond [bond/msg/Status]
publisher node          : lifecycle_manager_navigation
subscriber node         : lifecycle_manager_navigation
compatibility status    : OK
topic [type]            : /bond [bond/msg/Status]
publisher node          : lifecycle_manager_navigation
subscriber node         : lifecycle_manager_navigation
compatibility status    : OK
topic [type]            : /bond [bond/msg/Status]
publisher node          : lifecycle_manager_navigation
subscriber node         : lifecycle_manager_navigation
compatibility status    : OK
topic [type]            : /bond [bond/msg/Status]
publisher node          : lifecycle_manager_navigation
subscriber node         : lifecycle_manager_navigation
compatibility status    : OK
topic [type]            : /bond [bond/msg/Status]
publisher node          : lifecycle_manager_navigation
subscriber node         : lifecycle_manager_navigation
compatibility status    : OK
topic [type]            : /bond [bond/msg/Status]
publisher node          : lifecycle_manager_navigation
subscriber node         : lifecycle_manager_navigation
compatibility status    : OK
topic [type]            : /bond [bond/msg/Status]
publisher node          : lifecycle_manager_navigation
subscriber node         : lifecycle_manager_navigation
compatibility status    : OK
topic [type]            : /bond [bond/msg/Status]
publisher node          : lifecycle_manager_navigation
subscriber node         : lifecycle_manager_navigation
compatibility status    : OK
topic [type]            : /bond [bond/msg/Status]
publisher node          : lifecycle_manager_navigation
subscriber node         : lifecycle_manager_navigation
compatibility status    : OK
topic [type]            : /bond [bond/msg/Status]
publisher node          : lifecycle_manager_navigation
subscriber node         : lifecycle_manager_navigation
compatibility status    : OK
topic [type]            : /bond [bond/msg/Status]
publisher node          : lifecycle_manager_navigation
subscriber node         : controller_server
compatibility status    : OK
topic [type]            : /bond [bond/msg/Status]
publisher node          : lifecycle_manager_navigation
subscriber node         : smoother_server
compatibility status    : OK
topic [type]            : /bond [bond/msg/Status]
publisher node          : lifecycle_manager_navigation
subscriber node         : planner_server
compatibility status    : OK
topic [type]            : /bond [bond/msg/Status]
publisher node          : lifecycle_manager_navigation
subscriber node         : route_server
compatibility status    : OK
topic [type]            : /bond [bond/msg/Status]
publisher node          : lifecycle_manager_navigation
subscriber node         : behavior_server
compatibility status    : OK
topic [type]            : /bond [bond/msg/Status]
publisher node          : lifecycle_manager_navigation
subscriber node         : bt_navigator
compatibility status    : OK
topic [type]            : /bond [bond/msg/Status]
publisher node          : lifecycle_manager_navigation
subscriber node         : waypoint_follower
compatibility status    : OK
topic [type]            : /bond [bond/msg/Status]
publisher node          : lifecycle_manager_navigation
subscriber node         : velocity_smoother
compatibility status    : OK
topic [type]            : /bond [bond/msg/Status]
publisher node          : lifecycle_manager_navigation
subscriber node         : collision_monitor
compatibility status    : OK
topic [type]            : /bond [bond/msg/Status]
publisher node          : lifecycle_manager_navigation
subscriber node         : docking_server
compatibility status    : OK
topic [type]            : /bond [bond/msg/Status]
publisher node          : lifecycle_manager_navigation
subscriber node         : lifecycle_manager_navigation
compatibility status    : OK
topic [type]            : /bond [bond/msg/Status]
publisher node          : lifecycle_manager_navigation
subscriber node         : lifecycle_manager_navigation
compatibility status    : OK
topic [type]            : /bond [bond/msg/Status]
publisher node          : lifecycle_manager_navigation
subscriber node         : lifecycle_manager_navigation
compatibility status    : OK
topic [type]            : /bond [bond/msg/Status]
publisher node          : lifecycle_manager_navigation
subscriber node         : lifecycle_manager_navigation
compatibility status    : OK
topic [type]            : /bond [bond/msg/Status]
publisher node          : lifecycle_manager_navigation
subscriber node         : lifecycle_manager_navigation
compatibility status    : OK
topic [type]            : /bond [bond/msg/Status]
publisher node          : lifecycle_manager_navigation
subscriber node         : lifecycle_manager_navigation
compatibility status    : OK
topic [type]            : /bond [bond/msg/Status]
publisher node          : lifecycle_manager_navigation
subscriber node         : lifecycle_manager_navigation
compatibility status    : OK
topic [type]            : /bond [bond/msg/Status]
publisher node          : lifecycle_manager_navigation
subscriber node         : lifecycle_manager_navigation
compatibility status    : OK
topic [type]            : /bond [bond/msg/Status]
publisher node          : lifecycle_manager_navigation
subscriber node         : lifecycle_manager_navigation
compatibility status    : OK
topic [type]            : /bond [bond/msg/Status]
publisher node          : lifecycle_manager_navigation
subscriber node         : lifecycle_manager_navigation
compatibility status    : OK
topic [type]            : /bond [bond/msg/Status]
publisher node          : lifecycle_manager_navigation
subscriber node         : controller_server
compatibility status    : OK
topic [type]            : /bond [bond/msg/Status]
publisher node          : lifecycle_manager_navigation
subscriber node         : smoother_server
compatibility status    : OK
topic [type]            : /bond [bond/msg/Status]
publisher node          : lifecycle_manager_navigation
subscriber node         : planner_server
compatibility status    : OK
topic [type]            : /bond [bond/msg/Status]
publisher node          : lifecycle_manager_navigation
subscriber node         : route_server
compatibility status    : OK
topic [type]            : /bond [bond/msg/Status]
publisher node          : lifecycle_manager_navigation
subscriber node         : behavior_server
compatibility status    : OK
topic [type]            : /bond [bond/msg/Status]
publisher node          : lifecycle_manager_navigation
subscriber node         : bt_navigator
compatibility status    : OK
topic [type]            : /bond [bond/msg/Status]
publisher node          : lifecycle_manager_navigation
subscriber node         : waypoint_follower
compatibility status    : OK
topic [type]            : /bond [bond/msg/Status]
publisher node          : lifecycle_manager_navigation
subscriber node         : velocity_smoother
compatibility status    : OK
topic [type]            : /bond [bond/msg/Status]
publisher node          : lifecycle_manager_navigation
subscriber node         : collision_monitor
compatibility status    : OK
topic [type]            : /bond [bond/msg/Status]
publisher node          : lifecycle_manager_navigation
subscriber node         : docking_server
compatibility status    : OK
topic [type]            : /bond [bond/msg/Status]
publisher node          : lifecycle_manager_navigation
subscriber node         : lifecycle_manager_navigation
compatibility status    : OK
topic [type]            : /bond [bond/msg/Status]
publisher node          : lifecycle_manager_navigation
subscriber node         : lifecycle_manager_navigation
compatibility status    : OK
topic [type]            : /bond [bond/msg/Status]
publisher node          : lifecycle_manager_navigation
subscriber node         : lifecycle_manager_navigation
compatibility status    : OK
topic [type]            : /bond [bond/msg/Status]
publisher node          : lifecycle_manager_navigation
subscriber node         : lifecycle_manager_navigation
compatibility status    : OK
topic [type]            : /bond [bond/msg/Status]
publisher node          : lifecycle_manager_navigation
subscriber node         : lifecycle_manager_navigation
compatibility status    : OK
topic [type]            : /bond [bond/msg/Status]
publisher node          : lifecycle_manager_navigation
subscriber node         : lifecycle_manager_navigation
compatibility status    : OK
topic [type]            : /bond [bond/msg/Status]
publisher node          : lifecycle_manager_navigation
subscriber node         : lifecycle_manager_navigation
compatibility status    : OK
topic [type]            : /bond [bond/msg/Status]
publisher node          : lifecycle_manager_navigation
subscriber node         : lifecycle_manager_navigation
compatibility status    : OK
topic [type]            : /bond [bond/msg/Status]
publisher node          : lifecycle_manager_navigation
subscriber node         : lifecycle_manager_navigation
compatibility status    : OK
topic [type]            : /bond [bond/msg/Status]
publisher node          : lifecycle_manager_navigation
subscriber node         : lifecycle_manager_navigation
compatibility status    : OK
topic [type]            : /bond [bond/msg/Status]
publisher node          : lifecycle_manager_navigation
subscriber node         : controller_server
compatibility status    : OK
topic [type]            : /bond [bond/msg/Status]
publisher node          : lifecycle_manager_navigation
subscriber node         : smoother_server
compatibility status    : OK
topic [type]            : /bond [bond/msg/Status]
publisher node          : lifecycle_manager_navigation
subscriber node         : planner_server
compatibility status    : OK
topic [type]            : /bond [bond/msg/Status]
publisher node          : lifecycle_manager_navigation
subscriber node         : route_server
compatibility status    : OK
topic [type]            : /bond [bond/msg/Status]
publisher node          : lifecycle_manager_navigation
subscriber node         : behavior_server
compatibility status    : OK
topic [type]            : /bond [bond/msg/Status]
publisher node          : lifecycle_manager_navigation
subscriber node         : bt_navigator
compatibility status    : OK
topic [type]            : /bond [bond/msg/Status]
publisher node          : lifecycle_manager_navigation
subscriber node         : waypoint_follower
compatibility status    : OK
topic [type]            : /bond [bond/msg/Status]
publisher node          : lifecycle_manager_navigation
subscriber node         : velocity_smoother
compatibility status    : OK
topic [type]            : /bond [bond/msg/Status]
publisher node          : lifecycle_manager_navigation
subscriber node         : collision_monitor
compatibility status    : OK
topic [type]            : /bond [bond/msg/Status]
publisher node          : controller_server
subscriber node         : docking_server
compatibility status    : OK
topic [type]            : /bond [bond/msg/Status]
publisher node          : controller_server
subscriber node         : lifecycle_manager_navigation
compatibility status    : OK
topic [type]            : /bond [bond/msg/Status]
publisher node          : controller_server
subscriber node         : lifecycle_manager_navigation
compatibility status    : OK
topic [type]            : /bond [bond/msg/Status]
publisher node          : controller_server
subscriber node         : lifecycle_manager_navigation
compatibility status    : OK
topic [type]            : /bond [bond/msg/Status]
publisher node          : controller_server
subscriber node         : lifecycle_manager_navigation
compatibility status    : OK
topic [type]            : /bond [bond/msg/Status]
publisher node          : controller_server
subscriber node         : lifecycle_manager_navigation
compatibility status    : OK
topic [type]            : /bond [bond/msg/Status]
publisher node          : controller_server
subscriber node         : lifecycle_manager_navigation
compatibility status    : OK
topic [type]            : /bond [bond/msg/Status]
publisher node          : controller_server
subscriber node         : lifecycle_manager_navigation
compatibility status    : OK
topic [type]            : /bond [bond/msg/Status]
publisher node          : controller_server
subscriber node         : lifecycle_manager_navigation
compatibility status    : OK
topic [type]            : /bond [bond/msg/Status]
publisher node          : controller_server
subscriber node         : lifecycle_manager_navigation
compatibility status    : OK
topic [type]            : /bond [bond/msg/Status]
publisher node          : controller_server
subscriber node         : lifecycle_manager_navigation
compatibility status    : OK
topic [type]            : /bond [bond/msg/Status]
publisher node          : controller_server
subscriber node         : controller_server
compatibility status    : OK
topic [type]            : /bond [bond/msg/Status]
publisher node          : controller_server
subscriber node         : smoother_server
compatibility status    : OK
topic [type]            : /bond [bond/msg/Status]
publisher node          : controller_server
subscriber node         : planner_server
compatibility status    : OK
topic [type]            : /bond [bond/msg/Status]
publisher node          : controller_server
subscriber node         : route_server
compatibility status    : OK
topic [type]            : /bond [bond/msg/Status]
publisher node          : controller_server
subscriber node         : behavior_server
compatibility status    : OK
topic [type]            : /bond [bond/msg/Status]
publisher node          : controller_server
subscriber node         : bt_navigator
compatibility status    : OK
topic [type]            : /bond [bond/msg/Status]
publisher node          : controller_server
subscriber node         : waypoint_follower
compatibility status    : OK
topic [type]            : /bond [bond/msg/Status]
publisher node          : controller_server
subscriber node         : velocity_smoother
compatibility status    : OK
topic [type]            : /bond [bond/msg/Status]
publisher node          : controller_server
subscriber node         : collision_monitor
compatibility status    : OK
topic [type]            : /bond [bond/msg/Status]
publisher node          : smoother_server
subscriber node         : docking_server
compatibility status    : OK
topic [type]            : /bond [bond/msg/Status]
publisher node          : smoother_server
subscriber node         : lifecycle_manager_navigation
compatibility status    : OK
topic [type]            : /bond [bond/msg/Status]
publisher node          : smoother_server
subscriber node         : lifecycle_manager_navigation
compatibility status    : OK
topic [type]            : /bond [bond/msg/Status]
publisher node          : smoother_server
subscriber node         : lifecycle_manager_navigation
compatibility status    : OK
topic [type]            : /bond [bond/msg/Status]
publisher node          : smoother_server
subscriber node         : lifecycle_manager_navigation
compatibility status    : OK
topic [type]            : /bond [bond/msg/Status]
publisher node          : smoother_server
subscriber node         : lifecycle_manager_navigation
compatibility status    : OK
topic [type]            : /bond [bond/msg/Status]
publisher node          : smoother_server
subscriber node         : lifecycle_manager_navigation
compatibility status    : OK
topic [type]            : /bond [bond/msg/Status]
publisher node          : smoother_server
subscriber node         : lifecycle_manager_navigation
compatibility status    : OK
topic [type]            : /bond [bond/msg/Status]
publisher node          : smoother_server
subscriber node         : lifecycle_manager_navigation
compatibility status    : OK
topic [type]            : /bond [bond/msg/Status]
publisher node          : smoother_server
subscriber node         : lifecycle_manager_navigation
compatibility status    : OK
topic [type]            : /bond [bond/msg/Status]
publisher node          : smoother_server
subscriber node         : lifecycle_manager_navigation
compatibility status    : OK
topic [type]            : /bond [bond/msg/Status]
publisher node          : smoother_server
subscriber node         : controller_server
compatibility status    : OK
topic [type]            : /bond [bond/msg/Status]
publisher node          : smoother_server
subscriber node         : smoother_server
compatibility status    : OK
topic [type]            : /bond [bond/msg/Status]
publisher node          : smoother_server
subscriber node         : planner_server
compatibility status    : OK
topic [type]            : /bond [bond/msg/Status]
publisher node          : smoother_server
subscriber node         : route_server
compatibility status    : OK
topic [type]            : /bond [bond/msg/Status]
publisher node          : smoother_server
subscriber node         : behavior_server
compatibility status    : OK
topic [type]            : /bond [bond/msg/Status]
publisher node          : smoother_server
subscriber node         : bt_navigator
compatibility status    : OK
topic [type]            : /bond [bond/msg/Status]
publisher node          : smoother_server
subscriber node         : waypoint_follower
compatibility status    : OK
topic [type]            : /bond [bond/msg/Status]
publisher node          : smoother_server
subscriber node         : velocity_smoother
compatibility status    : OK
topic [type]            : /bond [bond/msg/Status]
publisher node          : smoother_server
subscriber node         : collision_monitor
compatibility status    : OK
topic [type]            : /bond [bond/msg/Status]
publisher node          : planner_server
subscriber node         : docking_server
compatibility status    : OK
topic [type]            : /bond [bond/msg/Status]
publisher node          : planner_server
subscriber node         : lifecycle_manager_navigation
compatibility status    : OK
topic [type]            : /bond [bond/msg/Status]
publisher node          : planner_server
subscriber node         : lifecycle_manager_navigation
compatibility status    : OK
topic [type]            : /bond [bond/msg/Status]
publisher node          : planner_server
subscriber node         : lifecycle_manager_navigation
compatibility status    : OK
topic [type]            : /bond [bond/msg/Status]
publisher node          : planner_server
subscriber node         : lifecycle_manager_navigation
compatibility status    : OK
topic [type]            : /bond [bond/msg/Status]
publisher node          : planner_server
subscriber node         : lifecycle_manager_navigation
compatibility status    : OK
topic [type]            : /bond [bond/msg/Status]
publisher node          : planner_server
subscriber node         : lifecycle_manager_navigation
compatibility status    : OK
topic [type]            : /bond [bond/msg/Status]
publisher node          : planner_server
subscriber node         : lifecycle_manager_navigation
compatibility status    : OK
topic [type]            : /bond [bond/msg/Status]
publisher node          : planner_server
subscriber node         : lifecycle_manager_navigation
compatibility status    : OK
topic [type]            : /bond [bond/msg/Status]
publisher node          : planner_server
subscriber node         : lifecycle_manager_navigation
compatibility status    : OK
topic [type]            : /bond [bond/msg/Status]
publisher node          : planner_server
subscriber node         : lifecycle_manager_navigation
compatibility status    : OK
topic [type]            : /bond [bond/msg/Status]
publisher node          : planner_server
subscriber node         : controller_server
compatibility status    : OK
topic [type]            : /bond [bond/msg/Status]
publisher node          : planner_server
subscriber node         : smoother_server
compatibility status    : OK
topic [type]            : /bond [bond/msg/Status]
publisher node          : planner_server
subscriber node         : planner_server
compatibility status    : OK
topic [type]            : /bond [bond/msg/Status]
publisher node          : planner_server
subscriber node         : route_server
compatibility status    : OK
topic [type]            : /bond [bond/msg/Status]
publisher node          : planner_server
subscriber node         : behavior_server
compatibility status    : OK
topic [type]            : /bond [bond/msg/Status]
publisher node          : planner_server
subscriber node         : bt_navigator
compatibility status    : OK
topic [type]            : /bond [bond/msg/Status]
publisher node          : planner_server
subscriber node         : waypoint_follower
compatibility status    : OK
topic [type]            : /bond [bond/msg/Status]
publisher node          : planner_server
subscriber node         : velocity_smoother
compatibility status    : OK
topic [type]            : /bond [bond/msg/Status]
publisher node          : planner_server
subscriber node         : collision_monitor
compatibility status    : OK
topic [type]            : /bond [bond/msg/Status]
publisher node          : route_server
subscriber node         : docking_server
compatibility status    : OK
topic [type]            : /bond [bond/msg/Status]
publisher node          : route_server
subscriber node         : lifecycle_manager_navigation
compatibility status    : OK
topic [type]            : /bond [bond/msg/Status]
publisher node          : route_server
subscriber node         : lifecycle_manager_navigation
compatibility status    : OK
topic [type]            : /bond [bond/msg/Status]
publisher node          : route_server
subscriber node         : lifecycle_manager_navigation
compatibility status    : OK
topic [type]            : /bond [bond/msg/Status]
publisher node          : route_server
subscriber node         : lifecycle_manager_navigation
compatibility status    : OK
topic [type]            : /bond [bond/msg/Status]
publisher node          : route_server
subscriber node         : lifecycle_manager_navigation
compatibility status    : OK
topic [type]            : /bond [bond/msg/Status]
publisher node          : route_server
subscriber node         : lifecycle_manager_navigation
compatibility status    : OK
topic [type]            : /bond [bond/msg/Status]
publisher node          : route_server
subscriber node         : lifecycle_manager_navigation
compatibility status    : OK
topic [type]            : /bond [bond/msg/Status]
publisher node          : route_server
subscriber node         : lifecycle_manager_navigation
compatibility status    : OK
topic [type]            : /bond [bond/msg/Status]
publisher node          : route_server
subscriber node         : lifecycle_manager_navigation
compatibility status    : OK
topic [type]            : /bond [bond/msg/Status]
publisher node          : route_server
subscriber node         : lifecycle_manager_navigation
compatibility status    : OK
topic [type]            : /bond [bond/msg/Status]
publisher node          : route_server
subscriber node         : controller_server
compatibility status    : OK
topic [type]            : /bond [bond/msg/Status]
publisher node          : route_server
subscriber node         : smoother_server
compatibility status    : OK
topic [type]            : /bond [bond/msg/Status]
publisher node          : route_server
subscriber node         : planner_server
compatibility status    : OK
topic [type]            : /bond [bond/msg/Status]
publisher node          : route_server
subscriber node         : route_server
compatibility status    : OK
topic [type]            : /bond [bond/msg/Status]
publisher node          : route_server
subscriber node         : behavior_server
compatibility status    : OK
topic [type]            : /bond [bond/msg/Status]
publisher node          : route_server
subscriber node         : bt_navigator
compatibility status    : OK
topic [type]            : /bond [bond/msg/Status]
publisher node          : route_server
subscriber node         : waypoint_follower
compatibility status    : OK
topic [type]            : /bond [bond/msg/Status]
publisher node          : route_server
subscriber node         : velocity_smoother
compatibility status    : OK
topic [type]            : /bond [bond/msg/Status]
publisher node          : route_server
subscriber node         : collision_monitor
compatibility status    : OK
topic [type]            : /bond [bond/msg/Status]
publisher node          : behavior_server
subscriber node         : docking_server
compatibility status    : OK
topic [type]            : /bond [bond/msg/Status]
publisher node          : behavior_server
subscriber node         : lifecycle_manager_navigation
compatibility status    : OK
topic [type]            : /bond [bond/msg/Status]
publisher node          : behavior_server
subscriber node         : lifecycle_manager_navigation
compatibility status    : OK
topic [type]            : /bond [bond/msg/Status]
publisher node          : behavior_server
subscriber node         : lifecycle_manager_navigation
compatibility status    : OK
topic [type]            : /bond [bond/msg/Status]
publisher node          : behavior_server
subscriber node         : lifecycle_manager_navigation
compatibility status    : OK
topic [type]            : /bond [bond/msg/Status]
publisher node          : behavior_server
subscriber node         : lifecycle_manager_navigation
compatibility status    : OK
topic [type]            : /bond [bond/msg/Status]
publisher node          : behavior_server
subscriber node         : lifecycle_manager_navigation
compatibility status    : OK
topic [type]            : /bond [bond/msg/Status]
publisher node          : behavior_server
subscriber node         : lifecycle_manager_navigation
compatibility status    : OK
topic [type]            : /bond [bond/msg/Status]
publisher node          : behavior_server
subscriber node         : lifecycle_manager_navigation
compatibility status    : OK
topic [type]            : /bond [bond/msg/Status]
publisher node          : behavior_server
subscriber node         : lifecycle_manager_navigation
compatibility status    : OK
topic [type]            : /bond [bond/msg/Status]
publisher node          : behavior_server
subscriber node         : lifecycle_manager_navigation
compatibility status    : OK
topic [type]            : /bond [bond/msg/Status]
publisher node          : behavior_server
subscriber node         : controller_server
compatibility status    : OK
topic [type]            : /bond [bond/msg/Status]
publisher node          : behavior_server
subscriber node         : smoother_server
compatibility status    : OK
topic [type]            : /bond [bond/msg/Status]
publisher node          : behavior_server
subscriber node         : planner_server
compatibility status    : OK
topic [type]            : /bond [bond/msg/Status]
publisher node          : behavior_server
subscriber node         : route_server
compatibility status    : OK
topic [type]            : /bond [bond/msg/Status]
publisher node          : behavior_server
subscriber node         : behavior_server
compatibility status    : OK
topic [type]            : /bond [bond/msg/Status]
publisher node          : behavior_server
subscriber node         : bt_navigator
compatibility status    : OK
topic [type]            : /bond [bond/msg/Status]
publisher node          : behavior_server
subscriber node         : waypoint_follower
compatibility status    : OK
topic [type]            : /bond [bond/msg/Status]
publisher node          : behavior_server
subscriber node         : velocity_smoother
compatibility status    : OK
topic [type]            : /bond [bond/msg/Status]
publisher node          : behavior_server
subscriber node         : collision_monitor
compatibility status    : OK
topic [type]            : /bond [bond/msg/Status]
publisher node          : bt_navigator
subscriber node         : docking_server
compatibility status    : OK
topic [type]            : /bond [bond/msg/Status]
publisher node          : bt_navigator
subscriber node         : lifecycle_manager_navigation
compatibility status    : OK
topic [type]            : /bond [bond/msg/Status]
publisher node          : bt_navigator
subscriber node         : lifecycle_manager_navigation
compatibility status    : OK
topic [type]            : /bond [bond/msg/Status]
publisher node          : bt_navigator
subscriber node         : lifecycle_manager_navigation
compatibility status    : OK
topic [type]            : /bond [bond/msg/Status]
publisher node          : bt_navigator
subscriber node         : lifecycle_manager_navigation
compatibility status    : OK
topic [type]            : /bond [bond/msg/Status]
publisher node          : bt_navigator
subscriber node         : lifecycle_manager_navigation
compatibility status    : OK
topic [type]            : /bond [bond/msg/Status]
publisher node          : bt_navigator
subscriber node         : lifecycle_manager_navigation
compatibility status    : OK
topic [type]            : /bond [bond/msg/Status]
publisher node          : bt_navigator
subscriber node         : lifecycle_manager_navigation
compatibility status    : OK
topic [type]            : /bond [bond/msg/Status]
publisher node          : bt_navigator
subscriber node         : lifecycle_manager_navigation
compatibility status    : OK
topic [type]            : /bond [bond/msg/Status]
publisher node          : bt_navigator
subscriber node         : lifecycle_manager_navigation
compatibility status    : OK
topic [type]            : /bond [bond/msg/Status]
publisher node          : bt_navigator
subscriber node         : lifecycle_manager_navigation
compatibility status    : OK
topic [type]            : /bond [bond/msg/Status]
publisher node          : bt_navigator
subscriber node         : controller_server
compatibility status    : OK
topic [type]            : /bond [bond/msg/Status]
publisher node          : bt_navigator
subscriber node         : smoother_server
compatibility status    : OK
topic [type]            : /bond [bond/msg/Status]
publisher node          : bt_navigator
subscriber node         : planner_server
compatibility status    : OK
topic [type]            : /bond [bond/msg/Status]
publisher node          : bt_navigator
subscriber node         : route_server
compatibility status    : OK
topic [type]            : /bond [bond/msg/Status]
publisher node          : bt_navigator
subscriber node         : behavior_server
compatibility status    : OK
topic [type]            : /bond [bond/msg/Status]
publisher node          : bt_navigator
subscriber node         : bt_navigator
compatibility status    : OK
topic [type]            : /bond [bond/msg/Status]
publisher node          : bt_navigator
subscriber node         : waypoint_follower
compatibility status    : OK
topic [type]            : /bond [bond/msg/Status]
publisher node          : bt_navigator
subscriber node         : velocity_smoother
compatibility status    : OK
topic [type]            : /bond [bond/msg/Status]
publisher node          : bt_navigator
subscriber node         : collision_monitor
compatibility status    : OK
topic [type]            : /bond [bond/msg/Status]
publisher node          : waypoint_follower
subscriber node         : docking_server
compatibility status    : OK
topic [type]            : /bond [bond/msg/Status]
publisher node          : waypoint_follower
subscriber node         : lifecycle_manager_navigation
compatibility status    : OK
topic [type]            : /bond [bond/msg/Status]
publisher node          : waypoint_follower
subscriber node         : lifecycle_manager_navigation
compatibility status    : OK
topic [type]            : /bond [bond/msg/Status]
publisher node          : waypoint_follower
subscriber node         : lifecycle_manager_navigation
compatibility status    : OK
topic [type]            : /bond [bond/msg/Status]
publisher node          : waypoint_follower
subscriber node         : lifecycle_manager_navigation
compatibility status    : OK
topic [type]            : /bond [bond/msg/Status]
publisher node          : waypoint_follower
subscriber node         : lifecycle_manager_navigation
compatibility status    : OK
topic [type]            : /bond [bond/msg/Status]
publisher node          : waypoint_follower
subscriber node         : lifecycle_manager_navigation
compatibility status    : OK
topic [type]            : /bond [bond/msg/Status]
publisher node          : waypoint_follower
subscriber node         : lifecycle_manager_navigation
compatibility status    : OK
topic [type]            : /bond [bond/msg/Status]
publisher node          : waypoint_follower
subscriber node         : lifecycle_manager_navigation
compatibility status    : OK
topic [type]            : /bond [bond/msg/Status]
publisher node          : waypoint_follower
subscriber node         : lifecycle_manager_navigation
compatibility status    : OK
topic [type]            : /bond [bond/msg/Status]
publisher node          : waypoint_follower
subscriber node         : lifecycle_manager_navigation
compatibility status    : OK
topic [type]            : /bond [bond/msg/Status]
publisher node          : waypoint_follower
subscriber node         : controller_server
compatibility status    : OK
topic [type]            : /bond [bond/msg/Status]
publisher node          : waypoint_follower
subscriber node         : smoother_server
compatibility status    : OK
topic [type]            : /bond [bond/msg/Status]
publisher node          : waypoint_follower
subscriber node         : planner_server
compatibility status    : OK
topic [type]            : /bond [bond/msg/Status]
publisher node          : waypoint_follower
subscriber node         : route_server
compatibility status    : OK
topic [type]            : /bond [bond/msg/Status]
publisher node          : waypoint_follower
subscriber node         : behavior_server
compatibility status    : OK
topic [type]            : /bond [bond/msg/Status]
publisher node          : waypoint_follower
subscriber node         : bt_navigator
compatibility status    : OK
topic [type]            : /bond [bond/msg/Status]
publisher node          : waypoint_follower
subscriber node         : waypoint_follower
compatibility status    : OK
topic [type]            : /bond [bond/msg/Status]
publisher node          : waypoint_follower
subscriber node         : velocity_smoother
compatibility status    : OK
topic [type]            : /bond [bond/msg/Status]
publisher node          : waypoint_follower
subscriber node         : collision_monitor
compatibility status    : OK
topic [type]            : /bond [bond/msg/Status]
publisher node          : velocity_smoother
subscriber node         : docking_server
compatibility status    : OK
topic [type]            : /bond [bond/msg/Status]
publisher node          : velocity_smoother
subscriber node         : lifecycle_manager_navigation
compatibility status    : OK
topic [type]            : /bond [bond/msg/Status]
publisher node          : velocity_smoother
subscriber node         : lifecycle_manager_navigation
compatibility status    : OK
topic [type]            : /bond [bond/msg/Status]
publisher node          : velocity_smoother
subscriber node         : lifecycle_manager_navigation
compatibility status    : OK
topic [type]            : /bond [bond/msg/Status]
publisher node          : velocity_smoother
subscriber node         : lifecycle_manager_navigation
compatibility status    : OK
topic [type]            : /bond [bond/msg/Status]
publisher node          : velocity_smoother
subscriber node         : lifecycle_manager_navigation
compatibility status    : OK
topic [type]            : /bond [bond/msg/Status]
publisher node          : velocity_smoother
subscriber node         : lifecycle_manager_navigation
compatibility status    : OK
topic [type]            : /bond [bond/msg/Status]
publisher node          : velocity_smoother
subscriber node         : lifecycle_manager_navigation
compatibility status    : OK
topic [type]            : /bond [bond/msg/Status]
publisher node          : velocity_smoother
subscriber node         : lifecycle_manager_navigation
compatibility status    : OK
topic [type]            : /bond [bond/msg/Status]
publisher node          : velocity_smoother
subscriber node         : lifecycle_manager_navigation
compatibility status    : OK
topic [type]            : /bond [bond/msg/Status]
publisher node          : velocity_smoother
subscriber node         : lifecycle_manager_navigation
compatibility status    : OK
topic [type]            : /bond [bond/msg/Status]
publisher node          : velocity_smoother
subscriber node         : controller_server
compatibility status    : OK
topic [type]            : /bond [bond/msg/Status]
publisher node          : velocity_smoother
subscriber node         : smoother_server
compatibility status    : OK
topic [type]            : /bond [bond/msg/Status]
publisher node          : velocity_smoother
subscriber node         : planner_server
compatibility status    : OK
topic [type]            : /bond [bond/msg/Status]
publisher node          : velocity_smoother
subscriber node         : route_server
compatibility status    : OK
topic [type]            : /bond [bond/msg/Status]
publisher node          : velocity_smoother
subscriber node         : behavior_server
compatibility status    : OK
topic [type]            : /bond [bond/msg/Status]
publisher node          : velocity_smoother
subscriber node         : bt_navigator
compatibility status    : OK
topic [type]            : /bond [bond/msg/Status]
publisher node          : velocity_smoother
subscriber node         : waypoint_follower
compatibility status    : OK
topic [type]            : /bond [bond/msg/Status]
publisher node          : velocity_smoother
subscriber node         : velocity_smoother
compatibility status    : OK
topic [type]            : /bond [bond/msg/Status]
publisher node          : velocity_smoother
subscriber node         : collision_monitor
compatibility status    : OK
topic [type]            : /bond [bond/msg/Status]
publisher node          : collision_monitor
subscriber node         : docking_server
compatibility status    : OK
topic [type]            : /bond [bond/msg/Status]
publisher node          : collision_monitor
subscriber node         : lifecycle_manager_navigation
compatibility status    : OK
topic [type]            : /bond [bond/msg/Status]
publisher node          : collision_monitor
subscriber node         : lifecycle_manager_navigation
compatibility status    : OK
topic [type]            : /bond [bond/msg/Status]
publisher node          : collision_monitor
subscriber node         : lifecycle_manager_navigation
compatibility status    : OK
topic [type]            : /bond [bond/msg/Status]
publisher node          : collision_monitor
subscriber node         : lifecycle_manager_navigation
compatibility status    : OK
topic [type]            : /bond [bond/msg/Status]
publisher node          : collision_monitor
subscriber node         : lifecycle_manager_navigation
compatibility status    : OK
topic [type]            : /bond [bond/msg/Status]
publisher node          : collision_monitor
subscriber node         : lifecycle_manager_navigation
compatibility status    : OK
topic [type]            : /bond [bond/msg/Status]
publisher node          : collision_monitor
subscriber node         : lifecycle_manager_navigation
compatibility status    : OK
topic [type]            : /bond [bond/msg/Status]
publisher node          : collision_monitor
subscriber node         : lifecycle_manager_navigation
compatibility status    : OK
topic [type]            : /bond [bond/msg/Status]
publisher node          : collision_monitor
subscriber node         : lifecycle_manager_navigation
compatibility status    : OK
topic [type]            : /bond [bond/msg/Status]
publisher node          : collision_monitor
subscriber node         : lifecycle_manager_navigation
compatibility status    : OK
topic [type]            : /bond [bond/msg/Status]
publisher node          : collision_monitor
subscriber node         : controller_server
compatibility status    : OK
topic [type]            : /bond [bond/msg/Status]
publisher node          : collision_monitor
subscriber node         : smoother_server
compatibility status    : OK
topic [type]            : /bond [bond/msg/Status]
publisher node          : collision_monitor
subscriber node         : planner_server
compatibility status    : OK
topic [type]            : /bond [bond/msg/Status]
publisher node          : collision_monitor
subscriber node         : route_server
compatibility status    : OK
topic [type]            : /bond [bond/msg/Status]
publisher node          : collision_monitor
subscriber node         : behavior_server
compatibility status    : OK
topic [type]            : /bond [bond/msg/Status]
publisher node          : collision_monitor
subscriber node         : bt_navigator
compatibility status    : OK
topic [type]            : /bond [bond/msg/Status]
publisher node          : collision_monitor
subscriber node         : waypoint_follower
compatibility status    : OK
topic [type]            : /bond [bond/msg/Status]
publisher node          : collision_monitor
subscriber node         : velocity_smoother
compatibility status    : OK
topic [type]            : /bond [bond/msg/Status]
publisher node          : collision_monitor
subscriber node         : collision_monitor
compatibility status    : OK
topic [type]            : /cmd_vel [geometry_msgs/msg/Twist]
publisher node          : docking_server
subscriber node         : base_driver_node
compatibility status    : OK
topic [type]            : /cmd_vel [geometry_msgs/msg/Twist]
publisher node          : sweepi_api_bridge
subscriber node         : base_driver_node
compatibility status    : OK
topic [type]            : /cmd_vel [geometry_msgs/msg/Twist]
publisher node          : teleop_twist_keyboard
subscriber node         : base_driver_node
compatibility status    : OK
topic [type]            : /cmd_vel [geometry_msgs/msg/Twist]
publisher node          : collision_monitor
subscriber node         : base_driver_node
compatibility status    : OK
topic [type]            : /cmd_vel_nav [geometry_msgs/msg/Twist]
publisher node          : controller_server
subscriber node         : velocity_smoother
compatibility status    : OK
topic [type]            : /cmd_vel_nav [geometry_msgs/msg/Twist]
publisher node          : behavior_server
subscriber node         : velocity_smoother
compatibility status    : OK
topic [type]            : /cmd_vel_nav [geometry_msgs/msg/Twist]
publisher node          : behavior_server
subscriber node         : velocity_smoother
compatibility status    : OK
topic [type]            : /cmd_vel_nav [geometry_msgs/msg/Twist]
publisher node          : behavior_server
subscriber node         : velocity_smoother
compatibility status    : OK
topic [type]            : /cmd_vel_nav [geometry_msgs/msg/Twist]
publisher node          : behavior_server
subscriber node         : velocity_smoother
compatibility status    : OK
topic [type]            : /cmd_vel_nav [geometry_msgs/msg/Twist]
publisher node          : behavior_server
subscriber node         : velocity_smoother
compatibility status    : OK
topic [type]            : /cmd_vel_smoothed [geometry_msgs/msg/Twist]
publisher node          : velocity_smoother
subscriber node         : collision_monitor
compatibility status    : OK
topic [type]            : /compute_path_through_poses/_action/feedback [nav2_msgs/action/ComputePathThroughPoses_FeedbackMessage]
publisher node          : planner_server
subscriber node         : bt_navigator_navigate_through_poses_rclcpp_node
compatibility status    : OK
topic [type]            : /compute_path_through_poses/_action/status [action_msgs/msg/GoalStatusArray]
publisher node          : planner_server
subscriber node         : bt_navigator_navigate_through_poses_rclcpp_node
compatibility status    : OK
topic [type]            : /compute_path_to_pose/_action/feedback [nav2_msgs/action/ComputePathToPose_FeedbackMessage]
publisher node          : planner_server
subscriber node         : bt_navigator_navigate_to_pose_rclcpp_node
compatibility status    : OK
topic [type]            : /compute_path_to_pose/_action/status [action_msgs/msg/GoalStatusArray]
publisher node          : planner_server
subscriber node         : bt_navigator_navigate_to_pose_rclcpp_node
compatibility status    : OK
topic [type]            : /follow_path/_action/feedback [nav2_msgs/action/FollowPath_FeedbackMessage]
publisher node          : controller_server
subscriber node         : bt_navigator_navigate_to_pose_rclcpp_node
compatibility status    : OK
topic [type]            : /follow_path/_action/feedback [nav2_msgs/action/FollowPath_FeedbackMessage]
publisher node          : controller_server
subscriber node         : bt_navigator_navigate_through_poses_rclcpp_node
compatibility status    : OK
topic [type]            : /follow_path/_action/status [action_msgs/msg/GoalStatusArray]
publisher node          : controller_server
subscriber node         : bt_navigator_navigate_to_pose_rclcpp_node
compatibility status    : OK
topic [type]            : /follow_path/_action/status [action_msgs/msg/GoalStatusArray]
publisher node          : controller_server
subscriber node         : bt_navigator_navigate_through_poses_rclcpp_node
compatibility status    : OK
topic [type]            : /global_costmap/costmap_raw [nav2_msgs/msg/Costmap]
publisher node          : global_costmap
subscriber node         : smoother_server
compatibility status    : OK
topic [type]            : /global_costmap/costmap_raw [nav2_msgs/msg/Costmap]
publisher node          : global_costmap
subscriber node         : route_server
compatibility status    : OK
topic [type]            : /global_costmap/costmap_raw_updates [nav2_msgs/msg/CostmapUpdate]
publisher node          : global_costmap
subscriber node         : smoother_server
compatibility status    : OK
topic [type]            : /global_costmap/costmap_raw_updates [nav2_msgs/msg/CostmapUpdate]
publisher node          : global_costmap
subscriber node         : route_server
compatibility status    : OK
topic [type]            : /global_costmap/published_footprint [geometry_msgs/msg/PolygonStamped]
publisher node          : global_costmap
subscriber node         : smoother_server
compatibility status    : OK
topic [type]            : /goal_pose [geometry_msgs/msg/PoseStamped]
publisher node          : rviz2
subscriber node         : bt_navigator
compatibility status    : OK
topic [type]            : /initialpose [geometry_msgs/msg/PoseWithCovarianceStamped]
publisher node          : rviz2
subscriber node         : sweepi_api_bridge
compatibility status    : OK
topic [type]            : /initialpose [geometry_msgs/msg/PoseWithCovarianceStamped]
publisher node          : sweepi_api_bridge
subscriber node         : sweepi_api_bridge
compatibility status    : OK
topic [type]            : /local_costmap/costmap [nav_msgs/msg/OccupancyGrid]
publisher node          : local_costmap
subscriber node         : rviz2
compatibility status    : OK
topic [type]            : /local_costmap/costmap_raw [nav2_msgs/msg/Costmap]
publisher node          : local_costmap
subscriber node         : docking_server
compatibility status    : OK
topic [type]            : /local_costmap/costmap_raw [nav2_msgs/msg/Costmap]
publisher node          : local_costmap
subscriber node         : behavior_server
compatibility status    : OK
topic [type]            : /local_costmap/costmap_raw_updates [nav2_msgs/msg/CostmapUpdate]
publisher node          : local_costmap
subscriber node         : docking_server
compatibility status    : OK
topic [type]            : /local_costmap/costmap_raw_updates [nav2_msgs/msg/CostmapUpdate]
publisher node          : local_costmap
subscriber node         : behavior_server
compatibility status    : OK
topic [type]            : /local_costmap/costmap_updates [map_msgs/msg/OccupancyGridUpdate]
publisher node          : local_costmap
subscriber node         : rviz2
compatibility status    : OK
topic [type]            : /local_costmap/published_footprint [geometry_msgs/msg/PolygonStamped]
publisher node          : local_costmap
subscriber node         : docking_server
compatibility status    : OK
topic [type]            : /local_costmap/published_footprint [geometry_msgs/msg/PolygonStamped]
publisher node          : local_costmap
subscriber node         : behavior_server
compatibility status    : OK
topic [type]            : /local_costmap/published_footprint [geometry_msgs/msg/PolygonStamped]
publisher node          : local_costmap
subscriber node         : collision_monitor
compatibility status    : OK
topic [type]            : /navigate_to_pose/_action/feedback [nav2_msgs/action/NavigateToPose_FeedbackMessage]
publisher node          : bt_navigator
subscriber node         : docking_server
compatibility status    : OK
topic [type]            : /navigate_to_pose/_action/feedback [nav2_msgs/action/NavigateToPose_FeedbackMessage]
publisher node          : bt_navigator
subscriber node         : bt_navigator
compatibility status    : OK
topic [type]            : /navigate_to_pose/_action/feedback [nav2_msgs/action/NavigateToPose_FeedbackMessage]
publisher node          : bt_navigator
subscriber node         : waypoint_follower
compatibility status    : OK
topic [type]            : /navigate_to_pose/_action/status [action_msgs/msg/GoalStatusArray]
publisher node          : bt_navigator
subscriber node         : docking_server
compatibility status    : OK
topic [type]            : /navigate_to_pose/_action/status [action_msgs/msg/GoalStatusArray]
publisher node          : bt_navigator
subscriber node         : bt_navigator
compatibility status    : OK
topic [type]            : /navigate_to_pose/_action/status [action_msgs/msg/GoalStatusArray]
publisher node          : bt_navigator
subscriber node         : waypoint_follower
compatibility status    : OK
topic [type]            : /odom [nav_msgs/msg/Odometry]
publisher node          : ekf_filter_node
subscriber node         : controller_server
compatibility status    : OK
topic [type]            : /odom [nav_msgs/msg/Odometry]
publisher node          : ekf_filter_node
subscriber node         : bt_navigator
compatibility status    : OK
topic [type]            : /parameter_events [rcl_interfaces/msg/ParameterEvent]
publisher node          : docking_server
subscriber node         : docking_server
compatibility status    : OK
topic [type]            : /parameter_events [rcl_interfaces/msg/ParameterEvent]
publisher node          : docking_server
subscriber node         : lifecycle_manager_navigation
compatibility status    : OK
topic [type]            : /parameter_events [rcl_interfaces/msg/ParameterEvent]
publisher node          : docking_server
subscriber node         : slam_toolbox
compatibility status    : OK
topic [type]            : /parameter_events [rcl_interfaces/msg/ParameterEvent]
publisher node          : docking_server
subscriber node         : transform_listener_impl_aaaad89e7c20
compatibility status    : OK
topic [type]            : /parameter_events [rcl_interfaces/msg/ParameterEvent]
publisher node          : docking_server
subscriber node         : ekf_filter_node
compatibility status    : OK
topic [type]            : /parameter_events [rcl_interfaces/msg/ParameterEvent]
publisher node          : docking_server
subscriber node         : transform_listener_impl_aaab0e2c35d0
compatibility status    : OK
topic [type]            : /parameter_events [rcl_interfaces/msg/ParameterEvent]
publisher node          : docking_server
subscriber node         : sllidar_node
compatibility status    : OK
topic [type]            : /parameter_events [rcl_interfaces/msg/ParameterEvent]
publisher node          : docking_server
subscriber node         : robot_state_publisher
compatibility status    : OK
topic [type]            : /parameter_events [rcl_interfaces/msg/ParameterEvent]
publisher node          : docking_server
subscriber node         : robot_state_publisher
compatibility status    : OK
topic [type]            : /parameter_events [rcl_interfaces/msg/ParameterEvent]
publisher node          : docking_server
subscriber node         : rviz2
compatibility status    : OK
topic [type]            : /parameter_events [rcl_interfaces/msg/ParameterEvent]
publisher node          : docking_server
subscriber node         : transform_listener_impl_aaaaf7e17380
compatibility status    : OK
topic [type]            : /parameter_events [rcl_interfaces/msg/ParameterEvent]
publisher node          : docking_server
subscriber node         : controller_server
compatibility status    : OK
topic [type]            : /parameter_events [rcl_interfaces/msg/ParameterEvent]
publisher node          : docking_server
subscriber node         : local_costmap
compatibility status    : OK
topic [type]            : /parameter_events [rcl_interfaces/msg/ParameterEvent]
publisher node          : docking_server
subscriber node         : transform_listener_impl_ffff7c03b530
compatibility status    : OK
topic [type]            : /parameter_events [rcl_interfaces/msg/ParameterEvent]
publisher node          : docking_server
subscriber node         : smoother_server
compatibility status    : OK
topic [type]            : /parameter_events [rcl_interfaces/msg/ParameterEvent]
publisher node          : docking_server
subscriber node         : planner_server
compatibility status    : OK
topic [type]            : /parameter_events [rcl_interfaces/msg/ParameterEvent]
publisher node          : docking_server
subscriber node         : global_costmap
compatibility status    : OK
topic [type]            : /parameter_events [rcl_interfaces/msg/ParameterEvent]
publisher node          : docking_server
subscriber node         : transform_listener_impl_aaaaeff6a8d0
compatibility status    : OK
topic [type]            : /parameter_events [rcl_interfaces/msg/ParameterEvent]
publisher node          : docking_server
subscriber node         : route_server
compatibility status    : OK
topic [type]            : /parameter_events [rcl_interfaces/msg/ParameterEvent]
publisher node          : docking_server
subscriber node         : behavior_server
compatibility status    : OK
topic [type]            : /parameter_events [rcl_interfaces/msg/ParameterEvent]
publisher node          : docking_server
subscriber node         : bt_navigator
compatibility status    : OK
topic [type]            : /parameter_events [rcl_interfaces/msg/ParameterEvent]
publisher node          : docking_server
subscriber node         : bt_navigator_navigate_to_pose_rclcpp_node
compatibility status    : OK
topic [type]            : /parameter_events [rcl_interfaces/msg/ParameterEvent]
publisher node          : docking_server
subscriber node         : bt_navigator_navigate_through_poses_rclcpp_node
compatibility status    : OK
topic [type]            : /parameter_events [rcl_interfaces/msg/ParameterEvent]
publisher node          : docking_server
subscriber node         : waypoint_follower
compatibility status    : OK
topic [type]            : /parameter_events [rcl_interfaces/msg/ParameterEvent]
publisher node          : docking_server
subscriber node         : velocity_smoother
compatibility status    : OK
topic [type]            : /parameter_events [rcl_interfaces/msg/ParameterEvent]
publisher node          : docking_server
subscriber node         : collision_monitor
compatibility status    : OK
topic [type]            : /parameter_events [rcl_interfaces/msg/ParameterEvent]
publisher node          : lifecycle_manager_navigation
subscriber node         : docking_server
compatibility status    : OK
topic [type]            : /parameter_events [rcl_interfaces/msg/ParameterEvent]
publisher node          : lifecycle_manager_navigation
subscriber node         : lifecycle_manager_navigation
compatibility status    : OK
topic [type]            : /parameter_events [rcl_interfaces/msg/ParameterEvent]
publisher node          : lifecycle_manager_navigation
subscriber node         : slam_toolbox
compatibility status    : OK
topic [type]            : /parameter_events [rcl_interfaces/msg/ParameterEvent]
publisher node          : lifecycle_manager_navigation
subscriber node         : transform_listener_impl_aaaad89e7c20
compatibility status    : OK
topic [type]            : /parameter_events [rcl_interfaces/msg/ParameterEvent]
publisher node          : lifecycle_manager_navigation
subscriber node         : ekf_filter_node
compatibility status    : OK
topic [type]            : /parameter_events [rcl_interfaces/msg/ParameterEvent]
publisher node          : lifecycle_manager_navigation
subscriber node         : transform_listener_impl_aaab0e2c35d0
compatibility status    : OK
topic [type]            : /parameter_events [rcl_interfaces/msg/ParameterEvent]
publisher node          : lifecycle_manager_navigation
subscriber node         : sllidar_node
compatibility status    : OK
topic [type]            : /parameter_events [rcl_interfaces/msg/ParameterEvent]
publisher node          : lifecycle_manager_navigation
subscriber node         : robot_state_publisher
compatibility status    : OK
topic [type]            : /parameter_events [rcl_interfaces/msg/ParameterEvent]
publisher node          : lifecycle_manager_navigation
subscriber node         : robot_state_publisher
compatibility status    : OK
topic [type]            : /parameter_events [rcl_interfaces/msg/ParameterEvent]
publisher node          : lifecycle_manager_navigation
subscriber node         : rviz2
compatibility status    : OK
topic [type]            : /parameter_events [rcl_interfaces/msg/ParameterEvent]
publisher node          : lifecycle_manager_navigation
subscriber node         : transform_listener_impl_aaaaf7e17380
compatibility status    : OK
topic [type]            : /parameter_events [rcl_interfaces/msg/ParameterEvent]
publisher node          : lifecycle_manager_navigation
subscriber node         : controller_server
compatibility status    : OK
topic [type]            : /parameter_events [rcl_interfaces/msg/ParameterEvent]
publisher node          : lifecycle_manager_navigation
subscriber node         : local_costmap
compatibility status    : OK
topic [type]            : /parameter_events [rcl_interfaces/msg/ParameterEvent]
publisher node          : lifecycle_manager_navigation
subscriber node         : transform_listener_impl_ffff7c03b530
compatibility status    : OK
topic [type]            : /parameter_events [rcl_interfaces/msg/ParameterEvent]
publisher node          : lifecycle_manager_navigation
subscriber node         : smoother_server
compatibility status    : OK
topic [type]            : /parameter_events [rcl_interfaces/msg/ParameterEvent]
publisher node          : lifecycle_manager_navigation
subscriber node         : planner_server
compatibility status    : OK
topic [type]            : /parameter_events [rcl_interfaces/msg/ParameterEvent]
publisher node          : lifecycle_manager_navigation
subscriber node         : global_costmap
compatibility status    : OK
topic [type]            : /parameter_events [rcl_interfaces/msg/ParameterEvent]
publisher node          : lifecycle_manager_navigation
subscriber node         : transform_listener_impl_aaaaeff6a8d0
compatibility status    : OK
topic [type]            : /parameter_events [rcl_interfaces/msg/ParameterEvent]
publisher node          : lifecycle_manager_navigation
subscriber node         : route_server
compatibility status    : OK
topic [type]            : /parameter_events [rcl_interfaces/msg/ParameterEvent]
publisher node          : lifecycle_manager_navigation
subscriber node         : behavior_server
compatibility status    : OK
topic [type]            : /parameter_events [rcl_interfaces/msg/ParameterEvent]
publisher node          : lifecycle_manager_navigation
subscriber node         : bt_navigator
compatibility status    : OK
topic [type]            : /parameter_events [rcl_interfaces/msg/ParameterEvent]
publisher node          : lifecycle_manager_navigation
subscriber node         : bt_navigator_navigate_to_pose_rclcpp_node
compatibility status    : OK
topic [type]            : /parameter_events [rcl_interfaces/msg/ParameterEvent]
publisher node          : lifecycle_manager_navigation
subscriber node         : bt_navigator_navigate_through_poses_rclcpp_node
compatibility status    : OK
topic [type]            : /parameter_events [rcl_interfaces/msg/ParameterEvent]
publisher node          : lifecycle_manager_navigation
subscriber node         : waypoint_follower
compatibility status    : OK
topic [type]            : /parameter_events [rcl_interfaces/msg/ParameterEvent]
publisher node          : lifecycle_manager_navigation
subscriber node         : velocity_smoother
compatibility status    : OK
topic [type]            : /parameter_events [rcl_interfaces/msg/ParameterEvent]
publisher node          : lifecycle_manager_navigation
subscriber node         : collision_monitor
compatibility status    : OK
topic [type]            : /parameter_events [rcl_interfaces/msg/ParameterEvent]
publisher node          : slam_toolbox
subscriber node         : docking_server
compatibility status    : OK
topic [type]            : /parameter_events [rcl_interfaces/msg/ParameterEvent]
publisher node          : slam_toolbox
subscriber node         : lifecycle_manager_navigation
compatibility status    : OK
topic [type]            : /parameter_events [rcl_interfaces/msg/ParameterEvent]
publisher node          : slam_toolbox
subscriber node         : slam_toolbox
compatibility status    : OK
topic [type]            : /parameter_events [rcl_interfaces/msg/ParameterEvent]
publisher node          : slam_toolbox
subscriber node         : transform_listener_impl_aaaad89e7c20
compatibility status    : OK
topic [type]            : /parameter_events [rcl_interfaces/msg/ParameterEvent]
publisher node          : slam_toolbox
subscriber node         : ekf_filter_node
compatibility status    : OK
topic [type]            : /parameter_events [rcl_interfaces/msg/ParameterEvent]
publisher node          : slam_toolbox
subscriber node         : transform_listener_impl_aaab0e2c35d0
compatibility status    : OK
topic [type]            : /parameter_events [rcl_interfaces/msg/ParameterEvent]
publisher node          : slam_toolbox
subscriber node         : sllidar_node
compatibility status    : OK
topic [type]            : /parameter_events [rcl_interfaces/msg/ParameterEvent]
publisher node          : slam_toolbox
subscriber node         : robot_state_publisher
compatibility status    : OK
topic [type]            : /parameter_events [rcl_interfaces/msg/ParameterEvent]
publisher node          : slam_toolbox
subscriber node         : robot_state_publisher
compatibility status    : OK
topic [type]            : /parameter_events [rcl_interfaces/msg/ParameterEvent]
publisher node          : slam_toolbox
subscriber node         : rviz2
compatibility status    : OK
topic [type]            : /parameter_events [rcl_interfaces/msg/ParameterEvent]
publisher node          : slam_toolbox
subscriber node         : transform_listener_impl_aaaaf7e17380
compatibility status    : OK
topic [type]            : /parameter_events [rcl_interfaces/msg/ParameterEvent]
publisher node          : slam_toolbox
subscriber node         : controller_server
compatibility status    : OK
topic [type]            : /parameter_events [rcl_interfaces/msg/ParameterEvent]
publisher node          : slam_toolbox
subscriber node         : local_costmap
compatibility status    : OK
topic [type]            : /parameter_events [rcl_interfaces/msg/ParameterEvent]
publisher node          : slam_toolbox
subscriber node         : transform_listener_impl_ffff7c03b530
compatibility status    : OK
topic [type]            : /parameter_events [rcl_interfaces/msg/ParameterEvent]
publisher node          : slam_toolbox
subscriber node         : smoother_server
compatibility status    : OK
topic [type]            : /parameter_events [rcl_interfaces/msg/ParameterEvent]
publisher node          : slam_toolbox
subscriber node         : planner_server
compatibility status    : OK
topic [type]            : /parameter_events [rcl_interfaces/msg/ParameterEvent]
publisher node          : slam_toolbox
subscriber node         : global_costmap
compatibility status    : OK
topic [type]            : /parameter_events [rcl_interfaces/msg/ParameterEvent]
publisher node          : slam_toolbox
subscriber node         : transform_listener_impl_aaaaeff6a8d0
compatibility status    : OK
topic [type]            : /parameter_events [rcl_interfaces/msg/ParameterEvent]
publisher node          : slam_toolbox
subscriber node         : route_server
compatibility status    : OK
topic [type]            : /parameter_events [rcl_interfaces/msg/ParameterEvent]
publisher node          : slam_toolbox
subscriber node         : behavior_server
compatibility status    : OK
topic [type]            : /parameter_events [rcl_interfaces/msg/ParameterEvent]
publisher node          : slam_toolbox
subscriber node         : bt_navigator
compatibility status    : OK
topic [type]            : /parameter_events [rcl_interfaces/msg/ParameterEvent]
publisher node          : slam_toolbox
subscriber node         : bt_navigator_navigate_to_pose_rclcpp_node
compatibility status    : OK
topic [type]            : /parameter_events [rcl_interfaces/msg/ParameterEvent]
publisher node          : slam_toolbox
subscriber node         : bt_navigator_navigate_through_poses_rclcpp_node
compatibility status    : OK
topic [type]            : /parameter_events [rcl_interfaces/msg/ParameterEvent]
publisher node          : slam_toolbox
subscriber node         : waypoint_follower
compatibility status    : OK
topic [type]            : /parameter_events [rcl_interfaces/msg/ParameterEvent]
publisher node          : slam_toolbox
subscriber node         : velocity_smoother
compatibility status    : OK
topic [type]            : /parameter_events [rcl_interfaces/msg/ParameterEvent]
publisher node          : slam_toolbox
subscriber node         : collision_monitor
compatibility status    : OK
topic [type]            : /parameter_events [rcl_interfaces/msg/ParameterEvent]
publisher node          : base_driver_node
subscriber node         : docking_server
compatibility status    : OK
topic [type]            : /parameter_events [rcl_interfaces/msg/ParameterEvent]
publisher node          : base_driver_node
subscriber node         : lifecycle_manager_navigation
compatibility status    : OK
topic [type]            : /parameter_events [rcl_interfaces/msg/ParameterEvent]
publisher node          : base_driver_node
subscriber node         : slam_toolbox
compatibility status    : OK
topic [type]            : /parameter_events [rcl_interfaces/msg/ParameterEvent]
publisher node          : base_driver_node
subscriber node         : transform_listener_impl_aaaad89e7c20
compatibility status    : OK
topic [type]            : /parameter_events [rcl_interfaces/msg/ParameterEvent]
publisher node          : base_driver_node
subscriber node         : ekf_filter_node
compatibility status    : OK
topic [type]            : /parameter_events [rcl_interfaces/msg/ParameterEvent]
publisher node          : base_driver_node
subscriber node         : transform_listener_impl_aaab0e2c35d0
compatibility status    : OK
topic [type]            : /parameter_events [rcl_interfaces/msg/ParameterEvent]
publisher node          : base_driver_node
subscriber node         : sllidar_node
compatibility status    : OK
topic [type]            : /parameter_events [rcl_interfaces/msg/ParameterEvent]
publisher node          : base_driver_node
subscriber node         : robot_state_publisher
compatibility status    : OK
topic [type]            : /parameter_events [rcl_interfaces/msg/ParameterEvent]
publisher node          : base_driver_node
subscriber node         : robot_state_publisher
compatibility status    : OK
topic [type]            : /parameter_events [rcl_interfaces/msg/ParameterEvent]
publisher node          : base_driver_node
subscriber node         : rviz2
compatibility status    : OK
topic [type]            : /parameter_events [rcl_interfaces/msg/ParameterEvent]
publisher node          : base_driver_node
subscriber node         : transform_listener_impl_aaaaf7e17380
compatibility status    : OK
topic [type]            : /parameter_events [rcl_interfaces/msg/ParameterEvent]
publisher node          : base_driver_node
subscriber node         : controller_server
compatibility status    : OK
topic [type]            : /parameter_events [rcl_interfaces/msg/ParameterEvent]
publisher node          : base_driver_node
subscriber node         : local_costmap
compatibility status    : OK
topic [type]            : /parameter_events [rcl_interfaces/msg/ParameterEvent]
publisher node          : base_driver_node
subscriber node         : transform_listener_impl_ffff7c03b530
compatibility status    : OK
topic [type]            : /parameter_events [rcl_interfaces/msg/ParameterEvent]
publisher node          : base_driver_node
subscriber node         : smoother_server
compatibility status    : OK
topic [type]            : /parameter_events [rcl_interfaces/msg/ParameterEvent]
publisher node          : base_driver_node
subscriber node         : planner_server
compatibility status    : OK
topic [type]            : /parameter_events [rcl_interfaces/msg/ParameterEvent]
publisher node          : base_driver_node
subscriber node         : global_costmap
compatibility status    : OK
topic [type]            : /parameter_events [rcl_interfaces/msg/ParameterEvent]
publisher node          : base_driver_node
subscriber node         : transform_listener_impl_aaaaeff6a8d0
compatibility status    : OK
topic [type]            : /parameter_events [rcl_interfaces/msg/ParameterEvent]
publisher node          : base_driver_node
subscriber node         : route_server
compatibility status    : OK
topic [type]            : /parameter_events [rcl_interfaces/msg/ParameterEvent]
publisher node          : base_driver_node
subscriber node         : behavior_server
compatibility status    : OK
topic [type]            : /parameter_events [rcl_interfaces/msg/ParameterEvent]
publisher node          : base_driver_node
subscriber node         : bt_navigator
compatibility status    : OK
topic [type]            : /parameter_events [rcl_interfaces/msg/ParameterEvent]
publisher node          : base_driver_node
subscriber node         : bt_navigator_navigate_to_pose_rclcpp_node
compatibility status    : OK
topic [type]            : /parameter_events [rcl_interfaces/msg/ParameterEvent]
publisher node          : base_driver_node
subscriber node         : bt_navigator_navigate_through_poses_rclcpp_node
compatibility status    : OK
topic [type]            : /parameter_events [rcl_interfaces/msg/ParameterEvent]
publisher node          : base_driver_node
subscriber node         : waypoint_follower
compatibility status    : OK
topic [type]            : /parameter_events [rcl_interfaces/msg/ParameterEvent]
publisher node          : base_driver_node
subscriber node         : velocity_smoother
compatibility status    : OK
topic [type]            : /parameter_events [rcl_interfaces/msg/ParameterEvent]
publisher node          : base_driver_node
subscriber node         : collision_monitor
compatibility status    : OK
topic [type]            : /parameter_events [rcl_interfaces/msg/ParameterEvent]
publisher node          : ekf_filter_node
subscriber node         : docking_server
compatibility status    : OK
topic [type]            : /parameter_events [rcl_interfaces/msg/ParameterEvent]
publisher node          : ekf_filter_node
subscriber node         : lifecycle_manager_navigation
compatibility status    : OK
topic [type]            : /parameter_events [rcl_interfaces/msg/ParameterEvent]
publisher node          : ekf_filter_node
subscriber node         : slam_toolbox
compatibility status    : OK
topic [type]            : /parameter_events [rcl_interfaces/msg/ParameterEvent]
publisher node          : ekf_filter_node
subscriber node         : transform_listener_impl_aaaad89e7c20
compatibility status    : OK
topic [type]            : /parameter_events [rcl_interfaces/msg/ParameterEvent]
publisher node          : ekf_filter_node
subscriber node         : ekf_filter_node
compatibility status    : OK
topic [type]            : /parameter_events [rcl_interfaces/msg/ParameterEvent]
publisher node          : ekf_filter_node
subscriber node         : transform_listener_impl_aaab0e2c35d0
compatibility status    : OK
topic [type]            : /parameter_events [rcl_interfaces/msg/ParameterEvent]
publisher node          : ekf_filter_node
subscriber node         : sllidar_node
compatibility status    : OK
topic [type]            : /parameter_events [rcl_interfaces/msg/ParameterEvent]
publisher node          : ekf_filter_node
subscriber node         : robot_state_publisher
compatibility status    : OK
topic [type]            : /parameter_events [rcl_interfaces/msg/ParameterEvent]
publisher node          : ekf_filter_node
subscriber node         : robot_state_publisher
compatibility status    : OK
topic [type]            : /parameter_events [rcl_interfaces/msg/ParameterEvent]
publisher node          : ekf_filter_node
subscriber node         : rviz2
compatibility status    : OK
topic [type]            : /parameter_events [rcl_interfaces/msg/ParameterEvent]
publisher node          : ekf_filter_node
subscriber node         : transform_listener_impl_aaaaf7e17380
compatibility status    : OK
topic [type]            : /parameter_events [rcl_interfaces/msg/ParameterEvent]
publisher node          : ekf_filter_node
subscriber node         : controller_server
compatibility status    : OK
topic [type]            : /parameter_events [rcl_interfaces/msg/ParameterEvent]
publisher node          : ekf_filter_node
subscriber node         : local_costmap
compatibility status    : OK
topic [type]            : /parameter_events [rcl_interfaces/msg/ParameterEvent]
publisher node          : ekf_filter_node
subscriber node         : transform_listener_impl_ffff7c03b530
compatibility status    : OK
topic [type]            : /parameter_events [rcl_interfaces/msg/ParameterEvent]
publisher node          : ekf_filter_node
subscriber node         : smoother_server
compatibility status    : OK
topic [type]            : /parameter_events [rcl_interfaces/msg/ParameterEvent]
publisher node          : ekf_filter_node
subscriber node         : planner_server
compatibility status    : OK
topic [type]            : /parameter_events [rcl_interfaces/msg/ParameterEvent]
publisher node          : ekf_filter_node
subscriber node         : global_costmap
compatibility status    : OK
topic [type]            : /parameter_events [rcl_interfaces/msg/ParameterEvent]
publisher node          : ekf_filter_node
subscriber node         : transform_listener_impl_aaaaeff6a8d0
compatibility status    : OK
topic [type]            : /parameter_events [rcl_interfaces/msg/ParameterEvent]
publisher node          : ekf_filter_node
subscriber node         : route_server
compatibility status    : OK
topic [type]            : /parameter_events [rcl_interfaces/msg/ParameterEvent]
publisher node          : ekf_filter_node
subscriber node         : behavior_server
compatibility status    : OK
topic [type]            : /parameter_events [rcl_interfaces/msg/ParameterEvent]
publisher node          : ekf_filter_node
subscriber node         : bt_navigator
compatibility status    : OK
topic [type]            : /parameter_events [rcl_interfaces/msg/ParameterEvent]
publisher node          : ekf_filter_node
subscriber node         : bt_navigator_navigate_to_pose_rclcpp_node
compatibility status    : OK
topic [type]            : /parameter_events [rcl_interfaces/msg/ParameterEvent]
publisher node          : ekf_filter_node
subscriber node         : bt_navigator_navigate_through_poses_rclcpp_node
compatibility status    : OK
topic [type]            : /parameter_events [rcl_interfaces/msg/ParameterEvent]
publisher node          : ekf_filter_node
subscriber node         : waypoint_follower
compatibility status    : OK
topic [type]            : /parameter_events [rcl_interfaces/msg/ParameterEvent]
publisher node          : ekf_filter_node
subscriber node         : velocity_smoother
compatibility status    : OK
topic [type]            : /parameter_events [rcl_interfaces/msg/ParameterEvent]
publisher node          : ekf_filter_node
subscriber node         : collision_monitor
compatibility status    : OK
topic [type]            : /parameter_events [rcl_interfaces/msg/ParameterEvent]
publisher node          : sllidar_node
subscriber node         : docking_server
compatibility status    : OK
topic [type]            : /parameter_events [rcl_interfaces/msg/ParameterEvent]
publisher node          : sllidar_node
subscriber node         : lifecycle_manager_navigation
compatibility status    : OK
topic [type]            : /parameter_events [rcl_interfaces/msg/ParameterEvent]
publisher node          : sllidar_node
subscriber node         : slam_toolbox
compatibility status    : OK
topic [type]            : /parameter_events [rcl_interfaces/msg/ParameterEvent]
publisher node          : sllidar_node
subscriber node         : transform_listener_impl_aaaad89e7c20
compatibility status    : OK
topic [type]            : /parameter_events [rcl_interfaces/msg/ParameterEvent]
publisher node          : sllidar_node
subscriber node         : ekf_filter_node
compatibility status    : OK
topic [type]            : /parameter_events [rcl_interfaces/msg/ParameterEvent]
publisher node          : sllidar_node
subscriber node         : transform_listener_impl_aaab0e2c35d0
compatibility status    : OK
topic [type]            : /parameter_events [rcl_interfaces/msg/ParameterEvent]
publisher node          : sllidar_node
subscriber node         : sllidar_node
compatibility status    : OK
topic [type]            : /parameter_events [rcl_interfaces/msg/ParameterEvent]
publisher node          : sllidar_node
subscriber node         : robot_state_publisher
compatibility status    : OK
topic [type]            : /parameter_events [rcl_interfaces/msg/ParameterEvent]
publisher node          : sllidar_node
subscriber node         : robot_state_publisher
compatibility status    : OK
topic [type]            : /parameter_events [rcl_interfaces/msg/ParameterEvent]
publisher node          : sllidar_node
subscriber node         : rviz2
compatibility status    : OK
topic [type]            : /parameter_events [rcl_interfaces/msg/ParameterEvent]
publisher node          : sllidar_node
subscriber node         : transform_listener_impl_aaaaf7e17380
compatibility status    : OK
topic [type]            : /parameter_events [rcl_interfaces/msg/ParameterEvent]
publisher node          : sllidar_node
subscriber node         : controller_server
compatibility status    : OK
topic [type]            : /parameter_events [rcl_interfaces/msg/ParameterEvent]
publisher node          : sllidar_node
subscriber node         : local_costmap
compatibility status    : OK
topic [type]            : /parameter_events [rcl_interfaces/msg/ParameterEvent]
publisher node          : sllidar_node
subscriber node         : transform_listener_impl_ffff7c03b530
compatibility status    : OK
topic [type]            : /parameter_events [rcl_interfaces/msg/ParameterEvent]
publisher node          : sllidar_node
subscriber node         : smoother_server
compatibility status    : OK
topic [type]            : /parameter_events [rcl_interfaces/msg/ParameterEvent]
publisher node          : sllidar_node
subscriber node         : planner_server
compatibility status    : OK
topic [type]            : /parameter_events [rcl_interfaces/msg/ParameterEvent]
publisher node          : sllidar_node
subscriber node         : global_costmap
compatibility status    : OK
topic [type]            : /parameter_events [rcl_interfaces/msg/ParameterEvent]
publisher node          : sllidar_node
subscriber node         : transform_listener_impl_aaaaeff6a8d0
compatibility status    : OK
topic [type]            : /parameter_events [rcl_interfaces/msg/ParameterEvent]
publisher node          : sllidar_node
subscriber node         : route_server
compatibility status    : OK
topic [type]            : /parameter_events [rcl_interfaces/msg/ParameterEvent]
publisher node          : sllidar_node
subscriber node         : behavior_server
compatibility status    : OK
topic [type]            : /parameter_events [rcl_interfaces/msg/ParameterEvent]
publisher node          : sllidar_node
subscriber node         : bt_navigator
compatibility status    : OK
topic [type]            : /parameter_events [rcl_interfaces/msg/ParameterEvent]
publisher node          : sllidar_node
subscriber node         : bt_navigator_navigate_to_pose_rclcpp_node
compatibility status    : OK
topic [type]            : /parameter_events [rcl_interfaces/msg/ParameterEvent]
publisher node          : sllidar_node
subscriber node         : bt_navigator_navigate_through_poses_rclcpp_node
compatibility status    : OK
topic [type]            : /parameter_events [rcl_interfaces/msg/ParameterEvent]
publisher node          : sllidar_node
subscriber node         : waypoint_follower
compatibility status    : OK
topic [type]            : /parameter_events [rcl_interfaces/msg/ParameterEvent]
publisher node          : sllidar_node
subscriber node         : velocity_smoother
compatibility status    : OK
topic [type]            : /parameter_events [rcl_interfaces/msg/ParameterEvent]
publisher node          : sllidar_node
subscriber node         : collision_monitor
compatibility status    : OK
topic [type]            : /parameter_events [rcl_interfaces/msg/ParameterEvent]
publisher node          : robot_state_publisher
subscriber node         : docking_server
compatibility status    : OK
topic [type]            : /parameter_events [rcl_interfaces/msg/ParameterEvent]
publisher node          : robot_state_publisher
subscriber node         : lifecycle_manager_navigation
compatibility status    : OK
topic [type]            : /parameter_events [rcl_interfaces/msg/ParameterEvent]
publisher node          : robot_state_publisher
subscriber node         : slam_toolbox
compatibility status    : OK
topic [type]            : /parameter_events [rcl_interfaces/msg/ParameterEvent]
publisher node          : robot_state_publisher
subscriber node         : transform_listener_impl_aaaad89e7c20
compatibility status    : OK
topic [type]            : /parameter_events [rcl_interfaces/msg/ParameterEvent]
publisher node          : robot_state_publisher
subscriber node         : ekf_filter_node
compatibility status    : OK
topic [type]            : /parameter_events [rcl_interfaces/msg/ParameterEvent]
publisher node          : robot_state_publisher
subscriber node         : transform_listener_impl_aaab0e2c35d0
compatibility status    : OK
topic [type]            : /parameter_events [rcl_interfaces/msg/ParameterEvent]
publisher node          : robot_state_publisher
subscriber node         : sllidar_node
compatibility status    : OK
topic [type]            : /parameter_events [rcl_interfaces/msg/ParameterEvent]
publisher node          : robot_state_publisher
subscriber node         : robot_state_publisher
compatibility status    : OK
topic [type]            : /parameter_events [rcl_interfaces/msg/ParameterEvent]
publisher node          : robot_state_publisher
subscriber node         : robot_state_publisher
compatibility status    : OK
topic [type]            : /parameter_events [rcl_interfaces/msg/ParameterEvent]
publisher node          : robot_state_publisher
subscriber node         : rviz2
compatibility status    : OK
topic [type]            : /parameter_events [rcl_interfaces/msg/ParameterEvent]
publisher node          : robot_state_publisher
subscriber node         : transform_listener_impl_aaaaf7e17380
compatibility status    : OK
topic [type]            : /parameter_events [rcl_interfaces/msg/ParameterEvent]
publisher node          : robot_state_publisher
subscriber node         : controller_server
compatibility status    : OK
topic [type]            : /parameter_events [rcl_interfaces/msg/ParameterEvent]
publisher node          : robot_state_publisher
subscriber node         : local_costmap
compatibility status    : OK
topic [type]            : /parameter_events [rcl_interfaces/msg/ParameterEvent]
publisher node          : robot_state_publisher
subscriber node         : transform_listener_impl_ffff7c03b530
compatibility status    : OK
topic [type]            : /parameter_events [rcl_interfaces/msg/ParameterEvent]
publisher node          : robot_state_publisher
subscriber node         : smoother_server
compatibility status    : OK
topic [type]            : /parameter_events [rcl_interfaces/msg/ParameterEvent]
publisher node          : robot_state_publisher
subscriber node         : planner_server
compatibility status    : OK
topic [type]            : /parameter_events [rcl_interfaces/msg/ParameterEvent]
publisher node          : robot_state_publisher
subscriber node         : global_costmap
compatibility status    : OK
topic [type]            : /parameter_events [rcl_interfaces/msg/ParameterEvent]
publisher node          : robot_state_publisher
subscriber node         : transform_listener_impl_aaaaeff6a8d0
compatibility status    : OK
topic [type]            : /parameter_events [rcl_interfaces/msg/ParameterEvent]
publisher node          : robot_state_publisher
subscriber node         : route_server
compatibility status    : OK
topic [type]            : /parameter_events [rcl_interfaces/msg/ParameterEvent]
publisher node          : robot_state_publisher
subscriber node         : behavior_server
compatibility status    : OK
topic [type]            : /parameter_events [rcl_interfaces/msg/ParameterEvent]
publisher node          : robot_state_publisher
subscriber node         : bt_navigator
compatibility status    : OK
topic [type]            : /parameter_events [rcl_interfaces/msg/ParameterEvent]
publisher node          : robot_state_publisher
subscriber node         : bt_navigator_navigate_to_pose_rclcpp_node
compatibility status    : OK
topic [type]            : /parameter_events [rcl_interfaces/msg/ParameterEvent]
publisher node          : robot_state_publisher
subscriber node         : bt_navigator_navigate_through_poses_rclcpp_node
compatibility status    : OK
topic [type]            : /parameter_events [rcl_interfaces/msg/ParameterEvent]
publisher node          : robot_state_publisher
subscriber node         : waypoint_follower
compatibility status    : OK
topic [type]            : /parameter_events [rcl_interfaces/msg/ParameterEvent]
publisher node          : robot_state_publisher
subscriber node         : velocity_smoother
compatibility status    : OK
topic [type]            : /parameter_events [rcl_interfaces/msg/ParameterEvent]
publisher node          : robot_state_publisher
subscriber node         : collision_monitor
compatibility status    : OK
topic [type]            : /parameter_events [rcl_interfaces/msg/ParameterEvent]
publisher node          : rviz2
subscriber node         : docking_server
compatibility status    : OK
topic [type]            : /parameter_events [rcl_interfaces/msg/ParameterEvent]
publisher node          : rviz2
subscriber node         : lifecycle_manager_navigation
compatibility status    : OK
topic [type]            : /parameter_events [rcl_interfaces/msg/ParameterEvent]
publisher node          : rviz2
subscriber node         : slam_toolbox
compatibility status    : OK
topic [type]            : /parameter_events [rcl_interfaces/msg/ParameterEvent]
publisher node          : rviz2
subscriber node         : transform_listener_impl_aaaad89e7c20
compatibility status    : OK
topic [type]            : /parameter_events [rcl_interfaces/msg/ParameterEvent]
publisher node          : rviz2
subscriber node         : ekf_filter_node
compatibility status    : OK
topic [type]            : /parameter_events [rcl_interfaces/msg/ParameterEvent]
publisher node          : rviz2
subscriber node         : transform_listener_impl_aaab0e2c35d0
compatibility status    : OK
topic [type]            : /parameter_events [rcl_interfaces/msg/ParameterEvent]
publisher node          : rviz2
subscriber node         : sllidar_node
compatibility status    : OK
topic [type]            : /parameter_events [rcl_interfaces/msg/ParameterEvent]
publisher node          : rviz2
subscriber node         : robot_state_publisher
compatibility status    : OK
topic [type]            : /parameter_events [rcl_interfaces/msg/ParameterEvent]
publisher node          : rviz2
subscriber node         : robot_state_publisher
compatibility status    : OK
topic [type]            : /parameter_events [rcl_interfaces/msg/ParameterEvent]
publisher node          : rviz2
subscriber node         : rviz2
compatibility status    : OK
topic [type]            : /parameter_events [rcl_interfaces/msg/ParameterEvent]
publisher node          : rviz2
subscriber node         : transform_listener_impl_aaaaf7e17380
compatibility status    : OK
topic [type]            : /parameter_events [rcl_interfaces/msg/ParameterEvent]
publisher node          : rviz2
subscriber node         : controller_server
compatibility status    : OK
topic [type]            : /parameter_events [rcl_interfaces/msg/ParameterEvent]
publisher node          : rviz2
subscriber node         : local_costmap
compatibility status    : OK
topic [type]            : /parameter_events [rcl_interfaces/msg/ParameterEvent]
publisher node          : rviz2
subscriber node         : transform_listener_impl_ffff7c03b530
compatibility status    : OK
topic [type]            : /parameter_events [rcl_interfaces/msg/ParameterEvent]
publisher node          : rviz2
subscriber node         : smoother_server
compatibility status    : OK
topic [type]            : /parameter_events [rcl_interfaces/msg/ParameterEvent]
publisher node          : rviz2
subscriber node         : planner_server
compatibility status    : OK
topic [type]            : /parameter_events [rcl_interfaces/msg/ParameterEvent]
publisher node          : rviz2
subscriber node         : global_costmap
compatibility status    : OK
topic [type]            : /parameter_events [rcl_interfaces/msg/ParameterEvent]
publisher node          : rviz2
subscriber node         : transform_listener_impl_aaaaeff6a8d0
compatibility status    : OK
topic [type]            : /parameter_events [rcl_interfaces/msg/ParameterEvent]
publisher node          : rviz2
subscriber node         : route_server
compatibility status    : OK
topic [type]            : /parameter_events [rcl_interfaces/msg/ParameterEvent]
publisher node          : rviz2
subscriber node         : behavior_server
compatibility status    : OK
topic [type]            : /parameter_events [rcl_interfaces/msg/ParameterEvent]
publisher node          : rviz2
subscriber node         : bt_navigator
compatibility status    : OK
topic [type]            : /parameter_events [rcl_interfaces/msg/ParameterEvent]
publisher node          : rviz2
subscriber node         : bt_navigator_navigate_to_pose_rclcpp_node
compatibility status    : OK
topic [type]            : /parameter_events [rcl_interfaces/msg/ParameterEvent]
publisher node          : rviz2
subscriber node         : bt_navigator_navigate_through_poses_rclcpp_node
compatibility status    : OK
topic [type]            : /parameter_events [rcl_interfaces/msg/ParameterEvent]
publisher node          : rviz2
subscriber node         : waypoint_follower
compatibility status    : OK
topic [type]            : /parameter_events [rcl_interfaces/msg/ParameterEvent]
publisher node          : rviz2
subscriber node         : velocity_smoother
compatibility status    : OK
topic [type]            : /parameter_events [rcl_interfaces/msg/ParameterEvent]
publisher node          : rviz2
subscriber node         : collision_monitor
compatibility status    : OK
topic [type]            : /parameter_events [rcl_interfaces/msg/ParameterEvent]
publisher node          : sweepi_robot_manager
subscriber node         : docking_server
compatibility status    : OK
topic [type]            : /parameter_events [rcl_interfaces/msg/ParameterEvent]
publisher node          : sweepi_robot_manager
subscriber node         : lifecycle_manager_navigation
compatibility status    : OK
topic [type]            : /parameter_events [rcl_interfaces/msg/ParameterEvent]
publisher node          : sweepi_robot_manager
subscriber node         : slam_toolbox
compatibility status    : OK
topic [type]            : /parameter_events [rcl_interfaces/msg/ParameterEvent]
publisher node          : sweepi_robot_manager
subscriber node         : transform_listener_impl_aaaad89e7c20
compatibility status    : OK
topic [type]            : /parameter_events [rcl_interfaces/msg/ParameterEvent]
publisher node          : sweepi_robot_manager
subscriber node         : ekf_filter_node
compatibility status    : OK
topic [type]            : /parameter_events [rcl_interfaces/msg/ParameterEvent]
publisher node          : sweepi_robot_manager
subscriber node         : transform_listener_impl_aaab0e2c35d0
compatibility status    : OK
topic [type]            : /parameter_events [rcl_interfaces/msg/ParameterEvent]
publisher node          : sweepi_robot_manager
subscriber node         : sllidar_node
compatibility status    : OK
topic [type]            : /parameter_events [rcl_interfaces/msg/ParameterEvent]
publisher node          : sweepi_robot_manager
subscriber node         : robot_state_publisher
compatibility status    : OK
topic [type]            : /parameter_events [rcl_interfaces/msg/ParameterEvent]
publisher node          : sweepi_robot_manager
subscriber node         : robot_state_publisher
compatibility status    : OK
topic [type]            : /parameter_events [rcl_interfaces/msg/ParameterEvent]
publisher node          : sweepi_robot_manager
subscriber node         : rviz2
compatibility status    : OK
topic [type]            : /parameter_events [rcl_interfaces/msg/ParameterEvent]
publisher node          : sweepi_robot_manager
subscriber node         : transform_listener_impl_aaaaf7e17380
compatibility status    : OK
topic [type]            : /parameter_events [rcl_interfaces/msg/ParameterEvent]
publisher node          : sweepi_robot_manager
subscriber node         : controller_server
compatibility status    : OK
topic [type]            : /parameter_events [rcl_interfaces/msg/ParameterEvent]
publisher node          : sweepi_robot_manager
subscriber node         : local_costmap
compatibility status    : OK
topic [type]            : /parameter_events [rcl_interfaces/msg/ParameterEvent]
publisher node          : sweepi_robot_manager
subscriber node         : transform_listener_impl_ffff7c03b530
compatibility status    : OK
topic [type]            : /parameter_events [rcl_interfaces/msg/ParameterEvent]
publisher node          : sweepi_robot_manager
subscriber node         : smoother_server
compatibility status    : OK
topic [type]            : /parameter_events [rcl_interfaces/msg/ParameterEvent]
publisher node          : sweepi_robot_manager
subscriber node         : planner_server
compatibility status    : OK
topic [type]            : /parameter_events [rcl_interfaces/msg/ParameterEvent]
publisher node          : sweepi_robot_manager
subscriber node         : global_costmap
compatibility status    : OK
topic [type]            : /parameter_events [rcl_interfaces/msg/ParameterEvent]
publisher node          : sweepi_robot_manager
subscriber node         : transform_listener_impl_aaaaeff6a8d0
compatibility status    : OK
topic [type]            : /parameter_events [rcl_interfaces/msg/ParameterEvent]
publisher node          : sweepi_robot_manager
subscriber node         : route_server
compatibility status    : OK
topic [type]            : /parameter_events [rcl_interfaces/msg/ParameterEvent]
publisher node          : sweepi_robot_manager
subscriber node         : behavior_server
compatibility status    : OK
topic [type]            : /parameter_events [rcl_interfaces/msg/ParameterEvent]
publisher node          : sweepi_robot_manager
subscriber node         : bt_navigator
compatibility status    : OK
topic [type]            : /parameter_events [rcl_interfaces/msg/ParameterEvent]
publisher node          : sweepi_robot_manager
subscriber node         : bt_navigator_navigate_to_pose_rclcpp_node
compatibility status    : OK
topic [type]            : /parameter_events [rcl_interfaces/msg/ParameterEvent]
publisher node          : sweepi_robot_manager
subscriber node         : bt_navigator_navigate_through_poses_rclcpp_node
compatibility status    : OK
topic [type]            : /parameter_events [rcl_interfaces/msg/ParameterEvent]
publisher node          : sweepi_robot_manager
subscriber node         : waypoint_follower
compatibility status    : OK
topic [type]            : /parameter_events [rcl_interfaces/msg/ParameterEvent]
publisher node          : sweepi_robot_manager
subscriber node         : velocity_smoother
compatibility status    : OK
topic [type]            : /parameter_events [rcl_interfaces/msg/ParameterEvent]
publisher node          : sweepi_robot_manager
subscriber node         : collision_monitor
compatibility status    : OK
topic [type]            : /parameter_events [rcl_interfaces/msg/ParameterEvent]
publisher node          : sweepi_api_bridge
subscriber node         : docking_server
compatibility status    : OK
topic [type]            : /parameter_events [rcl_interfaces/msg/ParameterEvent]
publisher node          : sweepi_api_bridge
subscriber node         : lifecycle_manager_navigation
compatibility status    : OK
topic [type]            : /parameter_events [rcl_interfaces/msg/ParameterEvent]
publisher node          : sweepi_api_bridge
subscriber node         : slam_toolbox
compatibility status    : OK
topic [type]            : /parameter_events [rcl_interfaces/msg/ParameterEvent]
publisher node          : sweepi_api_bridge
subscriber node         : transform_listener_impl_aaaad89e7c20
compatibility status    : OK
topic [type]            : /parameter_events [rcl_interfaces/msg/ParameterEvent]
publisher node          : sweepi_api_bridge
subscriber node         : ekf_filter_node
compatibility status    : OK
topic [type]            : /parameter_events [rcl_interfaces/msg/ParameterEvent]
publisher node          : sweepi_api_bridge
subscriber node         : transform_listener_impl_aaab0e2c35d0
compatibility status    : OK
topic [type]            : /parameter_events [rcl_interfaces/msg/ParameterEvent]
publisher node          : sweepi_api_bridge
subscriber node         : sllidar_node
compatibility status    : OK
topic [type]            : /parameter_events [rcl_interfaces/msg/ParameterEvent]
publisher node          : sweepi_api_bridge
subscriber node         : robot_state_publisher
compatibility status    : OK
topic [type]            : /parameter_events [rcl_interfaces/msg/ParameterEvent]
publisher node          : sweepi_api_bridge
subscriber node         : robot_state_publisher
compatibility status    : OK
topic [type]            : /parameter_events [rcl_interfaces/msg/ParameterEvent]
publisher node          : sweepi_api_bridge
subscriber node         : rviz2
compatibility status    : OK
topic [type]            : /parameter_events [rcl_interfaces/msg/ParameterEvent]
publisher node          : sweepi_api_bridge
subscriber node         : transform_listener_impl_aaaaf7e17380
compatibility status    : OK
topic [type]            : /parameter_events [rcl_interfaces/msg/ParameterEvent]
publisher node          : sweepi_api_bridge
subscriber node         : controller_server
compatibility status    : OK
topic [type]            : /parameter_events [rcl_interfaces/msg/ParameterEvent]
publisher node          : sweepi_api_bridge
subscriber node         : local_costmap
compatibility status    : OK
topic [type]            : /parameter_events [rcl_interfaces/msg/ParameterEvent]
publisher node          : sweepi_api_bridge
subscriber node         : transform_listener_impl_ffff7c03b530
compatibility status    : OK
topic [type]            : /parameter_events [rcl_interfaces/msg/ParameterEvent]
publisher node          : sweepi_api_bridge
subscriber node         : smoother_server
compatibility status    : OK
topic [type]            : /parameter_events [rcl_interfaces/msg/ParameterEvent]
publisher node          : sweepi_api_bridge
subscriber node         : planner_server
compatibility status    : OK
topic [type]            : /parameter_events [rcl_interfaces/msg/ParameterEvent]
publisher node          : sweepi_api_bridge
subscriber node         : global_costmap
compatibility status    : OK
topic [type]            : /parameter_events [rcl_interfaces/msg/ParameterEvent]
publisher node          : sweepi_api_bridge
subscriber node         : transform_listener_impl_aaaaeff6a8d0
compatibility status    : OK
topic [type]            : /parameter_events [rcl_interfaces/msg/ParameterEvent]
publisher node          : sweepi_api_bridge
subscriber node         : route_server
compatibility status    : OK
topic [type]            : /parameter_events [rcl_interfaces/msg/ParameterEvent]
publisher node          : sweepi_api_bridge
subscriber node         : behavior_server
compatibility status    : OK
topic [type]            : /parameter_events [rcl_interfaces/msg/ParameterEvent]
publisher node          : sweepi_api_bridge
subscriber node         : bt_navigator
compatibility status    : OK
topic [type]            : /parameter_events [rcl_interfaces/msg/ParameterEvent]
publisher node          : sweepi_api_bridge
subscriber node         : bt_navigator_navigate_to_pose_rclcpp_node
compatibility status    : OK
topic [type]            : /parameter_events [rcl_interfaces/msg/ParameterEvent]
publisher node          : sweepi_api_bridge
subscriber node         : bt_navigator_navigate_through_poses_rclcpp_node
compatibility status    : OK
topic [type]            : /parameter_events [rcl_interfaces/msg/ParameterEvent]
publisher node          : sweepi_api_bridge
subscriber node         : waypoint_follower
compatibility status    : OK
topic [type]            : /parameter_events [rcl_interfaces/msg/ParameterEvent]
publisher node          : sweepi_api_bridge
subscriber node         : velocity_smoother
compatibility status    : OK
topic [type]            : /parameter_events [rcl_interfaces/msg/ParameterEvent]
publisher node          : sweepi_api_bridge
subscriber node         : collision_monitor
compatibility status    : OK
topic [type]            : /parameter_events [rcl_interfaces/msg/ParameterEvent]
publisher node          : _ros2cli_daemon_0_588e444e9c34406aa6bc7aebe7565a72
subscriber node         : docking_server
compatibility status    : OK
topic [type]            : /parameter_events [rcl_interfaces/msg/ParameterEvent]
publisher node          : _ros2cli_daemon_0_588e444e9c34406aa6bc7aebe7565a72
subscriber node         : lifecycle_manager_navigation
compatibility status    : OK
topic [type]            : /parameter_events [rcl_interfaces/msg/ParameterEvent]
publisher node          : _ros2cli_daemon_0_588e444e9c34406aa6bc7aebe7565a72
subscriber node         : slam_toolbox
compatibility status    : OK
topic [type]            : /parameter_events [rcl_interfaces/msg/ParameterEvent]
publisher node          : _ros2cli_daemon_0_588e444e9c34406aa6bc7aebe7565a72
subscriber node         : transform_listener_impl_aaaad89e7c20
compatibility status    : OK
topic [type]            : /parameter_events [rcl_interfaces/msg/ParameterEvent]
publisher node          : _ros2cli_daemon_0_588e444e9c34406aa6bc7aebe7565a72
subscriber node         : ekf_filter_node
compatibility status    : OK
topic [type]            : /parameter_events [rcl_interfaces/msg/ParameterEvent]
publisher node          : _ros2cli_daemon_0_588e444e9c34406aa6bc7aebe7565a72
subscriber node         : transform_listener_impl_aaab0e2c35d0
compatibility status    : OK
topic [type]            : /parameter_events [rcl_interfaces/msg/ParameterEvent]
publisher node          : _ros2cli_daemon_0_588e444e9c34406aa6bc7aebe7565a72
subscriber node         : sllidar_node
compatibility status    : OK
topic [type]            : /parameter_events [rcl_interfaces/msg/ParameterEvent]
publisher node          : _ros2cli_daemon_0_588e444e9c34406aa6bc7aebe7565a72
subscriber node         : robot_state_publisher
compatibility status    : OK
topic [type]            : /parameter_events [rcl_interfaces/msg/ParameterEvent]
publisher node          : _ros2cli_daemon_0_588e444e9c34406aa6bc7aebe7565a72
subscriber node         : robot_state_publisher
compatibility status    : OK
topic [type]            : /parameter_events [rcl_interfaces/msg/ParameterEvent]
publisher node          : _ros2cli_daemon_0_588e444e9c34406aa6bc7aebe7565a72
subscriber node         : rviz2
compatibility status    : OK
topic [type]            : /parameter_events [rcl_interfaces/msg/ParameterEvent]
publisher node          : _ros2cli_daemon_0_588e444e9c34406aa6bc7aebe7565a72
subscriber node         : transform_listener_impl_aaaaf7e17380
compatibility status    : OK
topic [type]            : /parameter_events [rcl_interfaces/msg/ParameterEvent]
publisher node          : _ros2cli_daemon_0_588e444e9c34406aa6bc7aebe7565a72
subscriber node         : controller_server
compatibility status    : OK
topic [type]            : /parameter_events [rcl_interfaces/msg/ParameterEvent]
publisher node          : _ros2cli_daemon_0_588e444e9c34406aa6bc7aebe7565a72
subscriber node         : local_costmap
compatibility status    : OK
topic [type]            : /parameter_events [rcl_interfaces/msg/ParameterEvent]
publisher node          : _ros2cli_daemon_0_588e444e9c34406aa6bc7aebe7565a72
subscriber node         : transform_listener_impl_ffff7c03b530
compatibility status    : OK
topic [type]            : /parameter_events [rcl_interfaces/msg/ParameterEvent]
publisher node          : _ros2cli_daemon_0_588e444e9c34406aa6bc7aebe7565a72
subscriber node         : smoother_server
compatibility status    : OK
topic [type]            : /parameter_events [rcl_interfaces/msg/ParameterEvent]
publisher node          : _ros2cli_daemon_0_588e444e9c34406aa6bc7aebe7565a72
subscriber node         : planner_server
compatibility status    : OK
topic [type]            : /parameter_events [rcl_interfaces/msg/ParameterEvent]
publisher node          : _ros2cli_daemon_0_588e444e9c34406aa6bc7aebe7565a72
subscriber node         : global_costmap
compatibility status    : OK
topic [type]            : /parameter_events [rcl_interfaces/msg/ParameterEvent]
publisher node          : _ros2cli_daemon_0_588e444e9c34406aa6bc7aebe7565a72
subscriber node         : transform_listener_impl_aaaaeff6a8d0
compatibility status    : OK
topic [type]            : /parameter_events [rcl_interfaces/msg/ParameterEvent]
publisher node          : _ros2cli_daemon_0_588e444e9c34406aa6bc7aebe7565a72
subscriber node         : route_server
compatibility status    : OK
topic [type]            : /parameter_events [rcl_interfaces/msg/ParameterEvent]
publisher node          : _ros2cli_daemon_0_588e444e9c34406aa6bc7aebe7565a72
subscriber node         : behavior_server
compatibility status    : OK
topic [type]            : /parameter_events [rcl_interfaces/msg/ParameterEvent]
publisher node          : _ros2cli_daemon_0_588e444e9c34406aa6bc7aebe7565a72
subscriber node         : bt_navigator
compatibility status    : OK
topic [type]            : /parameter_events [rcl_interfaces/msg/ParameterEvent]
publisher node          : _ros2cli_daemon_0_588e444e9c34406aa6bc7aebe7565a72
subscriber node         : bt_navigator_navigate_to_pose_rclcpp_node
compatibility status    : OK
topic [type]            : /parameter_events [rcl_interfaces/msg/ParameterEvent]
publisher node          : _ros2cli_daemon_0_588e444e9c34406aa6bc7aebe7565a72
subscriber node         : bt_navigator_navigate_through_poses_rclcpp_node
compatibility status    : OK
topic [type]            : /parameter_events [rcl_interfaces/msg/ParameterEvent]
publisher node          : _ros2cli_daemon_0_588e444e9c34406aa6bc7aebe7565a72
subscriber node         : waypoint_follower
compatibility status    : OK
topic [type]            : /parameter_events [rcl_interfaces/msg/ParameterEvent]
publisher node          : _ros2cli_daemon_0_588e444e9c34406aa6bc7aebe7565a72
subscriber node         : velocity_smoother
compatibility status    : OK
topic [type]            : /parameter_events [rcl_interfaces/msg/ParameterEvent]
publisher node          : _ros2cli_daemon_0_588e444e9c34406aa6bc7aebe7565a72
subscriber node         : collision_monitor
compatibility status    : OK
topic [type]            : /parameter_events [rcl_interfaces/msg/ParameterEvent]
publisher node          : teleop_twist_keyboard
subscriber node         : docking_server
compatibility status    : OK
topic [type]            : /parameter_events [rcl_interfaces/msg/ParameterEvent]
publisher node          : teleop_twist_keyboard
subscriber node         : lifecycle_manager_navigation
compatibility status    : OK
topic [type]            : /parameter_events [rcl_interfaces/msg/ParameterEvent]
publisher node          : teleop_twist_keyboard
subscriber node         : slam_toolbox
compatibility status    : OK
topic [type]            : /parameter_events [rcl_interfaces/msg/ParameterEvent]
publisher node          : teleop_twist_keyboard
subscriber node         : transform_listener_impl_aaaad89e7c20
compatibility status    : OK
topic [type]            : /parameter_events [rcl_interfaces/msg/ParameterEvent]
publisher node          : teleop_twist_keyboard
subscriber node         : ekf_filter_node
compatibility status    : OK
topic [type]            : /parameter_events [rcl_interfaces/msg/ParameterEvent]
publisher node          : teleop_twist_keyboard
subscriber node         : transform_listener_impl_aaab0e2c35d0
compatibility status    : OK
topic [type]            : /parameter_events [rcl_interfaces/msg/ParameterEvent]
publisher node          : teleop_twist_keyboard
subscriber node         : sllidar_node
compatibility status    : OK
topic [type]            : /parameter_events [rcl_interfaces/msg/ParameterEvent]
publisher node          : teleop_twist_keyboard
subscriber node         : robot_state_publisher
compatibility status    : OK
topic [type]            : /parameter_events [rcl_interfaces/msg/ParameterEvent]
publisher node          : teleop_twist_keyboard
subscriber node         : robot_state_publisher
compatibility status    : OK
topic [type]            : /parameter_events [rcl_interfaces/msg/ParameterEvent]
publisher node          : teleop_twist_keyboard
subscriber node         : rviz2
compatibility status    : OK
topic [type]            : /parameter_events [rcl_interfaces/msg/ParameterEvent]
publisher node          : teleop_twist_keyboard
subscriber node         : transform_listener_impl_aaaaf7e17380
compatibility status    : OK
topic [type]            : /parameter_events [rcl_interfaces/msg/ParameterEvent]
publisher node          : teleop_twist_keyboard
subscriber node         : controller_server
compatibility status    : OK
topic [type]            : /parameter_events [rcl_interfaces/msg/ParameterEvent]
publisher node          : teleop_twist_keyboard
subscriber node         : local_costmap
compatibility status    : OK
topic [type]            : /parameter_events [rcl_interfaces/msg/ParameterEvent]
publisher node          : teleop_twist_keyboard
subscriber node         : transform_listener_impl_ffff7c03b530
compatibility status    : OK
topic [type]            : /parameter_events [rcl_interfaces/msg/ParameterEvent]
publisher node          : teleop_twist_keyboard
subscriber node         : smoother_server
compatibility status    : OK
topic [type]            : /parameter_events [rcl_interfaces/msg/ParameterEvent]
publisher node          : teleop_twist_keyboard
subscriber node         : planner_server
compatibility status    : OK
topic [type]            : /parameter_events [rcl_interfaces/msg/ParameterEvent]
publisher node          : teleop_twist_keyboard
subscriber node         : global_costmap
compatibility status    : OK
topic [type]            : /parameter_events [rcl_interfaces/msg/ParameterEvent]
publisher node          : teleop_twist_keyboard
subscriber node         : transform_listener_impl_aaaaeff6a8d0
compatibility status    : OK
topic [type]            : /parameter_events [rcl_interfaces/msg/ParameterEvent]
publisher node          : teleop_twist_keyboard
subscriber node         : route_server
compatibility status    : OK
topic [type]            : /parameter_events [rcl_interfaces/msg/ParameterEvent]
publisher node          : teleop_twist_keyboard
subscriber node         : behavior_server
compatibility status    : OK
topic [type]            : /parameter_events [rcl_interfaces/msg/ParameterEvent]
publisher node          : teleop_twist_keyboard
subscriber node         : bt_navigator
compatibility status    : OK
topic [type]            : /parameter_events [rcl_interfaces/msg/ParameterEvent]
publisher node          : teleop_twist_keyboard
subscriber node         : bt_navigator_navigate_to_pose_rclcpp_node
compatibility status    : OK
topic [type]            : /parameter_events [rcl_interfaces/msg/ParameterEvent]
publisher node          : teleop_twist_keyboard
subscriber node         : bt_navigator_navigate_through_poses_rclcpp_node
compatibility status    : OK
topic [type]            : /parameter_events [rcl_interfaces/msg/ParameterEvent]
publisher node          : teleop_twist_keyboard
subscriber node         : waypoint_follower
compatibility status    : OK
topic [type]            : /parameter_events [rcl_interfaces/msg/ParameterEvent]
publisher node          : teleop_twist_keyboard
subscriber node         : velocity_smoother
compatibility status    : OK
topic [type]            : /parameter_events [rcl_interfaces/msg/ParameterEvent]
publisher node          : teleop_twist_keyboard
subscriber node         : collision_monitor
compatibility status    : OK
topic [type]            : /parameter_events [rcl_interfaces/msg/ParameterEvent]
publisher node          : launch_ros_4580
subscriber node         : docking_server
compatibility status    : OK
topic [type]            : /parameter_events [rcl_interfaces/msg/ParameterEvent]
publisher node          : launch_ros_4580
subscriber node         : lifecycle_manager_navigation
compatibility status    : OK
topic [type]            : /parameter_events [rcl_interfaces/msg/ParameterEvent]
publisher node          : launch_ros_4580
subscriber node         : slam_toolbox
compatibility status    : OK
topic [type]            : /parameter_events [rcl_interfaces/msg/ParameterEvent]
publisher node          : launch_ros_4580
subscriber node         : transform_listener_impl_aaaad89e7c20
compatibility status    : OK
topic [type]            : /parameter_events [rcl_interfaces/msg/ParameterEvent]
publisher node          : launch_ros_4580
subscriber node         : ekf_filter_node
compatibility status    : OK
topic [type]            : /parameter_events [rcl_interfaces/msg/ParameterEvent]
publisher node          : launch_ros_4580
subscriber node         : transform_listener_impl_aaab0e2c35d0
compatibility status    : OK
topic [type]            : /parameter_events [rcl_interfaces/msg/ParameterEvent]
publisher node          : launch_ros_4580
subscriber node         : sllidar_node
compatibility status    : OK
topic [type]            : /parameter_events [rcl_interfaces/msg/ParameterEvent]
publisher node          : launch_ros_4580
subscriber node         : robot_state_publisher
compatibility status    : OK
topic [type]            : /parameter_events [rcl_interfaces/msg/ParameterEvent]
publisher node          : launch_ros_4580
subscriber node         : robot_state_publisher
compatibility status    : OK
topic [type]            : /parameter_events [rcl_interfaces/msg/ParameterEvent]
publisher node          : launch_ros_4580
subscriber node         : rviz2
compatibility status    : OK
topic [type]            : /parameter_events [rcl_interfaces/msg/ParameterEvent]
publisher node          : launch_ros_4580
subscriber node         : transform_listener_impl_aaaaf7e17380
compatibility status    : OK
topic [type]            : /parameter_events [rcl_interfaces/msg/ParameterEvent]
publisher node          : launch_ros_4580
subscriber node         : controller_server
compatibility status    : OK
topic [type]            : /parameter_events [rcl_interfaces/msg/ParameterEvent]
publisher node          : launch_ros_4580
subscriber node         : local_costmap
compatibility status    : OK
topic [type]            : /parameter_events [rcl_interfaces/msg/ParameterEvent]
publisher node          : launch_ros_4580
subscriber node         : transform_listener_impl_ffff7c03b530
compatibility status    : OK
topic [type]            : /parameter_events [rcl_interfaces/msg/ParameterEvent]
publisher node          : launch_ros_4580
subscriber node         : smoother_server
compatibility status    : OK
topic [type]            : /parameter_events [rcl_interfaces/msg/ParameterEvent]
publisher node          : launch_ros_4580
subscriber node         : planner_server
compatibility status    : OK
topic [type]            : /parameter_events [rcl_interfaces/msg/ParameterEvent]
publisher node          : launch_ros_4580
subscriber node         : global_costmap
compatibility status    : OK
topic [type]            : /parameter_events [rcl_interfaces/msg/ParameterEvent]
publisher node          : launch_ros_4580
subscriber node         : transform_listener_impl_aaaaeff6a8d0
compatibility status    : OK
topic [type]            : /parameter_events [rcl_interfaces/msg/ParameterEvent]
publisher node          : launch_ros_4580
subscriber node         : route_server
compatibility status    : OK
topic [type]            : /parameter_events [rcl_interfaces/msg/ParameterEvent]
publisher node          : launch_ros_4580
subscriber node         : behavior_server
compatibility status    : OK
topic [type]            : /parameter_events [rcl_interfaces/msg/ParameterEvent]
publisher node          : launch_ros_4580
subscriber node         : bt_navigator
compatibility status    : OK
topic [type]            : /parameter_events [rcl_interfaces/msg/ParameterEvent]
publisher node          : launch_ros_4580
subscriber node         : bt_navigator_navigate_to_pose_rclcpp_node
compatibility status    : OK
topic [type]            : /parameter_events [rcl_interfaces/msg/ParameterEvent]
publisher node          : launch_ros_4580
subscriber node         : bt_navigator_navigate_through_poses_rclcpp_node
compatibility status    : OK
topic [type]            : /parameter_events [rcl_interfaces/msg/ParameterEvent]
publisher node          : launch_ros_4580
subscriber node         : waypoint_follower
compatibility status    : OK
topic [type]            : /parameter_events [rcl_interfaces/msg/ParameterEvent]
publisher node          : launch_ros_4580
subscriber node         : velocity_smoother
compatibility status    : OK
topic [type]            : /parameter_events [rcl_interfaces/msg/ParameterEvent]
publisher node          : launch_ros_4580
subscriber node         : collision_monitor
compatibility status    : OK
topic [type]            : /parameter_events [rcl_interfaces/msg/ParameterEvent]
publisher node          : controller_server
subscriber node         : docking_server
compatibility status    : OK
topic [type]            : /parameter_events [rcl_interfaces/msg/ParameterEvent]
publisher node          : controller_server
subscriber node         : lifecycle_manager_navigation
compatibility status    : OK
topic [type]            : /parameter_events [rcl_interfaces/msg/ParameterEvent]
publisher node          : controller_server
subscriber node         : slam_toolbox
compatibility status    : OK
topic [type]            : /parameter_events [rcl_interfaces/msg/ParameterEvent]
publisher node          : controller_server
subscriber node         : transform_listener_impl_aaaad89e7c20
compatibility status    : OK
topic [type]            : /parameter_events [rcl_interfaces/msg/ParameterEvent]
publisher node          : controller_server
subscriber node         : ekf_filter_node
compatibility status    : OK
topic [type]            : /parameter_events [rcl_interfaces/msg/ParameterEvent]
publisher node          : controller_server
subscriber node         : transform_listener_impl_aaab0e2c35d0
compatibility status    : OK
topic [type]            : /parameter_events [rcl_interfaces/msg/ParameterEvent]
publisher node          : controller_server
subscriber node         : sllidar_node
compatibility status    : OK
topic [type]            : /parameter_events [rcl_interfaces/msg/ParameterEvent]
publisher node          : controller_server
subscriber node         : robot_state_publisher
compatibility status    : OK
topic [type]            : /parameter_events [rcl_interfaces/msg/ParameterEvent]
publisher node          : controller_server
subscriber node         : robot_state_publisher
compatibility status    : OK
topic [type]            : /parameter_events [rcl_interfaces/msg/ParameterEvent]
publisher node          : controller_server
subscriber node         : rviz2
compatibility status    : OK
topic [type]            : /parameter_events [rcl_interfaces/msg/ParameterEvent]
publisher node          : controller_server
subscriber node         : transform_listener_impl_aaaaf7e17380
compatibility status    : OK
topic [type]            : /parameter_events [rcl_interfaces/msg/ParameterEvent]
publisher node          : controller_server
subscriber node         : controller_server
compatibility status    : OK
topic [type]            : /parameter_events [rcl_interfaces/msg/ParameterEvent]
publisher node          : controller_server
subscriber node         : local_costmap
compatibility status    : OK
topic [type]            : /parameter_events [rcl_interfaces/msg/ParameterEvent]
publisher node          : controller_server
subscriber node         : transform_listener_impl_ffff7c03b530
compatibility status    : OK
topic [type]            : /parameter_events [rcl_interfaces/msg/ParameterEvent]
publisher node          : controller_server
subscriber node         : smoother_server
compatibility status    : OK
topic [type]            : /parameter_events [rcl_interfaces/msg/ParameterEvent]
publisher node          : controller_server
subscriber node         : planner_server
compatibility status    : OK
topic [type]            : /parameter_events [rcl_interfaces/msg/ParameterEvent]
publisher node          : controller_server
subscriber node         : global_costmap
compatibility status    : OK
topic [type]            : /parameter_events [rcl_interfaces/msg/ParameterEvent]
publisher node          : controller_server
subscriber node         : transform_listener_impl_aaaaeff6a8d0
compatibility status    : OK
topic [type]            : /parameter_events [rcl_interfaces/msg/ParameterEvent]
publisher node          : controller_server
subscriber node         : route_server
compatibility status    : OK
topic [type]            : /parameter_events [rcl_interfaces/msg/ParameterEvent]
publisher node          : controller_server
subscriber node         : behavior_server
compatibility status    : OK
topic [type]            : /parameter_events [rcl_interfaces/msg/ParameterEvent]
publisher node          : controller_server
subscriber node         : bt_navigator
compatibility status    : OK
topic [type]            : /parameter_events [rcl_interfaces/msg/ParameterEvent]
publisher node          : controller_server
subscriber node         : bt_navigator_navigate_to_pose_rclcpp_node
compatibility status    : OK
topic [type]            : /parameter_events [rcl_interfaces/msg/ParameterEvent]
publisher node          : controller_server
subscriber node         : bt_navigator_navigate_through_poses_rclcpp_node
compatibility status    : OK
topic [type]            : /parameter_events [rcl_interfaces/msg/ParameterEvent]
publisher node          : controller_server
subscriber node         : waypoint_follower
compatibility status    : OK
topic [type]            : /parameter_events [rcl_interfaces/msg/ParameterEvent]
publisher node          : controller_server
subscriber node         : velocity_smoother
compatibility status    : OK
topic [type]            : /parameter_events [rcl_interfaces/msg/ParameterEvent]
publisher node          : controller_server
subscriber node         : collision_monitor
compatibility status    : OK
topic [type]            : /parameter_events [rcl_interfaces/msg/ParameterEvent]
publisher node          : local_costmap
subscriber node         : docking_server
compatibility status    : OK
topic [type]            : /parameter_events [rcl_interfaces/msg/ParameterEvent]
publisher node          : local_costmap
subscriber node         : lifecycle_manager_navigation
compatibility status    : OK
topic [type]            : /parameter_events [rcl_interfaces/msg/ParameterEvent]
publisher node          : local_costmap
subscriber node         : slam_toolbox
compatibility status    : OK
topic [type]            : /parameter_events [rcl_interfaces/msg/ParameterEvent]
publisher node          : local_costmap
subscriber node         : transform_listener_impl_aaaad89e7c20
compatibility status    : OK
topic [type]            : /parameter_events [rcl_interfaces/msg/ParameterEvent]
publisher node          : local_costmap
subscriber node         : ekf_filter_node
compatibility status    : OK
topic [type]            : /parameter_events [rcl_interfaces/msg/ParameterEvent]
publisher node          : local_costmap
subscriber node         : transform_listener_impl_aaab0e2c35d0
compatibility status    : OK
topic [type]            : /parameter_events [rcl_interfaces/msg/ParameterEvent]
publisher node          : local_costmap
subscriber node         : sllidar_node
compatibility status    : OK
topic [type]            : /parameter_events [rcl_interfaces/msg/ParameterEvent]
publisher node          : local_costmap
subscriber node         : robot_state_publisher
compatibility status    : OK
topic [type]            : /parameter_events [rcl_interfaces/msg/ParameterEvent]
publisher node          : local_costmap
subscriber node         : robot_state_publisher
compatibility status    : OK
topic [type]            : /parameter_events [rcl_interfaces/msg/ParameterEvent]
publisher node          : local_costmap
subscriber node         : rviz2
compatibility status    : OK
topic [type]            : /parameter_events [rcl_interfaces/msg/ParameterEvent]
publisher node          : local_costmap
subscriber node         : transform_listener_impl_aaaaf7e17380
compatibility status    : OK
topic [type]            : /parameter_events [rcl_interfaces/msg/ParameterEvent]
publisher node          : local_costmap
subscriber node         : controller_server
compatibility status    : OK
topic [type]            : /parameter_events [rcl_interfaces/msg/ParameterEvent]
publisher node          : local_costmap
subscriber node         : local_costmap
compatibility status    : OK
topic [type]            : /parameter_events [rcl_interfaces/msg/ParameterEvent]
publisher node          : local_costmap
subscriber node         : transform_listener_impl_ffff7c03b530
compatibility status    : OK
topic [type]            : /parameter_events [rcl_interfaces/msg/ParameterEvent]
publisher node          : local_costmap
subscriber node         : smoother_server
compatibility status    : OK
topic [type]            : /parameter_events [rcl_interfaces/msg/ParameterEvent]
publisher node          : local_costmap
subscriber node         : planner_server
compatibility status    : OK
topic [type]            : /parameter_events [rcl_interfaces/msg/ParameterEvent]
publisher node          : local_costmap
subscriber node         : global_costmap
compatibility status    : OK
topic [type]            : /parameter_events [rcl_interfaces/msg/ParameterEvent]
publisher node          : local_costmap
subscriber node         : transform_listener_impl_aaaaeff6a8d0
compatibility status    : OK
topic [type]            : /parameter_events [rcl_interfaces/msg/ParameterEvent]
publisher node          : local_costmap
subscriber node         : route_server
compatibility status    : OK
topic [type]            : /parameter_events [rcl_interfaces/msg/ParameterEvent]
publisher node          : local_costmap
subscriber node         : behavior_server
compatibility status    : OK
topic [type]            : /parameter_events [rcl_interfaces/msg/ParameterEvent]
publisher node          : local_costmap
subscriber node         : bt_navigator
compatibility status    : OK
topic [type]            : /parameter_events [rcl_interfaces/msg/ParameterEvent]
publisher node          : local_costmap
subscriber node         : bt_navigator_navigate_to_pose_rclcpp_node
compatibility status    : OK
topic [type]            : /parameter_events [rcl_interfaces/msg/ParameterEvent]
publisher node          : local_costmap
subscriber node         : bt_navigator_navigate_through_poses_rclcpp_node
compatibility status    : OK
topic [type]            : /parameter_events [rcl_interfaces/msg/ParameterEvent]
publisher node          : local_costmap
subscriber node         : waypoint_follower
compatibility status    : OK
topic [type]            : /parameter_events [rcl_interfaces/msg/ParameterEvent]
publisher node          : local_costmap
subscriber node         : velocity_smoother
compatibility status    : OK
topic [type]            : /parameter_events [rcl_interfaces/msg/ParameterEvent]
publisher node          : local_costmap
subscriber node         : collision_monitor
compatibility status    : OK
topic [type]            : /parameter_events [rcl_interfaces/msg/ParameterEvent]
publisher node          : smoother_server
subscriber node         : docking_server
compatibility status    : OK
topic [type]            : /parameter_events [rcl_interfaces/msg/ParameterEvent]
publisher node          : smoother_server
subscriber node         : lifecycle_manager_navigation
compatibility status    : OK
topic [type]            : /parameter_events [rcl_interfaces/msg/ParameterEvent]
publisher node          : smoother_server
subscriber node         : slam_toolbox
compatibility status    : OK
topic [type]            : /parameter_events [rcl_interfaces/msg/ParameterEvent]
publisher node          : smoother_server
subscriber node         : transform_listener_impl_aaaad89e7c20
compatibility status    : OK
topic [type]            : /parameter_events [rcl_interfaces/msg/ParameterEvent]
publisher node          : smoother_server
subscriber node         : ekf_filter_node
compatibility status    : OK
topic [type]            : /parameter_events [rcl_interfaces/msg/ParameterEvent]
publisher node          : smoother_server
subscriber node         : transform_listener_impl_aaab0e2c35d0
compatibility status    : OK
topic [type]            : /parameter_events [rcl_interfaces/msg/ParameterEvent]
publisher node          : smoother_server
subscriber node         : sllidar_node
compatibility status    : OK
topic [type]            : /parameter_events [rcl_interfaces/msg/ParameterEvent]
publisher node          : smoother_server
subscriber node         : robot_state_publisher
compatibility status    : OK
topic [type]            : /parameter_events [rcl_interfaces/msg/ParameterEvent]
publisher node          : smoother_server
subscriber node         : robot_state_publisher
compatibility status    : OK
topic [type]            : /parameter_events [rcl_interfaces/msg/ParameterEvent]
publisher node          : smoother_server
subscriber node         : rviz2
compatibility status    : OK
topic [type]            : /parameter_events [rcl_interfaces/msg/ParameterEvent]
publisher node          : smoother_server
subscriber node         : transform_listener_impl_aaaaf7e17380
compatibility status    : OK
topic [type]            : /parameter_events [rcl_interfaces/msg/ParameterEvent]
publisher node          : smoother_server
subscriber node         : controller_server
compatibility status    : OK
topic [type]            : /parameter_events [rcl_interfaces/msg/ParameterEvent]
publisher node          : smoother_server
subscriber node         : local_costmap
compatibility status    : OK
topic [type]            : /parameter_events [rcl_interfaces/msg/ParameterEvent]
publisher node          : smoother_server
subscriber node         : transform_listener_impl_ffff7c03b530
compatibility status    : OK
topic [type]            : /parameter_events [rcl_interfaces/msg/ParameterEvent]
publisher node          : smoother_server
subscriber node         : smoother_server
compatibility status    : OK
topic [type]            : /parameter_events [rcl_interfaces/msg/ParameterEvent]
publisher node          : smoother_server
subscriber node         : planner_server
compatibility status    : OK
topic [type]            : /parameter_events [rcl_interfaces/msg/ParameterEvent]
publisher node          : smoother_server
subscriber node         : global_costmap
compatibility status    : OK
topic [type]            : /parameter_events [rcl_interfaces/msg/ParameterEvent]
publisher node          : smoother_server
subscriber node         : transform_listener_impl_aaaaeff6a8d0
compatibility status    : OK
topic [type]            : /parameter_events [rcl_interfaces/msg/ParameterEvent]
publisher node          : smoother_server
subscriber node         : route_server
compatibility status    : OK
topic [type]            : /parameter_events [rcl_interfaces/msg/ParameterEvent]
publisher node          : smoother_server
subscriber node         : behavior_server
compatibility status    : OK
topic [type]            : /parameter_events [rcl_interfaces/msg/ParameterEvent]
publisher node          : smoother_server
subscriber node         : bt_navigator
compatibility status    : OK
topic [type]            : /parameter_events [rcl_interfaces/msg/ParameterEvent]
publisher node          : smoother_server
subscriber node         : bt_navigator_navigate_to_pose_rclcpp_node
compatibility status    : OK
topic [type]            : /parameter_events [rcl_interfaces/msg/ParameterEvent]
publisher node          : smoother_server
subscriber node         : bt_navigator_navigate_through_poses_rclcpp_node
compatibility status    : OK
topic [type]            : /parameter_events [rcl_interfaces/msg/ParameterEvent]
publisher node          : smoother_server
subscriber node         : waypoint_follower
compatibility status    : OK
topic [type]            : /parameter_events [rcl_interfaces/msg/ParameterEvent]
publisher node          : smoother_server
subscriber node         : velocity_smoother
compatibility status    : OK
topic [type]            : /parameter_events [rcl_interfaces/msg/ParameterEvent]
publisher node          : smoother_server
subscriber node         : collision_monitor
compatibility status    : OK
topic [type]            : /parameter_events [rcl_interfaces/msg/ParameterEvent]
publisher node          : planner_server
subscriber node         : docking_server
compatibility status    : OK
topic [type]            : /parameter_events [rcl_interfaces/msg/ParameterEvent]
publisher node          : planner_server
subscriber node         : lifecycle_manager_navigation
compatibility status    : OK
topic [type]            : /parameter_events [rcl_interfaces/msg/ParameterEvent]
publisher node          : planner_server
subscriber node         : slam_toolbox
compatibility status    : OK
topic [type]            : /parameter_events [rcl_interfaces/msg/ParameterEvent]
publisher node          : planner_server
subscriber node         : transform_listener_impl_aaaad89e7c20
compatibility status    : OK
topic [type]            : /parameter_events [rcl_interfaces/msg/ParameterEvent]
publisher node          : planner_server
subscriber node         : ekf_filter_node
compatibility status    : OK
topic [type]            : /parameter_events [rcl_interfaces/msg/ParameterEvent]
publisher node          : planner_server
subscriber node         : transform_listener_impl_aaab0e2c35d0
compatibility status    : OK
topic [type]            : /parameter_events [rcl_interfaces/msg/ParameterEvent]
publisher node          : planner_server
subscriber node         : sllidar_node
compatibility status    : OK
topic [type]            : /parameter_events [rcl_interfaces/msg/ParameterEvent]
publisher node          : planner_server
subscriber node         : robot_state_publisher
compatibility status    : OK
topic [type]            : /parameter_events [rcl_interfaces/msg/ParameterEvent]
publisher node          : planner_server
subscriber node         : robot_state_publisher
compatibility status    : OK
topic [type]            : /parameter_events [rcl_interfaces/msg/ParameterEvent]
publisher node          : planner_server
subscriber node         : rviz2
compatibility status    : OK
topic [type]            : /parameter_events [rcl_interfaces/msg/ParameterEvent]
publisher node          : planner_server
subscriber node         : transform_listener_impl_aaaaf7e17380
compatibility status    : OK
topic [type]            : /parameter_events [rcl_interfaces/msg/ParameterEvent]
publisher node          : planner_server
subscriber node         : controller_server
compatibility status    : OK
topic [type]            : /parameter_events [rcl_interfaces/msg/ParameterEvent]
publisher node          : planner_server
subscriber node         : local_costmap
compatibility status    : OK
topic [type]            : /parameter_events [rcl_interfaces/msg/ParameterEvent]
publisher node          : planner_server
subscriber node         : transform_listener_impl_ffff7c03b530
compatibility status    : OK
topic [type]            : /parameter_events [rcl_interfaces/msg/ParameterEvent]
publisher node          : planner_server
subscriber node         : smoother_server
compatibility status    : OK
topic [type]            : /parameter_events [rcl_interfaces/msg/ParameterEvent]
publisher node          : planner_server
subscriber node         : planner_server
compatibility status    : OK
topic [type]            : /parameter_events [rcl_interfaces/msg/ParameterEvent]
publisher node          : planner_server
subscriber node         : global_costmap
compatibility status    : OK
topic [type]            : /parameter_events [rcl_interfaces/msg/ParameterEvent]
publisher node          : planner_server
subscriber node         : transform_listener_impl_aaaaeff6a8d0
compatibility status    : OK
topic [type]            : /parameter_events [rcl_interfaces/msg/ParameterEvent]
publisher node          : planner_server
subscriber node         : route_server
compatibility status    : OK
topic [type]            : /parameter_events [rcl_interfaces/msg/ParameterEvent]
publisher node          : planner_server
subscriber node         : behavior_server
compatibility status    : OK
topic [type]            : /parameter_events [rcl_interfaces/msg/ParameterEvent]
publisher node          : planner_server
subscriber node         : bt_navigator
compatibility status    : OK
topic [type]            : /parameter_events [rcl_interfaces/msg/ParameterEvent]
publisher node          : planner_server
subscriber node         : bt_navigator_navigate_to_pose_rclcpp_node
compatibility status    : OK
topic [type]            : /parameter_events [rcl_interfaces/msg/ParameterEvent]
publisher node          : planner_server
subscriber node         : bt_navigator_navigate_through_poses_rclcpp_node
compatibility status    : OK
topic [type]            : /parameter_events [rcl_interfaces/msg/ParameterEvent]
publisher node          : planner_server
subscriber node         : waypoint_follower
compatibility status    : OK
topic [type]            : /parameter_events [rcl_interfaces/msg/ParameterEvent]
publisher node          : planner_server
subscriber node         : velocity_smoother
compatibility status    : OK
topic [type]            : /parameter_events [rcl_interfaces/msg/ParameterEvent]
publisher node          : planner_server
subscriber node         : collision_monitor
compatibility status    : OK
topic [type]            : /parameter_events [rcl_interfaces/msg/ParameterEvent]
publisher node          : global_costmap
subscriber node         : docking_server
compatibility status    : OK
topic [type]            : /parameter_events [rcl_interfaces/msg/ParameterEvent]
publisher node          : global_costmap
subscriber node         : lifecycle_manager_navigation
compatibility status    : OK
topic [type]            : /parameter_events [rcl_interfaces/msg/ParameterEvent]
publisher node          : global_costmap
subscriber node         : slam_toolbox
compatibility status    : OK
topic [type]            : /parameter_events [rcl_interfaces/msg/ParameterEvent]
publisher node          : global_costmap
subscriber node         : transform_listener_impl_aaaad89e7c20
compatibility status    : OK
topic [type]            : /parameter_events [rcl_interfaces/msg/ParameterEvent]
publisher node          : global_costmap
subscriber node         : ekf_filter_node
compatibility status    : OK
topic [type]            : /parameter_events [rcl_interfaces/msg/ParameterEvent]
publisher node          : global_costmap
subscriber node         : transform_listener_impl_aaab0e2c35d0
compatibility status    : OK
topic [type]            : /parameter_events [rcl_interfaces/msg/ParameterEvent]
publisher node          : global_costmap
subscriber node         : sllidar_node
compatibility status    : OK
topic [type]            : /parameter_events [rcl_interfaces/msg/ParameterEvent]
publisher node          : global_costmap
subscriber node         : robot_state_publisher
compatibility status    : OK
topic [type]            : /parameter_events [rcl_interfaces/msg/ParameterEvent]
publisher node          : global_costmap
subscriber node         : robot_state_publisher
compatibility status    : OK
topic [type]            : /parameter_events [rcl_interfaces/msg/ParameterEvent]
publisher node          : global_costmap
subscriber node         : rviz2
compatibility status    : OK
topic [type]            : /parameter_events [rcl_interfaces/msg/ParameterEvent]
publisher node          : global_costmap
subscriber node         : transform_listener_impl_aaaaf7e17380
compatibility status    : OK
topic [type]            : /parameter_events [rcl_interfaces/msg/ParameterEvent]
publisher node          : global_costmap
subscriber node         : controller_server
compatibility status    : OK
topic [type]            : /parameter_events [rcl_interfaces/msg/ParameterEvent]
publisher node          : global_costmap
subscriber node         : local_costmap
compatibility status    : OK
topic [type]            : /parameter_events [rcl_interfaces/msg/ParameterEvent]
publisher node          : global_costmap
subscriber node         : transform_listener_impl_ffff7c03b530
compatibility status    : OK
topic [type]            : /parameter_events [rcl_interfaces/msg/ParameterEvent]
publisher node          : global_costmap
subscriber node         : smoother_server
compatibility status    : OK
topic [type]            : /parameter_events [rcl_interfaces/msg/ParameterEvent]
publisher node          : global_costmap
subscriber node         : planner_server
compatibility status    : OK
topic [type]            : /parameter_events [rcl_interfaces/msg/ParameterEvent]
publisher node          : global_costmap
subscriber node         : global_costmap
compatibility status    : OK
topic [type]            : /parameter_events [rcl_interfaces/msg/ParameterEvent]
publisher node          : global_costmap
subscriber node         : transform_listener_impl_aaaaeff6a8d0
compatibility status    : OK
topic [type]            : /parameter_events [rcl_interfaces/msg/ParameterEvent]
publisher node          : global_costmap
subscriber node         : route_server
compatibility status    : OK
topic [type]            : /parameter_events [rcl_interfaces/msg/ParameterEvent]
publisher node          : global_costmap
subscriber node         : behavior_server
compatibility status    : OK
topic [type]            : /parameter_events [rcl_interfaces/msg/ParameterEvent]
publisher node          : global_costmap
subscriber node         : bt_navigator
compatibility status    : OK
topic [type]            : /parameter_events [rcl_interfaces/msg/ParameterEvent]
publisher node          : global_costmap
subscriber node         : bt_navigator_navigate_to_pose_rclcpp_node
compatibility status    : OK
topic [type]            : /parameter_events [rcl_interfaces/msg/ParameterEvent]
publisher node          : global_costmap
subscriber node         : bt_navigator_navigate_through_poses_rclcpp_node
compatibility status    : OK
topic [type]            : /parameter_events [rcl_interfaces/msg/ParameterEvent]
publisher node          : global_costmap
subscriber node         : waypoint_follower
compatibility status    : OK
topic [type]            : /parameter_events [rcl_interfaces/msg/ParameterEvent]
publisher node          : global_costmap
subscriber node         : velocity_smoother
compatibility status    : OK
topic [type]            : /parameter_events [rcl_interfaces/msg/ParameterEvent]
publisher node          : global_costmap
subscriber node         : collision_monitor
compatibility status    : OK
topic [type]            : /parameter_events [rcl_interfaces/msg/ParameterEvent]
publisher node          : route_server
subscriber node         : docking_server
compatibility status    : OK
topic [type]            : /parameter_events [rcl_interfaces/msg/ParameterEvent]
publisher node          : route_server
subscriber node         : lifecycle_manager_navigation
compatibility status    : OK
topic [type]            : /parameter_events [rcl_interfaces/msg/ParameterEvent]
publisher node          : route_server
subscriber node         : slam_toolbox
compatibility status    : OK
topic [type]            : /parameter_events [rcl_interfaces/msg/ParameterEvent]
publisher node          : route_server
subscriber node         : transform_listener_impl_aaaad89e7c20
compatibility status    : OK
topic [type]            : /parameter_events [rcl_interfaces/msg/ParameterEvent]
publisher node          : route_server
subscriber node         : ekf_filter_node
compatibility status    : OK
topic [type]            : /parameter_events [rcl_interfaces/msg/ParameterEvent]
publisher node          : route_server
subscriber node         : transform_listener_impl_aaab0e2c35d0
compatibility status    : OK
topic [type]            : /parameter_events [rcl_interfaces/msg/ParameterEvent]
publisher node          : route_server
subscriber node         : sllidar_node
compatibility status    : OK
topic [type]            : /parameter_events [rcl_interfaces/msg/ParameterEvent]
publisher node          : route_server
subscriber node         : robot_state_publisher
compatibility status    : OK
topic [type]            : /parameter_events [rcl_interfaces/msg/ParameterEvent]
publisher node          : route_server
subscriber node         : robot_state_publisher
compatibility status    : OK
topic [type]            : /parameter_events [rcl_interfaces/msg/ParameterEvent]
publisher node          : route_server
subscriber node         : rviz2
compatibility status    : OK
topic [type]            : /parameter_events [rcl_interfaces/msg/ParameterEvent]
publisher node          : route_server
subscriber node         : transform_listener_impl_aaaaf7e17380
compatibility status    : OK
topic [type]            : /parameter_events [rcl_interfaces/msg/ParameterEvent]
publisher node          : route_server
subscriber node         : controller_server
compatibility status    : OK
topic [type]            : /parameter_events [rcl_interfaces/msg/ParameterEvent]
publisher node          : route_server
subscriber node         : local_costmap
compatibility status    : OK
topic [type]            : /parameter_events [rcl_interfaces/msg/ParameterEvent]
publisher node          : route_server
subscriber node         : transform_listener_impl_ffff7c03b530
compatibility status    : OK
topic [type]            : /parameter_events [rcl_interfaces/msg/ParameterEvent]
publisher node          : route_server
subscriber node         : smoother_server
compatibility status    : OK
topic [type]            : /parameter_events [rcl_interfaces/msg/ParameterEvent]
publisher node          : route_server
subscriber node         : planner_server
compatibility status    : OK
topic [type]            : /parameter_events [rcl_interfaces/msg/ParameterEvent]
publisher node          : route_server
subscriber node         : global_costmap
compatibility status    : OK
topic [type]            : /parameter_events [rcl_interfaces/msg/ParameterEvent]
publisher node          : route_server
subscriber node         : transform_listener_impl_aaaaeff6a8d0
compatibility status    : OK
topic [type]            : /parameter_events [rcl_interfaces/msg/ParameterEvent]
publisher node          : route_server
subscriber node         : route_server
compatibility status    : OK
topic [type]            : /parameter_events [rcl_interfaces/msg/ParameterEvent]
publisher node          : route_server
subscriber node         : behavior_server
compatibility status    : OK
topic [type]            : /parameter_events [rcl_interfaces/msg/ParameterEvent]
publisher node          : route_server
subscriber node         : bt_navigator
compatibility status    : OK
topic [type]            : /parameter_events [rcl_interfaces/msg/ParameterEvent]
publisher node          : route_server
subscriber node         : bt_navigator_navigate_to_pose_rclcpp_node
compatibility status    : OK
topic [type]            : /parameter_events [rcl_interfaces/msg/ParameterEvent]
publisher node          : route_server
subscriber node         : bt_navigator_navigate_through_poses_rclcpp_node
compatibility status    : OK
topic [type]            : /parameter_events [rcl_interfaces/msg/ParameterEvent]
publisher node          : route_server
subscriber node         : waypoint_follower
compatibility status    : OK
topic [type]            : /parameter_events [rcl_interfaces/msg/ParameterEvent]
publisher node          : route_server
subscriber node         : velocity_smoother
compatibility status    : OK
topic [type]            : /parameter_events [rcl_interfaces/msg/ParameterEvent]
publisher node          : route_server
subscriber node         : collision_monitor
compatibility status    : OK
topic [type]            : /parameter_events [rcl_interfaces/msg/ParameterEvent]
publisher node          : behavior_server
subscriber node         : docking_server
compatibility status    : OK
topic [type]            : /parameter_events [rcl_interfaces/msg/ParameterEvent]
publisher node          : behavior_server
subscriber node         : lifecycle_manager_navigation
compatibility status    : OK
topic [type]            : /parameter_events [rcl_interfaces/msg/ParameterEvent]
publisher node          : behavior_server
subscriber node         : slam_toolbox
compatibility status    : OK
topic [type]            : /parameter_events [rcl_interfaces/msg/ParameterEvent]
publisher node          : behavior_server
subscriber node         : transform_listener_impl_aaaad89e7c20
compatibility status    : OK
topic [type]            : /parameter_events [rcl_interfaces/msg/ParameterEvent]
publisher node          : behavior_server
subscriber node         : ekf_filter_node
compatibility status    : OK
topic [type]            : /parameter_events [rcl_interfaces/msg/ParameterEvent]
publisher node          : behavior_server
subscriber node         : transform_listener_impl_aaab0e2c35d0
compatibility status    : OK
topic [type]            : /parameter_events [rcl_interfaces/msg/ParameterEvent]
publisher node          : behavior_server
subscriber node         : sllidar_node
compatibility status    : OK
topic [type]            : /parameter_events [rcl_interfaces/msg/ParameterEvent]
publisher node          : behavior_server
subscriber node         : robot_state_publisher
compatibility status    : OK
topic [type]            : /parameter_events [rcl_interfaces/msg/ParameterEvent]
publisher node          : behavior_server
subscriber node         : robot_state_publisher
compatibility status    : OK
topic [type]            : /parameter_events [rcl_interfaces/msg/ParameterEvent]
publisher node          : behavior_server
subscriber node         : rviz2
compatibility status    : OK
topic [type]            : /parameter_events [rcl_interfaces/msg/ParameterEvent]
publisher node          : behavior_server
subscriber node         : transform_listener_impl_aaaaf7e17380
compatibility status    : OK
topic [type]            : /parameter_events [rcl_interfaces/msg/ParameterEvent]
publisher node          : behavior_server
subscriber node         : controller_server
compatibility status    : OK
topic [type]            : /parameter_events [rcl_interfaces/msg/ParameterEvent]
publisher node          : behavior_server
subscriber node         : local_costmap
compatibility status    : OK
topic [type]            : /parameter_events [rcl_interfaces/msg/ParameterEvent]
publisher node          : behavior_server
subscriber node         : transform_listener_impl_ffff7c03b530
compatibility status    : OK
topic [type]            : /parameter_events [rcl_interfaces/msg/ParameterEvent]
publisher node          : behavior_server
subscriber node         : smoother_server
compatibility status    : OK
topic [type]            : /parameter_events [rcl_interfaces/msg/ParameterEvent]
publisher node          : behavior_server
subscriber node         : planner_server
compatibility status    : OK
topic [type]            : /parameter_events [rcl_interfaces/msg/ParameterEvent]
publisher node          : behavior_server
subscriber node         : global_costmap
compatibility status    : OK
topic [type]            : /parameter_events [rcl_interfaces/msg/ParameterEvent]
publisher node          : behavior_server
subscriber node         : transform_listener_impl_aaaaeff6a8d0
compatibility status    : OK
topic [type]            : /parameter_events [rcl_interfaces/msg/ParameterEvent]
publisher node          : behavior_server
subscriber node         : route_server
compatibility status    : OK
topic [type]            : /parameter_events [rcl_interfaces/msg/ParameterEvent]
publisher node          : behavior_server
subscriber node         : behavior_server
compatibility status    : OK
topic [type]            : /parameter_events [rcl_interfaces/msg/ParameterEvent]
publisher node          : behavior_server
subscriber node         : bt_navigator
compatibility status    : OK
topic [type]            : /parameter_events [rcl_interfaces/msg/ParameterEvent]
publisher node          : behavior_server
subscriber node         : bt_navigator_navigate_to_pose_rclcpp_node
compatibility status    : OK
topic [type]            : /parameter_events [rcl_interfaces/msg/ParameterEvent]
publisher node          : behavior_server
subscriber node         : bt_navigator_navigate_through_poses_rclcpp_node
compatibility status    : OK
topic [type]            : /parameter_events [rcl_interfaces/msg/ParameterEvent]
publisher node          : behavior_server
subscriber node         : waypoint_follower
compatibility status    : OK
topic [type]            : /parameter_events [rcl_interfaces/msg/ParameterEvent]
publisher node          : behavior_server
subscriber node         : velocity_smoother
compatibility status    : OK
topic [type]            : /parameter_events [rcl_interfaces/msg/ParameterEvent]
publisher node          : behavior_server
subscriber node         : collision_monitor
compatibility status    : OK
topic [type]            : /parameter_events [rcl_interfaces/msg/ParameterEvent]
publisher node          : bt_navigator
subscriber node         : docking_server
compatibility status    : OK
topic [type]            : /parameter_events [rcl_interfaces/msg/ParameterEvent]
publisher node          : bt_navigator
subscriber node         : lifecycle_manager_navigation
compatibility status    : OK
topic [type]            : /parameter_events [rcl_interfaces/msg/ParameterEvent]
publisher node          : bt_navigator
subscriber node         : slam_toolbox
compatibility status    : OK
topic [type]            : /parameter_events [rcl_interfaces/msg/ParameterEvent]
publisher node          : bt_navigator
subscriber node         : transform_listener_impl_aaaad89e7c20
compatibility status    : OK
topic [type]            : /parameter_events [rcl_interfaces/msg/ParameterEvent]
publisher node          : bt_navigator
subscriber node         : ekf_filter_node
compatibility status    : OK
topic [type]            : /parameter_events [rcl_interfaces/msg/ParameterEvent]
publisher node          : bt_navigator
subscriber node         : transform_listener_impl_aaab0e2c35d0
compatibility status    : OK
topic [type]            : /parameter_events [rcl_interfaces/msg/ParameterEvent]
publisher node          : bt_navigator
subscriber node         : sllidar_node
compatibility status    : OK
topic [type]            : /parameter_events [rcl_interfaces/msg/ParameterEvent]
publisher node          : bt_navigator
subscriber node         : robot_state_publisher
compatibility status    : OK
topic [type]            : /parameter_events [rcl_interfaces/msg/ParameterEvent]
publisher node          : bt_navigator
subscriber node         : robot_state_publisher
compatibility status    : OK
topic [type]            : /parameter_events [rcl_interfaces/msg/ParameterEvent]
publisher node          : bt_navigator
subscriber node         : rviz2
compatibility status    : OK
topic [type]            : /parameter_events [rcl_interfaces/msg/ParameterEvent]
publisher node          : bt_navigator
subscriber node         : transform_listener_impl_aaaaf7e17380
compatibility status    : OK
topic [type]            : /parameter_events [rcl_interfaces/msg/ParameterEvent]
publisher node          : bt_navigator
subscriber node         : controller_server
compatibility status    : OK
topic [type]            : /parameter_events [rcl_interfaces/msg/ParameterEvent]
publisher node          : bt_navigator
subscriber node         : local_costmap
compatibility status    : OK
topic [type]            : /parameter_events [rcl_interfaces/msg/ParameterEvent]
publisher node          : bt_navigator
subscriber node         : transform_listener_impl_ffff7c03b530
compatibility status    : OK
topic [type]            : /parameter_events [rcl_interfaces/msg/ParameterEvent]
publisher node          : bt_navigator
subscriber node         : smoother_server
compatibility status    : OK
topic [type]            : /parameter_events [rcl_interfaces/msg/ParameterEvent]
publisher node          : bt_navigator
subscriber node         : planner_server
compatibility status    : OK
topic [type]            : /parameter_events [rcl_interfaces/msg/ParameterEvent]
publisher node          : bt_navigator
subscriber node         : global_costmap
compatibility status    : OK
topic [type]            : /parameter_events [rcl_interfaces/msg/ParameterEvent]
publisher node          : bt_navigator
subscriber node         : transform_listener_impl_aaaaeff6a8d0
compatibility status    : OK
topic [type]            : /parameter_events [rcl_interfaces/msg/ParameterEvent]
publisher node          : bt_navigator
subscriber node         : route_server
compatibility status    : OK
topic [type]            : /parameter_events [rcl_interfaces/msg/ParameterEvent]
publisher node          : bt_navigator
subscriber node         : behavior_server
compatibility status    : OK
topic [type]            : /parameter_events [rcl_interfaces/msg/ParameterEvent]
publisher node          : bt_navigator
subscriber node         : bt_navigator
compatibility status    : OK
topic [type]            : /parameter_events [rcl_interfaces/msg/ParameterEvent]
publisher node          : bt_navigator
subscriber node         : bt_navigator_navigate_to_pose_rclcpp_node
compatibility status    : OK
topic [type]            : /parameter_events [rcl_interfaces/msg/ParameterEvent]
publisher node          : bt_navigator
subscriber node         : bt_navigator_navigate_through_poses_rclcpp_node
compatibility status    : OK
topic [type]            : /parameter_events [rcl_interfaces/msg/ParameterEvent]
publisher node          : bt_navigator
subscriber node         : waypoint_follower
compatibility status    : OK
topic [type]            : /parameter_events [rcl_interfaces/msg/ParameterEvent]
publisher node          : bt_navigator
subscriber node         : velocity_smoother
compatibility status    : OK
topic [type]            : /parameter_events [rcl_interfaces/msg/ParameterEvent]
publisher node          : bt_navigator
subscriber node         : collision_monitor
compatibility status    : OK
topic [type]            : /parameter_events [rcl_interfaces/msg/ParameterEvent]
publisher node          : bt_navigator_navigate_to_pose_rclcpp_node
subscriber node         : docking_server
compatibility status    : OK
topic [type]            : /parameter_events [rcl_interfaces/msg/ParameterEvent]
publisher node          : bt_navigator_navigate_to_pose_rclcpp_node
subscriber node         : lifecycle_manager_navigation
compatibility status    : OK
topic [type]            : /parameter_events [rcl_interfaces/msg/ParameterEvent]
publisher node          : bt_navigator_navigate_to_pose_rclcpp_node
subscriber node         : slam_toolbox
compatibility status    : OK
topic [type]            : /parameter_events [rcl_interfaces/msg/ParameterEvent]
publisher node          : bt_navigator_navigate_to_pose_rclcpp_node
subscriber node         : transform_listener_impl_aaaad89e7c20
compatibility status    : OK
topic [type]            : /parameter_events [rcl_interfaces/msg/ParameterEvent]
publisher node          : bt_navigator_navigate_to_pose_rclcpp_node
subscriber node         : ekf_filter_node
compatibility status    : OK
topic [type]            : /parameter_events [rcl_interfaces/msg/ParameterEvent]
publisher node          : bt_navigator_navigate_to_pose_rclcpp_node
subscriber node         : transform_listener_impl_aaab0e2c35d0
compatibility status    : OK
topic [type]            : /parameter_events [rcl_interfaces/msg/ParameterEvent]
publisher node          : bt_navigator_navigate_to_pose_rclcpp_node
subscriber node         : sllidar_node
compatibility status    : OK
topic [type]            : /parameter_events [rcl_interfaces/msg/ParameterEvent]
publisher node          : bt_navigator_navigate_to_pose_rclcpp_node
subscriber node         : robot_state_publisher
compatibility status    : OK
topic [type]            : /parameter_events [rcl_interfaces/msg/ParameterEvent]
publisher node          : bt_navigator_navigate_to_pose_rclcpp_node
subscriber node         : robot_state_publisher
compatibility status    : OK
topic [type]            : /parameter_events [rcl_interfaces/msg/ParameterEvent]
publisher node          : bt_navigator_navigate_to_pose_rclcpp_node
subscriber node         : rviz2
compatibility status    : OK
topic [type]            : /parameter_events [rcl_interfaces/msg/ParameterEvent]
publisher node          : bt_navigator_navigate_to_pose_rclcpp_node
subscriber node         : transform_listener_impl_aaaaf7e17380
compatibility status    : OK
topic [type]            : /parameter_events [rcl_interfaces/msg/ParameterEvent]
publisher node          : bt_navigator_navigate_to_pose_rclcpp_node
subscriber node         : controller_server
compatibility status    : OK
topic [type]            : /parameter_events [rcl_interfaces/msg/ParameterEvent]
publisher node          : bt_navigator_navigate_to_pose_rclcpp_node
subscriber node         : local_costmap
compatibility status    : OK
topic [type]            : /parameter_events [rcl_interfaces/msg/ParameterEvent]
publisher node          : bt_navigator_navigate_to_pose_rclcpp_node
subscriber node         : transform_listener_impl_ffff7c03b530
compatibility status    : OK
topic [type]            : /parameter_events [rcl_interfaces/msg/ParameterEvent]
publisher node          : bt_navigator_navigate_to_pose_rclcpp_node
subscriber node         : smoother_server
compatibility status    : OK
topic [type]            : /parameter_events [rcl_interfaces/msg/ParameterEvent]
publisher node          : bt_navigator_navigate_to_pose_rclcpp_node
subscriber node         : planner_server
compatibility status    : OK
topic [type]            : /parameter_events [rcl_interfaces/msg/ParameterEvent]
publisher node          : bt_navigator_navigate_to_pose_rclcpp_node
subscriber node         : global_costmap
compatibility status    : OK
topic [type]            : /parameter_events [rcl_interfaces/msg/ParameterEvent]
publisher node          : bt_navigator_navigate_to_pose_rclcpp_node
subscriber node         : transform_listener_impl_aaaaeff6a8d0
compatibility status    : OK
topic [type]            : /parameter_events [rcl_interfaces/msg/ParameterEvent]
publisher node          : bt_navigator_navigate_to_pose_rclcpp_node
subscriber node         : route_server
compatibility status    : OK
topic [type]            : /parameter_events [rcl_interfaces/msg/ParameterEvent]
publisher node          : bt_navigator_navigate_to_pose_rclcpp_node
subscriber node         : behavior_server
compatibility status    : OK
topic [type]            : /parameter_events [rcl_interfaces/msg/ParameterEvent]
publisher node          : bt_navigator_navigate_to_pose_rclcpp_node
subscriber node         : bt_navigator
compatibility status    : OK
topic [type]            : /parameter_events [rcl_interfaces/msg/ParameterEvent]
publisher node          : bt_navigator_navigate_to_pose_rclcpp_node
subscriber node         : bt_navigator_navigate_to_pose_rclcpp_node
compatibility status    : OK
topic [type]            : /parameter_events [rcl_interfaces/msg/ParameterEvent]
publisher node          : bt_navigator_navigate_to_pose_rclcpp_node
subscriber node         : bt_navigator_navigate_through_poses_rclcpp_node
compatibility status    : OK
topic [type]            : /parameter_events [rcl_interfaces/msg/ParameterEvent]
publisher node          : bt_navigator_navigate_to_pose_rclcpp_node
subscriber node         : waypoint_follower
compatibility status    : OK
topic [type]            : /parameter_events [rcl_interfaces/msg/ParameterEvent]
publisher node          : bt_navigator_navigate_to_pose_rclcpp_node
subscriber node         : velocity_smoother
compatibility status    : OK
topic [type]            : /parameter_events [rcl_interfaces/msg/ParameterEvent]
publisher node          : bt_navigator_navigate_to_pose_rclcpp_node
subscriber node         : collision_monitor
compatibility status    : OK
topic [type]            : /parameter_events [rcl_interfaces/msg/ParameterEvent]
publisher node          : bt_navigator_navigate_through_poses_rclcpp_node
subscriber node         : docking_server
compatibility status    : OK
topic [type]            : /parameter_events [rcl_interfaces/msg/ParameterEvent]
publisher node          : bt_navigator_navigate_through_poses_rclcpp_node
subscriber node         : lifecycle_manager_navigation
compatibility status    : OK
topic [type]            : /parameter_events [rcl_interfaces/msg/ParameterEvent]
publisher node          : bt_navigator_navigate_through_poses_rclcpp_node
subscriber node         : slam_toolbox
compatibility status    : OK
topic [type]            : /parameter_events [rcl_interfaces/msg/ParameterEvent]
publisher node          : bt_navigator_navigate_through_poses_rclcpp_node
subscriber node         : transform_listener_impl_aaaad89e7c20
compatibility status    : OK
topic [type]            : /parameter_events [rcl_interfaces/msg/ParameterEvent]
publisher node          : bt_navigator_navigate_through_poses_rclcpp_node
subscriber node         : ekf_filter_node
compatibility status    : OK
topic [type]            : /parameter_events [rcl_interfaces/msg/ParameterEvent]
publisher node          : bt_navigator_navigate_through_poses_rclcpp_node
subscriber node         : transform_listener_impl_aaab0e2c35d0
compatibility status    : OK
topic [type]            : /parameter_events [rcl_interfaces/msg/ParameterEvent]
publisher node          : bt_navigator_navigate_through_poses_rclcpp_node
subscriber node         : sllidar_node
compatibility status    : OK
topic [type]            : /parameter_events [rcl_interfaces/msg/ParameterEvent]
publisher node          : bt_navigator_navigate_through_poses_rclcpp_node
subscriber node         : robot_state_publisher
compatibility status    : OK
topic [type]            : /parameter_events [rcl_interfaces/msg/ParameterEvent]
publisher node          : bt_navigator_navigate_through_poses_rclcpp_node
subscriber node         : robot_state_publisher
compatibility status    : OK
topic [type]            : /parameter_events [rcl_interfaces/msg/ParameterEvent]
publisher node          : bt_navigator_navigate_through_poses_rclcpp_node
subscriber node         : rviz2
compatibility status    : OK
topic [type]            : /parameter_events [rcl_interfaces/msg/ParameterEvent]
publisher node          : bt_navigator_navigate_through_poses_rclcpp_node
subscriber node         : transform_listener_impl_aaaaf7e17380
compatibility status    : OK
topic [type]            : /parameter_events [rcl_interfaces/msg/ParameterEvent]
publisher node          : bt_navigator_navigate_through_poses_rclcpp_node
subscriber node         : controller_server
compatibility status    : OK
topic [type]            : /parameter_events [rcl_interfaces/msg/ParameterEvent]
publisher node          : bt_navigator_navigate_through_poses_rclcpp_node
subscriber node         : local_costmap
compatibility status    : OK
topic [type]            : /parameter_events [rcl_interfaces/msg/ParameterEvent]
publisher node          : bt_navigator_navigate_through_poses_rclcpp_node
subscriber node         : transform_listener_impl_ffff7c03b530
compatibility status    : OK
topic [type]            : /parameter_events [rcl_interfaces/msg/ParameterEvent]
publisher node          : bt_navigator_navigate_through_poses_rclcpp_node
subscriber node         : smoother_server
compatibility status    : OK
topic [type]            : /parameter_events [rcl_interfaces/msg/ParameterEvent]
publisher node          : bt_navigator_navigate_through_poses_rclcpp_node
subscriber node         : planner_server
compatibility status    : OK
topic [type]            : /parameter_events [rcl_interfaces/msg/ParameterEvent]
publisher node          : bt_navigator_navigate_through_poses_rclcpp_node
subscriber node         : global_costmap
compatibility status    : OK
topic [type]            : /parameter_events [rcl_interfaces/msg/ParameterEvent]
publisher node          : bt_navigator_navigate_through_poses_rclcpp_node
subscriber node         : transform_listener_impl_aaaaeff6a8d0
compatibility status    : OK
topic [type]            : /parameter_events [rcl_interfaces/msg/ParameterEvent]
publisher node          : bt_navigator_navigate_through_poses_rclcpp_node
subscriber node         : route_server
compatibility status    : OK
topic [type]            : /parameter_events [rcl_interfaces/msg/ParameterEvent]
publisher node          : bt_navigator_navigate_through_poses_rclcpp_node
subscriber node         : behavior_server
compatibility status    : OK
topic [type]            : /parameter_events [rcl_interfaces/msg/ParameterEvent]
publisher node          : bt_navigator_navigate_through_poses_rclcpp_node
subscriber node         : bt_navigator
compatibility status    : OK
topic [type]            : /parameter_events [rcl_interfaces/msg/ParameterEvent]
publisher node          : bt_navigator_navigate_through_poses_rclcpp_node
subscriber node         : bt_navigator_navigate_to_pose_rclcpp_node
compatibility status    : OK
topic [type]            : /parameter_events [rcl_interfaces/msg/ParameterEvent]
publisher node          : bt_navigator_navigate_through_poses_rclcpp_node
subscriber node         : bt_navigator_navigate_through_poses_rclcpp_node
compatibility status    : OK
topic [type]            : /parameter_events [rcl_interfaces/msg/ParameterEvent]
publisher node          : bt_navigator_navigate_through_poses_rclcpp_node
subscriber node         : waypoint_follower
compatibility status    : OK
topic [type]            : /parameter_events [rcl_interfaces/msg/ParameterEvent]
publisher node          : bt_navigator_navigate_through_poses_rclcpp_node
subscriber node         : velocity_smoother
compatibility status    : OK
topic [type]            : /parameter_events [rcl_interfaces/msg/ParameterEvent]
publisher node          : bt_navigator_navigate_through_poses_rclcpp_node
subscriber node         : collision_monitor
compatibility status    : OK
topic [type]            : /parameter_events [rcl_interfaces/msg/ParameterEvent]
publisher node          : waypoint_follower
subscriber node         : docking_server
compatibility status    : OK
topic [type]            : /parameter_events [rcl_interfaces/msg/ParameterEvent]
publisher node          : waypoint_follower
subscriber node         : lifecycle_manager_navigation
compatibility status    : OK
topic [type]            : /parameter_events [rcl_interfaces/msg/ParameterEvent]
publisher node          : waypoint_follower
subscriber node         : slam_toolbox
compatibility status    : OK
topic [type]            : /parameter_events [rcl_interfaces/msg/ParameterEvent]
publisher node          : waypoint_follower
subscriber node         : transform_listener_impl_aaaad89e7c20
compatibility status    : OK
topic [type]            : /parameter_events [rcl_interfaces/msg/ParameterEvent]
publisher node          : waypoint_follower
subscriber node         : ekf_filter_node
compatibility status    : OK
topic [type]            : /parameter_events [rcl_interfaces/msg/ParameterEvent]
publisher node          : waypoint_follower
subscriber node         : transform_listener_impl_aaab0e2c35d0
compatibility status    : OK
topic [type]            : /parameter_events [rcl_interfaces/msg/ParameterEvent]
publisher node          : waypoint_follower
subscriber node         : sllidar_node
compatibility status    : OK
topic [type]            : /parameter_events [rcl_interfaces/msg/ParameterEvent]
publisher node          : waypoint_follower
subscriber node         : robot_state_publisher
compatibility status    : OK
topic [type]            : /parameter_events [rcl_interfaces/msg/ParameterEvent]
publisher node          : waypoint_follower
subscriber node         : robot_state_publisher
compatibility status    : OK
topic [type]            : /parameter_events [rcl_interfaces/msg/ParameterEvent]
publisher node          : waypoint_follower
subscriber node         : rviz2
compatibility status    : OK
topic [type]            : /parameter_events [rcl_interfaces/msg/ParameterEvent]
publisher node          : waypoint_follower
subscriber node         : transform_listener_impl_aaaaf7e17380
compatibility status    : OK
topic [type]            : /parameter_events [rcl_interfaces/msg/ParameterEvent]
publisher node          : waypoint_follower
subscriber node         : controller_server
compatibility status    : OK
topic [type]            : /parameter_events [rcl_interfaces/msg/ParameterEvent]
publisher node          : waypoint_follower
subscriber node         : local_costmap
compatibility status    : OK
topic [type]            : /parameter_events [rcl_interfaces/msg/ParameterEvent]
publisher node          : waypoint_follower
subscriber node         : transform_listener_impl_ffff7c03b530
compatibility status    : OK
topic [type]            : /parameter_events [rcl_interfaces/msg/ParameterEvent]
publisher node          : waypoint_follower
subscriber node         : smoother_server
compatibility status    : OK
topic [type]            : /parameter_events [rcl_interfaces/msg/ParameterEvent]
publisher node          : waypoint_follower
subscriber node         : planner_server
compatibility status    : OK
topic [type]            : /parameter_events [rcl_interfaces/msg/ParameterEvent]
publisher node          : waypoint_follower
subscriber node         : global_costmap
compatibility status    : OK
topic [type]            : /parameter_events [rcl_interfaces/msg/ParameterEvent]
publisher node          : waypoint_follower
subscriber node         : transform_listener_impl_aaaaeff6a8d0
compatibility status    : OK
topic [type]            : /parameter_events [rcl_interfaces/msg/ParameterEvent]
publisher node          : waypoint_follower
subscriber node         : route_server
compatibility status    : OK
topic [type]            : /parameter_events [rcl_interfaces/msg/ParameterEvent]
publisher node          : waypoint_follower
subscriber node         : behavior_server
compatibility status    : OK
topic [type]            : /parameter_events [rcl_interfaces/msg/ParameterEvent]
publisher node          : waypoint_follower
subscriber node         : bt_navigator
compatibility status    : OK
topic [type]            : /parameter_events [rcl_interfaces/msg/ParameterEvent]
publisher node          : waypoint_follower
subscriber node         : bt_navigator_navigate_to_pose_rclcpp_node
compatibility status    : OK
topic [type]            : /parameter_events [rcl_interfaces/msg/ParameterEvent]
publisher node          : waypoint_follower
subscriber node         : bt_navigator_navigate_through_poses_rclcpp_node
compatibility status    : OK
topic [type]            : /parameter_events [rcl_interfaces/msg/ParameterEvent]
publisher node          : waypoint_follower
subscriber node         : waypoint_follower
compatibility status    : OK
topic [type]            : /parameter_events [rcl_interfaces/msg/ParameterEvent]
publisher node          : waypoint_follower
subscriber node         : velocity_smoother
compatibility status    : OK
topic [type]            : /parameter_events [rcl_interfaces/msg/ParameterEvent]
publisher node          : waypoint_follower
subscriber node         : collision_monitor
compatibility status    : OK
topic [type]            : /parameter_events [rcl_interfaces/msg/ParameterEvent]
publisher node          : velocity_smoother
subscriber node         : docking_server
compatibility status    : OK
topic [type]            : /parameter_events [rcl_interfaces/msg/ParameterEvent]
publisher node          : velocity_smoother
subscriber node         : lifecycle_manager_navigation
compatibility status    : OK
topic [type]            : /parameter_events [rcl_interfaces/msg/ParameterEvent]
publisher node          : velocity_smoother
subscriber node         : slam_toolbox
compatibility status    : OK
topic [type]            : /parameter_events [rcl_interfaces/msg/ParameterEvent]
publisher node          : velocity_smoother
subscriber node         : transform_listener_impl_aaaad89e7c20
compatibility status    : OK
topic [type]            : /parameter_events [rcl_interfaces/msg/ParameterEvent]
publisher node          : velocity_smoother
subscriber node         : ekf_filter_node
compatibility status    : OK
topic [type]            : /parameter_events [rcl_interfaces/msg/ParameterEvent]
publisher node          : velocity_smoother
subscriber node         : transform_listener_impl_aaab0e2c35d0
compatibility status    : OK
topic [type]            : /parameter_events [rcl_interfaces/msg/ParameterEvent]
publisher node          : velocity_smoother
subscriber node         : sllidar_node
compatibility status    : OK
topic [type]            : /parameter_events [rcl_interfaces/msg/ParameterEvent]
publisher node          : velocity_smoother
subscriber node         : robot_state_publisher
compatibility status    : OK
topic [type]            : /parameter_events [rcl_interfaces/msg/ParameterEvent]
publisher node          : velocity_smoother
subscriber node         : robot_state_publisher
compatibility status    : OK
topic [type]            : /parameter_events [rcl_interfaces/msg/ParameterEvent]
publisher node          : velocity_smoother
subscriber node         : rviz2
compatibility status    : OK
topic [type]            : /parameter_events [rcl_interfaces/msg/ParameterEvent]
publisher node          : velocity_smoother
subscriber node         : transform_listener_impl_aaaaf7e17380
compatibility status    : OK
topic [type]            : /parameter_events [rcl_interfaces/msg/ParameterEvent]
publisher node          : velocity_smoother
subscriber node         : controller_server
compatibility status    : OK
topic [type]            : /parameter_events [rcl_interfaces/msg/ParameterEvent]
publisher node          : velocity_smoother
subscriber node         : local_costmap
compatibility status    : OK
topic [type]            : /parameter_events [rcl_interfaces/msg/ParameterEvent]
publisher node          : velocity_smoother
subscriber node         : transform_listener_impl_ffff7c03b530
compatibility status    : OK
topic [type]            : /parameter_events [rcl_interfaces/msg/ParameterEvent]
publisher node          : velocity_smoother
subscriber node         : smoother_server
compatibility status    : OK
topic [type]            : /parameter_events [rcl_interfaces/msg/ParameterEvent]
publisher node          : velocity_smoother
subscriber node         : planner_server
compatibility status    : OK
topic [type]            : /parameter_events [rcl_interfaces/msg/ParameterEvent]
publisher node          : velocity_smoother
subscriber node         : global_costmap
compatibility status    : OK
topic [type]            : /parameter_events [rcl_interfaces/msg/ParameterEvent]
publisher node          : velocity_smoother
subscriber node         : transform_listener_impl_aaaaeff6a8d0
compatibility status    : OK
topic [type]            : /parameter_events [rcl_interfaces/msg/ParameterEvent]
publisher node          : velocity_smoother
subscriber node         : route_server
compatibility status    : OK
topic [type]            : /parameter_events [rcl_interfaces/msg/ParameterEvent]
publisher node          : velocity_smoother
subscriber node         : behavior_server
compatibility status    : OK
topic [type]            : /parameter_events [rcl_interfaces/msg/ParameterEvent]
publisher node          : velocity_smoother
subscriber node         : bt_navigator
compatibility status    : OK
topic [type]            : /parameter_events [rcl_interfaces/msg/ParameterEvent]
publisher node          : velocity_smoother
subscriber node         : bt_navigator_navigate_to_pose_rclcpp_node
compatibility status    : OK
topic [type]            : /parameter_events [rcl_interfaces/msg/ParameterEvent]
publisher node          : velocity_smoother
subscriber node         : bt_navigator_navigate_through_poses_rclcpp_node
compatibility status    : OK
topic [type]            : /parameter_events [rcl_interfaces/msg/ParameterEvent]
publisher node          : velocity_smoother
subscriber node         : waypoint_follower
compatibility status    : OK
topic [type]            : /parameter_events [rcl_interfaces/msg/ParameterEvent]
publisher node          : velocity_smoother
subscriber node         : velocity_smoother
compatibility status    : OK
topic [type]            : /parameter_events [rcl_interfaces/msg/ParameterEvent]
publisher node          : velocity_smoother
subscriber node         : collision_monitor
compatibility status    : OK
topic [type]            : /parameter_events [rcl_interfaces/msg/ParameterEvent]
publisher node          : collision_monitor
subscriber node         : docking_server
compatibility status    : OK
topic [type]            : /parameter_events [rcl_interfaces/msg/ParameterEvent]
publisher node          : collision_monitor
subscriber node         : lifecycle_manager_navigation
compatibility status    : OK
topic [type]            : /parameter_events [rcl_interfaces/msg/ParameterEvent]
publisher node          : collision_monitor
subscriber node         : slam_toolbox
compatibility status    : OK
topic [type]            : /parameter_events [rcl_interfaces/msg/ParameterEvent]
publisher node          : collision_monitor
subscriber node         : transform_listener_impl_aaaad89e7c20
compatibility status    : OK
topic [type]            : /parameter_events [rcl_interfaces/msg/ParameterEvent]
publisher node          : collision_monitor
subscriber node         : ekf_filter_node
compatibility status    : OK
topic [type]            : /parameter_events [rcl_interfaces/msg/ParameterEvent]
publisher node          : collision_monitor
subscriber node         : transform_listener_impl_aaab0e2c35d0
compatibility status    : OK
topic [type]            : /parameter_events [rcl_interfaces/msg/ParameterEvent]
publisher node          : collision_monitor
subscriber node         : sllidar_node
compatibility status    : OK
topic [type]            : /parameter_events [rcl_interfaces/msg/ParameterEvent]
publisher node          : collision_monitor
subscriber node         : robot_state_publisher
compatibility status    : OK
topic [type]            : /parameter_events [rcl_interfaces/msg/ParameterEvent]
publisher node          : collision_monitor
subscriber node         : robot_state_publisher
compatibility status    : OK
topic [type]            : /parameter_events [rcl_interfaces/msg/ParameterEvent]
publisher node          : collision_monitor
subscriber node         : rviz2
compatibility status    : OK
topic [type]            : /parameter_events [rcl_interfaces/msg/ParameterEvent]
publisher node          : collision_monitor
subscriber node         : transform_listener_impl_aaaaf7e17380
compatibility status    : OK
topic [type]            : /parameter_events [rcl_interfaces/msg/ParameterEvent]
publisher node          : collision_monitor
subscriber node         : controller_server
compatibility status    : OK
topic [type]            : /parameter_events [rcl_interfaces/msg/ParameterEvent]
publisher node          : collision_monitor
subscriber node         : local_costmap
compatibility status    : OK
topic [type]            : /parameter_events [rcl_interfaces/msg/ParameterEvent]
publisher node          : collision_monitor
subscriber node         : transform_listener_impl_ffff7c03b530
compatibility status    : OK
topic [type]            : /parameter_events [rcl_interfaces/msg/ParameterEvent]
publisher node          : collision_monitor
subscriber node         : smoother_server
compatibility status    : OK
topic [type]            : /parameter_events [rcl_interfaces/msg/ParameterEvent]
publisher node          : collision_monitor
subscriber node         : planner_server
compatibility status    : OK
topic [type]            : /parameter_events [rcl_interfaces/msg/ParameterEvent]
publisher node          : collision_monitor
subscriber node         : global_costmap
compatibility status    : OK
topic [type]            : /parameter_events [rcl_interfaces/msg/ParameterEvent]
publisher node          : collision_monitor
subscriber node         : transform_listener_impl_aaaaeff6a8d0
compatibility status    : OK
topic [type]            : /parameter_events [rcl_interfaces/msg/ParameterEvent]
publisher node          : collision_monitor
subscriber node         : route_server
compatibility status    : OK
topic [type]            : /parameter_events [rcl_interfaces/msg/ParameterEvent]
publisher node          : collision_monitor
subscriber node         : behavior_server
compatibility status    : OK
topic [type]            : /parameter_events [rcl_interfaces/msg/ParameterEvent]
publisher node          : collision_monitor
subscriber node         : bt_navigator
compatibility status    : OK
topic [type]            : /parameter_events [rcl_interfaces/msg/ParameterEvent]
publisher node          : collision_monitor
subscriber node         : bt_navigator_navigate_to_pose_rclcpp_node
compatibility status    : OK
topic [type]            : /parameter_events [rcl_interfaces/msg/ParameterEvent]
publisher node          : collision_monitor
subscriber node         : bt_navigator_navigate_through_poses_rclcpp_node
compatibility status    : OK
topic [type]            : /parameter_events [rcl_interfaces/msg/ParameterEvent]
publisher node          : collision_monitor
subscriber node         : waypoint_follower
compatibility status    : OK
topic [type]            : /parameter_events [rcl_interfaces/msg/ParameterEvent]
publisher node          : collision_monitor
subscriber node         : velocity_smoother
compatibility status    : OK
topic [type]            : /parameter_events [rcl_interfaces/msg/ParameterEvent]
publisher node          : collision_monitor
subscriber node         : collision_monitor
compatibility status    : OK
topic [type]            : /robot_description [std_msgs/msg/String]
publisher node          : robot_state_publisher
subscriber node         : rviz2
compatibility status    : OK
topic [type]            : /scan [sensor_msgs/msg/LaserScan]
publisher node          : sllidar_node
subscriber node         : slam_toolbox
compatibility status    : OK
topic [type]            : /scan [sensor_msgs/msg/LaserScan]
publisher node          : sllidar_node
subscriber node         : rviz2
compatibility status    : OK
topic [type]            : /scan [sensor_msgs/msg/LaserScan]
publisher node          : sllidar_node
subscriber node         : local_costmap
compatibility status    : OK
topic [type]            : /scan [sensor_msgs/msg/LaserScan]
publisher node          : sllidar_node
subscriber node         : global_costmap
compatibility status    : OK
topic [type]            : /scan [sensor_msgs/msg/LaserScan]
publisher node          : sllidar_node
subscriber node         : collision_monitor
compatibility status    : OK
topic [type]            : /slam_map [nav_msgs/msg/OccupancyGrid]
publisher node          : slam_toolbox
subscriber node         : slam_toolbox
compatibility status    : OK
topic [type]            : /slam_toolbox/transition_event [lifecycle_msgs/msg/TransitionEvent]
publisher node          : slam_toolbox
subscriber node         : launch_ros_4580
compatibility status    : OK
topic [type]            : /speed_limit [nav2_msgs/msg/SpeedLimit]
publisher node          : route_server
subscriber node         : controller_server
compatibility status    : OK
topic [type]            : /spin/_action/feedback [nav2_msgs/action/Spin_FeedbackMessage]
publisher node          : behavior_server
subscriber node         : bt_navigator_navigate_to_pose_rclcpp_node
compatibility status    : OK
topic [type]            : /spin/_action/feedback [nav2_msgs/action/Spin_FeedbackMessage]
publisher node          : behavior_server
subscriber node         : bt_navigator_navigate_through_poses_rclcpp_node
compatibility status    : OK
topic [type]            : /spin/_action/status [action_msgs/msg/GoalStatusArray]
publisher node          : behavior_server
subscriber node         : bt_navigator_navigate_to_pose_rclcpp_node
compatibility status    : OK
topic [type]            : /spin/_action/status [action_msgs/msg/GoalStatusArray]
publisher node          : behavior_server
subscriber node         : bt_navigator_navigate_through_poses_rclcpp_node
compatibility status    : OK
topic [type]            : /sweepi_robot_manager/coverage/last_summary [std_msgs/msg/String]
publisher node          : sweepi_robot_manager
subscriber node         : sweepi_api_bridge
compatibility status    : OK
topic [type]            : /sweepi_robot_manager/status [std_msgs/msg/String]
publisher node          : sweepi_robot_manager
subscriber node         : sweepi_api_bridge
compatibility status    : OK
topic [type]            : /tf [tf2_msgs/msg/TFMessage]
publisher node          : slam_toolbox
subscriber node         : docking_server
compatibility status    : OK
topic [type]            : /tf [tf2_msgs/msg/TFMessage]
publisher node          : slam_toolbox
subscriber node         : transform_listener_impl_aaaad89e7c20
compatibility status    : OK
topic [type]            : /tf [tf2_msgs/msg/TFMessage]
publisher node          : slam_toolbox
subscriber node         : transform_listener_impl_aaab0e2c35d0
compatibility status    : OK
topic [type]            : /tf [tf2_msgs/msg/TFMessage]
publisher node          : slam_toolbox
subscriber node         : transform_listener_impl_aaaaf7e17380
compatibility status    : OK
topic [type]            : /tf [tf2_msgs/msg/TFMessage]
publisher node          : slam_toolbox
subscriber node         : sweepi_api_bridge
compatibility status    : OK
topic [type]            : /tf [tf2_msgs/msg/TFMessage]
publisher node          : slam_toolbox
subscriber node         : transform_listener_impl_ffff7c03b530
compatibility status    : OK
topic [type]            : /tf [tf2_msgs/msg/TFMessage]
publisher node          : slam_toolbox
subscriber node         : smoother_server
compatibility status    : OK
topic [type]            : /tf [tf2_msgs/msg/TFMessage]
publisher node          : slam_toolbox
subscriber node         : transform_listener_impl_aaaaeff6a8d0
compatibility status    : OK
topic [type]            : /tf [tf2_msgs/msg/TFMessage]
publisher node          : slam_toolbox
subscriber node         : route_server
compatibility status    : OK
topic [type]            : /tf [tf2_msgs/msg/TFMessage]
publisher node          : slam_toolbox
subscriber node         : behavior_server
compatibility status    : OK
topic [type]            : /tf [tf2_msgs/msg/TFMessage]
publisher node          : slam_toolbox
subscriber node         : bt_navigator
compatibility status    : OK
topic [type]            : /tf [tf2_msgs/msg/TFMessage]
publisher node          : slam_toolbox
subscriber node         : collision_monitor
compatibility status    : OK
topic [type]            : /tf [tf2_msgs/msg/TFMessage]
publisher node          : slam_toolbox
subscriber node         : docking_server
compatibility status    : OK
topic [type]            : /tf [tf2_msgs/msg/TFMessage]
publisher node          : slam_toolbox
subscriber node         : transform_listener_impl_aaaad89e7c20
compatibility status    : OK
topic [type]            : /tf [tf2_msgs/msg/TFMessage]
publisher node          : slam_toolbox
subscriber node         : transform_listener_impl_aaab0e2c35d0
compatibility status    : OK
topic [type]            : /tf [tf2_msgs/msg/TFMessage]
publisher node          : slam_toolbox
subscriber node         : transform_listener_impl_aaaaf7e17380
compatibility status    : OK
topic [type]            : /tf [tf2_msgs/msg/TFMessage]
publisher node          : slam_toolbox
subscriber node         : sweepi_api_bridge
compatibility status    : OK
topic [type]            : /tf [tf2_msgs/msg/TFMessage]
publisher node          : slam_toolbox
subscriber node         : transform_listener_impl_ffff7c03b530
compatibility status    : OK
topic [type]            : /tf [tf2_msgs/msg/TFMessage]
publisher node          : slam_toolbox
subscriber node         : smoother_server
compatibility status    : OK
topic [type]            : /tf [tf2_msgs/msg/TFMessage]
publisher node          : slam_toolbox
subscriber node         : transform_listener_impl_aaaaeff6a8d0
compatibility status    : OK
topic [type]            : /tf [tf2_msgs/msg/TFMessage]
publisher node          : slam_toolbox
subscriber node         : route_server
compatibility status    : OK
topic [type]            : /tf [tf2_msgs/msg/TFMessage]
publisher node          : slam_toolbox
subscriber node         : behavior_server
compatibility status    : OK
topic [type]            : /tf [tf2_msgs/msg/TFMessage]
publisher node          : slam_toolbox
subscriber node         : bt_navigator
compatibility status    : OK
topic [type]            : /tf [tf2_msgs/msg/TFMessage]
publisher node          : slam_toolbox
subscriber node         : collision_monitor
compatibility status    : OK
topic [type]            : /tf [tf2_msgs/msg/TFMessage]
publisher node          : ekf_filter_node
subscriber node         : docking_server
compatibility status    : OK
topic [type]            : /tf [tf2_msgs/msg/TFMessage]
publisher node          : ekf_filter_node
subscriber node         : transform_listener_impl_aaaad89e7c20
compatibility status    : OK
topic [type]            : /tf [tf2_msgs/msg/TFMessage]
publisher node          : ekf_filter_node
subscriber node         : transform_listener_impl_aaab0e2c35d0
compatibility status    : OK
topic [type]            : /tf [tf2_msgs/msg/TFMessage]
publisher node          : ekf_filter_node
subscriber node         : transform_listener_impl_aaaaf7e17380
compatibility status    : OK
topic [type]            : /tf [tf2_msgs/msg/TFMessage]
publisher node          : ekf_filter_node
subscriber node         : sweepi_api_bridge
compatibility status    : OK
topic [type]            : /tf [tf2_msgs/msg/TFMessage]
publisher node          : ekf_filter_node
subscriber node         : transform_listener_impl_ffff7c03b530
compatibility status    : OK
topic [type]            : /tf [tf2_msgs/msg/TFMessage]
publisher node          : ekf_filter_node
subscriber node         : smoother_server
compatibility status    : OK
topic [type]            : /tf [tf2_msgs/msg/TFMessage]
publisher node          : ekf_filter_node
subscriber node         : transform_listener_impl_aaaaeff6a8d0
compatibility status    : OK
topic [type]            : /tf [tf2_msgs/msg/TFMessage]
publisher node          : ekf_filter_node
subscriber node         : route_server
compatibility status    : OK
topic [type]            : /tf [tf2_msgs/msg/TFMessage]
publisher node          : ekf_filter_node
subscriber node         : behavior_server
compatibility status    : OK
topic [type]            : /tf [tf2_msgs/msg/TFMessage]
publisher node          : ekf_filter_node
subscriber node         : bt_navigator
compatibility status    : OK
topic [type]            : /tf [tf2_msgs/msg/TFMessage]
publisher node          : ekf_filter_node
subscriber node         : collision_monitor
compatibility status    : OK
topic [type]            : /tf [tf2_msgs/msg/TFMessage]
publisher node          : robot_state_publisher
subscriber node         : docking_server
compatibility status    : OK
topic [type]            : /tf [tf2_msgs/msg/TFMessage]
publisher node          : robot_state_publisher
subscriber node         : transform_listener_impl_aaaad89e7c20
compatibility status    : OK
topic [type]            : /tf [tf2_msgs/msg/TFMessage]
publisher node          : robot_state_publisher
subscriber node         : transform_listener_impl_aaab0e2c35d0
compatibility status    : OK
topic [type]            : /tf [tf2_msgs/msg/TFMessage]
publisher node          : robot_state_publisher
subscriber node         : transform_listener_impl_aaaaf7e17380
compatibility status    : OK
topic [type]            : /tf [tf2_msgs/msg/TFMessage]
publisher node          : robot_state_publisher
subscriber node         : sweepi_api_bridge
compatibility status    : OK
topic [type]            : /tf [tf2_msgs/msg/TFMessage]
publisher node          : robot_state_publisher
subscriber node         : transform_listener_impl_ffff7c03b530
compatibility status    : OK
topic [type]            : /tf [tf2_msgs/msg/TFMessage]
publisher node          : robot_state_publisher
subscriber node         : smoother_server
compatibility status    : OK
topic [type]            : /tf [tf2_msgs/msg/TFMessage]
publisher node          : robot_state_publisher
subscriber node         : transform_listener_impl_aaaaeff6a8d0
compatibility status    : OK
topic [type]            : /tf [tf2_msgs/msg/TFMessage]
publisher node          : robot_state_publisher
subscriber node         : route_server
compatibility status    : OK
topic [type]            : /tf [tf2_msgs/msg/TFMessage]
publisher node          : robot_state_publisher
subscriber node         : behavior_server
compatibility status    : OK
topic [type]            : /tf [tf2_msgs/msg/TFMessage]
publisher node          : robot_state_publisher
subscriber node         : bt_navigator
compatibility status    : OK
topic [type]            : /tf [tf2_msgs/msg/TFMessage]
publisher node          : robot_state_publisher
subscriber node         : collision_monitor
compatibility status    : OK
topic [type]            : /tf_static [tf2_msgs/msg/TFMessage]
publisher node          : robot_state_publisher
subscriber node         : docking_server
compatibility status    : OK
topic [type]            : /tf_static [tf2_msgs/msg/TFMessage]
publisher node          : robot_state_publisher
subscriber node         : transform_listener_impl_aaaad89e7c20
compatibility status    : OK
topic [type]            : /tf_static [tf2_msgs/msg/TFMessage]
publisher node          : robot_state_publisher
subscriber node         : transform_listener_impl_aaab0e2c35d0
compatibility status    : OK
topic [type]            : /tf_static [tf2_msgs/msg/TFMessage]
publisher node          : robot_state_publisher
subscriber node         : transform_listener_impl_aaaaf7e17380
compatibility status    : OK
topic [type]            : /tf_static [tf2_msgs/msg/TFMessage]
publisher node          : robot_state_publisher
subscriber node         : sweepi_api_bridge
compatibility status    : OK
topic [type]            : /tf_static [tf2_msgs/msg/TFMessage]
publisher node          : robot_state_publisher
subscriber node         : transform_listener_impl_ffff7c03b530
compatibility status    : OK
topic [type]            : /tf_static [tf2_msgs/msg/TFMessage]
publisher node          : robot_state_publisher
subscriber node         : smoother_server
compatibility status    : OK
topic [type]            : /tf_static [tf2_msgs/msg/TFMessage]
publisher node          : robot_state_publisher
subscriber node         : transform_listener_impl_aaaaeff6a8d0
compatibility status    : OK
topic [type]            : /tf_static [tf2_msgs/msg/TFMessage]
publisher node          : robot_state_publisher
subscriber node         : route_server
compatibility status    : OK
topic [type]            : /tf_static [tf2_msgs/msg/TFMessage]
publisher node          : robot_state_publisher
subscriber node         : behavior_server
compatibility status    : OK
topic [type]            : /tf_static [tf2_msgs/msg/TFMessage]
publisher node          : robot_state_publisher
subscriber node         : bt_navigator
compatibility status    : OK
topic [type]            : /tf_static [tf2_msgs/msg/TFMessage]
publisher node          : robot_state_publisher
subscriber node         : collision_monitor
compatibility status    : OK
topic [type]            : /wait/_action/feedback [nav2_msgs/action/Wait_FeedbackMessage]
publisher node          : behavior_server
subscriber node         : bt_navigator_navigate_to_pose_rclcpp_node
compatibility status    : OK
topic [type]            : /wait/_action/feedback [nav2_msgs/action/Wait_FeedbackMessage]
publisher node          : behavior_server
subscriber node         : bt_navigator_navigate_through_poses_rclcpp_node
compatibility status    : OK
topic [type]            : /wait/_action/status [action_msgs/msg/GoalStatusArray]
publisher node          : behavior_server
subscriber node         : bt_navigator_navigate_to_pose_rclcpp_node
compatibility status    : OK
topic [type]            : /wait/_action/status [action_msgs/msg/GoalStatusArray]
publisher node          : behavior_server
subscriber node         : bt_navigator_navigate_through_poses_rclcpp_node
compatibility status    : OK
topic [type]            : /wheel/odom [nav_msgs/msg/Odometry]
publisher node          : base_driver_node
subscriber node         : ekf_filter_node
compatibility status    : OK

   RMW MIDDLEWARE
middleware name    : rmw_fastrtps_cpp

   ROS 2 INFORMATION
distribution name      : jazzy
distribution type      : ros2
distribution status    : active
release platforms      : {'debian': ['bookworm'], 'rhel': ['9'], 'ubuntu': ['noble']}

   TOPIC LIST
topic               : /amcl_pose
publisher count     : 0
subscriber count    : 0
topic               : /assisted_teleop/_action/feedback
publisher count     : 0
subscriber count    : 0
topic               : /assisted_teleop/_action/status
publisher count     : 0
subscriber count    : 0
topic               : /backup/_action/feedback
publisher count     : 0
subscriber count    : 0
topic               : /backup/_action/status
publisher count     : 0
subscriber count    : 0
topic               : /behavior_server/transition_event
publisher count     : 1
subscriber count    : 0
topic               : /behavior_tree_log
publisher count     : 0
subscriber count    : 0
topic               : /bond
publisher count     : 3
subscriber count    : 11
topic               : /bt_navigator/transition_event
publisher count     : 0
subscriber count    : 0
topic               : /clicked_point
publisher count     : 0
subscriber count    : 0
topic               : /cmd_vel
publisher count     : 0
subscriber count    : 0
topic               : /cmd_vel_nav
publisher count     : 1
subscriber count    : 0
topic               : /cmd_vel_smoothed
publisher count     : 1
subscriber count    : 1
topic               : /cmd_vel_teleop
publisher count     : 0
subscriber count    : 0
topic               : /collision_monitor/collision_points_marker
publisher count     : 0
subscriber count    : 0
topic               : /collision_monitor/transition_event
publisher count     : 0
subscriber count    : 0
topic               : /collision_monitor_state
publisher count     : 0
subscriber count    : 0
topic               : /compute_and_track_route/_action/feedback
publisher count     : 0
subscriber count    : 0
topic               : /compute_and_track_route/_action/status
publisher count     : 0
subscriber count    : 0
topic               : /compute_path_through_poses/_action/feedback
publisher count     : 0
subscriber count    : 0
topic               : /compute_path_through_poses/_action/status
publisher count     : 0
subscriber count    : 0
topic               : /compute_path_to_pose/_action/feedback
publisher count     : 0
subscriber count    : 0
topic               : /compute_path_to_pose/_action/status
publisher count     : 0
subscriber count    : 0
topic               : /compute_route/_action/feedback
publisher count     : 0
subscriber count    : 0
topic               : /compute_route/_action/status
publisher count     : 0
subscriber count    : 0
topic               : /controller_selector
publisher count     : 0
subscriber count    : 0
topic               : /controller_server/transition_event
publisher count     : 0
subscriber count    : 0
topic               : /coverage_current_batch
publisher count     : 0
subscriber count    : 1
topic               : /coverage_execution_status
publisher count     : 0
subscriber count    : 0
topic               : /coverage_map
publisher count     : 0
subscriber count    : 0
topic               : /coverage_path
publisher count     : 0
subscriber count    : 0
topic               : /coverage_path_markers
publisher count     : 0
subscriber count    : 1
topic               : /coverage_percentage
publisher count     : 0
subscriber count    : 0
topic               : /coverage_planning_mask
publisher count     : 0
subscriber count    : 1
topic               : /coverage_planning_mask_updates
publisher count     : 0
subscriber count    : 1
topic               : /coverage_stats
publisher count     : 0
subscriber count    : 0
topic               : /coverage_waypoint_markers
publisher count     : 0
subscriber count    : 1
topic               : /coverage_waypoints
publisher count     : 0
subscriber count    : 1
topic               : /curvature_lookahead_point
publisher count     : 0
subscriber count    : 0
topic               : /detected_dock_pose
publisher count     : 0
subscriber count    : 0
topic               : /diagnostics
publisher count     : 1
subscriber count    : 0
topic               : /dock_pose
publisher count     : 0
subscriber count    : 0
topic               : /dock_robot/_action/feedback
publisher count     : 0
subscriber count    : 0
topic               : /dock_robot/_action/status
publisher count     : 0
subscriber count    : 0
topic               : /docking_server/transition_event
publisher count     : 0
subscriber count    : 0
topic               : /docking_trajectory
publisher count     : 0
subscriber count    : 0
topic               : /drive_on_heading/_action/feedback
publisher count     : 0
subscriber count    : 0
topic               : /drive_on_heading/_action/status
publisher count     : 0
subscriber count    : 0
topic               : /exploration/mode
publisher count     : 0
subscriber count    : 0
topic               : /filtered_dock_pose
publisher count     : 0
subscriber count    : 0
topic               : /follow_gps_waypoints/_action/feedback
publisher count     : 1
subscriber count    : 0
topic               : /follow_gps_waypoints/_action/status
publisher count     : 1
subscriber count    : 0
topic               : /follow_path/_action/feedback
publisher count     : 0
subscriber count    : 0
topic               : /follow_path/_action/status
publisher count     : 0
subscriber count    : 0
topic               : /follow_waypoints/_action/feedback
publisher count     : 1
subscriber count    : 0
topic               : /follow_waypoints/_action/status
publisher count     : 1
subscriber count    : 0
topic               : /global_costmap/costmap
publisher count     : 0
subscriber count    : 0
topic               : /global_costmap/costmap_raw
publisher count     : 0
subscriber count    : 0
topic               : /global_costmap/costmap_raw_updates
publisher count     : 0
subscriber count    : 0
topic               : /global_costmap/costmap_updates
publisher count     : 0
subscriber count    : 0
topic               : /global_costmap/footprint
publisher count     : 0
subscriber count    : 0
topic               : /global_costmap/global_costmap/transition_event
publisher count     : 0
subscriber count    : 0
topic               : /global_costmap/obstacle_layer
publisher count     : 0
subscriber count    : 0
topic               : /global_costmap/obstacle_layer_raw
publisher count     : 0
subscriber count    : 0
topic               : /global_costmap/obstacle_layer_raw_updates
publisher count     : 0
subscriber count    : 0
topic               : /global_costmap/obstacle_layer_updates
publisher count     : 0
subscriber count    : 0
topic               : /global_costmap/published_footprint
publisher count     : 0
subscriber count    : 0
topic               : /global_costmap/static_layer
publisher count     : 0
subscriber count    : 0
topic               : /global_costmap/static_layer_raw
publisher count     : 0
subscriber count    : 0
topic               : /global_costmap/static_layer_raw_updates
publisher count     : 0
subscriber count    : 0
topic               : /global_costmap/static_layer_updates
publisher count     : 0
subscriber count    : 0
topic               : /goal_pose
publisher count     : 0
subscriber count    : 0
topic               : /hardware/status
publisher count     : 1
subscriber count    : 0
topic               : /imu/data
publisher count     : 1
subscriber count    : 0
topic               : /initialpose
publisher count     : 0
subscriber count    : 0
topic               : /is_rotating_to_heading
publisher count     : 0
subscriber count    : 0
topic               : /joint_states
publisher count     : 0
subscriber count    : 0
topic               : /local_costmap/costmap
publisher count     : 0
subscriber count    : 1
topic               : /local_costmap/costmap_raw
publisher count     : 0
subscriber count    : 0
topic               : /local_costmap/costmap_raw_updates
publisher count     : 0
subscriber count    : 0
topic               : /local_costmap/costmap_updates
publisher count     : 0
subscriber count    : 1
topic               : /local_costmap/footprint
publisher count     : 0
subscriber count    : 0
topic               : /local_costmap/local_costmap/transition_event
publisher count     : 0
subscriber count    : 0
topic               : /local_costmap/obstacle_layer
publisher count     : 0
subscriber count    : 0
topic               : /local_costmap/obstacle_layer_raw
publisher count     : 0
subscriber count    : 0
topic               : /local_costmap/obstacle_layer_raw_updates
publisher count     : 0
subscriber count    : 0
topic               : /local_costmap/obstacle_layer_updates
publisher count     : 0
subscriber count    : 0
topic               : /local_costmap/published_footprint
publisher count     : 0
subscriber count    : 1
topic               : /lookahead_collision_arc
publisher count     : 0
subscriber count    : 0
topic               : /lookahead_point
publisher count     : 0
subscriber count    : 0
topic               : /map
publisher count     : 0
subscriber count    : 1
topic               : /map_metadata
publisher count     : 1
subscriber count    : 0
topic               : /map_updates
publisher count     : 0
subscriber count    : 1
topic               : /navigate_through_poses/_action/feedback
publisher count     : 0
subscriber count    : 0
topic               : /navigate_through_poses/_action/status
publisher count     : 0
subscriber count    : 0
topic               : /navigate_to_pose/_action/feedback
publisher count     : 0
subscriber count    : 0
topic               : /navigate_to_pose/_action/status
publisher count     : 0
subscriber count    : 0
topic               : /odom
publisher count     : 1
subscriber count    : 0
topic               : /plan
publisher count     : 0
subscriber count    : 0
topic               : /plan_smoothed
publisher count     : 1
subscriber count    : 0
topic               : /planner_selector
publisher count     : 0
subscriber count    : 0
topic               : /planner_server/transition_event
publisher count     : 0
subscriber count    : 0
topic               : /pose
publisher count     : 1
subscriber count    : 0
topic               : /preempt_teleop
publisher count     : 0
subscriber count    : 0
topic               : /received_global_plan
publisher count     : 0
subscriber count    : 0
topic               : /robot_description
publisher count     : 1
subscriber count    : 1
topic               : /route_graph
publisher count     : 0
subscriber count    : 0
topic               : /route_server/transition_event
publisher count     : 0
subscriber count    : 0
topic               : /scan
publisher count     : 0
subscriber count    : 2
topic               : /set_pose
publisher count     : 0
subscriber count    : 0
topic               : /slam_map
publisher count     : 1
subscriber count    : 0
topic               : /slam_toolbox/feedback
publisher count     : 0
subscriber count    : 0
topic               : /slam_toolbox/graph_visualization
publisher count     : 1
subscriber count    : 0
topic               : /slam_toolbox/scan_visualization
publisher count     : 1
subscriber count    : 0
topic               : /slam_toolbox/transition_event
publisher count     : 1
subscriber count    : 0
topic               : /slam_toolbox/update
publisher count     : 1
subscriber count    : 0
topic               : /smooth_path/_action/feedback
publisher count     : 1
subscriber count    : 0
topic               : /smooth_path/_action/status
publisher count     : 1
subscriber count    : 0
topic               : /smoother_server/transition_event
publisher count     : 1
subscriber count    : 0
topic               : /speed_limit
publisher count     : 0
subscriber count    : 0
topic               : /spin/_action/feedback
publisher count     : 1
subscriber count    : 0
topic               : /spin/_action/status
publisher count     : 1
subscriber count    : 0
topic               : /staging_pose
publisher count     : 0
subscriber count    : 0
topic               : /sweepi_robot_manager/coverage/last_summary
publisher count     : 0
subscriber count    : 0
topic               : /sweepi_robot_manager/status
publisher count     : 0
subscriber count    : 0
topic               : /tf
publisher count     : 4
subscriber count    : 2
topic               : /tf_static
publisher count     : 1
subscriber count    : 2
topic               : /undock_robot/_action/feedback
publisher count     : 0
subscriber count    : 0
topic               : /undock_robot/_action/status
publisher count     : 0
subscriber count    : 0
topic               : /velocity_smoother/transition_event
publisher count     : 1
subscriber count    : 0
topic               : /wait/_action/feedback
publisher count     : 0
subscriber count    : 0
topic               : /wait/_action/status
publisher count     : 0
subscriber count    : 0
topic               : /waypoint_follower/transition_event
publisher count     : 1
subscriber count    : 0
topic               : /wheel/odom
publisher count     : 1
subscriber count    : 0
