/home/sweepi/.ros/log/python3_6566_1783789536407.log:1:[INFO] [1783789536.717965588] [sweepi_api_bridge]: SweePi API bridge listening on http://0.0.0.0:8080/api
/home/sweepi/.ros/log/python3_6566_1783789536407.log:2:[INFO] [1783789543.022154124] [sweepi_api_bridge]: HTTP "POST /api/exploration/start HTTP/1.1" 200 -
/home/sweepi/.ros/log/controller_server_7577_1783789608165.log:17:[INFO] [1783789614.012366006] [local_costmap.local_costmap]: Subscribed to Topics: scan
/home/sweepi/.ros/log/controller_server_7577_1783789608165.log:25:[INFO] [1783789614.289125076] [controller_server]: Created controller : FollowPath of type nav2_regulated_pure_pursuit_controller::RegulatedPurePursuitController
/home/sweepi/.ros/log/controller_server_7577_1783789608165.log:26:[INFO] [1783789614.334836426] [controller_server]: Controller Server has FollowPath  controllers available.
/home/sweepi/.ros/log/controller_server_7577_1783789608165.log:31:[INFO] [1783789618.625492713] [controller_server]: Activating controller: FollowPath of type regulated_pure_pursuit_controller::RegulatedPurePursuitController
/home/sweepi/.ros/log/controller_server_7577_1783789608165.log:36:[INFO] [1783789702.889973898] [controller_server]: Deactivating controller: FollowPath of type regulated_pure_pursuit_controller::RegulatedPurePursuitController
/home/sweepi/.ros/log/controller_server_7577_1783789608165.log:40:[INFO] [1783789703.190224439] [controller_server]: Cleaning up controller: FollowPath of type regulated_pure_pursuit_controller::RegulatedPurePursuitController
/home/sweepi/.ros/log/2026-07-11-22-31-48-747761-sweepi-4199/launch.log:19:1783789309.6326838 [INFO] [async_slam_toolbox_node-12]: process started with pid [4240]
/home/sweepi/.ros/log/2026-07-11-22-31-48-747761-sweepi-4199/launch.log:21:1783789313.5466564 [INFO] [launch.user]: [LifecycleLaunch] SweePi SLAM Toolbox is activating.
/home/sweepi/.ros/log/2026-07-11-22-31-48-747761-sweepi-4199/launch.log:22:1783789318.1293392 [ERROR] [wavefront_explorer.py-13]: process has died [pid 4241, exit code 1, cmd '/home/sweepi/SweePi/install/sweepi_exploration/lib/sweepi_exploration/wavefront_explorer.py --ros-args -r __node:=wavefront_explorer --params-file /tmp/launch_params_ad9_noj2'].
/home/sweepi/.ros/log/2026-07-11-22-31-48-747761-sweepi-4199/launch.log:23:1783789351.1892281 [WARNING] [launch]: user interrupted with ctrl-c (SIGINT)
/home/sweepi/.ros/log/2026-07-11-22-31-48-747761-sweepi-4199/launch.log:24:1783789351.8973954 [INFO] [async_slam_toolbox_node-12]: sending signal 'SIGINT' to process[async_slam_toolbox_node-12]
/home/sweepi/.ros/log/2026-07-11-22-31-48-747761-sweepi-4199/launch.log:36:1783789351.9597583 [ERROR] [velocity_smoother-8]: process has died [pid 4236, exit code -2, cmd '/opt/ros/jazzy/lib/nav2_velocity_smoother/velocity_smoother --ros-args --log-level info --ros-args -r __node:=velocity_smoother -p use_sim_time:=False --params-file /tmp/launch_params_nneoud7n -r /tf:=tf -r /tf_static:=tf_static -r cmd_vel:=cmd_vel_nav'].
/home/sweepi/.ros/log/2026-07-11-22-31-48-747761-sweepi-4199/launch.log:37:1783789351.9725714 [ERROR] [route_server-4]: process has died [pid 4232, exit code -2, cmd '/opt/ros/jazzy/lib/nav2_route/route_server --ros-args --log-level info --ros-args -r __node:=route_server -p use_sim_time:=False --params-file /tmp/launch_params_nneoud7n -r /tf:=tf -r /tf_static:=tf_static'].
/home/sweepi/.ros/log/2026-07-11-22-31-48-747761-sweepi-4199/launch.log:38:1783789351.9744103 [ERROR] [async_slam_toolbox_node-12]: process has died [pid 4240, exit code -2, cmd '/opt/ros/jazzy/lib/slam_toolbox/async_slam_toolbox_node --ros-args -r __node:=slam_toolbox -r __ns:=/ --params-file /tmp/launch_params_u08mccny --params-file /tmp/launch_params_smh6_ucg -r /map:=/slam_map'].
/home/sweepi/.ros/log/2026-07-11-22-31-48-747761-sweepi-4199/launch.log:39:1783789351.9757504 [ERROR] [collision_monitor-9]: process has died [pid 4237, exit code -2, cmd '/opt/ros/jazzy/lib/nav2_collision_monitor/collision_monitor --ros-args --log-level info --ros-args -r __node:=collision_monitor -p use_sim_time:=False --params-file /tmp/launch_params_nneoud7n -r /tf:=tf -r /tf_static:=tf_static'].
/home/sweepi/.ros/log/2026-07-11-22-31-48-747761-sweepi-4199/launch.log:40:1783789351.9768004 [ERROR] [waypoint_follower-7]: process has died [pid 4235, exit code -2, cmd '/opt/ros/jazzy/lib/nav2_waypoint_follower/waypoint_follower --ros-args --log-level info --ros-args -r __node:=waypoint_follower -p use_sim_time:=False --params-file /tmp/launch_params_nneoud7n -r /tf:=tf -r /tf_static:=tf_static'].
/home/sweepi/.ros/log/2026-07-11-22-31-48-747761-sweepi-4199/launch.log:41:1783789351.9771020 [ERROR] [smoother_server-2]: process has died [pid 4230, exit code -2, cmd '/opt/ros/jazzy/lib/nav2_smoother/smoother_server --ros-args --log-level info --ros-args -r __node:=smoother_server -p use_sim_time:=False --params-file /tmp/launch_params_nneoud7n -r /tf:=tf -r /tf_static:=tf_static'].
/home/sweepi/.ros/log/python3_3996_1783789300395.log:2:[INFO] [1783789300.976457066] [base_driver_node]: Base driver parameters: serial_port=/dev/ttyAMA0, baud_rate=115200, wheel_radius=0.0615, wheel_separation=0.29, ticks_per_revolution=7392.0, left_encoder_sign=1.0, right_encoder_sign=1.0, left_motor_command_sign=1.0, right_motor_command_sign=1.0, command_rate_hz=50.0, feedback_poll_rate_hz=100.0, cmd_vel_timeout=0.5, gyro_units=rad_s, accel_units=m_s2
/home/sweepi/.ros/log/ekf_node_3997_1783789298648.log:1:[ERROR] [1783789299.325737586] [ekf_filter_node]: Warning: /imu/data is listed as an input topic, but all its update variables are false
/home/sweepi/.ros/log/ekf_node_3997_1783789298648.log:2:[ERROR] [1783789310.425620888] [ekf_filter_node]: Failed to meet update rate! Took 0.039176136999999999766seconds. Try decreasing the rate, limiting sensor output frequency, or limiting the number of sensors.
/home/sweepi/.ros/log/ekf_node_3997_1783789298648.log:3:[ERROR] [1783789310.587471370] [ekf_filter_node]: Failed to meet update rate! Took 0.02991409600000000113seconds. Try decreasing the rate, limiting sensor output frequency, or limiting the number of sensors.
/home/sweepi/.ros/log/ekf_node_3997_1783789298648.log:4:[ERROR] [1783789311.752185987] [ekf_filter_node]: Failed to meet update rate! Took 0.30786249300000001483seconds. Try decreasing the rate, limiting sensor output frequency, or limiting the number of sensors.
/home/sweepi/.ros/log/ekf_node_3997_1783789298648.log:5:[ERROR] [1783789311.944422460] [ekf_filter_node]: Failed to meet update rate! Took 0.03527274200000000276seconds. Try decreasing the rate, limiting sensor output frequency, or limiting the number of sensors.
/home/sweepi/.ros/log/ekf_node_3997_1783789298648.log:6:[ERROR] [1783789312.118552529] [ekf_filter_node]: Failed to meet update rate! Took 0.10978692900000000532seconds. Try decreasing the rate, limiting sensor output frequency, or limiting the number of sensors.
/home/sweepi/.ros/log/ekf_node_3997_1783789298648.log:7:[ERROR] [1783789312.194642541] [ekf_filter_node]: Failed to meet update rate! Took 0.051502688999999997332seconds. Try decreasing the rate, limiting sensor output frequency, or limiting the number of sensors.
/home/sweepi/.ros/log/ekf_node_3997_1783789298648.log:8:[ERROR] [1783789331.675130630] [ekf_filter_node]: Failed to meet update rate! Took 0.14297746299999999908seconds. Try decreasing the rate, limiting sensor output frequency, or limiting the number of sensors.
/home/sweepi/.ros/log/async_slam_toolbox_node_4610_1783797267831.log:1:[INFO] [1783797270.078135340] [slam_toolbox]: Node using stack size 40000000
/home/sweepi/.ros/log/async_slam_toolbox_node_4610_1783797267831.log:2:[INFO] [1783797270.110099778] [slam_toolbox]: Configuring
/home/sweepi/.ros/log/async_slam_toolbox_node_4610_1783797267831.log:3:[INFO] [1783797270.524338718] [slam_toolbox]: Using solver plugin solver_plugins::CeresSolver
/home/sweepi/.ros/log/async_slam_toolbox_node_4610_1783797267831.log:4:[INFO] [1783797270.525023420] [slam_toolbox]: CeresSolver: Using SCHUR_JACOBI preconditioner.
/home/sweepi/.ros/log/async_slam_toolbox_node_4610_1783797267831.log:5:[INFO] [1783797271.212290610] [slam_toolbox]: Activating
/home/sweepi/.ros/log/async_slam_toolbox_node_4610_1783797267831.log:6:[INFO] [1783798680.688552488] [slam_toolbox]: Message Filter dropping message: frame 'lidar_link' at time 1783798680.488 for reason 'discarding message because the queue is full'
/home/sweepi/.ros/log/async_slam_toolbox_node_4610_1783797267831.log:7:[INFO] [1783798710.680185629] [slam_toolbox]: Message Filter dropping message: frame 'lidar_link' at time 1783798710.643 for reason 'discarding message because the queue is full'
/home/sweepi/.ros/log/async_slam_toolbox_node_4610_1783797267831.log:8:[INFO] [1783799043.558105916] [slam_toolbox]: Message Filter dropping message: frame 'lidar_link' at time 1783799043.240 for reason 'discarding message because the queue is full'
/home/sweepi/.ros/log/async_slam_toolbox_node_4610_1783797267831.log:9:[INFO] [1783799091.240644317] [slam_toolbox]: Message Filter dropping message: frame 'lidar_link' at time 1783799091.006 for reason 'discarding message because the queue is full'
/home/sweepi/.ros/log/rviz2_4431_1783797249855.log:4:[INFO] [1783797254.339249052] [rviz2]: Message Filter dropping message: frame 'lidar_link' at time 1783797253.206 for reason 'discarding message because the queue is full'
/home/sweepi/.ros/log/rviz2_4431_1783797249855.log:5:[INFO] [1783797256.935428610] [rviz2]: Message Filter dropping message: frame 'lidar_link' at time 1783797255.817 for reason 'discarding message because the queue is full'
/home/sweepi/.ros/log/rviz2_4431_1783797249855.log:6:[INFO] [1783797259.439434371] [rviz2]: Message Filter dropping message: frame 'lidar_link' at time 1783797258.308 for reason 'discarding message because the queue is full'
/home/sweepi/.ros/log/rviz2_4431_1783797249855.log:7:[INFO] [1783797262.033795095] [rviz2]: Message Filter dropping message: frame 'lidar_link' at time 1783797260.914 for reason 'discarding message because the queue is full'
/home/sweepi/.ros/log/rviz2_4431_1783797249855.log:8:[INFO] [1783797264.625988770] [rviz2]: Message Filter dropping message: frame 'lidar_link' at time 1783797263.503 for reason 'discarding message because the queue is full'
/home/sweepi/.ros/log/rviz2_4431_1783797249855.log:9:[INFO] [1783797267.220300943] [rviz2]: Message Filter dropping message: frame 'lidar_link' at time 1783797266.101 for reason 'discarding message because the queue is full'
/home/sweepi/.ros/log/rviz2_4431_1783797249855.log:10:[INFO] [1783797269.753456633] [rviz2]: Message Filter dropping message: frame 'lidar_link' at time 1783797268.507 for reason 'discarding message because the queue is full'
/home/sweepi/.ros/log/rviz2_4431_1783797249855.log:11:[ERROR] [1783797272.128582919] [rviz2]: Lookup would require extrapolation into the future.  Requested time 1783797272.013659 but the latest data is at time 1783797272.013330, when looking up transform from frame [lidar_link] to frame [map]
/home/sweepi/.ros/log/rviz2_4431_1783797249855.log:13:[ERROR] [1783797272.814461963] [rviz2]: rviz/glsl120/indexed_8bit_image.vert
/home/sweepi/.ros/log/rviz2_4431_1783797249855.log:18:[INFO] [1783797290.045507170] [rviz2]: Message Filter dropping message: frame 'lidar_link' at time 1783797271.005 for reason 'discarding message because the queue is full'
/home/sweepi/.ros/log/rviz2_4431_1783797249855.log:19:[INFO] [1783797293.618900707] [rviz2]: Message Filter dropping message: frame 'lidar_link' at time 1783797271.504 for reason 'discarding message because the queue is full'
/home/sweepi/.ros/log/python3_5404_1783789381295.log:2:[INFO] [1783789381.660909229] [base_driver_node]: Base driver parameters: serial_port=/dev/ttyAMA0, baud_rate=115200, wheel_radius=0.0615, wheel_separation=0.29, ticks_per_revolution=7392.0, left_encoder_sign=1.0, right_encoder_sign=1.0, left_motor_command_sign=1.0, right_motor_command_sign=1.0, command_rate_hz=50.0, feedback_poll_rate_hz=100.0, cmd_vel_timeout=0.5, gyro_units=rad_s, accel_units=m_s2
/home/sweepi/.ros/log/rviz2_6564_1783789535703.log:4:[INFO] [1783789539.171731151] [rviz2]: Message Filter dropping message: frame 'lidar_link' at time 1783789538.162 for reason 'discarding message because the queue is full'
/home/sweepi/.ros/log/rviz2_6564_1783789535703.log:5:[INFO] [1783789541.699971017] [rviz2]: Message Filter dropping message: frame 'lidar_link' at time 1783789540.600 for reason 'discarding message because the queue is full'
/home/sweepi/.ros/log/rviz2_6564_1783789535703.log:6:[INFO] [1783789544.292967588] [rviz2]: Message Filter dropping message: frame 'lidar_link' at time 1783789543.191 for reason 'discarding message because the queue is full'
/home/sweepi/.ros/log/rviz2_6564_1783789535703.log:7:[INFO] [1783789546.817229137] [rviz2]: Message Filter dropping message: frame 'lidar_link' at time 1783789545.713 for reason 'discarding message because the queue is full'
/home/sweepi/.ros/log/rviz2_6564_1783789535703.log:8:[INFO] [1783789549.407747362] [rviz2]: Message Filter dropping message: frame 'lidar_link' at time 1783789548.285 for reason 'discarding message because the queue is full'
/home/sweepi/.ros/log/rviz2_6564_1783789535703.log:9:[INFO] [1783789551.999929578] [rviz2]: Message Filter dropping message: frame 'lidar_link' at time 1783789550.884 for reason 'discarding message because the queue is full'
/home/sweepi/.ros/log/rviz2_6564_1783789535703.log:10:[INFO] [1783789554.592177122] [rviz2]: Message Filter dropping message: frame 'lidar_link' at time 1783789553.481 for reason 'discarding message because the queue is full'
/home/sweepi/.ros/log/rviz2_6564_1783789535703.log:11:[INFO] [1783789557.183972312] [rviz2]: Message Filter dropping message: frame 'lidar_link' at time 1783789556.076 for reason 'discarding message because the queue is full'
/home/sweepi/.ros/log/rviz2_6564_1783789535703.log:12:[INFO] [1783789559.775835568] [rviz2]: Message Filter dropping message: frame 'lidar_link' at time 1783789558.673 for reason 'discarding message because the queue is full'
/home/sweepi/.ros/log/rviz2_6564_1783789535703.log:13:[INFO] [1783789562.400587427] [rviz2]: Message Filter dropping message: frame 'lidar_link' at time 1783789561.270 for reason 'discarding message because the queue is full'
/home/sweepi/.ros/log/rviz2_6564_1783789535703.log:14:[INFO] [1783789564.992216038] [rviz2]: Message Filter dropping message: frame 'lidar_link' at time 1783789563.876 for reason 'discarding message because the queue is full'
/home/sweepi/.ros/log/controller_server_5577_1783789388967.log:17:[INFO] [1783789392.760947054] [local_costmap.local_costmap]: Subscribed to Topics: scan
/home/sweepi/.ros/log/controller_server_5577_1783789388967.log:25:[INFO] [1783789393.486406034] [controller_server]: Created controller : FollowPath of type nav2_regulated_pure_pursuit_controller::RegulatedPurePursuitController
/home/sweepi/.ros/log/controller_server_5577_1783789388967.log:26:[INFO] [1783789393.601701778] [controller_server]: Controller Server has FollowPath  controllers available.
/home/sweepi/.ros/log/controller_server_5577_1783789388967.log:31:[INFO] [1783789396.362407810] [controller_server]: Activating controller: FollowPath of type regulated_pure_pursuit_controller::RegulatedPurePursuitController
/home/sweepi/.ros/log/controller_server_5577_1783789388967.log:36:[INFO] [1783789449.184509722] [controller_server]: Deactivating controller: FollowPath of type regulated_pure_pursuit_controller::RegulatedPurePursuitController
/home/sweepi/.ros/log/controller_server_5577_1783789388967.log:40:[INFO] [1783789449.424392310] [controller_server]: Cleaning up controller: FollowPath of type regulated_pure_pursuit_controller::RegulatedPurePursuitController
/home/sweepi/.ros/log/tf2_echo_10424_1783798785108.log:1:[INFO] [1783798785.241465965] [tf2_echo]: Waiting for transform base_link ->  lidar_link: Invalid frame ID "base_link" passed to canTransform argument target_frame - frame does not exist
/home/sweepi/.ros/log/collision_monitor_5585_1783789389401.log:6:[INFO] [1783789395.037020881] [collision_monitor]: [scan]: Creating Scan
/home/sweepi/.ros/log/collision_monitor_5585_1783789389401.log:18:[INFO] [1783789449.273969891] [collision_monitor]: [scan]: Destroying Scan
/home/sweepi/.ros/log/ekf_node_3755_1783797207635.log:1:[ERROR] [1783797208.265077909] [ekf_filter_node]: Warning: /imu/data is listed as an input topic, but all its update variables are false
/home/sweepi/.ros/log/python3_4433_1783797251993.log:1:[INFO] [1783797253.061234593] [sweepi_api_bridge]: SweePi API bridge listening on http://0.0.0.0:8080/api
/home/sweepi/.ros/log/python3_4433_1783797251993.log:2:[INFO] [1783797265.733671650] [sweepi_api_bridge]: HTTP "POST /api/exploration/start HTTP/1.1" 200 -
/home/sweepi/.ros/log/python3_4433_1783797251993.log:3:[INFO] [1783798609.933071990] [sweepi_api_bridge]: HTTP "GET /api/system/health HTTP/1.1" 200 -
/home/sweepi/.ros/log/python3_4433_1783797251993.log:4:[INFO] [1783798609.996556299] [sweepi_api_bridge]: HTTP "GET /api/robot/status HTTP/1.1" 200 -
/home/sweepi/.ros/log/python3_4433_1783797251993.log:5:[INFO] [1783798610.062863792] [sweepi_api_bridge]: HTTP "GET /api/exploration/status HTTP/1.1" 200 -
/home/sweepi/.ros/log/python3_3482_1783788930933.log:1:[INFO] [1783788931.298731302] [sweepi_api_bridge]: SweePi API bridge listening on http://0.0.0.0:8080/api
/home/sweepi/.ros/log/python3_3482_1783788930933.log:2:[INFO] [1783789019.418673311] [sweepi_api_bridge]: HTTP "GET /api/system/health HTTP/1.1" 200 -
/home/sweepi/.ros/log/python3_3482_1783788930933.log:3:[INFO] [1783789055.672758654] [sweepi_api_bridge]: HTTP "GET /api/system/health HTTP/1.1" 200 -
/home/sweepi/.ros/log/python3_3482_1783788930933.log:4:[INFO] [1783789055.735660271] [sweepi_api_bridge]: HTTP "GET /favicon.ico HTTP/1.1" 404 -
/home/sweepi/.ros/log/async_slam_toolbox_node_5588_1783789389120.log:1:[INFO] [1783789389.189183867] [slam_toolbox]: Node using stack size 40000000
/home/sweepi/.ros/log/async_slam_toolbox_node_5588_1783789389120.log:2:[INFO] [1783789389.759460770] [slam_toolbox]: Configuring
/home/sweepi/.ros/log/async_slam_toolbox_node_5588_1783789389120.log:3:[INFO] [1783789389.853015293] [slam_toolbox]: Using solver plugin solver_plugins::CeresSolver
/home/sweepi/.ros/log/async_slam_toolbox_node_5588_1783789389120.log:4:[INFO] [1783789389.853526717] [slam_toolbox]: CeresSolver: Using SCHUR_JACOBI preconditioner.
/home/sweepi/.ros/log/async_slam_toolbox_node_5588_1783789389120.log:5:[INFO] [1783789391.382298511] [slam_toolbox]: Activating
/home/sweepi/.ros/log/2026-07-11-22-36-36-387318-sweepi-7427/launch.log:5:1783789596.7037749 [INFO] [sllidar_node-3]: process started with pid [7433]
/home/sweepi/.ros/log/2026-07-11-22-36-36-387318-sweepi-7427/launch.log:9:1783789596.7107408 [INFO] [api_bridge_node-7]: process started with pid [7437]
/home/sweepi/.ros/log/2026-07-11-22-36-36-387318-sweepi-7427/launch.log:10:1783789702.9062326 [WARNING] [launch]: user interrupted with ctrl-c (SIGINT)
/home/sweepi/.ros/log/2026-07-11-22-36-36-387318-sweepi-7427/launch.log:11:1783789703.1862478 [WARNING] [launch]: user interrupted with ctrl-c (SIGINT) again, ignoring...
/home/sweepi/.ros/log/2026-07-11-22-36-36-387318-sweepi-7427/launch.log:12:1783789703.3000124 [ERROR] [rviz2-5]: process has died [pid 7435, exit code -2, cmd '/opt/ros/jazzy/lib/rviz2/rviz2 -d /home/sweepi/SweePi/install/sweepi_bringup/share/sweepi_bringup/rviz/urdf_config.rviz --ros-args -r __node:=rviz2 --params-file /tmp/launch_params_tyqr0h9_'].
/home/sweepi/.ros/log/2026-07-11-22-36-36-387318-sweepi-7427/launch.log:13:1783789703.3560967 [ERROR] [ekf_node-2]: process has died [pid 7432, exit code -2, cmd '/opt/ros/jazzy/lib/robot_localization/ekf_node --ros-args -r __node:=ekf_filter_node --params-file /home/sweepi/SweePi/install/sweepi_state_estimation/share/sweepi_state_estimation/config/ekf.yaml --params-file /tmp/launch_params_m2q5xgap -r odometry/filtered:=/odom'].
/home/sweepi/.ros/log/2026-07-11-22-36-36-387318-sweepi-7427/launch.log:14:1783789703.3565221 [ERROR] [sllidar_node-3]: process has died [pid 7433, exit code -2, cmd '/home/sweepi/SweePi/install/sllidar_ros2/lib/sllidar_ros2/sllidar_node --ros-args -r __node:=sllidar_node --params-file /tmp/launch_params_hzb6p2x7'].
/home/sweepi/.ros/log/2026-07-11-22-36-36-387318-sweepi-7427/launch.log:15:1783789703.4121027 [WARNING] [launch]: user interrupted with ctrl-c (SIGINT) again, ignoring...
/home/sweepi/.ros/log/2026-07-11-22-36-36-387318-sweepi-7427/launch.log:16:1783789703.4506803 [ERROR] [base_driver_node-1]: process has died [pid 7431, exit code -2, cmd '/home/sweepi/SweePi/install/sweepi_base_driver/lib/sweepi_base_driver/base_driver_node --ros-args -r __node:=base_driver_node --params-file /home/sweepi/SweePi/install/sweepi_base_driver/share/sweepi_base_driver/config/base_driver_params.yaml --params-file /tmp/launch_params_8yqnld7o'].
/home/sweepi/.ros/log/2026-07-11-22-36-36-387318-sweepi-7427/launch.log:17:1783789703.4883621 [ERROR] [api_bridge_node-7]: process has died [pid 7437, exit code -2, cmd '/home/sweepi/SweePi/install/sweepi_api_bridge/lib/sweepi_api_bridge/api_bridge_node --ros-args -r __node:=sweepi_api_bridge --params-file /tmp/launch_params_ptpyml_7'].
/home/sweepi/.ros/log/2026-07-11-22-36-36-387318-sweepi-7427/launch.log:19:1783789703.7613244 [WARNING] [launch]: user interrupted with ctrl-c (SIGINT) again, ignoring...
/home/sweepi/.ros/log/2026-07-11-22-36-36-387318-sweepi-7427/launch.log:20:1783789703.8741612 [ERROR] [sweepi_robot_manager_node.py-6]: process has died [pid 7436, exit code -2, cmd '/home/sweepi/SweePi/install/sweepi_robot_manager/lib/sweepi_robot_manager/sweepi_robot_manager_node.py --ros-args -r __node:=sweepi_robot_manager --params-file /tmp/launch_params_7vepocq6'].
/home/sweepi/.ros/log/2026-07-12-00-44-26-314920-sweepi-4580/launch.log:19:1783797267.1772196 [INFO] [async_slam_toolbox_node-12]: process started with pid [4610]
/home/sweepi/.ros/log/2026-07-12-00-44-26-314920-sweepi-4580/launch.log:21:1783797271.1687703 [INFO] [launch.user]: [LifecycleLaunch] SweePi SLAM Toolbox is activating.
/home/sweepi/.ros/log/2026-07-12-00-44-26-314920-sweepi-4580/launch.log:22:1783797275.2794588 [ERROR] [wavefront_explorer.py-13]: process has died [pid 4611, exit code 1, cmd '/home/sweepi/SweePi/install/sweepi_exploration/lib/sweepi_exploration/wavefront_explorer.py --ros-args -r __node:=wavefront_explorer --params-file /tmp/launch_params_s8j0js6i'].
/home/sweepi/.ros/log/planner_server_4231_1783789310030.log:17:[INFO] [1783789314.699844183] [global_costmap.global_costmap]: Subscribed to Topics: scan
/home/sweepi/.ros/log/planner_server_5579_1783789388886.log:17:[INFO] [1783789394.002548174] [global_costmap.global_costmap]: Subscribed to Topics: scan
/home/sweepi/.ros/log/planner_server_5579_1783789388886.log:31:[INFO] [1783789417.432798716] [global_costmap.global_costmap]: Message Filter dropping message: frame 'lidar_link' at time 1783789416.822 for reason 'the timestamp on the message is earlier than all the data in the transform cache'
/home/sweepi/.ros/log/opennav_docking_4608_1783797267558.log:9:[WARN] [1783797275.014164221] [docking_server]: Dock database filepath nor dock parameters set. Docking actions can only be executed specifying the dock pose via the action request. Or update the dock database via the reload_database service.
/home/sweepi/.ros/log/rviz2_7435_1783789597224.log:4:[INFO] [1783789600.747780469] [rviz2]: Message Filter dropping message: frame 'lidar_link' at time 1783789599.681 for reason 'discarding message because the queue is full'
/home/sweepi/.ros/log/rviz2_7435_1783789597224.log:5:[INFO] [1783789603.275420084] [rviz2]: Message Filter dropping message: frame 'lidar_link' at time 1783789602.174 for reason 'discarding message because the queue is full'
/home/sweepi/.ros/log/rviz2_7435_1783789597224.log:6:[INFO] [1783789605.867925875] [rviz2]: Message Filter dropping message: frame 'lidar_link' at time 1783789604.766 for reason 'discarding message because the queue is full'
/home/sweepi/.ros/log/rviz2_7435_1783789597224.log:7:[INFO] [1783789608.409279166] [rviz2]: Message Filter dropping message: frame 'lidar_link' at time 1783789607.164 for reason 'discarding message because the queue is full'
/home/sweepi/.ros/log/rviz2_7435_1783789597224.log:8:[INFO] [1783789610.923897169] [rviz2]: Message Filter dropping message: frame 'lidar_link' at time 1783789609.183 for reason 'discarding message because the queue is full'
/home/sweepi/.ros/log/rviz2_7435_1783789597224.log:9:[INFO] [1783789613.584977525] [rviz2]: Message Filter dropping message: frame 'lidar_link' at time 1783789612.280 for reason 'discarding message because the queue is full'
/home/sweepi/.ros/log/rviz2_7435_1783789597224.log:10:[ERROR] [1783789613.775976364] [rviz2]: Lookup would require extrapolation into the future.  Requested time 1783789613.769153 but the latest data is at time 1783789613.744761, when looking up transform from frame [lidar_link] to frame [map]
/home/sweepi/.ros/log/rviz2_7435_1783789597224.log:12:[ERROR] [1783789614.533082369] [rviz2]: rviz/glsl120/indexed_8bit_image.vert
/home/sweepi/.ros/log/rviz2_7435_1783789597224.log:17:[INFO] [1783789632.766994441] [rviz2]: Message Filter dropping message: frame 'lidar_link' at time 1783789612.786 for reason 'discarding message because the queue is full'
/home/sweepi/.ros/log/rviz2_7435_1783789597224.log:18:[INFO] [1783789642.097598774] [rviz2]: Message Filter dropping message: frame 'lidar_link' at time 1783789613.169 for reason 'discarding message because the queue is full'
/home/sweepi/.ros/log/rviz2_7435_1783789597224.log:19:[INFO] [1783789645.583994590] [rviz2]: Message Filter dropping message: frame 'lidar_link' at time 1783789613.284 for reason 'discarding message because the queue is full'
/home/sweepi/.ros/log/sllidar_node_4429_1783797248382.log:1:[INFO] [1783797248.506303013] [sllidar_node]: SLLidar running on ROS2 package SLLidar.ROS2 SDK Version:1.0.1, SLLIDAR SDK Version:2.1.0
/home/sweepi/.ros/log/sllidar_node_4429_1783797248382.log:2:[INFO] [1783797249.039153709] [sllidar_node]: SLLidar S/N: 6325E0F6C1E092D4A19E9FF9F389461A
/home/sweepi/.ros/log/sllidar_node_4429_1783797248382.log:3:[INFO] [1783797249.039293038] [sllidar_node]: Firmware Ver: 1.02
/home/sweepi/.ros/log/sllidar_node_4429_1783797248382.log:4:[INFO] [1783797249.039318522] [sllidar_node]: Hardware Rev: 18
/home/sweepi/.ros/log/sllidar_node_4429_1783797248382.log:5:[INFO] [1783797249.049468415] [sllidar_node]: SLLidar health status : 0
/home/sweepi/.ros/log/sllidar_node_4429_1783797248382.log:6:[INFO] [1783797249.049748165] [sllidar_node]: SLLidar health status : OK.
/home/sweepi/.ros/log/sllidar_node_4429_1783797248382.log:7:[INFO] [1783797249.415503952] [sllidar_node]: current scan mode: Standard, sample rate: 5 Khz, max_distance: 16.0 m, scan frequency:10.0 Hz, 
/home/sweepi/.ros/log/ekf_node_4428_1783797248576.log:1:[ERROR] [1783797249.404173201] [ekf_filter_node]: Warning: /imu/data is listed as an input topic, but all its update variables are false
/home/sweepi/.ros/log/ekf_node_4428_1783797248576.log:2:[ERROR] [1783797267.669193050] [ekf_filter_node]: Failed to meet update rate! Took 0.06289947199999999794seconds. Try decreasing the rate, limiting sensor output frequency, or limiting the number of sensors.
/home/sweepi/.ros/log/ekf_node_4428_1783797248576.log:3:[ERROR] [1783797267.724270549] [ekf_filter_node]: Failed to meet update rate! Took 0.049442882000000000497seconds. Try decreasing the rate, limiting sensor output frequency, or limiting the number of sensors.
/home/sweepi/.ros/log/ekf_node_4428_1783797248576.log:4:[ERROR] [1783797267.883472906] [ekf_filter_node]: Failed to meet update rate! Took 0.047846435999999999134seconds. Try decreasing the rate, limiting sensor output frequency, or limiting the number of sensors.
/home/sweepi/.ros/log/ekf_node_4428_1783797248576.log:5:[ERROR] [1783797268.073698634] [ekf_filter_node]: Failed to meet update rate! Took 0.039928742000000003176seconds. Try decreasing the rate, limiting sensor output frequency, or limiting the number of sensors.
/home/sweepi/.ros/log/ekf_node_4428_1783797248576.log:6:[ERROR] [1783797271.200459241] [ekf_filter_node]: Failed to meet update rate! Took 0.060599070999999997411seconds. Try decreasing the rate, limiting sensor output frequency, or limiting the number of sensors.
/home/sweepi/.ros/log/ekf_node_4428_1783797248576.log:7:[ERROR] [1783797284.315109408] [ekf_filter_node]: Failed to meet update rate! Took 0.039496346000000001619seconds. Try decreasing the rate, limiting sensor output frequency, or limiting the number of sensors.
/home/sweepi/.ros/log/ekf_node_4428_1783797248576.log:8:[ERROR] [1783797284.422944335] [ekf_filter_node]: Failed to meet update rate! Took 0.029436824000000000323seconds. Try decreasing the rate, limiting sensor output frequency, or limiting the number of sensors.
/home/sweepi/.ros/log/ekf_node_4428_1783797248576.log:9:[ERROR] [1783797312.433439752] [ekf_filter_node]: Failed to meet update rate! Took 0.02680873099999999884seconds. Try decreasing the rate, limiting sensor output frequency, or limiting the number of sensors.
/home/sweepi/.ros/log/ekf_node_4428_1783797248576.log:10:[ERROR] [1783797523.172604724] [ekf_filter_node]: Failed to meet update rate! Took 0.040835701000000002026seconds. Try decreasing the rate, limiting sensor output frequency, or limiting the number of sensors.
/home/sweepi/.ros/log/ekf_node_4428_1783797248576.log:11:[ERROR] [1783798047.306930631] [ekf_filter_node]: Failed to meet update rate! Took 0.025462014000000001562seconds. Try decreasing the rate, limiting sensor output frequency, or limiting the number of sensors.
/home/sweepi/.ros/log/ekf_node_4428_1783797248576.log:12:[ERROR] [1783798125.307126557] [ekf_filter_node]: Failed to meet update rate! Took 0.025118433999999998513seconds. Try decreasing the rate, limiting sensor output frequency, or limiting the number of sensors.
/home/sweepi/.ros/log/ekf_node_4428_1783797248576.log:13:[ERROR] [1783798146.988699841] [ekf_filter_node]: Failed to meet update rate! Took 0.0319467380000000023seconds. Try decreasing the rate, limiting sensor output frequency, or limiting the number of sensors.
/home/sweepi/.ros/log/ekf_node_4428_1783797248576.log:14:[ERROR] [1783798152.307637840] [ekf_filter_node]: Failed to meet update rate! Took 0.026034246000000000471seconds. Try decreasing the rate, limiting sensor output frequency, or limiting the number of sensors.
/home/sweepi/.ros/log/ekf_node_4428_1783797248576.log:15:[ERROR] [1783798153.308023416] [ekf_filter_node]: Failed to meet update rate! Took 0.026093598999999998572seconds. Try decreasing the rate, limiting sensor output frequency, or limiting the number of sensors.
/home/sweepi/.ros/log/ekf_node_4428_1783797248576.log:16:[ERROR] [1783798197.383768990] [ekf_filter_node]: Failed to meet update rate! Took 0.027012913999999998982seconds. Try decreasing the rate, limiting sensor output frequency, or limiting the number of sensors.
/home/sweepi/.ros/log/ekf_node_4428_1783797248576.log:17:[ERROR] [1783798368.334363128] [ekf_filter_node]: Failed to meet update rate! Took 0.027199304000000000536seconds. Try decreasing the rate, limiting sensor output frequency, or limiting the number of sensors.
/home/sweepi/.ros/log/ekf_node_4428_1783797248576.log:18:[ERROR] [1783798612.558779138] [ekf_filter_node]: Failed to meet update rate! Took 0.044294021000000002863seconds. Try decreasing the rate, limiting sensor output frequency, or limiting the number of sensors.
/home/sweepi/.ros/log/ekf_node_4428_1783797248576.log:19:[ERROR] [1783798613.180068348] [ekf_filter_node]: Failed to meet update rate! Took 0.03008036799999999969seconds. Try decreasing the rate, limiting sensor output frequency, or limiting the number of sensors.
/home/sweepi/.ros/log/ekf_node_4428_1783797248576.log:20:[ERROR] [1783798614.599941575] [ekf_filter_node]: Failed to meet update rate! Took 0.041698812000000001765seconds. Try decreasing the rate, limiting sensor output frequency, or limiting the number of sensors.
/home/sweepi/.ros/log/ekf_node_4428_1783797248576.log:21:[ERROR] [1783798662.607215116] [ekf_filter_node]: Failed to meet update rate! Took 0.025202933999999999753seconds. Try decreasing the rate, limiting sensor output frequency, or limiting the number of sensors.
/home/sweepi/.ros/log/ekf_node_4428_1783797248576.log:22:[ERROR] [1783798680.806126595] [ekf_filter_node]: Failed to meet update rate! Took 0.32241896700000000076seconds. Try decreasing the rate, limiting sensor output frequency, or limiting the number of sensors.
/home/sweepi/.ros/log/ekf_node_4428_1783797248576.log:23:[ERROR] [1783798695.389687749] [ekf_filter_node]: Failed to meet update rate! Took 0.029594002000000001196seconds. Try decreasing the rate, limiting sensor output frequency, or limiting the number of sensors.
/home/sweepi/.ros/log/ekf_node_4428_1783797248576.log:24:[ERROR] [1783798696.068111905] [ekf_filter_node]: Failed to meet update rate! Took 0.08529406200000000382seconds. Try decreasing the rate, limiting sensor output frequency, or limiting the number of sensors.
/home/sweepi/.ros/log/ekf_node_4428_1783797248576.log:25:[ERROR] [1783798710.631921305] [ekf_filter_node]: Failed to meet update rate! Took 0.10019586599999999454seconds. Try decreasing the rate, limiting sensor output frequency, or limiting the number of sensors.
/home/sweepi/.ros/log/ekf_node_4428_1783797248576.log:26:[ERROR] [1783798718.174683420] [ekf_filter_node]: Failed to meet update rate! Took 0.035772153000000000977seconds. Try decreasing the rate, limiting sensor output frequency, or limiting the number of sensors.
/home/sweepi/.ros/log/ekf_node_4428_1783797248576.log:27:[ERROR] [1783798772.765327240] [ekf_filter_node]: Failed to meet update rate! Took 0.054472971000000001973seconds. Try decreasing the rate, limiting sensor output frequency, or limiting the number of sensors.
/home/sweepi/.ros/log/ekf_node_4428_1783797248576.log:28:[ERROR] [1783798772.857163008] [ekf_filter_node]: Failed to meet update rate! Took 0.071684495000000000853seconds. Try decreasing the rate, limiting sensor output frequency, or limiting the number of sensors.
/home/sweepi/.ros/log/ekf_node_4428_1783797248576.log:29:[ERROR] [1783798772.919591084] [ekf_filter_node]: Failed to meet update rate! Took 0.052421160000000001367seconds. Try decreasing the rate, limiting sensor output frequency, or limiting the number of sensors.
/home/sweepi/.ros/log/ekf_node_4428_1783797248576.log:30:[ERROR] [1783798773.095442483] [ekf_filter_node]: Failed to meet update rate! Took 0.084980954999999996913seconds. Try decreasing the rate, limiting sensor output frequency, or limiting the number of sensors.
/home/sweepi/.ros/log/ekf_node_4428_1783797248576.log:31:[ERROR] [1783798773.128563979] [ekf_filter_node]: Failed to meet update rate! Took 0.032791357000000000144seconds. Try decreasing the rate, limiting sensor output frequency, or limiting the number of sensors.
/home/sweepi/.ros/log/ekf_node_4428_1783797248576.log:32:[ERROR] [1783798779.067654934] [ekf_filter_node]: Failed to meet update rate! Took 0.030823300000000001392seconds. Try decreasing the rate, limiting sensor output frequency, or limiting the number of sensors.
/home/sweepi/.ros/log/ekf_node_4428_1783797248576.log:33:[ERROR] [1783798780.526311847] [ekf_filter_node]: Failed to meet update rate! Took 0.03789430900000000102seconds. Try decreasing the rate, limiting sensor output frequency, or limiting the number of sensors.
/home/sweepi/.ros/log/ekf_node_4428_1783797248576.log:34:[ERROR] [1783798785.357321086] [ekf_filter_node]: Failed to meet update rate! Took 0.025863748999999998379seconds. Try decreasing the rate, limiting sensor output frequency, or limiting the number of sensors.
/home/sweepi/.ros/log/ekf_node_4428_1783797248576.log:35:[ERROR] [1783798785.520146596] [ekf_filter_node]: Failed to meet update rate! Took 0.056227170999999999401seconds. Try decreasing the rate, limiting sensor output frequency, or limiting the number of sensors.
/home/sweepi/.ros/log/ekf_node_4428_1783797248576.log:36:[ERROR] [1783798791.463584662] [ekf_filter_node]: Failed to meet update rate! Took 0.03191935800000000184seconds. Try decreasing the rate, limiting sensor output frequency, or limiting the number of sensors.
/home/sweepi/.ros/log/ekf_node_4428_1783797248576.log:37:[ERROR] [1783798791.691001634] [ekf_filter_node]: Failed to meet update rate! Took 0.034095965999999998386seconds. Try decreasing the rate, limiting sensor output frequency, or limiting the number of sensors.
/home/sweepi/.ros/log/ekf_node_4428_1783797248576.log:38:[ERROR] [1783798792.779691350] [ekf_filter_node]: Failed to meet update rate! Took 0.040957487000000000754seconds. Try decreasing the rate, limiting sensor output frequency, or limiting the number of sensors.
/home/sweepi/.ros/log/ekf_node_4428_1783797248576.log:39:[ERROR] [1783798802.586605764] [ekf_filter_node]: Failed to meet update rate! Took 0.03014532699999999954seconds. Try decreasing the rate, limiting sensor output frequency, or limiting the number of sensors.
/home/sweepi/.ros/log/ekf_node_4428_1783797248576.log:40:[ERROR] [1783798802.778069813] [ekf_filter_node]: Failed to meet update rate! Took 0.068587697000000003023seconds. Try decreasing the rate, limiting sensor output frequency, or limiting the number of sensors.
/home/sweepi/.ros/log/ekf_node_4428_1783797248576.log:41:[ERROR] [1783798805.121513543] [ekf_filter_node]: Failed to meet update rate! Took 0.035813027999999996753seconds. Try decreasing the rate, limiting sensor output frequency, or limiting the number of sensors.
/home/sweepi/.ros/log/ekf_node_4428_1783797248576.log:42:[ERROR] [1783798805.290092728] [ekf_filter_node]: Failed to meet update rate! Took 0.030139918000000001652seconds. Try decreasing the rate, limiting sensor output frequency, or limiting the number of sensors.
/home/sweepi/.ros/log/ekf_node_4428_1783797248576.log:43:[ERROR] [1783798808.908926912] [ekf_filter_node]: Failed to meet update rate! Took 0.076667320999999996611seconds. Try decreasing the rate, limiting sensor output frequency, or limiting the number of sensors.
/home/sweepi/.ros/log/ekf_node_4428_1783797248576.log:44:[ERROR] [1783798812.830718844] [ekf_filter_node]: Failed to meet update rate! Took 0.047955124000000001749seconds. Try decreasing the rate, limiting sensor output frequency, or limiting the number of sensors.
/home/sweepi/.ros/log/ekf_node_4428_1783797248576.log:45:[ERROR] [1783798812.872171068] [ekf_filter_node]: Failed to meet update rate! Took 0.037950250999999997348seconds. Try decreasing the rate, limiting sensor output frequency, or limiting the number of sensors.
/home/sweepi/.ros/log/ekf_node_4428_1783797248576.log:46:[ERROR] [1783798812.922883024] [ekf_filter_node]: Failed to meet update rate! Took 0.046243870999999998894seconds. Try decreasing the rate, limiting sensor output frequency, or limiting the number of sensors.
/home/sweepi/.ros/log/ekf_node_4428_1783797248576.log:47:[ERROR] [1783798813.838891531] [ekf_filter_node]: Failed to meet update rate! Took 0.05424131199999999986seconds. Try decreasing the rate, limiting sensor output frequency, or limiting the number of sensors.
/home/sweepi/.ros/log/ekf_node_4428_1783797248576.log:48:[ERROR] [1783798819.965283269] [ekf_filter_node]: Failed to meet update rate! Took 0.13176875499999998742seconds. Try decreasing the rate, limiting sensor output frequency, or limiting the number of sensors.
/home/sweepi/.ros/log/ekf_node_4428_1783797248576.log:49:[ERROR] [1783798845.625266121] [ekf_filter_node]: Failed to meet update rate! Took 0.042419660999999997397seconds. Try decreasing the rate, limiting sensor output frequency, or limiting the number of sensors.
/home/sweepi/.ros/log/ekf_node_4428_1783797248576.log:50:[ERROR] [1783798850.808733184] [ekf_filter_node]: Failed to meet update rate! Took 0.027248151000000001704seconds. Try decreasing the rate, limiting sensor output frequency, or limiting the number of sensors.
/home/sweepi/.ros/log/ekf_node_4428_1783797248576.log:51:[ERROR] [1783798852.858043073] [ekf_filter_node]: Failed to meet update rate! Took 0.026550789000000001722seconds. Try decreasing the rate, limiting sensor output frequency, or limiting the number of sensors.
/home/sweepi/.ros/log/ekf_node_4428_1783797248576.log:52:[ERROR] [1783798974.521131907] [ekf_filter_node]: Failed to meet update rate! Took 0.039500421000000000837seconds. Try decreasing the rate, limiting sensor output frequency, or limiting the number of sensors.
/home/sweepi/.ros/log/ekf_node_4428_1783797248576.log:53:[ERROR] [1783798987.021337165] [ekf_filter_node]: Failed to meet update rate! Took 0.03359847400000000317seconds. Try decreasing the rate, limiting sensor output frequency, or limiting the number of sensors.
/home/sweepi/.ros/log/ekf_node_4428_1783797248576.log:54:[ERROR] [1783798989.490352980] [ekf_filter_node]: Failed to meet update rate! Took 0.029413524999999999393seconds. Try decreasing the rate, limiting sensor output frequency, or limiting the number of sensors.
/home/sweepi/.ros/log/ekf_node_4428_1783797248576.log:55:[ERROR] [1783798992.018231789] [ekf_filter_node]: Failed to meet update rate! Took 0.18680151300000000236seconds. Try decreasing the rate, limiting sensor output frequency, or limiting the number of sensors.
/home/sweepi/.ros/log/ekf_node_4428_1783797248576.log:56:[ERROR] [1783798995.239520432] [ekf_filter_node]: Failed to meet update rate! Took 0.051243918999999998887seconds. Try decreasing the rate, limiting sensor output frequency, or limiting the number of sensors.
/home/sweepi/.ros/log/ekf_node_4428_1783797248576.log:57:[ERROR] [1783798995.464219682] [ekf_filter_node]: Failed to meet update rate! Took 0.030059655000000001096seconds. Try decreasing the rate, limiting sensor output frequency, or limiting the number of sensors.
/home/sweepi/.ros/log/ekf_node_4428_1783797248576.log:58:[ERROR] [1783799007.117989300] [ekf_filter_node]: Failed to meet update rate! Took 0.051062507000000000035seconds. Try decreasing the rate, limiting sensor output frequency, or limiting the number of sensors.
/home/sweepi/.ros/log/ekf_node_4428_1783797248576.log:59:[ERROR] [1783799007.176739993] [ekf_filter_node]: Failed to meet update rate! Took 0.032913309000000001703seconds. Try decreasing the rate, limiting sensor output frequency, or limiting the number of sensors.
/home/sweepi/.ros/log/ekf_node_4428_1783797248576.log:60:[ERROR] [1783799018.318668907] [ekf_filter_node]: Failed to meet update rate! Took 0.031831955000000002054seconds. Try decreasing the rate, limiting sensor output frequency, or limiting the number of sensors.
/home/sweepi/.ros/log/ekf_node_4428_1783797248576.log:61:[ERROR] [1783799023.942877658] [ekf_filter_node]: Failed to meet update rate! Took 0.10910340100000000263seconds. Try decreasing the rate, limiting sensor output frequency, or limiting the number of sensors.
/home/sweepi/.ros/log/ekf_node_4428_1783797248576.log:62:[ERROR] [1783799029.378797433] [ekf_filter_node]: Failed to meet update rate! Took 0.042093749999999999223seconds. Try decreasing the rate, limiting sensor output frequency, or limiting the number of sensors.
/home/sweepi/.ros/log/ekf_node_4428_1783797248576.log:63:[ERROR] [1783799029.434535354] [ekf_filter_node]: Failed to meet update rate! Took 0.025430989000000001066seconds. Try decreasing the rate, limiting sensor output frequency, or limiting the number of sensors.
/home/sweepi/.ros/log/ekf_node_4428_1783797248576.log:64:[ERROR] [1783799029.476228345] [ekf_filter_node]: Failed to meet update rate! Took 0.029055627000000000537seconds. Try decreasing the rate, limiting sensor output frequency, or limiting the number of sensors.
/home/sweepi/.ros/log/ekf_node_4428_1783797248576.log:65:[ERROR] [1783799031.691193423] [ekf_filter_node]: Failed to meet update rate! Took 0.032818035000000002344seconds. Try decreasing the rate, limiting sensor output frequency, or limiting the number of sensors.
/home/sweepi/.ros/log/ekf_node_4428_1783797248576.log:66:[ERROR] [1783799033.240220783] [ekf_filter_node]: Failed to meet update rate! Took 0.032201923999999999826seconds. Try decreasing the rate, limiting sensor output frequency, or limiting the number of sensors.
/home/sweepi/.ros/log/ekf_node_4428_1783797248576.log:67:[ERROR] [1783799035.487783066] [ekf_filter_node]: Failed to meet update rate! Took 0.030681118999999999752seconds. Try decreasing the rate, limiting sensor output frequency, or limiting the number of sensors.
/home/sweepi/.ros/log/ekf_node_4428_1783797248576.log:68:[ERROR] [1783799037.796922971] [ekf_filter_node]: Failed to meet update rate! Took 0.038138324000000001224seconds. Try decreasing the rate, limiting sensor output frequency, or limiting the number of sensors.
/home/sweepi/.ros/log/ekf_node_4428_1783797248576.log:69:[ERROR] [1783799043.289880023] [ekf_filter_node]: Failed to meet update rate! Took 0.058421185000000000476seconds. Try decreasing the rate, limiting sensor output frequency, or limiting the number of sensors.
/home/sweepi/.ros/log/ekf_node_4428_1783797248576.log:70:[ERROR] [1783799043.624185919] [ekf_filter_node]: Failed to meet update rate! Took 0.30958347400000002514seconds. Try decreasing the rate, limiting sensor output frequency, or limiting the number of sensors.
/home/sweepi/.ros/log/ekf_node_4428_1783797248576.log:71:[ERROR] [1783799046.405873746] [ekf_filter_node]: Failed to meet update rate! Took 0.046498891000000000528seconds. Try decreasing the rate, limiting sensor output frequency, or limiting the number of sensors.
/home/sweepi/.ros/log/ekf_node_4428_1783797248576.log:72:[ERROR] [1783799046.513284517] [ekf_filter_node]: Failed to meet update rate! Took 0.050999676000000000731seconds. Try decreasing the rate, limiting sensor output frequency, or limiting the number of sensors.
/home/sweepi/.ros/log/ekf_node_4428_1783797248576.log:73:[ERROR] [1783799049.624045057] [ekf_filter_node]: Failed to meet update rate! Took 0.26643272400000000966seconds. Try decreasing the rate, limiting sensor output frequency, or limiting the number of sensors.
/home/sweepi/.ros/log/ekf_node_4428_1783797248576.log:74:[ERROR] [1783799057.691226102] [ekf_filter_node]: Failed to meet update rate! Took 0.031625915999999996975seconds. Try decreasing the rate, limiting sensor output frequency, or limiting the number of sensors.
/home/sweepi/.ros/log/ekf_node_4428_1783797248576.log:75:[ERROR] [1783799057.829034914] [ekf_filter_node]: Failed to meet update rate! Took 0.039403093000000000146seconds. Try decreasing the rate, limiting sensor output frequency, or limiting the number of sensors.
/home/sweepi/.ros/log/ekf_node_4428_1783797248576.log:76:[ERROR] [1783799060.659876394] [ekf_filter_node]: Failed to meet update rate! Took 0.025443338999999998845seconds. Try decreasing the rate, limiting sensor output frequency, or limiting the number of sensors.
/home/sweepi/.ros/log/ekf_node_4428_1783797248576.log:77:[ERROR] [1783799063.368953328] [ekf_filter_node]: Failed to meet update rate! Took 0.031066856999999999805seconds. Try decreasing the rate, limiting sensor output frequency, or limiting the number of sensors.
/home/sweepi/.ros/log/ekf_node_4428_1783797248576.log:78:[ERROR] [1783799072.508165616] [ekf_filter_node]: Failed to meet update rate! Took 0.026476946000000001202seconds. Try decreasing the rate, limiting sensor output frequency, or limiting the number of sensors.
/home/sweepi/.ros/log/ekf_node_4428_1783797248576.log:79:[ERROR] [1783799074.390545608] [ekf_filter_node]: Failed to meet update rate! Took 0.036784371000000003205seconds. Try decreasing the rate, limiting sensor output frequency, or limiting the number of sensors.
/home/sweepi/.ros/log/ekf_node_4428_1783797248576.log:80:[ERROR] [1783799080.759388014] [ekf_filter_node]: Failed to meet update rate! Took 0.027235150999999999111seconds. Try decreasing the rate, limiting sensor output frequency, or limiting the number of sensors.
/home/sweepi/.ros/log/ekf_node_4428_1783797248576.log:81:[ERROR] [1783799091.227886576] [ekf_filter_node]: Failed to meet update rate! Took 0.19637822899999998749seconds. Try decreasing the rate, limiting sensor output frequency, or limiting the number of sensors.
/home/sweepi/.ros/log/ekf_node_4428_1783797248576.log:82:[ERROR] [1783799093.376552391] [ekf_filter_node]: Failed to meet update rate! Took 0.063895980000000004995seconds. Try decreasing the rate, limiting sensor output frequency, or limiting the number of sensors.
/home/sweepi/.ros/log/planner_server_4601_1783797267594.log:17:[INFO] [1783797271.864600645] [global_costmap.global_costmap]: Subscribed to Topics: scan
/home/sweepi/.ros/log/planner_server_4601_1783797267594.log:31:[INFO] [1783797293.603119185] [global_costmap.global_costmap]: Message Filter dropping message: frame 'lidar_link' at time 1783797292.997 for reason 'the timestamp on the message is earlier than all the data in the transform cache'
/home/sweepi/.ros/log/planner_server_4601_1783797267594.log:32:[INFO] [1783798793.175804709] [global_costmap.global_costmap]: Message Filter dropping message: frame 'lidar_link' at time 1783798792.496 for reason 'the timestamp on the message is earlier than all the data in the transform cache'
/home/sweepi/.ros/log/planner_server_4601_1783797267594.log:33:[INFO] [1783798974.795987527] [global_costmap.global_costmap]: Message Filter dropping message: frame 'lidar_link' at time 1783798974.182 for reason 'the timestamp on the message is earlier than all the data in the transform cache'
/home/sweepi/.ros/log/planner_server_7579_1783789607804.log:17:[INFO] [1783789614.616778613] [global_costmap.global_costmap]: Subscribed to Topics: scan
/home/sweepi/.ros/log/planner_server_7579_1783789607804.log:31:[INFO] [1783789645.551482276] [global_costmap.global_costmap]: Message Filter dropping message: frame 'lidar_link' at time 1783789644.946 for reason 'the timestamp on the message is earlier than all the data in the transform cache'
/home/sweepi/.ros/log/python3_6560_1783789536666.log:2:[INFO] [1783789536.938533201] [base_driver_node]: Base driver parameters: serial_port=/dev/ttyAMA0, baud_rate=115200, wheel_radius=0.0615, wheel_separation=0.29, ticks_per_revolution=7392.0, left_encoder_sign=1.0, right_encoder_sign=1.0, left_motor_command_sign=1.0, right_motor_command_sign=1.0, command_rate_hz=50.0, feedback_poll_rate_hz=100.0, cmd_vel_timeout=0.5, gyro_units=rad_s, accel_units=m_s2
/home/sweepi/.ros/log/2026-07-11-22-31-37-639719-sweepi-3865/launch.log:5:1783789298.0898075 [INFO] [sllidar_node-3]: process started with pid [3998]
/home/sweepi/.ros/log/2026-07-11-22-31-37-639719-sweepi-3865/launch.log:9:1783789298.0903108 [INFO] [api_bridge_node-7]: process started with pid [4002]
/home/sweepi/.ros/log/2026-07-11-22-31-37-639719-sweepi-3865/launch.log:10:1783789351.1601760 [WARNING] [launch]: user interrupted with ctrl-c (SIGINT)
/home/sweepi/.ros/log/2026-07-11-22-31-37-639719-sweepi-3865/launch.log:11:1783789351.3827510 [WARNING] [launch]: user interrupted with ctrl-c (SIGINT) again, ignoring...
/home/sweepi/.ros/log/2026-07-11-22-31-37-639719-sweepi-3865/launch.log:12:1783789351.5104136 [ERROR] [ekf_node-2]: process has died [pid 3997, exit code -2, cmd '/opt/ros/jazzy/lib/robot_localization/ekf_node --ros-args -r __node:=ekf_filter_node --params-file /home/sweepi/SweePi/install/sweepi_state_estimation/share/sweepi_state_estimation/config/ekf.yaml --params-file /tmp/launch_params_x500akss -r odometry/filtered:=/odom'].
/home/sweepi/.ros/log/2026-07-11-22-31-37-639719-sweepi-3865/launch.log:13:1783789351.5107605 [ERROR] [sllidar_node-3]: process has died [pid 3998, exit code -2, cmd '/home/sweepi/SweePi/install/sllidar_ros2/lib/sllidar_ros2/sllidar_node --ros-args -r __node:=sllidar_node --params-file /tmp/launch_params_0s3oyffw'].
/home/sweepi/.ros/log/2026-07-11-22-31-37-639719-sweepi-3865/launch.log:14:1783789351.6698751 [WARNING] [launch]: user interrupted with ctrl-c (SIGINT) again, ignoring...
/home/sweepi/.ros/log/2026-07-11-22-31-37-639719-sweepi-3865/launch.log:15:1783789351.7215126 [ERROR] [api_bridge_node-7]: process has died [pid 4002, exit code -2, cmd '/home/sweepi/SweePi/install/sweepi_api_bridge/lib/sweepi_api_bridge/api_bridge_node --ros-args -r __node:=sweepi_api_bridge --params-file /tmp/launch_params_a05i6i7y'].
/home/sweepi/.ros/log/2026-07-11-22-31-37-639719-sweepi-3865/launch.log:16:1783789351.7398150 [ERROR] [robot_state_publisher-4]: process has died [pid 3999, exit code -2, cmd '/opt/ros/jazzy/lib/robot_state_publisher/robot_state_publisher --ros-args -r __node:=robot_state_publisher --params-file /tmp/launch_params_qzgxh75b'].
/home/sweepi/.ros/log/2026-07-11-22-31-37-639719-sweepi-3865/launch.log:17:1783789351.7409787 [ERROR] [base_driver_node-1]: process has died [pid 3996, exit code -2, cmd '/home/sweepi/SweePi/install/sweepi_base_driver/lib/sweepi_base_driver/base_driver_node --ros-args -r __node:=base_driver_node --params-file /home/sweepi/SweePi/install/sweepi_base_driver/share/sweepi_base_driver/config/base_driver_params.yaml --params-file /tmp/launch_params_7g6vljlz'].
/home/sweepi/.ros/log/2026-07-11-22-31-37-639719-sweepi-3865/launch.log:18:1783789351.7456453 [ERROR] [rviz2-5]: process has died [pid 4000, exit code -2, cmd '/opt/ros/jazzy/lib/rviz2/rviz2 -d /home/sweepi/SweePi/install/sweepi_bringup/share/sweepi_bringup/rviz/urdf_config.rviz --ros-args -r __node:=rviz2 --params-file /tmp/launch_params_u26qws46'].
/home/sweepi/.ros/log/2026-07-11-22-31-37-639719-sweepi-3865/launch.log:19:1783789351.7493935 [WARNING] [launch]: user interrupted with ctrl-c (SIGINT) again, ignoring...
/home/sweepi/.ros/log/2026-07-11-22-31-37-639719-sweepi-3865/launch.log:20:1783789351.7677243 [ERROR] [sweepi_robot_manager_node.py-6]: process has died [pid 4001, exit code -2, cmd '/home/sweepi/SweePi/install/sweepi_robot_manager/lib/sweepi_robot_manager/sweepi_robot_manager_node.py --ros-args -r __node:=sweepi_robot_manager --params-file /tmp/launch_params_kpz5lol2'].
/home/sweepi/.ros/log/controller_server_4599_1783797267479.log:17:[INFO] [1783797271.073135657] [local_costmap.local_costmap]: Subscribed to Topics: scan
/home/sweepi/.ros/log/controller_server_4599_1783797267479.log:25:[INFO] [1783797271.333327814] [controller_server]: Created controller : FollowPath of type nav2_regulated_pure_pursuit_controller::RegulatedPurePursuitController
/home/sweepi/.ros/log/controller_server_4599_1783797267479.log:26:[INFO] [1783797271.385861359] [controller_server]: Controller Server has FollowPath  controllers available.
/home/sweepi/.ros/log/controller_server_4599_1783797267479.log:31:[INFO] [1783797275.325915214] [controller_server]: Activating controller: FollowPath of type regulated_pure_pursuit_controller::RegulatedPurePursuitController
/home/sweepi/.ros/log/ekf_node_6561_1783789535278.log:1:[ERROR] [1783789535.446961655] [ekf_filter_node]: Warning: /imu/data is listed as an input topic, but all its update variables are false
/home/sweepi/.ros/log/ekf_node_6561_1783789535278.log:2:[ERROR] [1783789544.888079280] [ekf_filter_node]: Failed to meet update rate! Took 0.079923786999999996139seconds. Try decreasing the rate, limiting sensor output frequency, or limiting the number of sensors.
/home/sweepi/.ros/log/ekf_node_6561_1783789535278.log:3:[ERROR] [1783789544.939129223] [ekf_filter_node]: Failed to meet update rate! Took 0.043854970000000000063seconds. Try decreasing the rate, limiting sensor output frequency, or limiting the number of sensors.
/home/sweepi/.ros/log/ekf_node_6561_1783789535278.log:4:[ERROR] [1783789545.640674125] [ekf_filter_node]: Failed to meet update rate! Took 0.034150197999999999665seconds. Try decreasing the rate, limiting sensor output frequency, or limiting the number of sensors.
/home/sweepi/.ros/log/python3_7589_1783789610819.log:15:[INFO] [1783789613.571268254] [wavefront_explorer]:       max_consecutive_timeouts: 4
/home/sweepi/.ros/log/python3_7589_1783789610819.log:16:[INFO] [1783789613.573525493] [wavefront_explorer]:       max_total_timeouts: 35
/home/sweepi/.ros/log/python3_7589_1783789610819.log:20:[INFO] [1783789613.585477420] [wavefront_explorer]:       failed_frontier_retry_sec: 30.0s
/home/sweepi/.ros/log/python3_7589_1783789610819.log:28:[INFO] [1783789613.611965995] [wavefront_explorer]:       cmd_vel_topic: /cmd_vel
/home/sweepi/.ros/log/python3_7589_1783789610819.log:29:[INFO] [1783789613.614710273] [wavefront_explorer]:       source_map_topic: /slam_map
/home/sweepi/.ros/log/opennav_docking_4238_1783789310024.log:9:[WARN] [1783789317.929558026] [docking_server]: Dock database filepath nor dock parameters set. Docking actions can only be executed specifying the dock pose via the action request. Or update the dock database via the reload_database service.
/home/sweepi/.ros/log/sllidar_node_7433_1783789596795.log:1:[INFO] [1783789596.860822958] [sllidar_node]: SLLidar running on ROS2 package SLLidar.ROS2 SDK Version:1.0.1, SLLIDAR SDK Version:2.1.0
/home/sweepi/.ros/log/sllidar_node_7433_1783789596795.log:2:[INFO] [1783789597.380548276] [sllidar_node]: SLLidar S/N: 6325E0F6C1E092D4A19E9FF9F389461A
/home/sweepi/.ros/log/sllidar_node_7433_1783789596795.log:3:[INFO] [1783789597.380664038] [sllidar_node]: Firmware Ver: 1.02
/home/sweepi/.ros/log/sllidar_node_7433_1783789596795.log:4:[INFO] [1783789597.380682748] [sllidar_node]: Hardware Rev: 18
/home/sweepi/.ros/log/sllidar_node_7433_1783789596795.log:5:[INFO] [1783789597.383312377] [sllidar_node]: SLLidar health status : 0
/home/sweepi/.ros/log/sllidar_node_7433_1783789596795.log:6:[INFO] [1783789597.383431936] [sllidar_node]: SLLidar health status : OK.
/home/sweepi/.ros/log/sllidar_node_7433_1783789596795.log:7:[INFO] [1783789597.679943990] [sllidar_node]: current scan mode: Standard, sample rate: 5 Khz, max_distance: 16.0 m, scan frequency:10.0 Hz, 
/home/sweepi/.ros/log/sllidar_node_7433_1783789596795.log:8:[INFO] [1783789702.997826732] [sllidar_node]: Stop motor
/home/sweepi/.ros/log/sllidar_node_6562_1783789535234.log:1:[INFO] [1783789535.314984024] [sllidar_node]: SLLidar running on ROS2 package SLLidar.ROS2 SDK Version:1.0.1, SLLIDAR SDK Version:2.1.0
/home/sweepi/.ros/log/sllidar_node_6562_1783789535234.log:2:[INFO] [1783789535.840438632] [sllidar_node]: SLLidar S/N: 6325E0F6C1E092D4A19E9FF9F389461A
/home/sweepi/.ros/log/sllidar_node_6562_1783789535234.log:3:[INFO] [1783789535.840610026] [sllidar_node]: Firmware Ver: 1.02
/home/sweepi/.ros/log/sllidar_node_6562_1783789535234.log:4:[INFO] [1783789535.840663261] [sllidar_node]: Hardware Rev: 18
/home/sweepi/.ros/log/sllidar_node_6562_1783789535234.log:5:[INFO] [1783789535.847520180] [sllidar_node]: SLLidar health status : 0
/home/sweepi/.ros/log/sllidar_node_6562_1783789535234.log:6:[INFO] [1783789535.847639598] [sllidar_node]: SLLidar health status : OK.
/home/sweepi/.ros/log/sllidar_node_6562_1783789535234.log:7:[INFO] [1783789536.161536959] [sllidar_node]: current scan mode: Standard, sample rate: 5 Khz, max_distance: 16.0 m, scan frequency:10.0 Hz, 
/home/sweepi/.ros/log/sllidar_node_6562_1783789535234.log:8:[INFO] [1783789565.175228539] [sllidar_node]: Stop motor
/home/sweepi/.ros/log/async_slam_toolbox_node_7588_1783789608350.log:1:[INFO] [1783789611.086798627] [slam_toolbox]: Node using stack size 40000000
/home/sweepi/.ros/log/async_slam_toolbox_node_7588_1783789608350.log:2:[INFO] [1783789611.985939345] [slam_toolbox]: Configuring
/home/sweepi/.ros/log/async_slam_toolbox_node_7588_1783789608350.log:3:[INFO] [1783789612.487826374] [slam_toolbox]: Using solver plugin solver_plugins::CeresSolver
/home/sweepi/.ros/log/async_slam_toolbox_node_7588_1783789608350.log:4:[INFO] [1783789612.571729678] [slam_toolbox]: CeresSolver: Using SCHUR_JACOBI preconditioner.
/home/sweepi/.ros/log/async_slam_toolbox_node_7588_1783789608350.log:5:[INFO] [1783789613.073181528] [slam_toolbox]: Activating
/home/sweepi/.ros/log/collision_monitor_4237_1783789310139.log:6:[INFO] [1783789316.080661389] [collision_monitor]: [scan]: Creating Scan
/home/sweepi/.ros/log/collision_monitor_4237_1783789310139.log:18:[INFO] [1783789351.290974767] [collision_monitor]: [scan]: Destroying Scan
/home/sweepi/.ros/log/ekf_node_7432_1783789596785.log:1:[ERROR] [1783789596.985942242] [ekf_filter_node]: Warning: /imu/data is listed as an input topic, but all its update variables are false
/home/sweepi/.ros/log/ekf_node_7432_1783789596785.log:2:[ERROR] [1783789608.067610881] [ekf_filter_node]: Failed to meet update rate! Took 0.029945921999999999819seconds. Try decreasing the rate, limiting sensor output frequency, or limiting the number of sensors.
/home/sweepi/.ros/log/ekf_node_7432_1783789596785.log:3:[ERROR] [1783789608.793513807] [ekf_filter_node]: Failed to meet update rate! Took 0.025571219999999998673seconds. Try decreasing the rate, limiting sensor output frequency, or limiting the number of sensors.
/home/sweepi/.ros/log/ekf_node_7432_1783789596785.log:4:[ERROR] [1783789609.315583774] [ekf_filter_node]: Failed to meet update rate! Took 0.027334073999999999871seconds. Try decreasing the rate, limiting sensor output frequency, or limiting the number of sensors.
/home/sweepi/.ros/log/ekf_node_7432_1783789596785.log:5:[ERROR] [1783789609.809358444] [ekf_filter_node]: Failed to meet update rate! Took 0.29634893899999997791seconds. Try decreasing the rate, limiting sensor output frequency, or limiting the number of sensors.
/home/sweepi/.ros/log/ekf_node_7432_1783789596785.log:6:[ERROR] [1783789610.075971621] [ekf_filter_node]: Failed to meet update rate! Took 0.049871537999999999979seconds. Try decreasing the rate, limiting sensor output frequency, or limiting the number of sensors.
/home/sweepi/.ros/log/ekf_node_7432_1783789596785.log:7:[ERROR] [1783789610.269077805] [ekf_filter_node]: Failed to meet update rate! Took 0.026231833999999999013seconds. Try decreasing the rate, limiting sensor output frequency, or limiting the number of sensors.
/home/sweepi/.ros/log/ekf_node_7432_1783789596785.log:8:[ERROR] [1783789610.509877761] [ekf_filter_node]: Failed to meet update rate! Took 0.054957783000000003104seconds. Try decreasing the rate, limiting sensor output frequency, or limiting the number of sensors.
/home/sweepi/.ros/log/ekf_node_7432_1783789596785.log:9:[ERROR] [1783789610.625162094] [ekf_filter_node]: Failed to meet update rate! Took 0.035532748000000002886seconds. Try decreasing the rate, limiting sensor output frequency, or limiting the number of sensors.
/home/sweepi/.ros/log/ekf_node_7432_1783789596785.log:10:[ERROR] [1783789610.797606300] [ekf_filter_node]: Failed to meet update rate! Took 0.028476733000000000601seconds. Try decreasing the rate, limiting sensor output frequency, or limiting the number of sensors.
/home/sweepi/.ros/log/ekf_node_7432_1783789596785.log:11:[ERROR] [1783789611.387683923] [ekf_filter_node]: Failed to meet update rate! Took 0.075112908000000006004seconds. Try decreasing the rate, limiting sensor output frequency, or limiting the number of sensors.
/home/sweepi/.ros/log/ekf_node_7432_1783789596785.log:12:[ERROR] [1783789611.630673596] [ekf_filter_node]: Failed to meet update rate! Took 0.062325312000000000767seconds. Try decreasing the rate, limiting sensor output frequency, or limiting the number of sensors.
/home/sweepi/.ros/log/ekf_node_7432_1783789596785.log:13:[ERROR] [1783789611.857567573] [ekf_filter_node]: Failed to meet update rate! Took 0.094261815999999998272seconds. Try decreasing the rate, limiting sensor output frequency, or limiting the number of sensors.
/home/sweepi/.ros/log/ekf_node_7432_1783789596785.log:14:[ERROR] [1783789611.927748713] [ekf_filter_node]: Failed to meet update rate! Took 0.053240005999999999442seconds. Try decreasing the rate, limiting sensor output frequency, or limiting the number of sensors.
/home/sweepi/.ros/log/ekf_node_7432_1783789596785.log:15:[ERROR] [1783789613.403385071] [ekf_filter_node]: Failed to meet update rate! Took 0.034303318999999998784seconds. Try decreasing the rate, limiting sensor output frequency, or limiting the number of sensors.
/home/sweepi/.ros/log/ekf_node_7432_1783789596785.log:16:[ERROR] [1783789623.455104896] [ekf_filter_node]: Failed to meet update rate! Took 0.06685480600000000273seconds. Try decreasing the rate, limiting sensor output frequency, or limiting the number of sensors.
/home/sweepi/.ros/log/ekf_node_7432_1783789596785.log:17:[ERROR] [1783789623.533859018] [ekf_filter_node]: Failed to meet update rate! Took 0.04333070499999999714seconds. Try decreasing the rate, limiting sensor output frequency, or limiting the number of sensors.
/home/sweepi/.ros/log/ekf_node_7432_1783789596785.log:18:[ERROR] [1783789623.643958467] [ekf_filter_node]: Failed to meet update rate! Took 0.079614401000000001307seconds. Try decreasing the rate, limiting sensor output frequency, or limiting the number of sensors.
/home/sweepi/.ros/log/ekf_node_7432_1783789596785.log:19:[ERROR] [1783789648.213603208] [ekf_filter_node]: Failed to meet update rate! Took 0.025531272000000000688seconds. Try decreasing the rate, limiting sensor output frequency, or limiting the number of sensors.
/home/sweepi/.ros/log/rviz2_5408_1783789380842.log:4:[INFO] [1783789385.603649157] [rviz2]: Message Filter dropping message: frame 'lidar_link' at time 1783789384.246 for reason 'discarding message because the queue is full'
/home/sweepi/.ros/log/rviz2_5408_1783789380842.log:5:[INFO] [1783789388.196341184] [rviz2]: Message Filter dropping message: frame 'lidar_link' at time 1783789387.062 for reason 'discarding message because the queue is full'
/home/sweepi/.ros/log/rviz2_5408_1783789380842.log:6:[INFO] [1783789390.761354050] [rviz2]: Message Filter dropping message: frame 'lidar_link' at time 1783789389.178 for reason 'discarding message because the queue is full'
/home/sweepi/.ros/log/rviz2_5408_1783789380842.log:8:[ERROR] [1783789392.998764032] [rviz2]: rviz/glsl120/indexed_8bit_image.vert
/home/sweepi/.ros/log/rviz2_5408_1783789380842.log:12:[INFO] [1783789394.301236831] [rviz2]: Message Filter dropping message: frame 'lidar_link' at time 1783789391.470 for reason 'discarding message because the queue is full'
/home/sweepi/.ros/log/rviz2_5408_1783789380842.log:14:[INFO] [1783789411.040313615] [rviz2]: Message Filter dropping message: frame 'lidar_link' at time 1783789391.572 for reason 'discarding message because the queue is full'
/home/sweepi/.ros/log/rviz2_5408_1783789380842.log:15:[INFO] [1783789417.428388317] [rviz2]: Message Filter dropping message: frame 'lidar_link' at time 1783789392.068 for reason 'discarding message because the queue is full'
/home/sweepi/.ros/log/2026-07-11-22-32-59-895227-sweepi-5391/launch.log:5:1783789380.2287674 [INFO] [sllidar_node-3]: process started with pid [5406]
/home/sweepi/.ros/log/2026-07-11-22-32-59-895227-sweepi-5391/launch.log:9:1783789380.2316375 [INFO] [api_bridge_node-7]: process started with pid [5410]
/home/sweepi/.ros/log/2026-07-11-22-32-59-895227-sweepi-5391/launch.log:10:1783789449.1802077 [WARNING] [launch]: user interrupted with ctrl-c (SIGINT)
/home/sweepi/.ros/log/2026-07-11-22-32-59-895227-sweepi-5391/launch.log:12:1783789450.0155563 [INFO] [sllidar_node-3]: process has finished cleanly [pid 5406]
/home/sweepi/.ros/log/2026-07-11-22-32-59-895227-sweepi-5391/launch.log:14:1783789450.1614327 [ERROR] [base_driver_node-1]: process has died [pid 5404, exit code 1, cmd '/home/sweepi/SweePi/install/sweepi_base_driver/lib/sweepi_base_driver/base_driver_node --ros-args -r __node:=base_driver_node --params-file /home/sweepi/SweePi/install/sweepi_base_driver/share/sweepi_base_driver/config/base_driver_params.yaml --params-file /tmp/launch_params_k40p_yhr'].
/home/sweepi/.ros/log/2026-07-11-22-32-59-895227-sweepi-5391/launch.log:15:1783789450.2517152 [WARNING] [launch]: user interrupted with ctrl-c (SIGINT) again, ignoring...
/home/sweepi/.ros/log/2026-07-11-22-32-59-895227-sweepi-5391/launch.log:16:1783789450.2769961 [ERROR] [api_bridge_node-7]: process has died [pid 5410, exit code -2, cmd '/home/sweepi/SweePi/install/sweepi_api_bridge/lib/sweepi_api_bridge/api_bridge_node --ros-args -r __node:=sweepi_api_bridge --params-file /tmp/launch_params_1r0objax'].
/home/sweepi/.ros/log/2026-07-11-22-32-59-895227-sweepi-5391/launch.log:17:1783789450.3027894 [ERROR] [rviz2-5]: process has died [pid 5408, exit code -2, cmd '/opt/ros/jazzy/lib/rviz2/rviz2 -d /home/sweepi/SweePi/install/sweepi_bringup/share/sweepi_bringup/rviz/urdf_config.rviz --ros-args -r __node:=rviz2 --params-file /tmp/launch_params_ss042rvu'].
/home/sweepi/.ros/log/2026-07-11-22-32-59-895227-sweepi-5391/launch.log:18:1783789450.4636598 [WARNING] [launch]: user interrupted with ctrl-c (SIGINT) again, ignoring...
/home/sweepi/.ros/log/2026-07-11-22-32-59-895227-sweepi-5391/launch.log:19:1783789450.6808968 [WARNING] [launch]: user interrupted with ctrl-c (SIGINT) again, ignoring...
/home/sweepi/.ros/log/2026-07-11-22-32-59-895227-sweepi-5391/launch.log:20:1783789450.6965287 [ERROR] [sweepi_robot_manager_node.py-6]: process has died [pid 5409, exit code -2, cmd '/home/sweepi/SweePi/install/sweepi_robot_manager/lib/sweepi_robot_manager/sweepi_robot_manager_node.py --ros-args -r __node:=sweepi_robot_manager --params-file /tmp/launch_params_9veymxzh'].
/home/sweepi/.ros/log/2026-07-12-00-44-07-578533-sweepi-4423/launch.log:5:1783797248.2078211 [INFO] [sllidar_node-3]: process started with pid [4429]
/home/sweepi/.ros/log/2026-07-12-00-44-07-578533-sweepi-4423/launch.log:9:1783797248.2220771 [INFO] [api_bridge_node-7]: process started with pid [4433]
/home/sweepi/.ros/log/python3_4611_1783797270354.log:15:[INFO] [1783797272.653634926] [wavefront_explorer]:       max_consecutive_timeouts: 4
/home/sweepi/.ros/log/python3_4611_1783797270354.log:16:[INFO] [1783797272.656149529] [wavefront_explorer]:       max_total_timeouts: 35
/home/sweepi/.ros/log/python3_4611_1783797270354.log:20:[INFO] [1783797272.666517712] [wavefront_explorer]:       failed_frontier_retry_sec: 30.0s
/home/sweepi/.ros/log/python3_4611_1783797270354.log:28:[INFO] [1783797272.688025349] [wavefront_explorer]:       cmd_vel_topic: /cmd_vel
/home/sweepi/.ros/log/python3_4611_1783797270354.log:29:[INFO] [1783797272.690674058] [wavefront_explorer]:       source_map_topic: /slam_map
/home/sweepi/.ros/log/tf2_echo_10393_1783798778844.log:1:[INFO] [1783798778.945220805] [tf2_echo]: Waiting for transform odom ->  base_footprint: Invalid frame ID "odom" passed to canTransform argument target_frame - frame does not exist
/home/sweepi/.ros/log/rviz2_4000_1783789299520.log:4:[INFO] [1783789302.963617357] [rviz2]: Message Filter dropping message: frame 'lidar_link' at time 1783789302.009 for reason 'discarding message because the queue is full'
/home/sweepi/.ros/log/rviz2_4000_1783789299520.log:5:[INFO] [1783789305.492339954] [rviz2]: Message Filter dropping message: frame 'lidar_link' at time 1783789304.395 for reason 'discarding message because the queue is full'
/home/sweepi/.ros/log/rviz2_4000_1783789299520.log:6:[INFO] [1783789308.083457706] [rviz2]: Message Filter dropping message: frame 'lidar_link' at time 1783789306.976 for reason 'discarding message because the queue is full'
/home/sweepi/.ros/log/rviz2_4000_1783789299520.log:7:[INFO] [1783789310.691047880] [rviz2]: Message Filter dropping message: frame 'lidar_link' at time 1783789309.474 for reason 'discarding message because the queue is full'
/home/sweepi/.ros/log/rviz2_4000_1783789299520.log:8:[INFO] [1783789313.358089812] [rviz2]: Message Filter dropping message: frame 'lidar_link' at time 1783789311.187 for reason 'discarding message because the queue is full'
/home/sweepi/.ros/log/rviz2_4000_1783789299520.log:9:[ERROR] [1783789314.428555946] [rviz2]: Lookup would require extrapolation into the future.  Requested time 1783789314.365380 but the latest data is at time 1783789314.336747, when looking up transform from frame [lidar_link] to frame [map]
/home/sweepi/.ros/log/rviz2_4000_1783789299520.log:11:[ERROR] [1783789318.268824342] [rviz2]: rviz/glsl120/indexed_8bit_image.vert
/home/sweepi/.ros/log/rviz2_4000_1783789299520.log:15:[INFO] [1783789339.831619418] [rviz2]: Message Filter dropping message: frame 'lidar_link' at time 1783789313.374 for reason 'discarding message because the queue is full'
/home/sweepi/.ros/log/python3_5590_1783789391638.log:15:[INFO] [1783789392.799588092] [wavefront_explorer]:       max_consecutive_timeouts: 4
/home/sweepi/.ros/log/python3_5590_1783789391638.log:16:[INFO] [1783789392.801923556] [wavefront_explorer]:       max_total_timeouts: 35
/home/sweepi/.ros/log/python3_5590_1783789391638.log:20:[INFO] [1783789392.810813924] [wavefront_explorer]:       failed_frontier_retry_sec: 30.0s
/home/sweepi/.ros/log/python3_5590_1783789391638.log:28:[INFO] [1783789392.831664008] [wavefront_explorer]:       cmd_vel_topic: /cmd_vel
/home/sweepi/.ros/log/python3_5590_1783789391638.log:29:[INFO] [1783789392.834167214] [wavefront_explorer]:       source_map_topic: /slam_map
/home/sweepi/.ros/log/sllidar_node_3756_1783797207635.log:1:[INFO] [1783797208.131576238] [sllidar_node]: SLLidar running on ROS2 package SLLidar.ROS2 SDK Version:1.0.1, SLLIDAR SDK Version:2.1.0
/home/sweepi/.ros/log/sllidar_node_3756_1783797207635.log:2:[INFO] [1783797208.661881564] [sllidar_node]: SLLidar S/N: 6325E0F6C1E092D4A19E9FF9F389461A
/home/sweepi/.ros/log/sllidar_node_3756_1783797207635.log:3:[INFO] [1783797208.661988285] [sllidar_node]: Firmware Ver: 1.02
/home/sweepi/.ros/log/sllidar_node_3756_1783797207635.log:4:[INFO] [1783797208.662010062] [sllidar_node]: Hardware Rev: 18
/home/sweepi/.ros/log/sllidar_node_3756_1783797207635.log:5:[INFO] [1783797208.665041975] [sllidar_node]: SLLidar health status : 0
/home/sweepi/.ros/log/sllidar_node_3756_1783797207635.log:6:[INFO] [1783797208.665152840] [sllidar_node]: SLLidar health status : OK.
/home/sweepi/.ros/log/sllidar_node_3756_1783797207635.log:7:[INFO] [1783797208.986889158] [sllidar_node]: current scan mode: Standard, sample rate: 5 Khz, max_distance: 16.0 m, scan frequency:10.0 Hz, 
/home/sweepi/.ros/log/sllidar_node_3756_1783797207635.log:8:[INFO] [1783797209.087329844] [sllidar_node]: Stop motor
/home/sweepi/.ros/log/python3_7437_1783789598623.log:1:[INFO] [1783789599.555737732] [sweepi_api_bridge]: SweePi API bridge listening on http://0.0.0.0:8080/api
/home/sweepi/.ros/log/python3_7437_1783789598623.log:2:[INFO] [1783789606.343922632] [sweepi_api_bridge]: HTTP "POST /api/exploration/start HTTP/1.1" 200 -
/home/sweepi/.ros/log/python3_4241_1783789314177.log:15:[INFO] [1783789316.045926541] [wavefront_explorer]:       max_consecutive_timeouts: 4
/home/sweepi/.ros/log/python3_4241_1783789314177.log:16:[INFO] [1783789316.049422498] [wavefront_explorer]:       max_total_timeouts: 35
/home/sweepi/.ros/log/python3_4241_1783789314177.log:20:[INFO] [1783789316.063785453] [wavefront_explorer]:       failed_frontier_retry_sec: 30.0s
/home/sweepi/.ros/log/python3_4241_1783789314177.log:28:[INFO] [1783789316.123429664] [wavefront_explorer]:       cmd_vel_topic: /cmd_vel
/home/sweepi/.ros/log/python3_4241_1783789314177.log:29:[INFO] [1783789316.126099750] [wavefront_explorer]:       source_map_topic: /slam_map
/home/sweepi/.ros/log/sllidar_node_3998_1783789298648.log:1:[INFO] [1783789299.164921923] [sllidar_node]: SLLidar running on ROS2 package SLLidar.ROS2 SDK Version:1.0.1, SLLIDAR SDK Version:2.1.0
/home/sweepi/.ros/log/sllidar_node_3998_1783789298648.log:2:[INFO] [1783789299.690447160] [sllidar_node]: SLLidar S/N: 6325E0F6C1E092D4A19E9FF9F389461A
/home/sweepi/.ros/log/sllidar_node_3998_1783789298648.log:3:[INFO] [1783789299.690613777] [sllidar_node]: Firmware Ver: 1.02
/home/sweepi/.ros/log/sllidar_node_3998_1783789298648.log:4:[INFO] [1783789299.690643440] [sllidar_node]: Hardware Rev: 18
/home/sweepi/.ros/log/sllidar_node_3998_1783789298648.log:5:[INFO] [1783789299.694533121] [sllidar_node]: SLLidar health status : 0
/home/sweepi/.ros/log/sllidar_node_3998_1783789298648.log:6:[INFO] [1783789299.694721431] [sllidar_node]: SLLidar health status : OK.
/home/sweepi/.ros/log/sllidar_node_3998_1783789298648.log:7:[INFO] [1783789300.007755364] [sllidar_node]: current scan mode: Standard, sample rate: 5 Khz, max_distance: 16.0 m, scan frequency:10.0 Hz, 
/home/sweepi/.ros/log/sllidar_node_3998_1783789298648.log:8:[INFO] [1783789351.302295415] [sllidar_node]: Stop motor
/home/sweepi/.ros/log/python3_5410_1783789381759.log:1:[INFO] [1783789382.143309378] [sweepi_api_bridge]: SweePi API bridge listening on http://0.0.0.0:8080/api
/home/sweepi/.ros/log/python3_5410_1783789381759.log:2:[INFO] [1783789387.381554910] [sweepi_api_bridge]: HTTP "POST /api/exploration/start HTTP/1.1" 200 -
/home/sweepi/.ros/log/python3_4002_1783789300770.log:1:[INFO] [1783789300.966680251] [sweepi_api_bridge]: SweePi API bridge listening on http://0.0.0.0:8080/api
/home/sweepi/.ros/log/python3_4002_1783789300770.log:2:[INFO] [1783789308.207328937] [sweepi_api_bridge]: HTTP "POST /api/exploration/start HTTP/1.1" 200 -
/home/sweepi/.ros/log/tf2_echo_10362_1783798772610.log:1:[INFO] [1783798772.722428676] [tf2_echo]: Waiting for transform map ->  odom: Invalid frame ID "map" passed to canTransform argument target_frame - frame does not exist
/home/sweepi/.ros/log/sllidar_node_5406_1783789380318.log:1:[INFO] [1783789380.448835154] [sllidar_node]: SLLidar running on ROS2 package SLLidar.ROS2 SDK Version:1.0.1, SLLIDAR SDK Version:2.1.0
/home/sweepi/.ros/log/sllidar_node_5406_1783789380318.log:2:[INFO] [1783789380.981428514] [sllidar_node]: SLLidar S/N: 6325E0F6C1E092D4A19E9FF9F389461A
/home/sweepi/.ros/log/sllidar_node_5406_1783789380318.log:3:[INFO] [1783789380.981598327] [sllidar_node]: Firmware Ver: 1.02
/home/sweepi/.ros/log/sllidar_node_5406_1783789380318.log:4:[INFO] [1783789380.981629720] [sllidar_node]: Hardware Rev: 18
/home/sweepi/.ros/log/sllidar_node_5406_1783789380318.log:5:[INFO] [1783789380.984362207] [sllidar_node]: SLLidar health status : 0
/home/sweepi/.ros/log/sllidar_node_5406_1783789380318.log:6:[INFO] [1783789380.984522450] [sllidar_node]: SLLidar health status : OK.
/home/sweepi/.ros/log/sllidar_node_5406_1783789380318.log:7:[INFO] [1783789381.283990565] [sllidar_node]: current scan mode: Standard, sample rate: 5 Khz, max_distance: 16.0 m, scan frequency:10.0 Hz, 
/home/sweepi/.ros/log/sllidar_node_5406_1783789380318.log:8:[INFO] [1783789449.315394203] [sllidar_node]: Stop motor
/home/sweepi/.ros/log/opennav_docking_7586_1783789608440.log:9:[WARN] [1783789618.324268718] [docking_server]: Dock database filepath nor dock parameters set. Docking actions can only be executed specifying the dock pose via the action request. Or update the dock database via the reload_database service.
/home/sweepi/.ros/log/controller_server_4229_1783789310136.log:17:[INFO] [1783789313.552717942] [local_costmap.local_costmap]: Subscribed to Topics: scan
/home/sweepi/.ros/log/controller_server_4229_1783789310136.log:25:[INFO] [1783789313.867130604] [controller_server]: Created controller : FollowPath of type nav2_regulated_pure_pursuit_controller::RegulatedPurePursuitController
/home/sweepi/.ros/log/controller_server_4229_1783789310136.log:26:[INFO] [1783789313.944348431] [controller_server]: Controller Server has FollowPath  controllers available.
/home/sweepi/.ros/log/controller_server_4229_1783789310136.log:31:[INFO] [1783789318.218336674] [controller_server]: Activating controller: FollowPath of type regulated_pure_pursuit_controller::RegulatedPurePursuitController
/home/sweepi/.ros/log/controller_server_4229_1783789310136.log:36:[INFO] [1783789351.192580825] [controller_server]: Deactivating controller: FollowPath of type regulated_pure_pursuit_controller::RegulatedPurePursuitController
/home/sweepi/.ros/log/controller_server_4229_1783789310136.log:40:[INFO] [1783789351.314793345] [controller_server]: Cleaning up controller: FollowPath of type regulated_pure_pursuit_controller::RegulatedPurePursuitController
/home/sweepi/.ros/log/2026-07-11-22-33-07-932610-sweepi-5554/launch.log:19:1783789388.7860186 [INFO] [async_slam_toolbox_node-12]: process started with pid [5588]
/home/sweepi/.ros/log/2026-07-11-22-33-07-932610-sweepi-5554/launch.log:21:1783789391.2931941 [INFO] [launch.user]: [LifecycleLaunch] SweePi SLAM Toolbox is activating.
/home/sweepi/.ros/log/2026-07-11-22-33-07-932610-sweepi-5554/launch.log:22:1783789397.0253708 [ERROR] [wavefront_explorer.py-13]: process has died [pid 5590, exit code 1, cmd '/home/sweepi/SweePi/install/sweepi_exploration/lib/sweepi_exploration/wavefront_explorer.py --ros-args -r __node:=wavefront_explorer --params-file /tmp/launch_params_22iq269l'].
/home/sweepi/.ros/log/2026-07-11-22-33-07-932610-sweepi-5554/launch.log:23:1783789449.1977422 [WARNING] [launch]: user interrupted with ctrl-c (SIGINT)
/home/sweepi/.ros/log/2026-07-11-22-33-07-932610-sweepi-5554/launch.log:27:1783789450.4600966 [INFO] [async_slam_toolbox_node-12]: sending signal 'SIGINT' to process[async_slam_toolbox_node-12]
/home/sweepi/.ros/log/2026-07-11-22-33-07-932610-sweepi-5554/launch.log:31:1783789450.5667727 [ERROR] [async_slam_toolbox_node-12]: process has died [pid 5588, exit code -2, cmd '/opt/ros/jazzy/lib/slam_toolbox/async_slam_toolbox_node --ros-args -r __node:=slam_toolbox -r __ns:=/ --params-file /tmp/launch_params_efh2ox2d --params-file /tmp/launch_params_7kn5t0av -r /map:=/slam_map'].
/home/sweepi/.ros/log/2026-07-11-22-33-07-932610-sweepi-5554/launch.log:32:1783789450.5733984 [ERROR] [opennav_docking-10]: process has died [pid 5586, exit code -2, cmd '/opt/ros/jazzy/lib/opennav_docking/opennav_docking --ros-args --log-level info --ros-args -r __node:=docking_server -p use_sim_time:=False --params-file /tmp/launch_params_hbhrd728 -r /tf:=tf -r /tf_static:=tf_static'].
/home/sweepi/.ros/log/2026-07-11-22-33-07-932610-sweepi-5554/launch.log:38:1783789450.6390436 [ERROR] [behavior_server-5]: process has died [pid 5581, exit code -2, cmd '/opt/ros/jazzy/lib/nav2_behaviors/behavior_server --ros-args --log-level info --ros-args -r __node:=behavior_server -p use_sim_time:=False --params-file /tmp/launch_params_hbhrd728 -r /tf:=tf -r /tf_static:=tf_static -r cmd_vel:=cmd_vel_nav'].
/home/sweepi/.ros/log/2026-07-11-22-33-07-932610-sweepi-5554/launch.log:39:1783789450.6587355 [ERROR] [controller_server-1]: process has died [pid 5577, exit code -2, cmd '/opt/ros/jazzy/lib/nav2_controller/controller_server --ros-args --log-level info --ros-args -p use_sim_time:=False --params-file /tmp/launch_params_hbhrd728 -r /tf:=tf -r /tf_static:=tf_static -r cmd_vel:=cmd_vel_nav'].
/home/sweepi/.ros/log/2026-07-11-22-33-07-932610-sweepi-5554/launch.log:40:1783789450.6638441 [ERROR] [route_server-4]: process has died [pid 5580, exit code -2, cmd '/opt/ros/jazzy/lib/nav2_route/route_server --ros-args --log-level info --ros-args -r __node:=route_server -p use_sim_time:=False --params-file /tmp/launch_params_hbhrd728 -r /tf:=tf -r /tf_static:=tf_static'].
/home/sweepi/.ros/log/2026-07-11-22-35-34-862276-sweepi-6556/launch.log:5:1783789535.1925850 [INFO] [sllidar_node-3]: process started with pid [6562]
/home/sweepi/.ros/log/2026-07-11-22-35-34-862276-sweepi-6556/launch.log:9:1783789535.1969135 [INFO] [api_bridge_node-7]: process started with pid [6566]
/home/sweepi/.ros/log/2026-07-11-22-35-34-862276-sweepi-6556/launch.log:10:1783789565.0503051 [WARNING] [launch]: user interrupted with ctrl-c (SIGINT)
/home/sweepi/.ros/log/2026-07-11-22-35-34-862276-sweepi-6556/launch.log:11:1783789565.2592921 [WARNING] [launch]: user interrupted with ctrl-c (SIGINT) again, ignoring...
/home/sweepi/.ros/log/2026-07-11-22-35-34-862276-sweepi-6556/launch.log:12:1783789565.2858889 [ERROR] [sllidar_node-3]: process has died [pid 6562, exit code -2, cmd '/home/sweepi/SweePi/install/sllidar_ros2/lib/sllidar_ros2/sllidar_node --ros-args -r __node:=sllidar_node --params-file /tmp/launch_params_o0a4y0yf'].
/home/sweepi/.ros/log/2026-07-11-22-35-34-862276-sweepi-6556/launch.log:13:1783789565.2909789 [ERROR] [ekf_node-2]: process has died [pid 6561, exit code -2, cmd '/opt/ros/jazzy/lib/robot_localization/ekf_node --ros-args -r __node:=ekf_filter_node --params-file /home/sweepi/SweePi/install/sweepi_state_estimation/share/sweepi_state_estimation/config/ekf.yaml --params-file /tmp/launch_params__3uz74aq -r odometry/filtered:=/odom'].
/home/sweepi/.ros/log/2026-07-11-22-35-34-862276-sweepi-6556/launch.log:14:1783789565.3090312 [ERROR] [rviz2-5]: process has died [pid 6564, exit code -2, cmd '/opt/ros/jazzy/lib/rviz2/rviz2 -d /home/sweepi/SweePi/install/sweepi_bringup/share/sweepi_bringup/rviz/urdf_config.rviz --ros-args -r __node:=rviz2 --params-file /tmp/launch_params_szzzg752'].
/home/sweepi/.ros/log/2026-07-11-22-35-34-862276-sweepi-6556/launch.log:15:1783789565.4285090 [WARNING] [launch]: user interrupted with ctrl-c (SIGINT) again, ignoring...
/home/sweepi/.ros/log/2026-07-11-22-35-34-862276-sweepi-6556/launch.log:16:1783789565.4458930 [ERROR] [api_bridge_node-7]: process has died [pid 6566, exit code -2, cmd '/home/sweepi/SweePi/install/sweepi_api_bridge/lib/sweepi_api_bridge/api_bridge_node --ros-args -r __node:=sweepi_api_bridge --params-file /tmp/launch_params_tj2cpuhm'].
/home/sweepi/.ros/log/2026-07-11-22-35-34-862276-sweepi-6556/launch.log:17:1783789565.4478314 [ERROR] [sweepi_robot_manager_node.py-6]: process has died [pid 6565, exit code -2, cmd '/home/sweepi/SweePi/install/sweepi_robot_manager/lib/sweepi_robot_manager/sweepi_robot_manager_node.py --ros-args -r __node:=sweepi_robot_manager --params-file /tmp/launch_params_uv1xjyu3'].
/home/sweepi/.ros/log/2026-07-11-22-35-34-862276-sweepi-6556/launch.log:18:1783789565.5810046 [WARNING] [launch]: user interrupted with ctrl-c (SIGINT) again, ignoring...
/home/sweepi/.ros/log/2026-07-11-22-35-34-862276-sweepi-6556/launch.log:19:1783789565.7411151 [WARNING] [launch]: user interrupted with ctrl-c (SIGINT) again, ignoring...
/home/sweepi/.ros/log/2026-07-11-22-35-34-862276-sweepi-6556/launch.log:20:1783789567.8817534 [ERROR] [base_driver_node-1]: process has died [pid 6560, exit code -2, cmd '/home/sweepi/SweePi/install/sweepi_base_driver/lib/sweepi_base_driver/base_driver_node --ros-args -r __node:=base_driver_node --params-file /home/sweepi/SweePi/install/sweepi_base_driver/share/sweepi_base_driver/config/base_driver_params.yaml --params-file /tmp/launch_params_l9bgckww'].
/home/sweepi/.ros/log/async_slam_toolbox_node_4240_1783789310408.log:1:[INFO] [1783789312.309622680] [slam_toolbox]: Node using stack size 40000000
/home/sweepi/.ros/log/async_slam_toolbox_node_4240_1783789310408.log:2:[INFO] [1783789312.346521750] [slam_toolbox]: Configuring
/home/sweepi/.ros/log/async_slam_toolbox_node_4240_1783789310408.log:3:[INFO] [1783789312.603316695] [slam_toolbox]: Using solver plugin solver_plugins::CeresSolver
/home/sweepi/.ros/log/async_slam_toolbox_node_4240_1783789310408.log:4:[INFO] [1783789312.604480790] [slam_toolbox]: CeresSolver: Using SCHUR_JACOBI preconditioner.
/home/sweepi/.ros/log/async_slam_toolbox_node_4240_1783789310408.log:5:[INFO] [1783789313.550511407] [slam_toolbox]: Activating
/home/sweepi/.ros/log/collision_monitor_7585_1783789608373.log:6:[INFO] [1783789615.695585361] [collision_monitor]: [scan]: Creating Scan
/home/sweepi/.ros/log/collision_monitor_7585_1783789608373.log:18:[INFO] [1783789702.912069088] [collision_monitor]: [scan]: Destroying Scan
/home/sweepi/.ros/log/2026-07-12-00-43-26-655051-sweepi-3749/launch.log:5:1783797207.1164298 [INFO] [sllidar_node-3]: process started with pid [3756]
/home/sweepi/.ros/log/2026-07-12-00-43-26-655051-sweepi-3749/launch.log:9:1783797207.1169939 [INFO] [api_bridge_node-7]: process started with pid [3761]
/home/sweepi/.ros/log/2026-07-12-00-43-26-655051-sweepi-3749/launch.log:10:1783797208.6408496 [WARNING] [launch]: user interrupted with ctrl-c (SIGINT)
/home/sweepi/.ros/log/2026-07-12-00-43-26-655051-sweepi-3749/launch.log:12:1783797208.8508177 [WARNING] [launch]: user interrupted with ctrl-c (SIGINT) again, ignoring...
/home/sweepi/.ros/log/2026-07-12-00-43-26-655051-sweepi-3749/launch.log:13:1783797208.8561623 [ERROR] [ekf_node-2]: process has died [pid 3755, exit code -2, cmd '/opt/ros/jazzy/lib/robot_localization/ekf_node --ros-args -r __node:=ekf_filter_node --params-file /home/sweepi/SweePi/install/sweepi_state_estimation/share/sweepi_state_estimation/config/ekf.yaml --params-file /tmp/launch_params_kzge8kcf -r odometry/filtered:=/odom'].
/home/sweepi/.ros/log/2026-07-12-00-43-26-655051-sweepi-3749/launch.log:14:1783797208.8577497 [ERROR] [sweepi_robot_manager_node.py-6]: process has died [pid 3760, exit code -2, cmd '/home/sweepi/SweePi/install/sweepi_robot_manager/lib/sweepi_robot_manager/sweepi_robot_manager_node.py --ros-args -r __node:=sweepi_robot_manager --params-file /tmp/launch_params_anpxd0o6'].
/home/sweepi/.ros/log/2026-07-12-00-43-26-655051-sweepi-3749/launch.log:15:1783797208.8588753 [ERROR] [base_driver_node-1]: process has died [pid 3754, exit code -2, cmd '/home/sweepi/SweePi/install/sweepi_base_driver/lib/sweepi_base_driver/base_driver_node --ros-args -r __node:=base_driver_node --params-file /home/sweepi/SweePi/install/sweepi_base_driver/share/sweepi_base_driver/config/base_driver_params.yaml --params-file /tmp/launch_params_a2vg4872'].
/home/sweepi/.ros/log/2026-07-12-00-43-26-655051-sweepi-3749/launch.log:16:1783797208.8598704 [ERROR] [api_bridge_node-7]: process has died [pid 3761, exit code -2, cmd '/home/sweepi/SweePi/install/sweepi_api_bridge/lib/sweepi_api_bridge/api_bridge_node --ros-args -r __node:=sweepi_api_bridge --params-file /tmp/launch_params_xj7zg4x7'].
/home/sweepi/.ros/log/2026-07-12-00-43-26-655051-sweepi-3749/launch.log:17:1783797212.3644650 [WARNING] [launch]: user interrupted with ctrl-c (SIGINT) again, ignoring...
/home/sweepi/.ros/log/2026-07-12-00-43-26-655051-sweepi-3749/launch.log:18:1783797212.5317643 [WARNING] [launch]: user interrupted with ctrl-c (SIGINT) again, ignoring...
/home/sweepi/.ros/log/2026-07-12-00-43-26-655051-sweepi-3749/launch.log:19:1783797212.8620398 [WARNING] [launch]: user interrupted with ctrl-c (SIGINT) again, ignoring...
/home/sweepi/.ros/log/2026-07-12-00-43-26-655051-sweepi-3749/launch.log:20:1783797213.0792046 [WARNING] [launch]: user interrupted with ctrl-c (SIGINT) again, ignoring...
/home/sweepi/.ros/log/2026-07-12-00-43-26-655051-sweepi-3749/launch.log:21:1783797213.2698843 [WARNING] [launch]: user interrupted with ctrl-c (SIGINT) again, ignoring...
/home/sweepi/.ros/log/2026-07-12-00-43-26-655051-sweepi-3749/launch.log:22:1783797213.4516270 [WARNING] [launch]: user interrupted with ctrl-c (SIGINT) again, ignoring...
/home/sweepi/.ros/log/2026-07-12-00-43-26-655051-sweepi-3749/launch.log:23:1783797213.6310587 [WARNING] [launch]: user interrupted with ctrl-c (SIGINT) again, ignoring...
/home/sweepi/.ros/log/2026-07-12-00-43-26-655051-sweepi-3749/launch.log:24:1783797213.6548085 [ERROR] [rviz2-5]: process[rviz2-5] failed to terminate '5' seconds after receiving 'SIGINT', escalating to 'SIGTERM'
/home/sweepi/.ros/log/2026-07-12-00-43-26-655051-sweepi-3749/launch.log:25:1783797213.6582398 [ERROR] [sllidar_node-3]: process[sllidar_node-3] failed to terminate '5' seconds after receiving 'SIGINT', escalating to 'SIGTERM'
/home/sweepi/.ros/log/2026-07-12-00-43-26-655051-sweepi-3749/launch.log:27:1783797213.6611829 [INFO] [sllidar_node-3]: sending signal 'SIGTERM' to process[sllidar_node-3]
/home/sweepi/.ros/log/2026-07-12-00-43-26-655051-sweepi-3749/launch.log:28:1783797214.1301470 [WARNING] [launch]: user interrupted with ctrl-c (SIGINT) again, ignoring...
/home/sweepi/.ros/log/2026-07-12-00-43-26-655051-sweepi-3749/launch.log:29:1783797214.1652992 [WARNING] [launch]: user interrupted with ctrl-c (SIGINT) again, ignoring...
/home/sweepi/.ros/log/2026-07-12-00-43-26-655051-sweepi-3749/launch.log:30:1783797214.1840327 [WARNING] [launch]: user interrupted with ctrl-c (SIGINT) again, ignoring...
/home/sweepi/.ros/log/2026-07-12-00-43-26-655051-sweepi-3749/launch.log:31:1783797214.2340608 [WARNING] [launch]: user interrupted with ctrl-c (SIGINT) again, ignoring...
/home/sweepi/.ros/log/2026-07-12-00-43-26-655051-sweepi-3749/launch.log:32:1783797214.2382076 [WARNING] [launch]: user interrupted with ctrl-c (SIGINT) again, ignoring...
/home/sweepi/.ros/log/2026-07-12-00-43-26-655051-sweepi-3749/launch.log:33:1783797214.2798290 [WARNING] [launch]: user interrupted with ctrl-c (SIGINT) again, ignoring...
/home/sweepi/.ros/log/2026-07-12-00-43-26-655051-sweepi-3749/launch.log:34:1783797214.3065042 [WARNING] [launch]: user interrupted with ctrl-c (SIGINT) again, ignoring...
/home/sweepi/.ros/log/2026-07-12-00-43-26-655051-sweepi-3749/launch.log:35:1783797214.3403189 [WARNING] [launch]: user interrupted with ctrl-c (SIGINT) again, ignoring...
/home/sweepi/.ros/log/2026-07-12-00-43-26-655051-sweepi-3749/launch.log:36:1783797214.3604610 [WARNING] [launch]: user interrupted with ctrl-c (SIGINT) again, ignoring...
/home/sweepi/.ros/log/2026-07-12-00-43-26-655051-sweepi-3749/launch.log:37:1783797214.4128551 [WARNING] [launch]: user interrupted with ctrl-c (SIGINT) again, ignoring...
/home/sweepi/.ros/log/2026-07-12-00-43-26-655051-sweepi-3749/launch.log:38:1783797214.4389758 [WARNING] [launch]: user interrupted with ctrl-c (SIGINT) again, ignoring...
/home/sweepi/.ros/log/2026-07-12-00-43-26-655051-sweepi-3749/launch.log:39:1783797214.4587524 [WARNING] [launch]: user interrupted with ctrl-c (SIGINT) again, ignoring...
/home/sweepi/.ros/log/2026-07-12-00-43-26-655051-sweepi-3749/launch.log:40:1783797214.5037465 [WARNING] [launch]: user interrupted with ctrl-c (SIGINT) again, ignoring...
/home/sweepi/.ros/log/2026-07-12-00-43-26-655051-sweepi-3749/launch.log:41:1783797214.5192502 [WARNING] [launch]: user interrupted with ctrl-c (SIGINT) again, ignoring...
/home/sweepi/.ros/log/2026-07-12-00-43-26-655051-sweepi-3749/launch.log:42:1783797214.5582359 [WARNING] [launch]: user interrupted with ctrl-c (SIGINT) again, ignoring...
/home/sweepi/.ros/log/2026-07-12-00-43-26-655051-sweepi-3749/launch.log:43:1783797214.5834298 [WARNING] [launch]: user interrupted with ctrl-c (SIGINT) again, ignoring...
/home/sweepi/.ros/log/2026-07-12-00-43-26-655051-sweepi-3749/launch.log:44:1783797214.6004429 [INFO] [sllidar_node-3]: process has finished cleanly [pid 3756]
/home/sweepi/.ros/log/2026-07-12-00-43-26-655051-sweepi-3749/launch.log:45:1783797214.6188653 [WARNING] [launch]: user interrupted with ctrl-c (SIGINT) again, ignoring...
/home/sweepi/.ros/log/2026-07-12-00-43-26-655051-sweepi-3749/launch.log:46:1783797214.6391518 [WARNING] [launch]: user interrupted with ctrl-c (SIGINT) again, ignoring...
/home/sweepi/.ros/log/2026-07-12-00-43-26-655051-sweepi-3749/launch.log:47:1783797214.6791675 [WARNING] [launch]: user interrupted with ctrl-c (SIGINT) again, ignoring...
/home/sweepi/.ros/log/2026-07-12-00-43-26-655051-sweepi-3749/launch.log:48:1783797214.7181034 [WARNING] [launch]: user interrupted with ctrl-c (SIGINT) again, ignoring...
/home/sweepi/.ros/log/2026-07-12-00-43-26-655051-sweepi-3749/launch.log:49:1783797214.7465756 [WARNING] [launch]: user interrupted with ctrl-c (SIGINT) again, ignoring...
/home/sweepi/.ros/log/2026-07-12-00-43-26-655051-sweepi-3749/launch.log:50:1783797214.7594399 [WARNING] [launch]: user interrupted with ctrl-c (SIGINT) again, ignoring...
/home/sweepi/.ros/log/2026-07-12-00-43-26-655051-sweepi-3749/launch.log:51:1783797214.7991831 [WARNING] [launch]: user interrupted with ctrl-c (SIGINT) again, ignoring...
/home/sweepi/.ros/log/2026-07-12-00-43-26-655051-sweepi-3749/launch.log:52:1783797214.8175669 [WARNING] [launch]: user interrupted with ctrl-c (SIGINT) again, ignoring...
/home/sweepi/.ros/log/2026-07-12-00-43-26-655051-sweepi-3749/launch.log:53:1783797214.8768470 [WARNING] [launch]: user interrupted with ctrl-c (SIGINT) again, ignoring...
/home/sweepi/.ros/log/2026-07-12-00-43-26-655051-sweepi-3749/launch.log:54:1783797214.8783584 [WARNING] [launch]: user interrupted with ctrl-c (SIGINT) again, ignoring...
/home/sweepi/.ros/log/2026-07-12-00-43-26-655051-sweepi-3749/launch.log:55:1783797214.9184015 [WARNING] [launch]: user interrupted with ctrl-c (SIGINT) again, ignoring...
/home/sweepi/.ros/log/2026-07-12-00-43-26-655051-sweepi-3749/launch.log:56:1783797218.6582634 [ERROR] [rviz2-5]: process[rviz2-5] failed to terminate '10.0' seconds after receiving 'SIGTERM', escalating to 'SIGKILL'
/home/sweepi/.ros/log/2026-07-12-00-43-26-655051-sweepi-3749/launch.log:58:1783797218.6728842 [ERROR] [rviz2-5]: process has died [pid 3758, exit code -9, cmd '/opt/ros/jazzy/lib/rviz2/rviz2 -d /home/sweepi/SweePi/install/sweepi_bringup/share/sweepi_bringup/rviz/urdf_config.rviz --ros-args -r __node:=rviz2 --params-file /tmp/launch_params_gey3ohfc'].
/home/sweepi/.ros/log/lifecycle_manager_4609_1783797267402.log:36:[WARN] [1783799025.102499280] [lifecycle_manager_navigation.rclcpp]: failed to send response to /lifecycle_manager_navigation/get_parameters (timeout): client will not receive response, at ./src/rmw_response.cpp:153, at ./src/rcl/service.c:400
/home/sweepi/.ros/log/2026-07-11-22-35-43-565057-sweepi-6691/launch.log:8:1783789544.4063120 [ERROR] [launch]: Caught exception in launch (see debug for traceback): executable 'wavefront_explorer.py' not found on the libexec directory '/home/sweepi/SweePi/install/sweepi_exploration/lib/sweepi_exploration' 
/home/sweepi/.ros/log/2026-07-11-22-35-43-565057-sweepi-6691/launch.log:20:1783789545.6045363 [INFO] [async_slam_toolbox_node-12]: process started with pid [6725]
/home/sweepi/.ros/log/opennav_docking_5586_1783789389206.log:9:[WARN] [1783789396.071315456] [docking_server]: Dock database filepath nor dock parameters set. Docking actions can only be executed specifying the dock pose via the action request. Or update the dock database via the reload_database service.
/home/sweepi/.ros/log/python3_7431_1783789597722.log:2:[INFO] [1783789597.989356792] [base_driver_node]: Base driver parameters: serial_port=/dev/ttyAMA0, baud_rate=115200, wheel_radius=0.0615, wheel_separation=0.29, ticks_per_revolution=7392.0, left_encoder_sign=1.0, right_encoder_sign=1.0, left_motor_command_sign=1.0, right_motor_command_sign=1.0, command_rate_hz=50.0, feedback_poll_rate_hz=100.0, cmd_vel_timeout=0.5, gyro_units=rad_s, accel_units=m_s2
/home/sweepi/.ros/log/python3_7431_1783789597722.log:4:[ERROR] [1783789607.887498072] [base_driver_node]: Serial write failed: Write timeout
/home/sweepi/.ros/log/python3_7431_1783789597722.log:6:[WARN] [1783789607.986563649] [base_driver_node]: Feedback sequence jump: expected 20551, got 20554
/home/sweepi/.ros/log/python3_4427_1783797251702.log:2:[INFO] [1783797252.860048975] [base_driver_node]: Base driver parameters: serial_port=/dev/ttyAMA0, baud_rate=115200, wheel_radius=0.0615, wheel_separation=0.29, ticks_per_revolution=7392.0, left_encoder_sign=1.0, right_encoder_sign=1.0, left_motor_command_sign=1.0, right_motor_command_sign=1.0, command_rate_hz=50.0, feedback_poll_rate_hz=100.0, cmd_vel_timeout=0.5, gyro_units=rad_s, accel_units=m_s2
/home/sweepi/.ros/log/python3_4427_1783797251702.log:4:[WARN] [1783797252.923808012] [base_driver_node]: Ignoring unknown STM32 packet: ��FB,20176,427324000,0,0,0.0015,0.0051,0.0126,0.2635,0.1856,11.0925,12.0,0,OK
/home/sweepi/.ros/log/python3_4427_1783797251702.log:5:[ERROR] [1783797292.604181356] [base_driver_node]: Serial write failed: Write timeout
/home/sweepi/.ros/log/python3_4427_1783797251702.log:7:[WARN] [1783797292.658012950] [base_driver_node]: Feedback sequence jump: expected 22068, got 22070
/home/sweepi/.ros/log/python3_4427_1783797251702.log:8:[ERROR] [1783797529.304687981] [base_driver_node]: Serial write failed: Write timeout
/home/sweepi/.ros/log/python3_4427_1783797251702.log:10:[WARN] [1783797529.335352895] [base_driver_node]: Feedback sequence jump: expected 33360, got 33362
/home/sweepi/.ros/log/python3_4427_1783797251702.log:11:[ERROR] [1783797531.005855271] [base_driver_node]: Serial write failed: Write timeout
/home/sweepi/.ros/log/python3_4427_1783797251702.log:13:[WARN] [1783797531.046948401] [base_driver_node]: Feedback sequence jump: expected 33441, got 33443
/home/sweepi/.ros/log/python3_4427_1783797251702.log:14:[ERROR] [1783798991.752308275] [base_driver_node]: Serial write failed: Write timeout
/home/sweepi/.ros/log/python3_4427_1783797251702.log:16:[WARN] [1783798991.795210050] [base_driver_node]: Feedback sequence jump: expected 103104, got 103107
/home/sweepi/.ros/log/python3_4427_1783797251702.log:17:[ERROR] [1783799030.151562148] [base_driver_node]: Serial write failed: Write timeout
/home/sweepi/.ros/log/python3_4427_1783797251702.log:19:[WARN] [1783799030.199153951] [base_driver_node]: Ignoring unknown STM32 packet: ����b�r����b�r����b�r����b�r����b��r����b��r�b�bz-5)�FB,104938,2207333000,0,0,-0.0009,0.0016,0.0127,0.2646,0.3197,11.0818,12.0,0,OK
/home/sweepi/.ros/log/python3_4427_1783797251702.log:20:[WARN] [1783799030.227310469] [base_driver_node]: Feedback sequence jump: expected 104935, got 104939
/home/sweepi/.ros/log/python3_4427_1783797251702.log:21:[ERROR] [1783799068.189684206] [base_driver_node]: Serial write failed: Write timeout
/home/sweepi/.ros/log/python3_4427_1783797251702.log:23:[WARN] [1783799068.206046969] [base_driver_node]: Feedback sequence jump: expected 106749, got 106750
/home/sweepi/.ros/log/2026-07-11-22-25-29-636050-sweepi-3478/launch.log:3:1783788929.7938948 [INFO] [api_bridge_node-1]: process started with pid [3482]
/home/sweepi/.ros/log/collision_monitor_4607_1783797267741.log:6:[INFO] [1783797273.126137443] [collision_monitor]: [scan]: Creating Scan
/home/sweepi/.ros/log/ekf_node_5405_1783789380290.log:1:[ERROR] [1783789380.553276422] [ekf_filter_node]: Warning: /imu/data is listed as an input topic, but all its update variables are false
/home/sweepi/.ros/log/ekf_node_5405_1783789380290.log:2:[ERROR] [1783789389.287686725] [ekf_filter_node]: Failed to meet update rate! Took 0.026954986999999999697seconds. Try decreasing the rate, limiting sensor output frequency, or limiting the number of sensors.
/home/sweepi/.ros/log/ekf_node_5405_1783789380290.log:3:[ERROR] [1783789389.613303813] [ekf_filter_node]: Failed to meet update rate! Took 0.052943248999999997784seconds. Try decreasing the rate, limiting sensor output frequency, or limiting the number of sensors.
/home/sweepi/.ros/log/ekf_node_5405_1783789380290.log:4:[ERROR] [1783789389.714388078] [ekf_filter_node]: Failed to meet update rate! Took 0.029582504999999998524seconds. Try decreasing the rate, limiting sensor output frequency, or limiting the number of sensors.
/home/sweepi/.ros/log/ekf_node_5405_1783789380290.log:5:[ERROR] [1783789389.891653281] [ekf_filter_node]: Failed to meet update rate! Took 0.031055842000000000169seconds. Try decreasing the rate, limiting sensor output frequency, or limiting the number of sensors.
/home/sweepi/.ros/log/ekf_node_5405_1783789380290.log:6:[ERROR] [1783789392.816510350] [ekf_filter_node]: Failed to meet update rate! Took 0.029747448999999998726seconds. Try decreasing the rate, limiting sensor output frequency, or limiting the number of sensors.
/home/sweepi/.ros/log/ekf_node_5405_1783789380290.log:7:[ERROR] [1783789399.695037586] [ekf_filter_node]: Failed to meet update rate! Took 0.029796308999999999989seconds. Try decreasing the rate, limiting sensor output frequency, or limiting the number of sensors.
/home/sweepi/.ros/log/ekf_node_5405_1783789380290.log:8:[ERROR] [1783789426.334894318] [ekf_filter_node]: Failed to meet update rate! Took 0.025098920000000000258seconds. Try decreasing the rate, limiting sensor output frequency, or limiting the number of sensors.
/home/sweepi/.ros/log/2026-07-11-22-36-46-879439-sweepi-7554/launch.log:19:1783789607.7460811 [INFO] [async_slam_toolbox_node-12]: process started with pid [7588]
/home/sweepi/.ros/log/2026-07-11-22-36-46-879439-sweepi-7554/launch.log:21:1783789612.9881821 [INFO] [launch.user]: [LifecycleLaunch] SweePi SLAM Toolbox is activating.
/home/sweepi/.ros/log/2026-07-11-22-36-46-879439-sweepi-7554/launch.log:22:1783789618.3123221 [ERROR] [wavefront_explorer.py-13]: process has died [pid 7589, exit code 1, cmd '/home/sweepi/SweePi/install/sweepi_exploration/lib/sweepi_exploration/wavefront_explorer.py --ros-args -r __node:=wavefront_explorer --params-file /tmp/launch_params_hc0iin76'].
/home/sweepi/.ros/log/2026-07-11-22-36-46-879439-sweepi-7554/launch.log:23:1783789702.8955328 [WARNING] [launch]: user interrupted with ctrl-c (SIGINT)
/home/sweepi/.ros/log/2026-07-11-22-36-46-879439-sweepi-7554/launch.log:24:1783789703.7555125 [INFO] [async_slam_toolbox_node-12]: sending signal 'SIGINT' to process[async_slam_toolbox_node-12]
/home/sweepi/.ros/log/2026-07-11-22-36-46-879439-sweepi-7554/launch.log:36:1783789703.8202100 [ERROR] [route_server-4]: process has died [pid 7580, exit code -2, cmd '/opt/ros/jazzy/lib/nav2_route/route_server --ros-args --log-level info --ros-args -r __node:=route_server -p use_sim_time:=False --params-file /tmp/launch_params_s6v24v2z -r /tf:=tf -r /tf_static:=tf_static'].
/home/sweepi/.ros/log/2026-07-11-22-36-46-879439-sweepi-7554/launch.log:37:1783789703.8453200 [ERROR] [waypoint_follower-7]: process has died [pid 7583, exit code -2, cmd '/opt/ros/jazzy/lib/nav2_waypoint_follower/waypoint_follower --ros-args --log-level info --ros-args -r __node:=waypoint_follower -p use_sim_time:=False --params-file /tmp/launch_params_s6v24v2z -r /tf:=tf -r /tf_static:=tf_static'].
/home/sweepi/.ros/log/2026-07-11-22-36-46-879439-sweepi-7554/launch.log:38:1783789703.8541996 [ERROR] [velocity_smoother-8]: process has died [pid 7584, exit code -2, cmd '/opt/ros/jazzy/lib/nav2_velocity_smoother/velocity_smoother --ros-args --log-level info --ros-args -r __node:=velocity_smoother -p use_sim_time:=False --params-file /tmp/launch_params_s6v24v2z -r /tf:=tf -r /tf_static:=tf_static -r cmd_vel:=cmd_vel_nav'].
/home/sweepi/.ros/log/2026-07-11-22-36-46-879439-sweepi-7554/launch.log:39:1783789703.8747852 [ERROR] [smoother_server-2]: process has died [pid 7578, exit code -2, cmd '/opt/ros/jazzy/lib/nav2_smoother/smoother_server --ros-args --log-level info --ros-args -r __node:=smoother_server -p use_sim_time:=False --params-file /tmp/launch_params_s6v24v2z -r /tf:=tf -r /tf_static:=tf_static'].
/home/sweepi/.ros/log/2026-07-11-22-36-46-879439-sweepi-7554/launch.log:40:1783789703.8751700 [ERROR] [collision_monitor-9]: process has died [pid 7585, exit code -2, cmd '/opt/ros/jazzy/lib/nav2_collision_monitor/collision_monitor --ros-args --log-level info --ros-args -r __node:=collision_monitor -p use_sim_time:=False --params-file /tmp/launch_params_s6v24v2z -r /tf:=tf -r /tf_static:=tf_static'].
/home/sweepi/.ros/log/2026-07-11-22-36-46-879439-sweepi-7554/launch.log:41:1783789703.8763225 [ERROR] [async_slam_toolbox_node-12]: process has died [pid 7588, exit code -2, cmd '/opt/ros/jazzy/lib/slam_toolbox/async_slam_toolbox_node --ros-args -r __node:=slam_toolbox -r __ns:=/ --params-file /tmp/launch_params_h10avieb --params-file /tmp/launch_params_mu1qmtld -r /map:=/slam_map'].
