[0.152s] DEBUG:colcon:Command line arguments: ['/usr/bin/colcon', '--log-base', 'log_diagnostic', 'build', '--symlink-install', '--build-base', 'build_diagnostic', '--install-base', 'install_diagnostic', '--event-handlers', 'console_direct+']
[0.152s] DEBUG:colcon:Parsed command line arguments: Namespace(log_base='log_diagnostic', log_level=None, verb_name='build', build_base='/home/sweepi/SweePi/build_diagnostic', install_base='/home/sweepi/SweePi/install_diagnostic', merge_install=False, symlink_install=True, test_result_base=None, continue_on_error=False, executor='parallel', parallel_workers=4, event_handlers=['console_direct+'], ignore_user_meta=False, metas=['./colcon.meta'], base_paths=['.'], packages_ignore=None, packages_ignore_regex=None, paths=None, packages_up_to=None, packages_up_to_regex=None, packages_above=None, packages_above_and_dependencies=None, packages_above_depth=None, packages_select_by_dep=None, packages_skip_by_dep=None, packages_skip_up_to=None, packages_select_build_failed=False, packages_skip_build_finished=False, packages_select_test_failures=False, packages_skip_test_passed=False, packages_select=None, packages_skip=None, packages_select_regex=None, packages_skip_regex=None, packages_start=None, packages_end=None, allow_overriding=[], cmake_args=None, cmake_target=None, cmake_target_skip_unavailable=False, cmake_clean_cache=False, cmake_clean_first=False, cmake_force_configure=False, ament_cmake_args=None, catkin_cmake_args=None, catkin_skip_building_tests=False, mixin_files=None, mixin=None, verb_parser=<colcon_mixin.mixin.mixin_argument.MixinArgumentDecorator object at 0xffff914c5c10>, verb_extension=<colcon_core.verb.build.BuildVerb object at 0xffff916765d0>, main=<bound method BuildVerb.main of <colcon_core.verb.build.BuildVerb object at 0xffff916765d0>>, mixin_verb=('build',))
[0.208s] Level 1:colcon.colcon_core.package_discovery:discover_packages(colcon_meta) check parameters
[0.208s] Level 1:colcon.colcon_core.package_discovery:discover_packages(recursive) check parameters
[0.208s] Level 1:colcon.colcon_core.package_discovery:discover_packages(ignore) check parameters
[0.208s] Level 1:colcon.colcon_core.package_discovery:discover_packages(path) check parameters
[0.208s] Level 1:colcon.colcon_core.package_discovery:discover_packages(colcon_meta) discover
[0.209s] Level 1:colcon.colcon_core.package_discovery:discover_packages(recursive) discover
[0.209s] INFO:colcon.colcon_core.package_discovery:Crawling recursively for packages in '/home/sweepi/SweePi'
[0.209s] Level 1:colcon.colcon_core.package_identification:_identify(.) by extensions ['ignore', 'ignore_ament_install']
[0.209s] Level 1:colcon.colcon_core.package_identification:_identify(.) by extension 'ignore'
[0.209s] Level 1:colcon.colcon_core.package_identification:_identify(.) by extension 'ignore_ament_install'
[0.209s] Level 1:colcon.colcon_core.package_identification:_identify(.) by extensions ['colcon_pkg']
[0.209s] Level 1:colcon.colcon_core.package_identification:_identify(.) by extension 'colcon_pkg'
[0.209s] Level 1:colcon.colcon_core.package_identification:_identify(.) by extensions ['colcon_meta']
[0.209s] Level 1:colcon.colcon_core.package_identification:_identify(.) by extension 'colcon_meta'
[0.209s] Level 1:colcon.colcon_core.package_identification:_identify(.) by extensions ['ros']
[0.209s] Level 1:colcon.colcon_core.package_identification:_identify(.) by extension 'ros'
[0.248s] Level 1:colcon.colcon_core.package_identification:_identify(.) by extensions ['cmake', 'python']
[0.248s] Level 1:colcon.colcon_core.package_identification:_identify(.) by extension 'cmake'
[0.248s] Level 1:colcon.colcon_core.package_identification:_identify(.) by extension 'python'
[0.248s] Level 1:colcon.colcon_core.package_identification:_identify(.) by extensions ['python_setup_py']
[0.248s] Level 1:colcon.colcon_core.package_identification:_identify(.) by extension 'python_setup_py'
[0.248s] Level 1:colcon.colcon_core.package_identification:_identify(build) by extensions ['ignore', 'ignore_ament_install']
[0.248s] Level 1:colcon.colcon_core.package_identification:_identify(build) by extension 'ignore'
[0.248s] Level 1:colcon.colcon_core.package_identification:_identify(build) ignored
[0.249s] Level 1:colcon.colcon_core.package_identification:_identify(build_diagnostic) by extensions ['ignore', 'ignore_ament_install']
[0.249s] Level 1:colcon.colcon_core.package_identification:_identify(build_diagnostic) by extension 'ignore'
[0.249s] Level 1:colcon.colcon_core.package_identification:_identify(build_diagnostic) ignored
[0.249s] Level 1:colcon.colcon_core.package_identification:_identify(diagnostics) by extensions ['ignore', 'ignore_ament_install']
[0.249s] Level 1:colcon.colcon_core.package_identification:_identify(diagnostics) by extension 'ignore'
[0.249s] Level 1:colcon.colcon_core.package_identification:_identify(diagnostics) by extension 'ignore_ament_install'
[0.249s] Level 1:colcon.colcon_core.package_identification:_identify(diagnostics) by extensions ['colcon_pkg']
[0.249s] Level 1:colcon.colcon_core.package_identification:_identify(diagnostics) by extension 'colcon_pkg'
[0.249s] Level 1:colcon.colcon_core.package_identification:_identify(diagnostics) by extensions ['colcon_meta']
[0.249s] Level 1:colcon.colcon_core.package_identification:_identify(diagnostics) by extension 'colcon_meta'
[0.249s] Level 1:colcon.colcon_core.package_identification:_identify(diagnostics) by extensions ['ros']
[0.249s] Level 1:colcon.colcon_core.package_identification:_identify(diagnostics) by extension 'ros'
[0.249s] Level 1:colcon.colcon_core.package_identification:_identify(diagnostics) by extensions ['cmake', 'python']
[0.249s] Level 1:colcon.colcon_core.package_identification:_identify(diagnostics) by extension 'cmake'
[0.249s] Level 1:colcon.colcon_core.package_identification:_identify(diagnostics) by extension 'python'
[0.249s] Level 1:colcon.colcon_core.package_identification:_identify(diagnostics) by extensions ['python_setup_py']
[0.249s] Level 1:colcon.colcon_core.package_identification:_identify(diagnostics) by extension 'python_setup_py'
[0.250s] Level 1:colcon.colcon_core.package_identification:_identify(diagnostics/20260712_010514) by extensions ['ignore', 'ignore_ament_install']
[0.250s] Level 1:colcon.colcon_core.package_identification:_identify(diagnostics/20260712_010514) by extension 'ignore'
[0.250s] Level 1:colcon.colcon_core.package_identification:_identify(diagnostics/20260712_010514) by extension 'ignore_ament_install'
[0.250s] Level 1:colcon.colcon_core.package_identification:_identify(diagnostics/20260712_010514) by extensions ['colcon_pkg']
[0.250s] Level 1:colcon.colcon_core.package_identification:_identify(diagnostics/20260712_010514) by extension 'colcon_pkg'
[0.250s] Level 1:colcon.colcon_core.package_identification:_identify(diagnostics/20260712_010514) by extensions ['colcon_meta']
[0.250s] Level 1:colcon.colcon_core.package_identification:_identify(diagnostics/20260712_010514) by extension 'colcon_meta'
[0.250s] Level 1:colcon.colcon_core.package_identification:_identify(diagnostics/20260712_010514) by extensions ['ros']
[0.250s] Level 1:colcon.colcon_core.package_identification:_identify(diagnostics/20260712_010514) by extension 'ros'
[0.250s] Level 1:colcon.colcon_core.package_identification:_identify(diagnostics/20260712_010514) by extensions ['cmake', 'python']
[0.250s] Level 1:colcon.colcon_core.package_identification:_identify(diagnostics/20260712_010514) by extension 'cmake'
[0.250s] Level 1:colcon.colcon_core.package_identification:_identify(diagnostics/20260712_010514) by extension 'python'
[0.250s] Level 1:colcon.colcon_core.package_identification:_identify(diagnostics/20260712_010514) by extensions ['python_setup_py']
[0.250s] Level 1:colcon.colcon_core.package_identification:_identify(diagnostics/20260712_010514) by extension 'python_setup_py'
[0.251s] Level 1:colcon.colcon_core.package_identification:_identify(diagnostics/20260712_010514/ros_logs_snapshot) by extensions ['ignore', 'ignore_ament_install']
[0.251s] Level 1:colcon.colcon_core.package_identification:_identify(diagnostics/20260712_010514/ros_logs_snapshot) by extension 'ignore'
[0.251s] Level 1:colcon.colcon_core.package_identification:_identify(diagnostics/20260712_010514/ros_logs_snapshot) by extension 'ignore_ament_install'
[0.251s] Level 1:colcon.colcon_core.package_identification:_identify(diagnostics/20260712_010514/ros_logs_snapshot) by extensions ['colcon_pkg']
[0.251s] Level 1:colcon.colcon_core.package_identification:_identify(diagnostics/20260712_010514/ros_logs_snapshot) by extension 'colcon_pkg'
[0.251s] Level 1:colcon.colcon_core.package_identification:_identify(diagnostics/20260712_010514/ros_logs_snapshot) by extensions ['colcon_meta']
[0.251s] Level 1:colcon.colcon_core.package_identification:_identify(diagnostics/20260712_010514/ros_logs_snapshot) by extension 'colcon_meta'
[0.251s] Level 1:colcon.colcon_core.package_identification:_identify(diagnostics/20260712_010514/ros_logs_snapshot) by extensions ['ros']
[0.252s] Level 1:colcon.colcon_core.package_identification:_identify(diagnostics/20260712_010514/ros_logs_snapshot) by extension 'ros'
[0.252s] Level 1:colcon.colcon_core.package_identification:_identify(diagnostics/20260712_010514/ros_logs_snapshot) by extensions ['cmake', 'python']
[0.252s] Level 1:colcon.colcon_core.package_identification:_identify(diagnostics/20260712_010514/ros_logs_snapshot) by extension 'cmake'
[0.252s] Level 1:colcon.colcon_core.package_identification:_identify(diagnostics/20260712_010514/ros_logs_snapshot) by extension 'python'
[0.252s] Level 1:colcon.colcon_core.package_identification:_identify(diagnostics/20260712_010514/ros_logs_snapshot) by extensions ['python_setup_py']
[0.252s] Level 1:colcon.colcon_core.package_identification:_identify(diagnostics/20260712_010514/ros_logs_snapshot) by extension 'python_setup_py'
[0.252s] Level 1:colcon.colcon_core.package_identification:_identify(diagnostics/20260712_010514/ros_logs_snapshot/2026-07-11-18-52-11-415145-sweepi-2114) by extensions ['ignore', 'ignore_ament_install']
[0.252s] Level 1:colcon.colcon_core.package_identification:_identify(diagnostics/20260712_010514/ros_logs_snapshot/2026-07-11-18-52-11-415145-sweepi-2114) by extension 'ignore'
[0.252s] Level 1:colcon.colcon_core.package_identification:_identify(diagnostics/20260712_010514/ros_logs_snapshot/2026-07-11-18-52-11-415145-sweepi-2114) by extension 'ignore_ament_install'
[0.252s] Level 1:colcon.colcon_core.package_identification:_identify(diagnostics/20260712_010514/ros_logs_snapshot/2026-07-11-18-52-11-415145-sweepi-2114) by extensions ['colcon_pkg']
[0.252s] Level 1:colcon.colcon_core.package_identification:_identify(diagnostics/20260712_010514/ros_logs_snapshot/2026-07-11-18-52-11-415145-sweepi-2114) by extension 'colcon_pkg'
[0.252s] Level 1:colcon.colcon_core.package_identification:_identify(diagnostics/20260712_010514/ros_logs_snapshot/2026-07-11-18-52-11-415145-sweepi-2114) by extensions ['colcon_meta']
[0.252s] Level 1:colcon.colcon_core.package_identification:_identify(diagnostics/20260712_010514/ros_logs_snapshot/2026-07-11-18-52-11-415145-sweepi-2114) by extension 'colcon_meta'
[0.252s] Level 1:colcon.colcon_core.package_identification:_identify(diagnostics/20260712_010514/ros_logs_snapshot/2026-07-11-18-52-11-415145-sweepi-2114) by extensions ['ros']
[0.252s] Level 1:colcon.colcon_core.package_identification:_identify(diagnostics/20260712_010514/ros_logs_snapshot/2026-07-11-18-52-11-415145-sweepi-2114) by extension 'ros'
[0.252s] Level 1:colcon.colcon_core.package_identification:_identify(diagnostics/20260712_010514/ros_logs_snapshot/2026-07-11-18-52-11-415145-sweepi-2114) by extensions ['cmake', 'python']
[0.252s] Level 1:colcon.colcon_core.package_identification:_identify(diagnostics/20260712_010514/ros_logs_snapshot/2026-07-11-18-52-11-415145-sweepi-2114) by extension 'cmake'
[0.253s] Level 1:colcon.colcon_core.package_identification:_identify(diagnostics/20260712_010514/ros_logs_snapshot/2026-07-11-18-52-11-415145-sweepi-2114) by extension 'python'
[0.253s] Level 1:colcon.colcon_core.package_identification:_identify(diagnostics/20260712_010514/ros_logs_snapshot/2026-07-11-18-52-11-415145-sweepi-2114) by extensions ['python_setup_py']
[0.253s] Level 1:colcon.colcon_core.package_identification:_identify(diagnostics/20260712_010514/ros_logs_snapshot/2026-07-11-18-52-11-415145-sweepi-2114) by extension 'python_setup_py'
[0.253s] Level 1:colcon.colcon_core.package_identification:_identify(diagnostics/20260712_010514/ros_logs_snapshot/2026-07-11-19-00-26-560959-sweepi-2271) by extensions ['ignore', 'ignore_ament_install']
[0.253s] Level 1:colcon.colcon_core.package_identification:_identify(diagnostics/20260712_010514/ros_logs_snapshot/2026-07-11-19-00-26-560959-sweepi-2271) by extension 'ignore'
[0.253s] Level 1:colcon.colcon_core.package_identification:_identify(diagnostics/20260712_010514/ros_logs_snapshot/2026-07-11-19-00-26-560959-sweepi-2271) by extension 'ignore_ament_install'
[0.253s] Level 1:colcon.colcon_core.package_identification:_identify(diagnostics/20260712_010514/ros_logs_snapshot/2026-07-11-19-00-26-560959-sweepi-2271) by extensions ['colcon_pkg']
[0.253s] Level 1:colcon.colcon_core.package_identification:_identify(diagnostics/20260712_010514/ros_logs_snapshot/2026-07-11-19-00-26-560959-sweepi-2271) by extension 'colcon_pkg'
[0.253s] Level 1:colcon.colcon_core.package_identification:_identify(diagnostics/20260712_010514/ros_logs_snapshot/2026-07-11-19-00-26-560959-sweepi-2271) by extensions ['colcon_meta']
[0.253s] Level 1:colcon.colcon_core.package_identification:_identify(diagnostics/20260712_010514/ros_logs_snapshot/2026-07-11-19-00-26-560959-sweepi-2271) by extension 'colcon_meta'
[0.253s] Level 1:colcon.colcon_core.package_identification:_identify(diagnostics/20260712_010514/ros_logs_snapshot/2026-07-11-19-00-26-560959-sweepi-2271) by extensions ['ros']
[0.253s] Level 1:colcon.colcon_core.package_identification:_identify(diagnostics/20260712_010514/ros_logs_snapshot/2026-07-11-19-00-26-560959-sweepi-2271) by extension 'ros'
[0.253s] Level 1:colcon.colcon_core.package_identification:_identify(diagnostics/20260712_010514/ros_logs_snapshot/2026-07-11-19-00-26-560959-sweepi-2271) by extensions ['cmake', 'python']
[0.253s] Level 1:colcon.colcon_core.package_identification:_identify(diagnostics/20260712_010514/ros_logs_snapshot/2026-07-11-19-00-26-560959-sweepi-2271) by extension 'cmake'
[0.253s] Level 1:colcon.colcon_core.package_identification:_identify(diagnostics/20260712_010514/ros_logs_snapshot/2026-07-11-19-00-26-560959-sweepi-2271) by extension 'python'
[0.253s] Level 1:colcon.colcon_core.package_identification:_identify(diagnostics/20260712_010514/ros_logs_snapshot/2026-07-11-19-00-26-560959-sweepi-2271) by extensions ['python_setup_py']
[0.253s] Level 1:colcon.colcon_core.package_identification:_identify(diagnostics/20260712_010514/ros_logs_snapshot/2026-07-11-19-00-26-560959-sweepi-2271) by extension 'python_setup_py'
[0.253s] Level 1:colcon.colcon_core.package_identification:_identify(diagnostics/20260712_010514/ros_logs_snapshot/2026-07-11-19-04-16-895678-sweepi-2846) by extensions ['ignore', 'ignore_ament_install']
[0.254s] Level 1:colcon.colcon_core.package_identification:_identify(diagnostics/20260712_010514/ros_logs_snapshot/2026-07-11-19-04-16-895678-sweepi-2846) by extension 'ignore'
[0.254s] Level 1:colcon.colcon_core.package_identification:_identify(diagnostics/20260712_010514/ros_logs_snapshot/2026-07-11-19-04-16-895678-sweepi-2846) by extension 'ignore_ament_install'
[0.254s] Level 1:colcon.colcon_core.package_identification:_identify(diagnostics/20260712_010514/ros_logs_snapshot/2026-07-11-19-04-16-895678-sweepi-2846) by extensions ['colcon_pkg']
[0.254s] Level 1:colcon.colcon_core.package_identification:_identify(diagnostics/20260712_010514/ros_logs_snapshot/2026-07-11-19-04-16-895678-sweepi-2846) by extension 'colcon_pkg'
[0.254s] Level 1:colcon.colcon_core.package_identification:_identify(diagnostics/20260712_010514/ros_logs_snapshot/2026-07-11-19-04-16-895678-sweepi-2846) by extensions ['colcon_meta']
[0.254s] Level 1:colcon.colcon_core.package_identification:_identify(diagnostics/20260712_010514/ros_logs_snapshot/2026-07-11-19-04-16-895678-sweepi-2846) by extension 'colcon_meta'
[0.254s] Level 1:colcon.colcon_core.package_identification:_identify(diagnostics/20260712_010514/ros_logs_snapshot/2026-07-11-19-04-16-895678-sweepi-2846) by extensions ['ros']
[0.254s] Level 1:colcon.colcon_core.package_identification:_identify(diagnostics/20260712_010514/ros_logs_snapshot/2026-07-11-19-04-16-895678-sweepi-2846) by extension 'ros'
[0.254s] Level 1:colcon.colcon_core.package_identification:_identify(diagnostics/20260712_010514/ros_logs_snapshot/2026-07-11-19-04-16-895678-sweepi-2846) by extensions ['cmake', 'python']
[0.254s] Level 1:colcon.colcon_core.package_identification:_identify(diagnostics/20260712_010514/ros_logs_snapshot/2026-07-11-19-04-16-895678-sweepi-2846) by extension 'cmake'
[0.254s] Level 1:colcon.colcon_core.package_identification:_identify(diagnostics/20260712_010514/ros_logs_snapshot/2026-07-11-19-04-16-895678-sweepi-2846) by extension 'python'
[0.254s] Level 1:colcon.colcon_core.package_identification:_identify(diagnostics/20260712_010514/ros_logs_snapshot/2026-07-11-19-04-16-895678-sweepi-2846) by extensions ['python_setup_py']
[0.254s] Level 1:colcon.colcon_core.package_identification:_identify(diagnostics/20260712_010514/ros_logs_snapshot/2026-07-11-19-04-16-895678-sweepi-2846) by extension 'python_setup_py'
[0.254s] Level 1:colcon.colcon_core.package_identification:_identify(diagnostics/20260712_010514/ros_logs_snapshot/2026-07-11-19-04-56-601972-sweepi-3084) by extensions ['ignore', 'ignore_ament_install']
[0.254s] Level 1:colcon.colcon_core.package_identification:_identify(diagnostics/20260712_010514/ros_logs_snapshot/2026-07-11-19-04-56-601972-sweepi-3084) by extension 'ignore'
[0.254s] Level 1:colcon.colcon_core.package_identification:_identify(diagnostics/20260712_010514/ros_logs_snapshot/2026-07-11-19-04-56-601972-sweepi-3084) by extension 'ignore_ament_install'
[0.254s] Level 1:colcon.colcon_core.package_identification:_identify(diagnostics/20260712_010514/ros_logs_snapshot/2026-07-11-19-04-56-601972-sweepi-3084) by extensions ['colcon_pkg']
[0.254s] Level 1:colcon.colcon_core.package_identification:_identify(diagnostics/20260712_010514/ros_logs_snapshot/2026-07-11-19-04-56-601972-sweepi-3084) by extension 'colcon_pkg'
[0.254s] Level 1:colcon.colcon_core.package_identification:_identify(diagnostics/20260712_010514/ros_logs_snapshot/2026-07-11-19-04-56-601972-sweepi-3084) by extensions ['colcon_meta']
[0.254s] Level 1:colcon.colcon_core.package_identification:_identify(diagnostics/20260712_010514/ros_logs_snapshot/2026-07-11-19-04-56-601972-sweepi-3084) by extension 'colcon_meta'
[0.255s] Level 1:colcon.colcon_core.package_identification:_identify(diagnostics/20260712_010514/ros_logs_snapshot/2026-07-11-19-04-56-601972-sweepi-3084) by extensions ['ros']
[0.255s] Level 1:colcon.colcon_core.package_identification:_identify(diagnostics/20260712_010514/ros_logs_snapshot/2026-07-11-19-04-56-601972-sweepi-3084) by extension 'ros'
[0.255s] Level 1:colcon.colcon_core.package_identification:_identify(diagnostics/20260712_010514/ros_logs_snapshot/2026-07-11-19-04-56-601972-sweepi-3084) by extensions ['cmake', 'python']
[0.255s] Level 1:colcon.colcon_core.package_identification:_identify(diagnostics/20260712_010514/ros_logs_snapshot/2026-07-11-19-04-56-601972-sweepi-3084) by extension 'cmake'
[0.255s] Level 1:colcon.colcon_core.package_identification:_identify(diagnostics/20260712_010514/ros_logs_snapshot/2026-07-11-19-04-56-601972-sweepi-3084) by extension 'python'
[0.255s] Level 1:colcon.colcon_core.package_identification:_identify(diagnostics/20260712_010514/ros_logs_snapshot/2026-07-11-19-04-56-601972-sweepi-3084) by extensions ['python_setup_py']
[0.255s] Level 1:colcon.colcon_core.package_identification:_identify(diagnostics/20260712_010514/ros_logs_snapshot/2026-07-11-19-04-56-601972-sweepi-3084) by extension 'python_setup_py'
[0.255s] Level 1:colcon.colcon_core.package_identification:_identify(diagnostics/20260712_010514/ros_logs_snapshot/2026-07-11-19-06-39-202531-sweepi-3496) by extensions ['ignore', 'ignore_ament_install']
[0.255s] Level 1:colcon.colcon_core.package_identification:_identify(diagnostics/20260712_010514/ros_logs_snapshot/2026-07-11-19-06-39-202531-sweepi-3496) by extension 'ignore'
[0.255s] Level 1:colcon.colcon_core.package_identification:_identify(diagnostics/20260712_010514/ros_logs_snapshot/2026-07-11-19-06-39-202531-sweepi-3496) by extension 'ignore_ament_install'
[0.255s] Level 1:colcon.colcon_core.package_identification:_identify(diagnostics/20260712_010514/ros_logs_snapshot/2026-07-11-19-06-39-202531-sweepi-3496) by extensions ['colcon_pkg']
[0.255s] Level 1:colcon.colcon_core.package_identification:_identify(diagnostics/20260712_010514/ros_logs_snapshot/2026-07-11-19-06-39-202531-sweepi-3496) by extension 'colcon_pkg'
[0.255s] Level 1:colcon.colcon_core.package_identification:_identify(diagnostics/20260712_010514/ros_logs_snapshot/2026-07-11-19-06-39-202531-sweepi-3496) by extensions ['colcon_meta']
[0.255s] Level 1:colcon.colcon_core.package_identification:_identify(diagnostics/20260712_010514/ros_logs_snapshot/2026-07-11-19-06-39-202531-sweepi-3496) by extension 'colcon_meta'
[0.255s] Level 1:colcon.colcon_core.package_identification:_identify(diagnostics/20260712_010514/ros_logs_snapshot/2026-07-11-19-06-39-202531-sweepi-3496) by extensions ['ros']
[0.255s] Level 1:colcon.colcon_core.package_identification:_identify(diagnostics/20260712_010514/ros_logs_snapshot/2026-07-11-19-06-39-202531-sweepi-3496) by extension 'ros'
[0.255s] Level 1:colcon.colcon_core.package_identification:_identify(diagnostics/20260712_010514/ros_logs_snapshot/2026-07-11-19-06-39-202531-sweepi-3496) by extensions ['cmake', 'python']
[0.255s] Level 1:colcon.colcon_core.package_identification:_identify(diagnostics/20260712_010514/ros_logs_snapshot/2026-07-11-19-06-39-202531-sweepi-3496) by extension 'cmake'
[0.255s] Level 1:colcon.colcon_core.package_identification:_identify(diagnostics/20260712_010514/ros_logs_snapshot/2026-07-11-19-06-39-202531-sweepi-3496) by extension 'python'
[0.255s] Level 1:colcon.colcon_core.package_identification:_identify(diagnostics/20260712_010514/ros_logs_snapshot/2026-07-11-19-06-39-202531-sweepi-3496) by extensions ['python_setup_py']
[0.255s] Level 1:colcon.colcon_core.package_identification:_identify(diagnostics/20260712_010514/ros_logs_snapshot/2026-07-11-19-06-39-202531-sweepi-3496) by extension 'python_setup_py'
[0.256s] Level 1:colcon.colcon_core.package_identification:_identify(diagnostics/20260712_010514/ros_logs_snapshot/2026-07-11-19-14-26-729913-sweepi-4329) by extensions ['ignore', 'ignore_ament_install']
[0.256s] Level 1:colcon.colcon_core.package_identification:_identify(diagnostics/20260712_010514/ros_logs_snapshot/2026-07-11-19-14-26-729913-sweepi-4329) by extension 'ignore'
[0.256s] Level 1:colcon.colcon_core.package_identification:_identify(diagnostics/20260712_010514/ros_logs_snapshot/2026-07-11-19-14-26-729913-sweepi-4329) by extension 'ignore_ament_install'
[0.256s] Level 1:colcon.colcon_core.package_identification:_identify(diagnostics/20260712_010514/ros_logs_snapshot/2026-07-11-19-14-26-729913-sweepi-4329) by extensions ['colcon_pkg']
[0.256s] Level 1:colcon.colcon_core.package_identification:_identify(diagnostics/20260712_010514/ros_logs_snapshot/2026-07-11-19-14-26-729913-sweepi-4329) by extension 'colcon_pkg'
[0.256s] Level 1:colcon.colcon_core.package_identification:_identify(diagnostics/20260712_010514/ros_logs_snapshot/2026-07-11-19-14-26-729913-sweepi-4329) by extensions ['colcon_meta']
[0.256s] Level 1:colcon.colcon_core.package_identification:_identify(diagnostics/20260712_010514/ros_logs_snapshot/2026-07-11-19-14-26-729913-sweepi-4329) by extension 'colcon_meta'
[0.256s] Level 1:colcon.colcon_core.package_identification:_identify(diagnostics/20260712_010514/ros_logs_snapshot/2026-07-11-19-14-26-729913-sweepi-4329) by extensions ['ros']
[0.256s] Level 1:colcon.colcon_core.package_identification:_identify(diagnostics/20260712_010514/ros_logs_snapshot/2026-07-11-19-14-26-729913-sweepi-4329) by extension 'ros'
[0.256s] Level 1:colcon.colcon_core.package_identification:_identify(diagnostics/20260712_010514/ros_logs_snapshot/2026-07-11-19-14-26-729913-sweepi-4329) by extensions ['cmake', 'python']
[0.256s] Level 1:colcon.colcon_core.package_identification:_identify(diagnostics/20260712_010514/ros_logs_snapshot/2026-07-11-19-14-26-729913-sweepi-4329) by extension 'cmake'
[0.256s] Level 1:colcon.colcon_core.package_identification:_identify(diagnostics/20260712_010514/ros_logs_snapshot/2026-07-11-19-14-26-729913-sweepi-4329) by extension 'python'
[0.256s] Level 1:colcon.colcon_core.package_identification:_identify(diagnostics/20260712_010514/ros_logs_snapshot/2026-07-11-19-14-26-729913-sweepi-4329) by extensions ['python_setup_py']
[0.256s] Level 1:colcon.colcon_core.package_identification:_identify(diagnostics/20260712_010514/ros_logs_snapshot/2026-07-11-19-14-26-729913-sweepi-4329) by extension 'python_setup_py'
[0.256s] Level 1:colcon.colcon_core.package_identification:_identify(diagnostics/20260712_010514/ros_logs_snapshot/2026-07-11-19-16-35-670181-sweepi-4762) by extensions ['ignore', 'ignore_ament_install']
[0.256s] Level 1:colcon.colcon_core.package_identification:_identify(diagnostics/20260712_010514/ros_logs_snapshot/2026-07-11-19-16-35-670181-sweepi-4762) by extension 'ignore'
[0.256s] Level 1:colcon.colcon_core.package_identification:_identify(diagnostics/20260712_010514/ros_logs_snapshot/2026-07-11-19-16-35-670181-sweepi-4762) by extension 'ignore_ament_install'
[0.256s] Level 1:colcon.colcon_core.package_identification:_identify(diagnostics/20260712_010514/ros_logs_snapshot/2026-07-11-19-16-35-670181-sweepi-4762) by extensions ['colcon_pkg']
[0.257s] Level 1:colcon.colcon_core.package_identification:_identify(diagnostics/20260712_010514/ros_logs_snapshot/2026-07-11-19-16-35-670181-sweepi-4762) by extension 'colcon_pkg'
[0.257s] Level 1:colcon.colcon_core.package_identification:_identify(diagnostics/20260712_010514/ros_logs_snapshot/2026-07-11-19-16-35-670181-sweepi-4762) by extensions ['colcon_meta']
[0.257s] Level 1:colcon.colcon_core.package_identification:_identify(diagnostics/20260712_010514/ros_logs_snapshot/2026-07-11-19-16-35-670181-sweepi-4762) by extension 'colcon_meta'
[0.257s] Level 1:colcon.colcon_core.package_identification:_identify(diagnostics/20260712_010514/ros_logs_snapshot/2026-07-11-19-16-35-670181-sweepi-4762) by extensions ['ros']
[0.257s] Level 1:colcon.colcon_core.package_identification:_identify(diagnostics/20260712_010514/ros_logs_snapshot/2026-07-11-19-16-35-670181-sweepi-4762) by extension 'ros'
[0.257s] Level 1:colcon.colcon_core.package_identification:_identify(diagnostics/20260712_010514/ros_logs_snapshot/2026-07-11-19-16-35-670181-sweepi-4762) by extensions ['cmake', 'python']
[0.257s] Level 1:colcon.colcon_core.package_identification:_identify(diagnostics/20260712_010514/ros_logs_snapshot/2026-07-11-19-16-35-670181-sweepi-4762) by extension 'cmake'
[0.257s] Level 1:colcon.colcon_core.package_identification:_identify(diagnostics/20260712_010514/ros_logs_snapshot/2026-07-11-19-16-35-670181-sweepi-4762) by extension 'python'
[0.257s] Level 1:colcon.colcon_core.package_identification:_identify(diagnostics/20260712_010514/ros_logs_snapshot/2026-07-11-19-16-35-670181-sweepi-4762) by extensions ['python_setup_py']
[0.257s] Level 1:colcon.colcon_core.package_identification:_identify(diagnostics/20260712_010514/ros_logs_snapshot/2026-07-11-19-16-35-670181-sweepi-4762) by extension 'python_setup_py'
[0.257s] Level 1:colcon.colcon_core.package_identification:_identify(diagnostics/20260712_010514/ros_logs_snapshot/2026-07-11-19-16-58-906555-sweepi-4940) by extensions ['ignore', 'ignore_ament_install']
[0.257s] Level 1:colcon.colcon_core.package_identification:_identify(diagnostics/20260712_010514/ros_logs_snapshot/2026-07-11-19-16-58-906555-sweepi-4940) by extension 'ignore'
[0.257s] Level 1:colcon.colcon_core.package_identification:_identify(diagnostics/20260712_010514/ros_logs_snapshot/2026-07-11-19-16-58-906555-sweepi-4940) by extension 'ignore_ament_install'
[0.257s] Level 1:colcon.colcon_core.package_identification:_identify(diagnostics/20260712_010514/ros_logs_snapshot/2026-07-11-19-16-58-906555-sweepi-4940) by extensions ['colcon_pkg']
[0.257s] Level 1:colcon.colcon_core.package_identification:_identify(diagnostics/20260712_010514/ros_logs_snapshot/2026-07-11-19-16-58-906555-sweepi-4940) by extension 'colcon_pkg'
[0.257s] Level 1:colcon.colcon_core.package_identification:_identify(diagnostics/20260712_010514/ros_logs_snapshot/2026-07-11-19-16-58-906555-sweepi-4940) by extensions ['colcon_meta']
[0.257s] Level 1:colcon.colcon_core.package_identification:_identify(diagnostics/20260712_010514/ros_logs_snapshot/2026-07-11-19-16-58-906555-sweepi-4940) by extension 'colcon_meta'
[0.257s] Level 1:colcon.colcon_core.package_identification:_identify(diagnostics/20260712_010514/ros_logs_snapshot/2026-07-11-19-16-58-906555-sweepi-4940) by extensions ['ros']
[0.257s] Level 1:colcon.colcon_core.package_identification:_identify(diagnostics/20260712_010514/ros_logs_snapshot/2026-07-11-19-16-58-906555-sweepi-4940) by extension 'ros'
[0.257s] Level 1:colcon.colcon_core.package_identification:_identify(diagnostics/20260712_010514/ros_logs_snapshot/2026-07-11-19-16-58-906555-sweepi-4940) by extensions ['cmake', 'python']
[0.257s] Level 1:colcon.colcon_core.package_identification:_identify(diagnostics/20260712_010514/ros_logs_snapshot/2026-07-11-19-16-58-906555-sweepi-4940) by extension 'cmake'
[0.258s] Level 1:colcon.colcon_core.package_identification:_identify(diagnostics/20260712_010514/ros_logs_snapshot/2026-07-11-19-16-58-906555-sweepi-4940) by extension 'python'
[0.258s] Level 1:colcon.colcon_core.package_identification:_identify(diagnostics/20260712_010514/ros_logs_snapshot/2026-07-11-19-16-58-906555-sweepi-4940) by extensions ['python_setup_py']
[0.258s] Level 1:colcon.colcon_core.package_identification:_identify(diagnostics/20260712_010514/ros_logs_snapshot/2026-07-11-19-16-58-906555-sweepi-4940) by extension 'python_setup_py'
[0.258s] Level 1:colcon.colcon_core.package_identification:_identify(diagnostics/20260712_010514/ros_logs_snapshot/2026-07-11-19-25-11-341657-sweepi-7681) by extensions ['ignore', 'ignore_ament_install']
[0.258s] Level 1:colcon.colcon_core.package_identification:_identify(diagnostics/20260712_010514/ros_logs_snapshot/2026-07-11-19-25-11-341657-sweepi-7681) by extension 'ignore'
[0.258s] Level 1:colcon.colcon_core.package_identification:_identify(diagnostics/20260712_010514/ros_logs_snapshot/2026-07-11-19-25-11-341657-sweepi-7681) by extension 'ignore_ament_install'
[0.258s] Level 1:colcon.colcon_core.package_identification:_identify(diagnostics/20260712_010514/ros_logs_snapshot/2026-07-11-19-25-11-341657-sweepi-7681) by extensions ['colcon_pkg']
[0.258s] Level 1:colcon.colcon_core.package_identification:_identify(diagnostics/20260712_010514/ros_logs_snapshot/2026-07-11-19-25-11-341657-sweepi-7681) by extension 'colcon_pkg'
[0.258s] Level 1:colcon.colcon_core.package_identification:_identify(diagnostics/20260712_010514/ros_logs_snapshot/2026-07-11-19-25-11-341657-sweepi-7681) by extensions ['colcon_meta']
[0.258s] Level 1:colcon.colcon_core.package_identification:_identify(diagnostics/20260712_010514/ros_logs_snapshot/2026-07-11-19-25-11-341657-sweepi-7681) by extension 'colcon_meta'
[0.258s] Level 1:colcon.colcon_core.package_identification:_identify(diagnostics/20260712_010514/ros_logs_snapshot/2026-07-11-19-25-11-341657-sweepi-7681) by extensions ['ros']
[0.258s] Level 1:colcon.colcon_core.package_identification:_identify(diagnostics/20260712_010514/ros_logs_snapshot/2026-07-11-19-25-11-341657-sweepi-7681) by extension 'ros'
[0.258s] Level 1:colcon.colcon_core.package_identification:_identify(diagnostics/20260712_010514/ros_logs_snapshot/2026-07-11-19-25-11-341657-sweepi-7681) by extensions ['cmake', 'python']
[0.258s] Level 1:colcon.colcon_core.package_identification:_identify(diagnostics/20260712_010514/ros_logs_snapshot/2026-07-11-19-25-11-341657-sweepi-7681) by extension 'cmake'
[0.258s] Level 1:colcon.colcon_core.package_identification:_identify(diagnostics/20260712_010514/ros_logs_snapshot/2026-07-11-19-25-11-341657-sweepi-7681) by extension 'python'
[0.258s] Level 1:colcon.colcon_core.package_identification:_identify(diagnostics/20260712_010514/ros_logs_snapshot/2026-07-11-19-25-11-341657-sweepi-7681) by extensions ['python_setup_py']
[0.258s] Level 1:colcon.colcon_core.package_identification:_identify(diagnostics/20260712_010514/ros_logs_snapshot/2026-07-11-19-25-11-341657-sweepi-7681) by extension 'python_setup_py'
[0.258s] Level 1:colcon.colcon_core.package_identification:_identify(diagnostics/20260712_010514/ros_logs_snapshot/2026-07-11-19-25-54-370282-sweepi-7954) by extensions ['ignore', 'ignore_ament_install']
[0.258s] Level 1:colcon.colcon_core.package_identification:_identify(diagnostics/20260712_010514/ros_logs_snapshot/2026-07-11-19-25-54-370282-sweepi-7954) by extension 'ignore'
[0.259s] Level 1:colcon.colcon_core.package_identification:_identify(diagnostics/20260712_010514/ros_logs_snapshot/2026-07-11-19-25-54-370282-sweepi-7954) by extension 'ignore_ament_install'
[0.259s] Level 1:colcon.colcon_core.package_identification:_identify(diagnostics/20260712_010514/ros_logs_snapshot/2026-07-11-19-25-54-370282-sweepi-7954) by extensions ['colcon_pkg']
[0.259s] Level 1:colcon.colcon_core.package_identification:_identify(diagnostics/20260712_010514/ros_logs_snapshot/2026-07-11-19-25-54-370282-sweepi-7954) by extension 'colcon_pkg'
[0.259s] Level 1:colcon.colcon_core.package_identification:_identify(diagnostics/20260712_010514/ros_logs_snapshot/2026-07-11-19-25-54-370282-sweepi-7954) by extensions ['colcon_meta']
[0.259s] Level 1:colcon.colcon_core.package_identification:_identify(diagnostics/20260712_010514/ros_logs_snapshot/2026-07-11-19-25-54-370282-sweepi-7954) by extension 'colcon_meta'
[0.259s] Level 1:colcon.colcon_core.package_identification:_identify(diagnostics/20260712_010514/ros_logs_snapshot/2026-07-11-19-25-54-370282-sweepi-7954) by extensions ['ros']
[0.259s] Level 1:colcon.colcon_core.package_identification:_identify(diagnostics/20260712_010514/ros_logs_snapshot/2026-07-11-19-25-54-370282-sweepi-7954) by extension 'ros'
[0.259s] Level 1:colcon.colcon_core.package_identification:_identify(diagnostics/20260712_010514/ros_logs_snapshot/2026-07-11-19-25-54-370282-sweepi-7954) by extensions ['cmake', 'python']
[0.259s] Level 1:colcon.colcon_core.package_identification:_identify(diagnostics/20260712_010514/ros_logs_snapshot/2026-07-11-19-25-54-370282-sweepi-7954) by extension 'cmake'
[0.259s] Level 1:colcon.colcon_core.package_identification:_identify(diagnostics/20260712_010514/ros_logs_snapshot/2026-07-11-19-25-54-370282-sweepi-7954) by extension 'python'
[0.259s] Level 1:colcon.colcon_core.package_identification:_identify(diagnostics/20260712_010514/ros_logs_snapshot/2026-07-11-19-25-54-370282-sweepi-7954) by extensions ['python_setup_py']
[0.259s] Level 1:colcon.colcon_core.package_identification:_identify(diagnostics/20260712_010514/ros_logs_snapshot/2026-07-11-19-25-54-370282-sweepi-7954) by extension 'python_setup_py'
[0.259s] Level 1:colcon.colcon_core.package_identification:_identify(diagnostics/20260712_010514/ros_logs_snapshot/2026-07-11-19-28-38-464025-sweepi-8924) by extensions ['ignore', 'ignore_ament_install']
[0.259s] Level 1:colcon.colcon_core.package_identification:_identify(diagnostics/20260712_010514/ros_logs_snapshot/2026-07-11-19-28-38-464025-sweepi-8924) by extension 'ignore'
[0.259s] Level 1:colcon.colcon_core.package_identification:_identify(diagnostics/20260712_010514/ros_logs_snapshot/2026-07-11-19-28-38-464025-sweepi-8924) by extension 'ignore_ament_install'
[0.259s] Level 1:colcon.colcon_core.package_identification:_identify(diagnostics/20260712_010514/ros_logs_snapshot/2026-07-11-19-28-38-464025-sweepi-8924) by extensions ['colcon_pkg']
[0.259s] Level 1:colcon.colcon_core.package_identification:_identify(diagnostics/20260712_010514/ros_logs_snapshot/2026-07-11-19-28-38-464025-sweepi-8924) by extension 'colcon_pkg'
[0.259s] Level 1:colcon.colcon_core.package_identification:_identify(diagnostics/20260712_010514/ros_logs_snapshot/2026-07-11-19-28-38-464025-sweepi-8924) by extensions ['colcon_meta']
[0.259s] Level 1:colcon.colcon_core.package_identification:_identify(diagnostics/20260712_010514/ros_logs_snapshot/2026-07-11-19-28-38-464025-sweepi-8924) by extension 'colcon_meta'
[0.259s] Level 1:colcon.colcon_core.package_identification:_identify(diagnostics/20260712_010514/ros_logs_snapshot/2026-07-11-19-28-38-464025-sweepi-8924) by extensions ['ros']
[0.259s] Level 1:colcon.colcon_core.package_identification:_identify(diagnostics/20260712_010514/ros_logs_snapshot/2026-07-11-19-28-38-464025-sweepi-8924) by extension 'ros'
[0.260s] Level 1:colcon.colcon_core.package_identification:_identify(diagnostics/20260712_010514/ros_logs_snapshot/2026-07-11-19-28-38-464025-sweepi-8924) by extensions ['cmake', 'python']
[0.260s] Level 1:colcon.colcon_core.package_identification:_identify(diagnostics/20260712_010514/ros_logs_snapshot/2026-07-11-19-28-38-464025-sweepi-8924) by extension 'cmake'
[0.260s] Level 1:colcon.colcon_core.package_identification:_identify(diagnostics/20260712_010514/ros_logs_snapshot/2026-07-11-19-28-38-464025-sweepi-8924) by extension 'python'
[0.260s] Level 1:colcon.colcon_core.package_identification:_identify(diagnostics/20260712_010514/ros_logs_snapshot/2026-07-11-19-28-38-464025-sweepi-8924) by extensions ['python_setup_py']
[0.260s] Level 1:colcon.colcon_core.package_identification:_identify(diagnostics/20260712_010514/ros_logs_snapshot/2026-07-11-19-28-38-464025-sweepi-8924) by extension 'python_setup_py'
[0.260s] Level 1:colcon.colcon_core.package_identification:_identify(diagnostics/20260712_010514/ros_logs_snapshot/2026-07-11-19-29-46-844781-sweepi-9601) by extensions ['ignore', 'ignore_ament_install']
[0.260s] Level 1:colcon.colcon_core.package_identification:_identify(diagnostics/20260712_010514/ros_logs_snapshot/2026-07-11-19-29-46-844781-sweepi-9601) by extension 'ignore'
[0.260s] Level 1:colcon.colcon_core.package_identification:_identify(diagnostics/20260712_010514/ros_logs_snapshot/2026-07-11-19-29-46-844781-sweepi-9601) by extension 'ignore_ament_install'
[0.260s] Level 1:colcon.colcon_core.package_identification:_identify(diagnostics/20260712_010514/ros_logs_snapshot/2026-07-11-19-29-46-844781-sweepi-9601) by extensions ['colcon_pkg']
[0.260s] Level 1:colcon.colcon_core.package_identification:_identify(diagnostics/20260712_010514/ros_logs_snapshot/2026-07-11-19-29-46-844781-sweepi-9601) by extension 'colcon_pkg'
[0.260s] Level 1:colcon.colcon_core.package_identification:_identify(diagnostics/20260712_010514/ros_logs_snapshot/2026-07-11-19-29-46-844781-sweepi-9601) by extensions ['colcon_meta']
[0.260s] Level 1:colcon.colcon_core.package_identification:_identify(diagnostics/20260712_010514/ros_logs_snapshot/2026-07-11-19-29-46-844781-sweepi-9601) by extension 'colcon_meta'
[0.260s] Level 1:colcon.colcon_core.package_identification:_identify(diagnostics/20260712_010514/ros_logs_snapshot/2026-07-11-19-29-46-844781-sweepi-9601) by extensions ['ros']
[0.260s] Level 1:colcon.colcon_core.package_identification:_identify(diagnostics/20260712_010514/ros_logs_snapshot/2026-07-11-19-29-46-844781-sweepi-9601) by extension 'ros'
[0.260s] Level 1:colcon.colcon_core.package_identification:_identify(diagnostics/20260712_010514/ros_logs_snapshot/2026-07-11-19-29-46-844781-sweepi-9601) by extensions ['cmake', 'python']
[0.260s] Level 1:colcon.colcon_core.package_identification:_identify(diagnostics/20260712_010514/ros_logs_snapshot/2026-07-11-19-29-46-844781-sweepi-9601) by extension 'cmake'
[0.260s] Level 1:colcon.colcon_core.package_identification:_identify(diagnostics/20260712_010514/ros_logs_snapshot/2026-07-11-19-29-46-844781-sweepi-9601) by extension 'python'
[0.260s] Level 1:colcon.colcon_core.package_identification:_identify(diagnostics/20260712_010514/ros_logs_snapshot/2026-07-11-19-29-46-844781-sweepi-9601) by extensions ['python_setup_py']
[0.260s] Level 1:colcon.colcon_core.package_identification:_identify(diagnostics/20260712_010514/ros_logs_snapshot/2026-07-11-19-29-46-844781-sweepi-9601) by extension 'python_setup_py'
[0.260s] Level 1:colcon.colcon_core.package_identification:_identify(diagnostics/20260712_010514/ros_logs_snapshot/2026-07-11-19-37-45-991447-sweepi-3987) by extensions ['ignore', 'ignore_ament_install']
[0.261s] Level 1:colcon.colcon_core.package_identification:_identify(diagnostics/20260712_010514/ros_logs_snapshot/2026-07-11-19-37-45-991447-sweepi-3987) by extension 'ignore'
[0.261s] Level 1:colcon.colcon_core.package_identification:_identify(diagnostics/20260712_010514/ros_logs_snapshot/2026-07-11-19-37-45-991447-sweepi-3987) by extension 'ignore_ament_install'
[0.261s] Level 1:colcon.colcon_core.package_identification:_identify(diagnostics/20260712_010514/ros_logs_snapshot/2026-07-11-19-37-45-991447-sweepi-3987) by extensions ['colcon_pkg']
[0.261s] Level 1:colcon.colcon_core.package_identification:_identify(diagnostics/20260712_010514/ros_logs_snapshot/2026-07-11-19-37-45-991447-sweepi-3987) by extension 'colcon_pkg'
[0.261s] Level 1:colcon.colcon_core.package_identification:_identify(diagnostics/20260712_010514/ros_logs_snapshot/2026-07-11-19-37-45-991447-sweepi-3987) by extensions ['colcon_meta']
[0.261s] Level 1:colcon.colcon_core.package_identification:_identify(diagnostics/20260712_010514/ros_logs_snapshot/2026-07-11-19-37-45-991447-sweepi-3987) by extension 'colcon_meta'
[0.261s] Level 1:colcon.colcon_core.package_identification:_identify(diagnostics/20260712_010514/ros_logs_snapshot/2026-07-11-19-37-45-991447-sweepi-3987) by extensions ['ros']
[0.261s] Level 1:colcon.colcon_core.package_identification:_identify(diagnostics/20260712_010514/ros_logs_snapshot/2026-07-11-19-37-45-991447-sweepi-3987) by extension 'ros'
[0.261s] Level 1:colcon.colcon_core.package_identification:_identify(diagnostics/20260712_010514/ros_logs_snapshot/2026-07-11-19-37-45-991447-sweepi-3987) by extensions ['cmake', 'python']
[0.261s] Level 1:colcon.colcon_core.package_identification:_identify(diagnostics/20260712_010514/ros_logs_snapshot/2026-07-11-19-37-45-991447-sweepi-3987) by extension 'cmake'
[0.261s] Level 1:colcon.colcon_core.package_identification:_identify(diagnostics/20260712_010514/ros_logs_snapshot/2026-07-11-19-37-45-991447-sweepi-3987) by extension 'python'
[0.261s] Level 1:colcon.colcon_core.package_identification:_identify(diagnostics/20260712_010514/ros_logs_snapshot/2026-07-11-19-37-45-991447-sweepi-3987) by extensions ['python_setup_py']
[0.261s] Level 1:colcon.colcon_core.package_identification:_identify(diagnostics/20260712_010514/ros_logs_snapshot/2026-07-11-19-37-45-991447-sweepi-3987) by extension 'python_setup_py'
[0.261s] Level 1:colcon.colcon_core.package_identification:_identify(diagnostics/20260712_010514/ros_logs_snapshot/2026-07-11-19-39-40-711799-sweepi-5238) by extensions ['ignore', 'ignore_ament_install']
[0.261s] Level 1:colcon.colcon_core.package_identification:_identify(diagnostics/20260712_010514/ros_logs_snapshot/2026-07-11-19-39-40-711799-sweepi-5238) by extension 'ignore'
[0.261s] Level 1:colcon.colcon_core.package_identification:_identify(diagnostics/20260712_010514/ros_logs_snapshot/2026-07-11-19-39-40-711799-sweepi-5238) by extension 'ignore_ament_install'
[0.261s] Level 1:colcon.colcon_core.package_identification:_identify(diagnostics/20260712_010514/ros_logs_snapshot/2026-07-11-19-39-40-711799-sweepi-5238) by extensions ['colcon_pkg']
[0.261s] Level 1:colcon.colcon_core.package_identification:_identify(diagnostics/20260712_010514/ros_logs_snapshot/2026-07-11-19-39-40-711799-sweepi-5238) by extension 'colcon_pkg'
[0.261s] Level 1:colcon.colcon_core.package_identification:_identify(diagnostics/20260712_010514/ros_logs_snapshot/2026-07-11-19-39-40-711799-sweepi-5238) by extensions ['colcon_meta']
[0.261s] Level 1:colcon.colcon_core.package_identification:_identify(diagnostics/20260712_010514/ros_logs_snapshot/2026-07-11-19-39-40-711799-sweepi-5238) by extension 'colcon_meta'
[0.262s] Level 1:colcon.colcon_core.package_identification:_identify(diagnostics/20260712_010514/ros_logs_snapshot/2026-07-11-19-39-40-711799-sweepi-5238) by extensions ['ros']
[0.262s] Level 1:colcon.colcon_core.package_identification:_identify(diagnostics/20260712_010514/ros_logs_snapshot/2026-07-11-19-39-40-711799-sweepi-5238) by extension 'ros'
[0.262s] Level 1:colcon.colcon_core.package_identification:_identify(diagnostics/20260712_010514/ros_logs_snapshot/2026-07-11-19-39-40-711799-sweepi-5238) by extensions ['cmake', 'python']
[0.262s] Level 1:colcon.colcon_core.package_identification:_identify(diagnostics/20260712_010514/ros_logs_snapshot/2026-07-11-19-39-40-711799-sweepi-5238) by extension 'cmake'
[0.262s] Level 1:colcon.colcon_core.package_identification:_identify(diagnostics/20260712_010514/ros_logs_snapshot/2026-07-11-19-39-40-711799-sweepi-5238) by extension 'python'
[0.262s] Level 1:colcon.colcon_core.package_identification:_identify(diagnostics/20260712_010514/ros_logs_snapshot/2026-07-11-19-39-40-711799-sweepi-5238) by extensions ['python_setup_py']
[0.262s] Level 1:colcon.colcon_core.package_identification:_identify(diagnostics/20260712_010514/ros_logs_snapshot/2026-07-11-19-39-40-711799-sweepi-5238) by extension 'python_setup_py'
[0.262s] Level 1:colcon.colcon_core.package_identification:_identify(diagnostics/20260712_010514/ros_logs_snapshot/2026-07-11-19-40-03-541564-sweepi-5446) by extensions ['ignore', 'ignore_ament_install']
[0.262s] Level 1:colcon.colcon_core.package_identification:_identify(diagnostics/20260712_010514/ros_logs_snapshot/2026-07-11-19-40-03-541564-sweepi-5446) by extension 'ignore'
[0.262s] Level 1:colcon.colcon_core.package_identification:_identify(diagnostics/20260712_010514/ros_logs_snapshot/2026-07-11-19-40-03-541564-sweepi-5446) by extension 'ignore_ament_install'
[0.262s] Level 1:colcon.colcon_core.package_identification:_identify(diagnostics/20260712_010514/ros_logs_snapshot/2026-07-11-19-40-03-541564-sweepi-5446) by extensions ['colcon_pkg']
[0.262s] Level 1:colcon.colcon_core.package_identification:_identify(diagnostics/20260712_010514/ros_logs_snapshot/2026-07-11-19-40-03-541564-sweepi-5446) by extension 'colcon_pkg'
[0.262s] Level 1:colcon.colcon_core.package_identification:_identify(diagnostics/20260712_010514/ros_logs_snapshot/2026-07-11-19-40-03-541564-sweepi-5446) by extensions ['colcon_meta']
[0.262s] Level 1:colcon.colcon_core.package_identification:_identify(diagnostics/20260712_010514/ros_logs_snapshot/2026-07-11-19-40-03-541564-sweepi-5446) by extension 'colcon_meta'
[0.262s] Level 1:colcon.colcon_core.package_identification:_identify(diagnostics/20260712_010514/ros_logs_snapshot/2026-07-11-19-40-03-541564-sweepi-5446) by extensions ['ros']
[0.262s] Level 1:colcon.colcon_core.package_identification:_identify(diagnostics/20260712_010514/ros_logs_snapshot/2026-07-11-19-40-03-541564-sweepi-5446) by extension 'ros'
[0.262s] Level 1:colcon.colcon_core.package_identification:_identify(diagnostics/20260712_010514/ros_logs_snapshot/2026-07-11-19-40-03-541564-sweepi-5446) by extensions ['cmake', 'python']
[0.262s] Level 1:colcon.colcon_core.package_identification:_identify(diagnostics/20260712_010514/ros_logs_snapshot/2026-07-11-19-40-03-541564-sweepi-5446) by extension 'cmake'
[0.262s] Level 1:colcon.colcon_core.package_identification:_identify(diagnostics/20260712_010514/ros_logs_snapshot/2026-07-11-19-40-03-541564-sweepi-5446) by extension 'python'
[0.262s] Level 1:colcon.colcon_core.package_identification:_identify(diagnostics/20260712_010514/ros_logs_snapshot/2026-07-11-19-40-03-541564-sweepi-5446) by extensions ['python_setup_py']
[0.262s] Level 1:colcon.colcon_core.package_identification:_identify(diagnostics/20260712_010514/ros_logs_snapshot/2026-07-11-19-40-03-541564-sweepi-5446) by extension 'python_setup_py'
[0.263s] Level 1:colcon.colcon_core.package_identification:_identify(diagnostics/20260712_010514/ros_logs_snapshot/2026-07-11-19-43-04-415530-sweepi-6428) by extensions ['ignore', 'ignore_ament_install']
[0.263s] Level 1:colcon.colcon_core.package_identification:_identify(diagnostics/20260712_010514/ros_logs_snapshot/2026-07-11-19-43-04-415530-sweepi-6428) by extension 'ignore'
[0.263s] Level 1:colcon.colcon_core.package_identification:_identify(diagnostics/20260712_010514/ros_logs_snapshot/2026-07-11-19-43-04-415530-sweepi-6428) by extension 'ignore_ament_install'
[0.263s] Level 1:colcon.colcon_core.package_identification:_identify(diagnostics/20260712_010514/ros_logs_snapshot/2026-07-11-19-43-04-415530-sweepi-6428) by extensions ['colcon_pkg']
[0.263s] Level 1:colcon.colcon_core.package_identification:_identify(diagnostics/20260712_010514/ros_logs_snapshot/2026-07-11-19-43-04-415530-sweepi-6428) by extension 'colcon_pkg'
[0.263s] Level 1:colcon.colcon_core.package_identification:_identify(diagnostics/20260712_010514/ros_logs_snapshot/2026-07-11-19-43-04-415530-sweepi-6428) by extensions ['colcon_meta']
[0.263s] Level 1:colcon.colcon_core.package_identification:_identify(diagnostics/20260712_010514/ros_logs_snapshot/2026-07-11-19-43-04-415530-sweepi-6428) by extension 'colcon_meta'
[0.263s] Level 1:colcon.colcon_core.package_identification:_identify(diagnostics/20260712_010514/ros_logs_snapshot/2026-07-11-19-43-04-415530-sweepi-6428) by extensions ['ros']
[0.263s] Level 1:colcon.colcon_core.package_identification:_identify(diagnostics/20260712_010514/ros_logs_snapshot/2026-07-11-19-43-04-415530-sweepi-6428) by extension 'ros'
[0.263s] Level 1:colcon.colcon_core.package_identification:_identify(diagnostics/20260712_010514/ros_logs_snapshot/2026-07-11-19-43-04-415530-sweepi-6428) by extensions ['cmake', 'python']
[0.263s] Level 1:colcon.colcon_core.package_identification:_identify(diagnostics/20260712_010514/ros_logs_snapshot/2026-07-11-19-43-04-415530-sweepi-6428) by extension 'cmake'
[0.263s] Level 1:colcon.colcon_core.package_identification:_identify(diagnostics/20260712_010514/ros_logs_snapshot/2026-07-11-19-43-04-415530-sweepi-6428) by extension 'python'
[0.263s] Level 1:colcon.colcon_core.package_identification:_identify(diagnostics/20260712_010514/ros_logs_snapshot/2026-07-11-19-43-04-415530-sweepi-6428) by extensions ['python_setup_py']
[0.263s] Level 1:colcon.colcon_core.package_identification:_identify(diagnostics/20260712_010514/ros_logs_snapshot/2026-07-11-19-43-04-415530-sweepi-6428) by extension 'python_setup_py'
[0.263s] Level 1:colcon.colcon_core.package_identification:_identify(diagnostics/20260712_010514/ros_logs_snapshot/2026-07-11-19-43-38-874950-sweepi-6706) by extensions ['ignore', 'ignore_ament_install']
[0.263s] Level 1:colcon.colcon_core.package_identification:_identify(diagnostics/20260712_010514/ros_logs_snapshot/2026-07-11-19-43-38-874950-sweepi-6706) by extension 'ignore'
[0.264s] Level 1:colcon.colcon_core.package_identification:_identify(diagnostics/20260712_010514/ros_logs_snapshot/2026-07-11-19-43-38-874950-sweepi-6706) by extension 'ignore_ament_install'
[0.264s] Level 1:colcon.colcon_core.package_identification:_identify(diagnostics/20260712_010514/ros_logs_snapshot/2026-07-11-19-43-38-874950-sweepi-6706) by extensions ['colcon_pkg']
[0.264s] Level 1:colcon.colcon_core.package_identification:_identify(diagnostics/20260712_010514/ros_logs_snapshot/2026-07-11-19-43-38-874950-sweepi-6706) by extension 'colcon_pkg'
[0.264s] Level 1:colcon.colcon_core.package_identification:_identify(diagnostics/20260712_010514/ros_logs_snapshot/2026-07-11-19-43-38-874950-sweepi-6706) by extensions ['colcon_meta']
[0.264s] Level 1:colcon.colcon_core.package_identification:_identify(diagnostics/20260712_010514/ros_logs_snapshot/2026-07-11-19-43-38-874950-sweepi-6706) by extension 'colcon_meta'
[0.264s] Level 1:colcon.colcon_core.package_identification:_identify(diagnostics/20260712_010514/ros_logs_snapshot/2026-07-11-19-43-38-874950-sweepi-6706) by extensions ['ros']
[0.264s] Level 1:colcon.colcon_core.package_identification:_identify(diagnostics/20260712_010514/ros_logs_snapshot/2026-07-11-19-43-38-874950-sweepi-6706) by extension 'ros'
[0.264s] Level 1:colcon.colcon_core.package_identification:_identify(diagnostics/20260712_010514/ros_logs_snapshot/2026-07-11-19-43-38-874950-sweepi-6706) by extensions ['cmake', 'python']
[0.264s] Level 1:colcon.colcon_core.package_identification:_identify(diagnostics/20260712_010514/ros_logs_snapshot/2026-07-11-19-43-38-874950-sweepi-6706) by extension 'cmake'
[0.264s] Level 1:colcon.colcon_core.package_identification:_identify(diagnostics/20260712_010514/ros_logs_snapshot/2026-07-11-19-43-38-874950-sweepi-6706) by extension 'python'
[0.264s] Level 1:colcon.colcon_core.package_identification:_identify(diagnostics/20260712_010514/ros_logs_snapshot/2026-07-11-19-43-38-874950-sweepi-6706) by extensions ['python_setup_py']
[0.264s] Level 1:colcon.colcon_core.package_identification:_identify(diagnostics/20260712_010514/ros_logs_snapshot/2026-07-11-19-43-38-874950-sweepi-6706) by extension 'python_setup_py'
[0.264s] Level 1:colcon.colcon_core.package_identification:_identify(diagnostics/20260712_010514/ros_logs_snapshot/2026-07-11-19-48-21-006785-sweepi-8495) by extensions ['ignore', 'ignore_ament_install']
[0.264s] Level 1:colcon.colcon_core.package_identification:_identify(diagnostics/20260712_010514/ros_logs_snapshot/2026-07-11-19-48-21-006785-sweepi-8495) by extension 'ignore'
[0.265s] Level 1:colcon.colcon_core.package_identification:_identify(diagnostics/20260712_010514/ros_logs_snapshot/2026-07-11-19-48-21-006785-sweepi-8495) by extension 'ignore_ament_install'
[0.265s] Level 1:colcon.colcon_core.package_identification:_identify(diagnostics/20260712_010514/ros_logs_snapshot/2026-07-11-19-48-21-006785-sweepi-8495) by extensions ['colcon_pkg']
[0.265s] Level 1:colcon.colcon_core.package_identification:_identify(diagnostics/20260712_010514/ros_logs_snapshot/2026-07-11-19-48-21-006785-sweepi-8495) by extension 'colcon_pkg'
[0.265s] Level 1:colcon.colcon_core.package_identification:_identify(diagnostics/20260712_010514/ros_logs_snapshot/2026-07-11-19-48-21-006785-sweepi-8495) by extensions ['colcon_meta']
[0.265s] Level 1:colcon.colcon_core.package_identification:_identify(diagnostics/20260712_010514/ros_logs_snapshot/2026-07-11-19-48-21-006785-sweepi-8495) by extension 'colcon_meta'
[0.265s] Level 1:colcon.colcon_core.package_identification:_identify(diagnostics/20260712_010514/ros_logs_snapshot/2026-07-11-19-48-21-006785-sweepi-8495) by extensions ['ros']
[0.265s] Level 1:colcon.colcon_core.package_identification:_identify(diagnostics/20260712_010514/ros_logs_snapshot/2026-07-11-19-48-21-006785-sweepi-8495) by extension 'ros'
[0.265s] Level 1:colcon.colcon_core.package_identification:_identify(diagnostics/20260712_010514/ros_logs_snapshot/2026-07-11-19-48-21-006785-sweepi-8495) by extensions ['cmake', 'python']
[0.265s] Level 1:colcon.colcon_core.package_identification:_identify(diagnostics/20260712_010514/ros_logs_snapshot/2026-07-11-19-48-21-006785-sweepi-8495) by extension 'cmake'
[0.265s] Level 1:colcon.colcon_core.package_identification:_identify(diagnostics/20260712_010514/ros_logs_snapshot/2026-07-11-19-48-21-006785-sweepi-8495) by extension 'python'
[0.265s] Level 1:colcon.colcon_core.package_identification:_identify(diagnostics/20260712_010514/ros_logs_snapshot/2026-07-11-19-48-21-006785-sweepi-8495) by extensions ['python_setup_py']
[0.265s] Level 1:colcon.colcon_core.package_identification:_identify(diagnostics/20260712_010514/ros_logs_snapshot/2026-07-11-19-48-21-006785-sweepi-8495) by extension 'python_setup_py'
[0.265s] Level 1:colcon.colcon_core.package_identification:_identify(diagnostics/20260712_010514/ros_logs_snapshot/2026-07-11-19-48-39-681447-sweepi-8637) by extensions ['ignore', 'ignore_ament_install']
[0.265s] Level 1:colcon.colcon_core.package_identification:_identify(diagnostics/20260712_010514/ros_logs_snapshot/2026-07-11-19-48-39-681447-sweepi-8637) by extension 'ignore'
[0.265s] Level 1:colcon.colcon_core.package_identification:_identify(diagnostics/20260712_010514/ros_logs_snapshot/2026-07-11-19-48-39-681447-sweepi-8637) by extension 'ignore_ament_install'
[0.265s] Level 1:colcon.colcon_core.package_identification:_identify(diagnostics/20260712_010514/ros_logs_snapshot/2026-07-11-19-48-39-681447-sweepi-8637) by extensions ['colcon_pkg']
[0.265s] Level 1:colcon.colcon_core.package_identification:_identify(diagnostics/20260712_010514/ros_logs_snapshot/2026-07-11-19-48-39-681447-sweepi-8637) by extension 'colcon_pkg'
[0.265s] Level 1:colcon.colcon_core.package_identification:_identify(diagnostics/20260712_010514/ros_logs_snapshot/2026-07-11-19-48-39-681447-sweepi-8637) by extensions ['colcon_meta']
[0.265s] Level 1:colcon.colcon_core.package_identification:_identify(diagnostics/20260712_010514/ros_logs_snapshot/2026-07-11-19-48-39-681447-sweepi-8637) by extension 'colcon_meta'
[0.266s] Level 1:colcon.colcon_core.package_identification:_identify(diagnostics/20260712_010514/ros_logs_snapshot/2026-07-11-19-48-39-681447-sweepi-8637) by extensions ['ros']
[0.266s] Level 1:colcon.colcon_core.package_identification:_identify(diagnostics/20260712_010514/ros_logs_snapshot/2026-07-11-19-48-39-681447-sweepi-8637) by extension 'ros'
[0.266s] Level 1:colcon.colcon_core.package_identification:_identify(diagnostics/20260712_010514/ros_logs_snapshot/2026-07-11-19-48-39-681447-sweepi-8637) by extensions ['cmake', 'python']
[0.266s] Level 1:colcon.colcon_core.package_identification:_identify(diagnostics/20260712_010514/ros_logs_snapshot/2026-07-11-19-48-39-681447-sweepi-8637) by extension 'cmake'
[0.266s] Level 1:colcon.colcon_core.package_identification:_identify(diagnostics/20260712_010514/ros_logs_snapshot/2026-07-11-19-48-39-681447-sweepi-8637) by extension 'python'
[0.266s] Level 1:colcon.colcon_core.package_identification:_identify(diagnostics/20260712_010514/ros_logs_snapshot/2026-07-11-19-48-39-681447-sweepi-8637) by extensions ['python_setup_py']
[0.266s] Level 1:colcon.colcon_core.package_identification:_identify(diagnostics/20260712_010514/ros_logs_snapshot/2026-07-11-19-48-39-681447-sweepi-8637) by extension 'python_setup_py'
[0.266s] Level 1:colcon.colcon_core.package_identification:_identify(diagnostics/20260712_010514/ros_logs_snapshot/2026-07-11-19-55-13-897426-sweepi-11473) by extensions ['ignore', 'ignore_ament_install']
[0.266s] Level 1:colcon.colcon_core.package_identification:_identify(diagnostics/20260712_010514/ros_logs_snapshot/2026-07-11-19-55-13-897426-sweepi-11473) by extension 'ignore'
[0.266s] Level 1:colcon.colcon_core.package_identification:_identify(diagnostics/20260712_010514/ros_logs_snapshot/2026-07-11-19-55-13-897426-sweepi-11473) by extension 'ignore_ament_install'
[0.266s] Level 1:colcon.colcon_core.package_identification:_identify(diagnostics/20260712_010514/ros_logs_snapshot/2026-07-11-19-55-13-897426-sweepi-11473) by extensions ['colcon_pkg']
[0.266s] Level 1:colcon.colcon_core.package_identification:_identify(diagnostics/20260712_010514/ros_logs_snapshot/2026-07-11-19-55-13-897426-sweepi-11473) by extension 'colcon_pkg'
[0.266s] Level 1:colcon.colcon_core.package_identification:_identify(diagnostics/20260712_010514/ros_logs_snapshot/2026-07-11-19-55-13-897426-sweepi-11473) by extensions ['colcon_meta']
[0.266s] Level 1:colcon.colcon_core.package_identification:_identify(diagnostics/20260712_010514/ros_logs_snapshot/2026-07-11-19-55-13-897426-sweepi-11473) by extension 'colcon_meta'
[0.267s] Level 1:colcon.colcon_core.package_identification:_identify(diagnostics/20260712_010514/ros_logs_snapshot/2026-07-11-19-55-13-897426-sweepi-11473) by extensions ['ros']
[0.267s] Level 1:colcon.colcon_core.package_identification:_identify(diagnostics/20260712_010514/ros_logs_snapshot/2026-07-11-19-55-13-897426-sweepi-11473) by extension 'ros'
[0.267s] Level 1:colcon.colcon_core.package_identification:_identify(diagnostics/20260712_010514/ros_logs_snapshot/2026-07-11-19-55-13-897426-sweepi-11473) by extensions ['cmake', 'python']
[0.267s] Level 1:colcon.colcon_core.package_identification:_identify(diagnostics/20260712_010514/ros_logs_snapshot/2026-07-11-19-55-13-897426-sweepi-11473) by extension 'cmake'
[0.267s] Level 1:colcon.colcon_core.package_identification:_identify(diagnostics/20260712_010514/ros_logs_snapshot/2026-07-11-19-55-13-897426-sweepi-11473) by extension 'python'
[0.267s] Level 1:colcon.colcon_core.package_identification:_identify(diagnostics/20260712_010514/ros_logs_snapshot/2026-07-11-19-55-13-897426-sweepi-11473) by extensions ['python_setup_py']
[0.267s] Level 1:colcon.colcon_core.package_identification:_identify(diagnostics/20260712_010514/ros_logs_snapshot/2026-07-11-19-55-13-897426-sweepi-11473) by extension 'python_setup_py'
[0.267s] Level 1:colcon.colcon_core.package_identification:_identify(diagnostics/20260712_010514/ros_logs_snapshot/2026-07-11-19-55-39-632339-sweepi-11636) by extensions ['ignore', 'ignore_ament_install']
[0.267s] Level 1:colcon.colcon_core.package_identification:_identify(diagnostics/20260712_010514/ros_logs_snapshot/2026-07-11-19-55-39-632339-sweepi-11636) by extension 'ignore'
[0.267s] Level 1:colcon.colcon_core.package_identification:_identify(diagnostics/20260712_010514/ros_logs_snapshot/2026-07-11-19-55-39-632339-sweepi-11636) by extension 'ignore_ament_install'
[0.267s] Level 1:colcon.colcon_core.package_identification:_identify(diagnostics/20260712_010514/ros_logs_snapshot/2026-07-11-19-55-39-632339-sweepi-11636) by extensions ['colcon_pkg']
[0.267s] Level 1:colcon.colcon_core.package_identification:_identify(diagnostics/20260712_010514/ros_logs_snapshot/2026-07-11-19-55-39-632339-sweepi-11636) by extension 'colcon_pkg'
[0.267s] Level 1:colcon.colcon_core.package_identification:_identify(diagnostics/20260712_010514/ros_logs_snapshot/2026-07-11-19-55-39-632339-sweepi-11636) by extensions ['colcon_meta']
[0.267s] Level 1:colcon.colcon_core.package_identification:_identify(diagnostics/20260712_010514/ros_logs_snapshot/2026-07-11-19-55-39-632339-sweepi-11636) by extension 'colcon_meta'
[0.267s] Level 1:colcon.colcon_core.package_identification:_identify(diagnostics/20260712_010514/ros_logs_snapshot/2026-07-11-19-55-39-632339-sweepi-11636) by extensions ['ros']
[0.267s] Level 1:colcon.colcon_core.package_identification:_identify(diagnostics/20260712_010514/ros_logs_snapshot/2026-07-11-19-55-39-632339-sweepi-11636) by extension 'ros'
[0.268s] Level 1:colcon.colcon_core.package_identification:_identify(diagnostics/20260712_010514/ros_logs_snapshot/2026-07-11-19-55-39-632339-sweepi-11636) by extensions ['cmake', 'python']
[0.268s] Level 1:colcon.colcon_core.package_identification:_identify(diagnostics/20260712_010514/ros_logs_snapshot/2026-07-11-19-55-39-632339-sweepi-11636) by extension 'cmake'
[0.268s] Level 1:colcon.colcon_core.package_identification:_identify(diagnostics/20260712_010514/ros_logs_snapshot/2026-07-11-19-55-39-632339-sweepi-11636) by extension 'python'
[0.268s] Level 1:colcon.colcon_core.package_identification:_identify(diagnostics/20260712_010514/ros_logs_snapshot/2026-07-11-19-55-39-632339-sweepi-11636) by extensions ['python_setup_py']
[0.268s] Level 1:colcon.colcon_core.package_identification:_identify(diagnostics/20260712_010514/ros_logs_snapshot/2026-07-11-19-55-39-632339-sweepi-11636) by extension 'python_setup_py'
[0.268s] Level 1:colcon.colcon_core.package_identification:_identify(diagnostics/20260712_010514/ros_logs_snapshot/2026-07-11-20-05-29-647395-sweepi-14159) by extensions ['ignore', 'ignore_ament_install']
[0.268s] Level 1:colcon.colcon_core.package_identification:_identify(diagnostics/20260712_010514/ros_logs_snapshot/2026-07-11-20-05-29-647395-sweepi-14159) by extension 'ignore'
[0.268s] Level 1:colcon.colcon_core.package_identification:_identify(diagnostics/20260712_010514/ros_logs_snapshot/2026-07-11-20-05-29-647395-sweepi-14159) by extension 'ignore_ament_install'
[0.268s] Level 1:colcon.colcon_core.package_identification:_identify(diagnostics/20260712_010514/ros_logs_snapshot/2026-07-11-20-05-29-647395-sweepi-14159) by extensions ['colcon_pkg']
[0.268s] Level 1:colcon.colcon_core.package_identification:_identify(diagnostics/20260712_010514/ros_logs_snapshot/2026-07-11-20-05-29-647395-sweepi-14159) by extension 'colcon_pkg'
[0.268s] Level 1:colcon.colcon_core.package_identification:_identify(diagnostics/20260712_010514/ros_logs_snapshot/2026-07-11-20-05-29-647395-sweepi-14159) by extensions ['colcon_meta']
[0.268s] Level 1:colcon.colcon_core.package_identification:_identify(diagnostics/20260712_010514/ros_logs_snapshot/2026-07-11-20-05-29-647395-sweepi-14159) by extension 'colcon_meta'
[0.268s] Level 1:colcon.colcon_core.package_identification:_identify(diagnostics/20260712_010514/ros_logs_snapshot/2026-07-11-20-05-29-647395-sweepi-14159) by extensions ['ros']
[0.268s] Level 1:colcon.colcon_core.package_identification:_identify(diagnostics/20260712_010514/ros_logs_snapshot/2026-07-11-20-05-29-647395-sweepi-14159) by extension 'ros'
[0.268s] Level 1:colcon.colcon_core.package_identification:_identify(diagnostics/20260712_010514/ros_logs_snapshot/2026-07-11-20-05-29-647395-sweepi-14159) by extensions ['cmake', 'python']
[0.268s] Level 1:colcon.colcon_core.package_identification:_identify(diagnostics/20260712_010514/ros_logs_snapshot/2026-07-11-20-05-29-647395-sweepi-14159) by extension 'cmake'
[0.268s] Level 1:colcon.colcon_core.package_identification:_identify(diagnostics/20260712_010514/ros_logs_snapshot/2026-07-11-20-05-29-647395-sweepi-14159) by extension 'python'
[0.268s] Level 1:colcon.colcon_core.package_identification:_identify(diagnostics/20260712_010514/ros_logs_snapshot/2026-07-11-20-05-29-647395-sweepi-14159) by extensions ['python_setup_py']
[0.268s] Level 1:colcon.colcon_core.package_identification:_identify(diagnostics/20260712_010514/ros_logs_snapshot/2026-07-11-20-05-29-647395-sweepi-14159) by extension 'python_setup_py'
[0.269s] Level 1:colcon.colcon_core.package_identification:_identify(diagnostics/20260712_010514/ros_logs_snapshot/2026-07-11-20-14-38-952762-sweepi-18353) by extensions ['ignore', 'ignore_ament_install']
[0.269s] Level 1:colcon.colcon_core.package_identification:_identify(diagnostics/20260712_010514/ros_logs_snapshot/2026-07-11-20-14-38-952762-sweepi-18353) by extension 'ignore'
[0.269s] Level 1:colcon.colcon_core.package_identification:_identify(diagnostics/20260712_010514/ros_logs_snapshot/2026-07-11-20-14-38-952762-sweepi-18353) by extension 'ignore_ament_install'
[0.269s] Level 1:colcon.colcon_core.package_identification:_identify(diagnostics/20260712_010514/ros_logs_snapshot/2026-07-11-20-14-38-952762-sweepi-18353) by extensions ['colcon_pkg']
[0.269s] Level 1:colcon.colcon_core.package_identification:_identify(diagnostics/20260712_010514/ros_logs_snapshot/2026-07-11-20-14-38-952762-sweepi-18353) by extension 'colcon_pkg'
[0.269s] Level 1:colcon.colcon_core.package_identification:_identify(diagnostics/20260712_010514/ros_logs_snapshot/2026-07-11-20-14-38-952762-sweepi-18353) by extensions ['colcon_meta']
[0.269s] Level 1:colcon.colcon_core.package_identification:_identify(diagnostics/20260712_010514/ros_logs_snapshot/2026-07-11-20-14-38-952762-sweepi-18353) by extension 'colcon_meta'
[0.269s] Level 1:colcon.colcon_core.package_identification:_identify(diagnostics/20260712_010514/ros_logs_snapshot/2026-07-11-20-14-38-952762-sweepi-18353) by extensions ['ros']
[0.269s] Level 1:colcon.colcon_core.package_identification:_identify(diagnostics/20260712_010514/ros_logs_snapshot/2026-07-11-20-14-38-952762-sweepi-18353) by extension 'ros'
[0.269s] Level 1:colcon.colcon_core.package_identification:_identify(diagnostics/20260712_010514/ros_logs_snapshot/2026-07-11-20-14-38-952762-sweepi-18353) by extensions ['cmake', 'python']
[0.269s] Level 1:colcon.colcon_core.package_identification:_identify(diagnostics/20260712_010514/ros_logs_snapshot/2026-07-11-20-14-38-952762-sweepi-18353) by extension 'cmake'
[0.269s] Level 1:colcon.colcon_core.package_identification:_identify(diagnostics/20260712_010514/ros_logs_snapshot/2026-07-11-20-14-38-952762-sweepi-18353) by extension 'python'
[0.269s] Level 1:colcon.colcon_core.package_identification:_identify(diagnostics/20260712_010514/ros_logs_snapshot/2026-07-11-20-14-38-952762-sweepi-18353) by extensions ['python_setup_py']
[0.269s] Level 1:colcon.colcon_core.package_identification:_identify(diagnostics/20260712_010514/ros_logs_snapshot/2026-07-11-20-14-38-952762-sweepi-18353) by extension 'python_setup_py'
[0.269s] Level 1:colcon.colcon_core.package_identification:_identify(diagnostics/20260712_010514/ros_logs_snapshot/2026-07-11-20-14-52-035203-sweepi-18508) by extensions ['ignore', 'ignore_ament_install']
[0.269s] Level 1:colcon.colcon_core.package_identification:_identify(diagnostics/20260712_010514/ros_logs_snapshot/2026-07-11-20-14-52-035203-sweepi-18508) by extension 'ignore'
[0.269s] Level 1:colcon.colcon_core.package_identification:_identify(diagnostics/20260712_010514/ros_logs_snapshot/2026-07-11-20-14-52-035203-sweepi-18508) by extension 'ignore_ament_install'
[0.269s] Level 1:colcon.colcon_core.package_identification:_identify(diagnostics/20260712_010514/ros_logs_snapshot/2026-07-11-20-14-52-035203-sweepi-18508) by extensions ['colcon_pkg']
[0.269s] Level 1:colcon.colcon_core.package_identification:_identify(diagnostics/20260712_010514/ros_logs_snapshot/2026-07-11-20-14-52-035203-sweepi-18508) by extension 'colcon_pkg'
[0.270s] Level 1:colcon.colcon_core.package_identification:_identify(diagnostics/20260712_010514/ros_logs_snapshot/2026-07-11-20-14-52-035203-sweepi-18508) by extensions ['colcon_meta']
[0.270s] Level 1:colcon.colcon_core.package_identification:_identify(diagnostics/20260712_010514/ros_logs_snapshot/2026-07-11-20-14-52-035203-sweepi-18508) by extension 'colcon_meta'
[0.270s] Level 1:colcon.colcon_core.package_identification:_identify(diagnostics/20260712_010514/ros_logs_snapshot/2026-07-11-20-14-52-035203-sweepi-18508) by extensions ['ros']
[0.270s] Level 1:colcon.colcon_core.package_identification:_identify(diagnostics/20260712_010514/ros_logs_snapshot/2026-07-11-20-14-52-035203-sweepi-18508) by extension 'ros'
[0.270s] Level 1:colcon.colcon_core.package_identification:_identify(diagnostics/20260712_010514/ros_logs_snapshot/2026-07-11-20-14-52-035203-sweepi-18508) by extensions ['cmake', 'python']
[0.270s] Level 1:colcon.colcon_core.package_identification:_identify(diagnostics/20260712_010514/ros_logs_snapshot/2026-07-11-20-14-52-035203-sweepi-18508) by extension 'cmake'
[0.270s] Level 1:colcon.colcon_core.package_identification:_identify(diagnostics/20260712_010514/ros_logs_snapshot/2026-07-11-20-14-52-035203-sweepi-18508) by extension 'python'
[0.270s] Level 1:colcon.colcon_core.package_identification:_identify(diagnostics/20260712_010514/ros_logs_snapshot/2026-07-11-20-14-52-035203-sweepi-18508) by extensions ['python_setup_py']
[0.270s] Level 1:colcon.colcon_core.package_identification:_identify(diagnostics/20260712_010514/ros_logs_snapshot/2026-07-11-20-14-52-035203-sweepi-18508) by extension 'python_setup_py'
[0.270s] Level 1:colcon.colcon_core.package_identification:_identify(diagnostics/20260712_010514/ros_logs_snapshot/2026-07-11-20-17-38-200142-sweepi-19379) by extensions ['ignore', 'ignore_ament_install']
[0.270s] Level 1:colcon.colcon_core.package_identification:_identify(diagnostics/20260712_010514/ros_logs_snapshot/2026-07-11-20-17-38-200142-sweepi-19379) by extension 'ignore'
[0.270s] Level 1:colcon.colcon_core.package_identification:_identify(diagnostics/20260712_010514/ros_logs_snapshot/2026-07-11-20-17-38-200142-sweepi-19379) by extension 'ignore_ament_install'
[0.270s] Level 1:colcon.colcon_core.package_identification:_identify(diagnostics/20260712_010514/ros_logs_snapshot/2026-07-11-20-17-38-200142-sweepi-19379) by extensions ['colcon_pkg']
[0.270s] Level 1:colcon.colcon_core.package_identification:_identify(diagnostics/20260712_010514/ros_logs_snapshot/2026-07-11-20-17-38-200142-sweepi-19379) by extension 'colcon_pkg'
[0.270s] Level 1:colcon.colcon_core.package_identification:_identify(diagnostics/20260712_010514/ros_logs_snapshot/2026-07-11-20-17-38-200142-sweepi-19379) by extensions ['colcon_meta']
[0.270s] Level 1:colcon.colcon_core.package_identification:_identify(diagnostics/20260712_010514/ros_logs_snapshot/2026-07-11-20-17-38-200142-sweepi-19379) by extension 'colcon_meta'
[0.270s] Level 1:colcon.colcon_core.package_identification:_identify(diagnostics/20260712_010514/ros_logs_snapshot/2026-07-11-20-17-38-200142-sweepi-19379) by extensions ['ros']
[0.270s] Level 1:colcon.colcon_core.package_identification:_identify(diagnostics/20260712_010514/ros_logs_snapshot/2026-07-11-20-17-38-200142-sweepi-19379) by extension 'ros'
[0.270s] Level 1:colcon.colcon_core.package_identification:_identify(diagnostics/20260712_010514/ros_logs_snapshot/2026-07-11-20-17-38-200142-sweepi-19379) by extensions ['cmake', 'python']
[0.270s] Level 1:colcon.colcon_core.package_identification:_identify(diagnostics/20260712_010514/ros_logs_snapshot/2026-07-11-20-17-38-200142-sweepi-19379) by extension 'cmake'
[0.271s] Level 1:colcon.colcon_core.package_identification:_identify(diagnostics/20260712_010514/ros_logs_snapshot/2026-07-11-20-17-38-200142-sweepi-19379) by extension 'python'
[0.271s] Level 1:colcon.colcon_core.package_identification:_identify(diagnostics/20260712_010514/ros_logs_snapshot/2026-07-11-20-17-38-200142-sweepi-19379) by extensions ['python_setup_py']
[0.271s] Level 1:colcon.colcon_core.package_identification:_identify(diagnostics/20260712_010514/ros_logs_snapshot/2026-07-11-20-17-38-200142-sweepi-19379) by extension 'python_setup_py'
[0.271s] Level 1:colcon.colcon_core.package_identification:_identify(diagnostics/20260712_010514/ros_logs_snapshot/2026-07-11-20-18-04-025838-sweepi-19558) by extensions ['ignore', 'ignore_ament_install']
[0.271s] Level 1:colcon.colcon_core.package_identification:_identify(diagnostics/20260712_010514/ros_logs_snapshot/2026-07-11-20-18-04-025838-sweepi-19558) by extension 'ignore'
[0.271s] Level 1:colcon.colcon_core.package_identification:_identify(diagnostics/20260712_010514/ros_logs_snapshot/2026-07-11-20-18-04-025838-sweepi-19558) by extension 'ignore_ament_install'
[0.271s] Level 1:colcon.colcon_core.package_identification:_identify(diagnostics/20260712_010514/ros_logs_snapshot/2026-07-11-20-18-04-025838-sweepi-19558) by extensions ['colcon_pkg']
[0.271s] Level 1:colcon.colcon_core.package_identification:_identify(diagnostics/20260712_010514/ros_logs_snapshot/2026-07-11-20-18-04-025838-sweepi-19558) by extension 'colcon_pkg'
[0.271s] Level 1:colcon.colcon_core.package_identification:_identify(diagnostics/20260712_010514/ros_logs_snapshot/2026-07-11-20-18-04-025838-sweepi-19558) by extensions ['colcon_meta']
[0.271s] Level 1:colcon.colcon_core.package_identification:_identify(diagnostics/20260712_010514/ros_logs_snapshot/2026-07-11-20-18-04-025838-sweepi-19558) by extension 'colcon_meta'
[0.271s] Level 1:colcon.colcon_core.package_identification:_identify(diagnostics/20260712_010514/ros_logs_snapshot/2026-07-11-20-18-04-025838-sweepi-19558) by extensions ['ros']
[0.271s] Level 1:colcon.colcon_core.package_identification:_identify(diagnostics/20260712_010514/ros_logs_snapshot/2026-07-11-20-18-04-025838-sweepi-19558) by extension 'ros'
[0.271s] Level 1:colcon.colcon_core.package_identification:_identify(diagnostics/20260712_010514/ros_logs_snapshot/2026-07-11-20-18-04-025838-sweepi-19558) by extensions ['cmake', 'python']
[0.271s] Level 1:colcon.colcon_core.package_identification:_identify(diagnostics/20260712_010514/ros_logs_snapshot/2026-07-11-20-18-04-025838-sweepi-19558) by extension 'cmake'
[0.271s] Level 1:colcon.colcon_core.package_identification:_identify(diagnostics/20260712_010514/ros_logs_snapshot/2026-07-11-20-18-04-025838-sweepi-19558) by extension 'python'
[0.271s] Level 1:colcon.colcon_core.package_identification:_identify(diagnostics/20260712_010514/ros_logs_snapshot/2026-07-11-20-18-04-025838-sweepi-19558) by extensions ['python_setup_py']
[0.271s] Level 1:colcon.colcon_core.package_identification:_identify(diagnostics/20260712_010514/ros_logs_snapshot/2026-07-11-20-18-04-025838-sweepi-19558) by extension 'python_setup_py'
[0.271s] Level 1:colcon.colcon_core.package_identification:_identify(diagnostics/20260712_010514/ros_logs_snapshot/2026-07-11-20-51-14-033573-sweepi-4835) by extensions ['ignore', 'ignore_ament_install']
[0.271s] Level 1:colcon.colcon_core.package_identification:_identify(diagnostics/20260712_010514/ros_logs_snapshot/2026-07-11-20-51-14-033573-sweepi-4835) by extension 'ignore'
[0.272s] Level 1:colcon.colcon_core.package_identification:_identify(diagnostics/20260712_010514/ros_logs_snapshot/2026-07-11-20-51-14-033573-sweepi-4835) by extension 'ignore_ament_install'
[0.272s] Level 1:colcon.colcon_core.package_identification:_identify(diagnostics/20260712_010514/ros_logs_snapshot/2026-07-11-20-51-14-033573-sweepi-4835) by extensions ['colcon_pkg']
[0.272s] Level 1:colcon.colcon_core.package_identification:_identify(diagnostics/20260712_010514/ros_logs_snapshot/2026-07-11-20-51-14-033573-sweepi-4835) by extension 'colcon_pkg'
[0.272s] Level 1:colcon.colcon_core.package_identification:_identify(diagnostics/20260712_010514/ros_logs_snapshot/2026-07-11-20-51-14-033573-sweepi-4835) by extensions ['colcon_meta']
[0.272s] Level 1:colcon.colcon_core.package_identification:_identify(diagnostics/20260712_010514/ros_logs_snapshot/2026-07-11-20-51-14-033573-sweepi-4835) by extension 'colcon_meta'
[0.272s] Level 1:colcon.colcon_core.package_identification:_identify(diagnostics/20260712_010514/ros_logs_snapshot/2026-07-11-20-51-14-033573-sweepi-4835) by extensions ['ros']
[0.272s] Level 1:colcon.colcon_core.package_identification:_identify(diagnostics/20260712_010514/ros_logs_snapshot/2026-07-11-20-51-14-033573-sweepi-4835) by extension 'ros'
[0.272s] Level 1:colcon.colcon_core.package_identification:_identify(diagnostics/20260712_010514/ros_logs_snapshot/2026-07-11-20-51-14-033573-sweepi-4835) by extensions ['cmake', 'python']
[0.272s] Level 1:colcon.colcon_core.package_identification:_identify(diagnostics/20260712_010514/ros_logs_snapshot/2026-07-11-20-51-14-033573-sweepi-4835) by extension 'cmake'
[0.272s] Level 1:colcon.colcon_core.package_identification:_identify(diagnostics/20260712_010514/ros_logs_snapshot/2026-07-11-20-51-14-033573-sweepi-4835) by extension 'python'
[0.272s] Level 1:colcon.colcon_core.package_identification:_identify(diagnostics/20260712_010514/ros_logs_snapshot/2026-07-11-20-51-14-033573-sweepi-4835) by extensions ['python_setup_py']
[0.272s] Level 1:colcon.colcon_core.package_identification:_identify(diagnostics/20260712_010514/ros_logs_snapshot/2026-07-11-20-51-14-033573-sweepi-4835) by extension 'python_setup_py'
[0.272s] Level 1:colcon.colcon_core.package_identification:_identify(diagnostics/20260712_010514/ros_logs_snapshot/2026-07-11-20-51-55-394184-sweepi-5262) by extensions ['ignore', 'ignore_ament_install']
[0.272s] Level 1:colcon.colcon_core.package_identification:_identify(diagnostics/20260712_010514/ros_logs_snapshot/2026-07-11-20-51-55-394184-sweepi-5262) by extension 'ignore'
[0.272s] Level 1:colcon.colcon_core.package_identification:_identify(diagnostics/20260712_010514/ros_logs_snapshot/2026-07-11-20-51-55-394184-sweepi-5262) by extension 'ignore_ament_install'
[0.272s] Level 1:colcon.colcon_core.package_identification:_identify(diagnostics/20260712_010514/ros_logs_snapshot/2026-07-11-20-51-55-394184-sweepi-5262) by extensions ['colcon_pkg']
[0.272s] Level 1:colcon.colcon_core.package_identification:_identify(diagnostics/20260712_010514/ros_logs_snapshot/2026-07-11-20-51-55-394184-sweepi-5262) by extension 'colcon_pkg'
[0.272s] Level 1:colcon.colcon_core.package_identification:_identify(diagnostics/20260712_010514/ros_logs_snapshot/2026-07-11-20-51-55-394184-sweepi-5262) by extensions ['colcon_meta']
[0.272s] Level 1:colcon.colcon_core.package_identification:_identify(diagnostics/20260712_010514/ros_logs_snapshot/2026-07-11-20-51-55-394184-sweepi-5262) by extension 'colcon_meta'
[0.272s] Level 1:colcon.colcon_core.package_identification:_identify(diagnostics/20260712_010514/ros_logs_snapshot/2026-07-11-20-51-55-394184-sweepi-5262) by extensions ['ros']
[0.272s] Level 1:colcon.colcon_core.package_identification:_identify(diagnostics/20260712_010514/ros_logs_snapshot/2026-07-11-20-51-55-394184-sweepi-5262) by extension 'ros'
[0.273s] Level 1:colcon.colcon_core.package_identification:_identify(diagnostics/20260712_010514/ros_logs_snapshot/2026-07-11-20-51-55-394184-sweepi-5262) by extensions ['cmake', 'python']
[0.273s] Level 1:colcon.colcon_core.package_identification:_identify(diagnostics/20260712_010514/ros_logs_snapshot/2026-07-11-20-51-55-394184-sweepi-5262) by extension 'cmake'
[0.273s] Level 1:colcon.colcon_core.package_identification:_identify(diagnostics/20260712_010514/ros_logs_snapshot/2026-07-11-20-51-55-394184-sweepi-5262) by extension 'python'
[0.273s] Level 1:colcon.colcon_core.package_identification:_identify(diagnostics/20260712_010514/ros_logs_snapshot/2026-07-11-20-51-55-394184-sweepi-5262) by extensions ['python_setup_py']
[0.273s] Level 1:colcon.colcon_core.package_identification:_identify(diagnostics/20260712_010514/ros_logs_snapshot/2026-07-11-20-51-55-394184-sweepi-5262) by extension 'python_setup_py'
[0.273s] Level 1:colcon.colcon_core.package_identification:_identify(diagnostics/20260712_010514/ros_logs_snapshot/2026-07-11-20-53-30-306985-sweepi-5673) by extensions ['ignore', 'ignore_ament_install']
[0.273s] Level 1:colcon.colcon_core.package_identification:_identify(diagnostics/20260712_010514/ros_logs_snapshot/2026-07-11-20-53-30-306985-sweepi-5673) by extension 'ignore'
[0.273s] Level 1:colcon.colcon_core.package_identification:_identify(diagnostics/20260712_010514/ros_logs_snapshot/2026-07-11-20-53-30-306985-sweepi-5673) by extension 'ignore_ament_install'
[0.273s] Level 1:colcon.colcon_core.package_identification:_identify(diagnostics/20260712_010514/ros_logs_snapshot/2026-07-11-20-53-30-306985-sweepi-5673) by extensions ['colcon_pkg']
[0.273s] Level 1:colcon.colcon_core.package_identification:_identify(diagnostics/20260712_010514/ros_logs_snapshot/2026-07-11-20-53-30-306985-sweepi-5673) by extension 'colcon_pkg'
[0.273s] Level 1:colcon.colcon_core.package_identification:_identify(diagnostics/20260712_010514/ros_logs_snapshot/2026-07-11-20-53-30-306985-sweepi-5673) by extensions ['colcon_meta']
[0.273s] Level 1:colcon.colcon_core.package_identification:_identify(diagnostics/20260712_010514/ros_logs_snapshot/2026-07-11-20-53-30-306985-sweepi-5673) by extension 'colcon_meta'
[0.273s] Level 1:colcon.colcon_core.package_identification:_identify(diagnostics/20260712_010514/ros_logs_snapshot/2026-07-11-20-53-30-306985-sweepi-5673) by extensions ['ros']
[0.273s] Level 1:colcon.colcon_core.package_identification:_identify(diagnostics/20260712_010514/ros_logs_snapshot/2026-07-11-20-53-30-306985-sweepi-5673) by extension 'ros'
[0.273s] Level 1:colcon.colcon_core.package_identification:_identify(diagnostics/20260712_010514/ros_logs_snapshot/2026-07-11-20-53-30-306985-sweepi-5673) by extensions ['cmake', 'python']
[0.273s] Level 1:colcon.colcon_core.package_identification:_identify(diagnostics/20260712_010514/ros_logs_snapshot/2026-07-11-20-53-30-306985-sweepi-5673) by extension 'cmake'
[0.273s] Level 1:colcon.colcon_core.package_identification:_identify(diagnostics/20260712_010514/ros_logs_snapshot/2026-07-11-20-53-30-306985-sweepi-5673) by extension 'python'
[0.273s] Level 1:colcon.colcon_core.package_identification:_identify(diagnostics/20260712_010514/ros_logs_snapshot/2026-07-11-20-53-30-306985-sweepi-5673) by extensions ['python_setup_py']
[0.273s] Level 1:colcon.colcon_core.package_identification:_identify(diagnostics/20260712_010514/ros_logs_snapshot/2026-07-11-20-53-30-306985-sweepi-5673) by extension 'python_setup_py'
[0.274s] Level 1:colcon.colcon_core.package_identification:_identify(diagnostics/20260712_010514/ros_logs_snapshot/2026-07-11-20-54-45-694585-sweepi-6118) by extensions ['ignore', 'ignore_ament_install']
[0.274s] Level 1:colcon.colcon_core.package_identification:_identify(diagnostics/20260712_010514/ros_logs_snapshot/2026-07-11-20-54-45-694585-sweepi-6118) by extension 'ignore'
[0.274s] Level 1:colcon.colcon_core.package_identification:_identify(diagnostics/20260712_010514/ros_logs_snapshot/2026-07-11-20-54-45-694585-sweepi-6118) by extension 'ignore_ament_install'
[0.274s] Level 1:colcon.colcon_core.package_identification:_identify(diagnostics/20260712_010514/ros_logs_snapshot/2026-07-11-20-54-45-694585-sweepi-6118) by extensions ['colcon_pkg']
[0.274s] Level 1:colcon.colcon_core.package_identification:_identify(diagnostics/20260712_010514/ros_logs_snapshot/2026-07-11-20-54-45-694585-sweepi-6118) by extension 'colcon_pkg'
[0.274s] Level 1:colcon.colcon_core.package_identification:_identify(diagnostics/20260712_010514/ros_logs_snapshot/2026-07-11-20-54-45-694585-sweepi-6118) by extensions ['colcon_meta']
[0.274s] Level 1:colcon.colcon_core.package_identification:_identify(diagnostics/20260712_010514/ros_logs_snapshot/2026-07-11-20-54-45-694585-sweepi-6118) by extension 'colcon_meta'
[0.274s] Level 1:colcon.colcon_core.package_identification:_identify(diagnostics/20260712_010514/ros_logs_snapshot/2026-07-11-20-54-45-694585-sweepi-6118) by extensions ['ros']
[0.274s] Level 1:colcon.colcon_core.package_identification:_identify(diagnostics/20260712_010514/ros_logs_snapshot/2026-07-11-20-54-45-694585-sweepi-6118) by extension 'ros'
[0.274s] Level 1:colcon.colcon_core.package_identification:_identify(diagnostics/20260712_010514/ros_logs_snapshot/2026-07-11-20-54-45-694585-sweepi-6118) by extensions ['cmake', 'python']
[0.274s] Level 1:colcon.colcon_core.package_identification:_identify(diagnostics/20260712_010514/ros_logs_snapshot/2026-07-11-20-54-45-694585-sweepi-6118) by extension 'cmake'
[0.274s] Level 1:colcon.colcon_core.package_identification:_identify(diagnostics/20260712_010514/ros_logs_snapshot/2026-07-11-20-54-45-694585-sweepi-6118) by extension 'python'
[0.274s] Level 1:colcon.colcon_core.package_identification:_identify(diagnostics/20260712_010514/ros_logs_snapshot/2026-07-11-20-54-45-694585-sweepi-6118) by extensions ['python_setup_py']
[0.274s] Level 1:colcon.colcon_core.package_identification:_identify(diagnostics/20260712_010514/ros_logs_snapshot/2026-07-11-20-54-45-694585-sweepi-6118) by extension 'python_setup_py'
[0.274s] Level 1:colcon.colcon_core.package_identification:_identify(diagnostics/20260712_010514/ros_logs_snapshot/2026-07-11-20-57-56-216412-sweepi-7252) by extensions ['ignore', 'ignore_ament_install']
[0.274s] Level 1:colcon.colcon_core.package_identification:_identify(diagnostics/20260712_010514/ros_logs_snapshot/2026-07-11-20-57-56-216412-sweepi-7252) by extension 'ignore'
[0.274s] Level 1:colcon.colcon_core.package_identification:_identify(diagnostics/20260712_010514/ros_logs_snapshot/2026-07-11-20-57-56-216412-sweepi-7252) by extension 'ignore_ament_install'
[0.274s] Level 1:colcon.colcon_core.package_identification:_identify(diagnostics/20260712_010514/ros_logs_snapshot/2026-07-11-20-57-56-216412-sweepi-7252) by extensions ['colcon_pkg']
[0.274s] Level 1:colcon.colcon_core.package_identification:_identify(diagnostics/20260712_010514/ros_logs_snapshot/2026-07-11-20-57-56-216412-sweepi-7252) by extension 'colcon_pkg'
[0.275s] Level 1:colcon.colcon_core.package_identification:_identify(diagnostics/20260712_010514/ros_logs_snapshot/2026-07-11-20-57-56-216412-sweepi-7252) by extensions ['colcon_meta']
[0.275s] Level 1:colcon.colcon_core.package_identification:_identify(diagnostics/20260712_010514/ros_logs_snapshot/2026-07-11-20-57-56-216412-sweepi-7252) by extension 'colcon_meta'
[0.275s] Level 1:colcon.colcon_core.package_identification:_identify(diagnostics/20260712_010514/ros_logs_snapshot/2026-07-11-20-57-56-216412-sweepi-7252) by extensions ['ros']
[0.275s] Level 1:colcon.colcon_core.package_identification:_identify(diagnostics/20260712_010514/ros_logs_snapshot/2026-07-11-20-57-56-216412-sweepi-7252) by extension 'ros'
[0.275s] Level 1:colcon.colcon_core.package_identification:_identify(diagnostics/20260712_010514/ros_logs_snapshot/2026-07-11-20-57-56-216412-sweepi-7252) by extensions ['cmake', 'python']
[0.275s] Level 1:colcon.colcon_core.package_identification:_identify(diagnostics/20260712_010514/ros_logs_snapshot/2026-07-11-20-57-56-216412-sweepi-7252) by extension 'cmake'
[0.275s] Level 1:colcon.colcon_core.package_identification:_identify(diagnostics/20260712_010514/ros_logs_snapshot/2026-07-11-20-57-56-216412-sweepi-7252) by extension 'python'
[0.275s] Level 1:colcon.colcon_core.package_identification:_identify(diagnostics/20260712_010514/ros_logs_snapshot/2026-07-11-20-57-56-216412-sweepi-7252) by extensions ['python_setup_py']
[0.275s] Level 1:colcon.colcon_core.package_identification:_identify(diagnostics/20260712_010514/ros_logs_snapshot/2026-07-11-20-57-56-216412-sweepi-7252) by extension 'python_setup_py'
[0.275s] Level 1:colcon.colcon_core.package_identification:_identify(diagnostics/20260712_010514/ros_logs_snapshot/2026-07-11-20-58-27-652049-sweepi-7508) by extensions ['ignore', 'ignore_ament_install']
[0.275s] Level 1:colcon.colcon_core.package_identification:_identify(diagnostics/20260712_010514/ros_logs_snapshot/2026-07-11-20-58-27-652049-sweepi-7508) by extension 'ignore'
[0.275s] Level 1:colcon.colcon_core.package_identification:_identify(diagnostics/20260712_010514/ros_logs_snapshot/2026-07-11-20-58-27-652049-sweepi-7508) by extension 'ignore_ament_install'
[0.275s] Level 1:colcon.colcon_core.package_identification:_identify(diagnostics/20260712_010514/ros_logs_snapshot/2026-07-11-20-58-27-652049-sweepi-7508) by extensions ['colcon_pkg']
[0.275s] Level 1:colcon.colcon_core.package_identification:_identify(diagnostics/20260712_010514/ros_logs_snapshot/2026-07-11-20-58-27-652049-sweepi-7508) by extension 'colcon_pkg'
[0.275s] Level 1:colcon.colcon_core.package_identification:_identify(diagnostics/20260712_010514/ros_logs_snapshot/2026-07-11-20-58-27-652049-sweepi-7508) by extensions ['colcon_meta']
[0.275s] Level 1:colcon.colcon_core.package_identification:_identify(diagnostics/20260712_010514/ros_logs_snapshot/2026-07-11-20-58-27-652049-sweepi-7508) by extension 'colcon_meta'
[0.275s] Level 1:colcon.colcon_core.package_identification:_identify(diagnostics/20260712_010514/ros_logs_snapshot/2026-07-11-20-58-27-652049-sweepi-7508) by extensions ['ros']
[0.275s] Level 1:colcon.colcon_core.package_identification:_identify(diagnostics/20260712_010514/ros_logs_snapshot/2026-07-11-20-58-27-652049-sweepi-7508) by extension 'ros'
[0.275s] Level 1:colcon.colcon_core.package_identification:_identify(diagnostics/20260712_010514/ros_logs_snapshot/2026-07-11-20-58-27-652049-sweepi-7508) by extensions ['cmake', 'python']
[0.275s] Level 1:colcon.colcon_core.package_identification:_identify(diagnostics/20260712_010514/ros_logs_snapshot/2026-07-11-20-58-27-652049-sweepi-7508) by extension 'cmake'
[0.275s] Level 1:colcon.colcon_core.package_identification:_identify(diagnostics/20260712_010514/ros_logs_snapshot/2026-07-11-20-58-27-652049-sweepi-7508) by extension 'python'
[0.276s] Level 1:colcon.colcon_core.package_identification:_identify(diagnostics/20260712_010514/ros_logs_snapshot/2026-07-11-20-58-27-652049-sweepi-7508) by extensions ['python_setup_py']
[0.276s] Level 1:colcon.colcon_core.package_identification:_identify(diagnostics/20260712_010514/ros_logs_snapshot/2026-07-11-20-58-27-652049-sweepi-7508) by extension 'python_setup_py'
[0.276s] Level 1:colcon.colcon_core.package_identification:_identify(diagnostics/20260712_010514/ros_logs_snapshot/2026-07-11-21-07-37-959413-sweepi-11679) by extensions ['ignore', 'ignore_ament_install']
[0.276s] Level 1:colcon.colcon_core.package_identification:_identify(diagnostics/20260712_010514/ros_logs_snapshot/2026-07-11-21-07-37-959413-sweepi-11679) by extension 'ignore'
[0.276s] Level 1:colcon.colcon_core.package_identification:_identify(diagnostics/20260712_010514/ros_logs_snapshot/2026-07-11-21-07-37-959413-sweepi-11679) by extension 'ignore_ament_install'
[0.276s] Level 1:colcon.colcon_core.package_identification:_identify(diagnostics/20260712_010514/ros_logs_snapshot/2026-07-11-21-07-37-959413-sweepi-11679) by extensions ['colcon_pkg']
[0.276s] Level 1:colcon.colcon_core.package_identification:_identify(diagnostics/20260712_010514/ros_logs_snapshot/2026-07-11-21-07-37-959413-sweepi-11679) by extension 'colcon_pkg'
[0.276s] Level 1:colcon.colcon_core.package_identification:_identify(diagnostics/20260712_010514/ros_logs_snapshot/2026-07-11-21-07-37-959413-sweepi-11679) by extensions ['colcon_meta']
[0.276s] Level 1:colcon.colcon_core.package_identification:_identify(diagnostics/20260712_010514/ros_logs_snapshot/2026-07-11-21-07-37-959413-sweepi-11679) by extension 'colcon_meta'
[0.276s] Level 1:colcon.colcon_core.package_identification:_identify(diagnostics/20260712_010514/ros_logs_snapshot/2026-07-11-21-07-37-959413-sweepi-11679) by extensions ['ros']
[0.276s] Level 1:colcon.colcon_core.package_identification:_identify(diagnostics/20260712_010514/ros_logs_snapshot/2026-07-11-21-07-37-959413-sweepi-11679) by extension 'ros'
[0.276s] Level 1:colcon.colcon_core.package_identification:_identify(diagnostics/20260712_010514/ros_logs_snapshot/2026-07-11-21-07-37-959413-sweepi-11679) by extensions ['cmake', 'python']
[0.276s] Level 1:colcon.colcon_core.package_identification:_identify(diagnostics/20260712_010514/ros_logs_snapshot/2026-07-11-21-07-37-959413-sweepi-11679) by extension 'cmake'
[0.276s] Level 1:colcon.colcon_core.package_identification:_identify(diagnostics/20260712_010514/ros_logs_snapshot/2026-07-11-21-07-37-959413-sweepi-11679) by extension 'python'
[0.276s] Level 1:colcon.colcon_core.package_identification:_identify(diagnostics/20260712_010514/ros_logs_snapshot/2026-07-11-21-07-37-959413-sweepi-11679) by extensions ['python_setup_py']
[0.276s] Level 1:colcon.colcon_core.package_identification:_identify(diagnostics/20260712_010514/ros_logs_snapshot/2026-07-11-21-07-37-959413-sweepi-11679) by extension 'python_setup_py'
[0.276s] Level 1:colcon.colcon_core.package_identification:_identify(diagnostics/20260712_010514/ros_logs_snapshot/2026-07-11-21-08-19-395035-sweepi-11824) by extensions ['ignore', 'ignore_ament_install']
[0.276s] Level 1:colcon.colcon_core.package_identification:_identify(diagnostics/20260712_010514/ros_logs_snapshot/2026-07-11-21-08-19-395035-sweepi-11824) by extension 'ignore'
[0.277s] Level 1:colcon.colcon_core.package_identification:_identify(diagnostics/20260712_010514/ros_logs_snapshot/2026-07-11-21-08-19-395035-sweepi-11824) by extension 'ignore_ament_install'
[0.277s] Level 1:colcon.colcon_core.package_identification:_identify(diagnostics/20260712_010514/ros_logs_snapshot/2026-07-11-21-08-19-395035-sweepi-11824) by extensions ['colcon_pkg']
[0.277s] Level 1:colcon.colcon_core.package_identification:_identify(diagnostics/20260712_010514/ros_logs_snapshot/2026-07-11-21-08-19-395035-sweepi-11824) by extension 'colcon_pkg'
[0.277s] Level 1:colcon.colcon_core.package_identification:_identify(diagnostics/20260712_010514/ros_logs_snapshot/2026-07-11-21-08-19-395035-sweepi-11824) by extensions ['colcon_meta']
[0.277s] Level 1:colcon.colcon_core.package_identification:_identify(diagnostics/20260712_010514/ros_logs_snapshot/2026-07-11-21-08-19-395035-sweepi-11824) by extension 'colcon_meta'
[0.277s] Level 1:colcon.colcon_core.package_identification:_identify(diagnostics/20260712_010514/ros_logs_snapshot/2026-07-11-21-08-19-395035-sweepi-11824) by extensions ['ros']
[0.277s] Level 1:colcon.colcon_core.package_identification:_identify(diagnostics/20260712_010514/ros_logs_snapshot/2026-07-11-21-08-19-395035-sweepi-11824) by extension 'ros'
[0.277s] Level 1:colcon.colcon_core.package_identification:_identify(diagnostics/20260712_010514/ros_logs_snapshot/2026-07-11-21-08-19-395035-sweepi-11824) by extensions ['cmake', 'python']
[0.277s] Level 1:colcon.colcon_core.package_identification:_identify(diagnostics/20260712_010514/ros_logs_snapshot/2026-07-11-21-08-19-395035-sweepi-11824) by extension 'cmake'
[0.277s] Level 1:colcon.colcon_core.package_identification:_identify(diagnostics/20260712_010514/ros_logs_snapshot/2026-07-11-21-08-19-395035-sweepi-11824) by extension 'python'
[0.277s] Level 1:colcon.colcon_core.package_identification:_identify(diagnostics/20260712_010514/ros_logs_snapshot/2026-07-11-21-08-19-395035-sweepi-11824) by extensions ['python_setup_py']
[0.277s] Level 1:colcon.colcon_core.package_identification:_identify(diagnostics/20260712_010514/ros_logs_snapshot/2026-07-11-21-08-19-395035-sweepi-11824) by extension 'python_setup_py'
[0.277s] Level 1:colcon.colcon_core.package_identification:_identify(diagnostics/20260712_010514/ros_logs_snapshot/2026-07-11-21-09-13-180145-sweepi-12426) by extensions ['ignore', 'ignore_ament_install']
[0.277s] Level 1:colcon.colcon_core.package_identification:_identify(diagnostics/20260712_010514/ros_logs_snapshot/2026-07-11-21-09-13-180145-sweepi-12426) by extension 'ignore'
[0.277s] Level 1:colcon.colcon_core.package_identification:_identify(diagnostics/20260712_010514/ros_logs_snapshot/2026-07-11-21-09-13-180145-sweepi-12426) by extension 'ignore_ament_install'
[0.277s] Level 1:colcon.colcon_core.package_identification:_identify(diagnostics/20260712_010514/ros_logs_snapshot/2026-07-11-21-09-13-180145-sweepi-12426) by extensions ['colcon_pkg']
[0.277s] Level 1:colcon.colcon_core.package_identification:_identify(diagnostics/20260712_010514/ros_logs_snapshot/2026-07-11-21-09-13-180145-sweepi-12426) by extension 'colcon_pkg'
[0.277s] Level 1:colcon.colcon_core.package_identification:_identify(diagnostics/20260712_010514/ros_logs_snapshot/2026-07-11-21-09-13-180145-sweepi-12426) by extensions ['colcon_meta']
[0.277s] Level 1:colcon.colcon_core.package_identification:_identify(diagnostics/20260712_010514/ros_logs_snapshot/2026-07-11-21-09-13-180145-sweepi-12426) by extension 'colcon_meta'
[0.277s] Level 1:colcon.colcon_core.package_identification:_identify(diagnostics/20260712_010514/ros_logs_snapshot/2026-07-11-21-09-13-180145-sweepi-12426) by extensions ['ros']
[0.277s] Level 1:colcon.colcon_core.package_identification:_identify(diagnostics/20260712_010514/ros_logs_snapshot/2026-07-11-21-09-13-180145-sweepi-12426) by extension 'ros'
[0.278s] Level 1:colcon.colcon_core.package_identification:_identify(diagnostics/20260712_010514/ros_logs_snapshot/2026-07-11-21-09-13-180145-sweepi-12426) by extensions ['cmake', 'python']
[0.278s] Level 1:colcon.colcon_core.package_identification:_identify(diagnostics/20260712_010514/ros_logs_snapshot/2026-07-11-21-09-13-180145-sweepi-12426) by extension 'cmake'
[0.278s] Level 1:colcon.colcon_core.package_identification:_identify(diagnostics/20260712_010514/ros_logs_snapshot/2026-07-11-21-09-13-180145-sweepi-12426) by extension 'python'
[0.278s] Level 1:colcon.colcon_core.package_identification:_identify(diagnostics/20260712_010514/ros_logs_snapshot/2026-07-11-21-09-13-180145-sweepi-12426) by extensions ['python_setup_py']
[0.278s] Level 1:colcon.colcon_core.package_identification:_identify(diagnostics/20260712_010514/ros_logs_snapshot/2026-07-11-21-09-13-180145-sweepi-12426) by extension 'python_setup_py'
[0.278s] Level 1:colcon.colcon_core.package_identification:_identify(diagnostics/20260712_010514/ros_logs_snapshot/2026-07-11-21-09-20-253469-sweepi-12554) by extensions ['ignore', 'ignore_ament_install']
[0.278s] Level 1:colcon.colcon_core.package_identification:_identify(diagnostics/20260712_010514/ros_logs_snapshot/2026-07-11-21-09-20-253469-sweepi-12554) by extension 'ignore'
[0.278s] Level 1:colcon.colcon_core.package_identification:_identify(diagnostics/20260712_010514/ros_logs_snapshot/2026-07-11-21-09-20-253469-sweepi-12554) by extension 'ignore_ament_install'
[0.278s] Level 1:colcon.colcon_core.package_identification:_identify(diagnostics/20260712_010514/ros_logs_snapshot/2026-07-11-21-09-20-253469-sweepi-12554) by extensions ['colcon_pkg']
[0.278s] Level 1:colcon.colcon_core.package_identification:_identify(diagnostics/20260712_010514/ros_logs_snapshot/2026-07-11-21-09-20-253469-sweepi-12554) by extension 'colcon_pkg'
[0.278s] Level 1:colcon.colcon_core.package_identification:_identify(diagnostics/20260712_010514/ros_logs_snapshot/2026-07-11-21-09-20-253469-sweepi-12554) by extensions ['colcon_meta']
[0.278s] Level 1:colcon.colcon_core.package_identification:_identify(diagnostics/20260712_010514/ros_logs_snapshot/2026-07-11-21-09-20-253469-sweepi-12554) by extension 'colcon_meta'
[0.278s] Level 1:colcon.colcon_core.package_identification:_identify(diagnostics/20260712_010514/ros_logs_snapshot/2026-07-11-21-09-20-253469-sweepi-12554) by extensions ['ros']
[0.278s] Level 1:colcon.colcon_core.package_identification:_identify(diagnostics/20260712_010514/ros_logs_snapshot/2026-07-11-21-09-20-253469-sweepi-12554) by extension 'ros'
[0.278s] Level 1:colcon.colcon_core.package_identification:_identify(diagnostics/20260712_010514/ros_logs_snapshot/2026-07-11-21-09-20-253469-sweepi-12554) by extensions ['cmake', 'python']
[0.278s] Level 1:colcon.colcon_core.package_identification:_identify(diagnostics/20260712_010514/ros_logs_snapshot/2026-07-11-21-09-20-253469-sweepi-12554) by extension 'cmake'
[0.278s] Level 1:colcon.colcon_core.package_identification:_identify(diagnostics/20260712_010514/ros_logs_snapshot/2026-07-11-21-09-20-253469-sweepi-12554) by extension 'python'
[0.278s] Level 1:colcon.colcon_core.package_identification:_identify(diagnostics/20260712_010514/ros_logs_snapshot/2026-07-11-21-09-20-253469-sweepi-12554) by extensions ['python_setup_py']
[0.278s] Level 1:colcon.colcon_core.package_identification:_identify(diagnostics/20260712_010514/ros_logs_snapshot/2026-07-11-21-09-20-253469-sweepi-12554) by extension 'python_setup_py'
[0.278s] Level 1:colcon.colcon_core.package_identification:_identify(diagnostics/20260712_010514/ros_logs_snapshot/2026-07-11-21-09-43-347654-sweepi-13196) by extensions ['ignore', 'ignore_ament_install']
[0.279s] Level 1:colcon.colcon_core.package_identification:_identify(diagnostics/20260712_010514/ros_logs_snapshot/2026-07-11-21-09-43-347654-sweepi-13196) by extension 'ignore'
[0.279s] Level 1:colcon.colcon_core.package_identification:_identify(diagnostics/20260712_010514/ros_logs_snapshot/2026-07-11-21-09-43-347654-sweepi-13196) by extension 'ignore_ament_install'
[0.279s] Level 1:colcon.colcon_core.package_identification:_identify(diagnostics/20260712_010514/ros_logs_snapshot/2026-07-11-21-09-43-347654-sweepi-13196) by extensions ['colcon_pkg']
[0.279s] Level 1:colcon.colcon_core.package_identification:_identify(diagnostics/20260712_010514/ros_logs_snapshot/2026-07-11-21-09-43-347654-sweepi-13196) by extension 'colcon_pkg'
[0.279s] Level 1:colcon.colcon_core.package_identification:_identify(diagnostics/20260712_010514/ros_logs_snapshot/2026-07-11-21-09-43-347654-sweepi-13196) by extensions ['colcon_meta']
[0.279s] Level 1:colcon.colcon_core.package_identification:_identify(diagnostics/20260712_010514/ros_logs_snapshot/2026-07-11-21-09-43-347654-sweepi-13196) by extension 'colcon_meta'
[0.279s] Level 1:colcon.colcon_core.package_identification:_identify(diagnostics/20260712_010514/ros_logs_snapshot/2026-07-11-21-09-43-347654-sweepi-13196) by extensions ['ros']
[0.279s] Level 1:colcon.colcon_core.package_identification:_identify(diagnostics/20260712_010514/ros_logs_snapshot/2026-07-11-21-09-43-347654-sweepi-13196) by extension 'ros'
[0.279s] Level 1:colcon.colcon_core.package_identification:_identify(diagnostics/20260712_010514/ros_logs_snapshot/2026-07-11-21-09-43-347654-sweepi-13196) by extensions ['cmake', 'python']
[0.279s] Level 1:colcon.colcon_core.package_identification:_identify(diagnostics/20260712_010514/ros_logs_snapshot/2026-07-11-21-09-43-347654-sweepi-13196) by extension 'cmake'
[0.279s] Level 1:colcon.colcon_core.package_identification:_identify(diagnostics/20260712_010514/ros_logs_snapshot/2026-07-11-21-09-43-347654-sweepi-13196) by extension 'python'
[0.279s] Level 1:colcon.colcon_core.package_identification:_identify(diagnostics/20260712_010514/ros_logs_snapshot/2026-07-11-21-09-43-347654-sweepi-13196) by extensions ['python_setup_py']
[0.279s] Level 1:colcon.colcon_core.package_identification:_identify(diagnostics/20260712_010514/ros_logs_snapshot/2026-07-11-21-09-43-347654-sweepi-13196) by extension 'python_setup_py'
[0.279s] Level 1:colcon.colcon_core.package_identification:_identify(diagnostics/20260712_010514/ros_logs_snapshot/2026-07-11-21-09-51-434429-sweepi-13352) by extensions ['ignore', 'ignore_ament_install']
[0.279s] Level 1:colcon.colcon_core.package_identification:_identify(diagnostics/20260712_010514/ros_logs_snapshot/2026-07-11-21-09-51-434429-sweepi-13352) by extension 'ignore'
[0.279s] Level 1:colcon.colcon_core.package_identification:_identify(diagnostics/20260712_010514/ros_logs_snapshot/2026-07-11-21-09-51-434429-sweepi-13352) by extension 'ignore_ament_install'
[0.279s] Level 1:colcon.colcon_core.package_identification:_identify(diagnostics/20260712_010514/ros_logs_snapshot/2026-07-11-21-09-51-434429-sweepi-13352) by extensions ['colcon_pkg']
[0.279s] Level 1:colcon.colcon_core.package_identification:_identify(diagnostics/20260712_010514/ros_logs_snapshot/2026-07-11-21-09-51-434429-sweepi-13352) by extension 'colcon_pkg'
[0.279s] Level 1:colcon.colcon_core.package_identification:_identify(diagnostics/20260712_010514/ros_logs_snapshot/2026-07-11-21-09-51-434429-sweepi-13352) by extensions ['colcon_meta']
[0.279s] Level 1:colcon.colcon_core.package_identification:_identify(diagnostics/20260712_010514/ros_logs_snapshot/2026-07-11-21-09-51-434429-sweepi-13352) by extension 'colcon_meta'
[0.280s] Level 1:colcon.colcon_core.package_identification:_identify(diagnostics/20260712_010514/ros_logs_snapshot/2026-07-11-21-09-51-434429-sweepi-13352) by extensions ['ros']
[0.280s] Level 1:colcon.colcon_core.package_identification:_identify(diagnostics/20260712_010514/ros_logs_snapshot/2026-07-11-21-09-51-434429-sweepi-13352) by extension 'ros'
[0.280s] Level 1:colcon.colcon_core.package_identification:_identify(diagnostics/20260712_010514/ros_logs_snapshot/2026-07-11-21-09-51-434429-sweepi-13352) by extensions ['cmake', 'python']
[0.280s] Level 1:colcon.colcon_core.package_identification:_identify(diagnostics/20260712_010514/ros_logs_snapshot/2026-07-11-21-09-51-434429-sweepi-13352) by extension 'cmake'
[0.280s] Level 1:colcon.colcon_core.package_identification:_identify(diagnostics/20260712_010514/ros_logs_snapshot/2026-07-11-21-09-51-434429-sweepi-13352) by extension 'python'
[0.280s] Level 1:colcon.colcon_core.package_identification:_identify(diagnostics/20260712_010514/ros_logs_snapshot/2026-07-11-21-09-51-434429-sweepi-13352) by extensions ['python_setup_py']
[0.280s] Level 1:colcon.colcon_core.package_identification:_identify(diagnostics/20260712_010514/ros_logs_snapshot/2026-07-11-21-09-51-434429-sweepi-13352) by extension 'python_setup_py'
[0.280s] Level 1:colcon.colcon_core.package_identification:_identify(diagnostics/20260712_010514/ros_logs_snapshot/2026-07-11-21-18-53-333026-sweepi-3668) by extensions ['ignore', 'ignore_ament_install']
[0.280s] Level 1:colcon.colcon_core.package_identification:_identify(diagnostics/20260712_010514/ros_logs_snapshot/2026-07-11-21-18-53-333026-sweepi-3668) by extension 'ignore'
[0.280s] Level 1:colcon.colcon_core.package_identification:_identify(diagnostics/20260712_010514/ros_logs_snapshot/2026-07-11-21-18-53-333026-sweepi-3668) by extension 'ignore_ament_install'
[0.280s] Level 1:colcon.colcon_core.package_identification:_identify(diagnostics/20260712_010514/ros_logs_snapshot/2026-07-11-21-18-53-333026-sweepi-3668) by extensions ['colcon_pkg']
[0.280s] Level 1:colcon.colcon_core.package_identification:_identify(diagnostics/20260712_010514/ros_logs_snapshot/2026-07-11-21-18-53-333026-sweepi-3668) by extension 'colcon_pkg'
[0.280s] Level 1:colcon.colcon_core.package_identification:_identify(diagnostics/20260712_010514/ros_logs_snapshot/2026-07-11-21-18-53-333026-sweepi-3668) by extensions ['colcon_meta']
[0.280s] Level 1:colcon.colcon_core.package_identification:_identify(diagnostics/20260712_010514/ros_logs_snapshot/2026-07-11-21-18-53-333026-sweepi-3668) by extension 'colcon_meta'
[0.280s] Level 1:colcon.colcon_core.package_identification:_identify(diagnostics/20260712_010514/ros_logs_snapshot/2026-07-11-21-18-53-333026-sweepi-3668) by extensions ['ros']
[0.280s] Level 1:colcon.colcon_core.package_identification:_identify(diagnostics/20260712_010514/ros_logs_snapshot/2026-07-11-21-18-53-333026-sweepi-3668) by extension 'ros'
[0.280s] Level 1:colcon.colcon_core.package_identification:_identify(diagnostics/20260712_010514/ros_logs_snapshot/2026-07-11-21-18-53-333026-sweepi-3668) by extensions ['cmake', 'python']
[0.280s] Level 1:colcon.colcon_core.package_identification:_identify(diagnostics/20260712_010514/ros_logs_snapshot/2026-07-11-21-18-53-333026-sweepi-3668) by extension 'cmake'
[0.280s] Level 1:colcon.colcon_core.package_identification:_identify(diagnostics/20260712_010514/ros_logs_snapshot/2026-07-11-21-18-53-333026-sweepi-3668) by extension 'python'
[0.280s] Level 1:colcon.colcon_core.package_identification:_identify(diagnostics/20260712_010514/ros_logs_snapshot/2026-07-11-21-18-53-333026-sweepi-3668) by extensions ['python_setup_py']
[0.280s] Level 1:colcon.colcon_core.package_identification:_identify(diagnostics/20260712_010514/ros_logs_snapshot/2026-07-11-21-18-53-333026-sweepi-3668) by extension 'python_setup_py'
[0.281s] Level 1:colcon.colcon_core.package_identification:_identify(diagnostics/20260712_010514/ros_logs_snapshot/2026-07-11-21-19-00-828557-sweepi-3872) by extensions ['ignore', 'ignore_ament_install']
[0.281s] Level 1:colcon.colcon_core.package_identification:_identify(diagnostics/20260712_010514/ros_logs_snapshot/2026-07-11-21-19-00-828557-sweepi-3872) by extension 'ignore'
[0.281s] Level 1:colcon.colcon_core.package_identification:_identify(diagnostics/20260712_010514/ros_logs_snapshot/2026-07-11-21-19-00-828557-sweepi-3872) by extension 'ignore_ament_install'
[0.281s] Level 1:colcon.colcon_core.package_identification:_identify(diagnostics/20260712_010514/ros_logs_snapshot/2026-07-11-21-19-00-828557-sweepi-3872) by extensions ['colcon_pkg']
[0.281s] Level 1:colcon.colcon_core.package_identification:_identify(diagnostics/20260712_010514/ros_logs_snapshot/2026-07-11-21-19-00-828557-sweepi-3872) by extension 'colcon_pkg'
[0.281s] Level 1:colcon.colcon_core.package_identification:_identify(diagnostics/20260712_010514/ros_logs_snapshot/2026-07-11-21-19-00-828557-sweepi-3872) by extensions ['colcon_meta']
[0.281s] Level 1:colcon.colcon_core.package_identification:_identify(diagnostics/20260712_010514/ros_logs_snapshot/2026-07-11-21-19-00-828557-sweepi-3872) by extension 'colcon_meta'
[0.281s] Level 1:colcon.colcon_core.package_identification:_identify(diagnostics/20260712_010514/ros_logs_snapshot/2026-07-11-21-19-00-828557-sweepi-3872) by extensions ['ros']
[0.281s] Level 1:colcon.colcon_core.package_identification:_identify(diagnostics/20260712_010514/ros_logs_snapshot/2026-07-11-21-19-00-828557-sweepi-3872) by extension 'ros'
[0.281s] Level 1:colcon.colcon_core.package_identification:_identify(diagnostics/20260712_010514/ros_logs_snapshot/2026-07-11-21-19-00-828557-sweepi-3872) by extensions ['cmake', 'python']
[0.281s] Level 1:colcon.colcon_core.package_identification:_identify(diagnostics/20260712_010514/ros_logs_snapshot/2026-07-11-21-19-00-828557-sweepi-3872) by extension 'cmake'
[0.281s] Level 1:colcon.colcon_core.package_identification:_identify(diagnostics/20260712_010514/ros_logs_snapshot/2026-07-11-21-19-00-828557-sweepi-3872) by extension 'python'
[0.281s] Level 1:colcon.colcon_core.package_identification:_identify(diagnostics/20260712_010514/ros_logs_snapshot/2026-07-11-21-19-00-828557-sweepi-3872) by extensions ['python_setup_py']
[0.281s] Level 1:colcon.colcon_core.package_identification:_identify(diagnostics/20260712_010514/ros_logs_snapshot/2026-07-11-21-19-00-828557-sweepi-3872) by extension 'python_setup_py'
[0.281s] Level 1:colcon.colcon_core.package_identification:_identify(diagnostics/20260712_010514/ros_logs_snapshot/2026-07-11-21-20-23-719284-sweepi-4451) by extensions ['ignore', 'ignore_ament_install']
[0.281s] Level 1:colcon.colcon_core.package_identification:_identify(diagnostics/20260712_010514/ros_logs_snapshot/2026-07-11-21-20-23-719284-sweepi-4451) by extension 'ignore'
[0.281s] Level 1:colcon.colcon_core.package_identification:_identify(diagnostics/20260712_010514/ros_logs_snapshot/2026-07-11-21-20-23-719284-sweepi-4451) by extension 'ignore_ament_install'
[0.281s] Level 1:colcon.colcon_core.package_identification:_identify(diagnostics/20260712_010514/ros_logs_snapshot/2026-07-11-21-20-23-719284-sweepi-4451) by extensions ['colcon_pkg']
[0.281s] Level 1:colcon.colcon_core.package_identification:_identify(diagnostics/20260712_010514/ros_logs_snapshot/2026-07-11-21-20-23-719284-sweepi-4451) by extension 'colcon_pkg'
[0.282s] Level 1:colcon.colcon_core.package_identification:_identify(diagnostics/20260712_010514/ros_logs_snapshot/2026-07-11-21-20-23-719284-sweepi-4451) by extensions ['colcon_meta']
[0.282s] Level 1:colcon.colcon_core.package_identification:_identify(diagnostics/20260712_010514/ros_logs_snapshot/2026-07-11-21-20-23-719284-sweepi-4451) by extension 'colcon_meta'
[0.282s] Level 1:colcon.colcon_core.package_identification:_identify(diagnostics/20260712_010514/ros_logs_snapshot/2026-07-11-21-20-23-719284-sweepi-4451) by extensions ['ros']
[0.282s] Level 1:colcon.colcon_core.package_identification:_identify(diagnostics/20260712_010514/ros_logs_snapshot/2026-07-11-21-20-23-719284-sweepi-4451) by extension 'ros'
[0.282s] Level 1:colcon.colcon_core.package_identification:_identify(diagnostics/20260712_010514/ros_logs_snapshot/2026-07-11-21-20-23-719284-sweepi-4451) by extensions ['cmake', 'python']
[0.282s] Level 1:colcon.colcon_core.package_identification:_identify(diagnostics/20260712_010514/ros_logs_snapshot/2026-07-11-21-20-23-719284-sweepi-4451) by extension 'cmake'
[0.282s] Level 1:colcon.colcon_core.package_identification:_identify(diagnostics/20260712_010514/ros_logs_snapshot/2026-07-11-21-20-23-719284-sweepi-4451) by extension 'python'
[0.282s] Level 1:colcon.colcon_core.package_identification:_identify(diagnostics/20260712_010514/ros_logs_snapshot/2026-07-11-21-20-23-719284-sweepi-4451) by extensions ['python_setup_py']
[0.282s] Level 1:colcon.colcon_core.package_identification:_identify(diagnostics/20260712_010514/ros_logs_snapshot/2026-07-11-21-20-23-719284-sweepi-4451) by extension 'python_setup_py'
[0.282s] Level 1:colcon.colcon_core.package_identification:_identify(diagnostics/20260712_010514/ros_logs_snapshot/2026-07-11-21-20-40-404655-sweepi-4695) by extensions ['ignore', 'ignore_ament_install']
[0.282s] Level 1:colcon.colcon_core.package_identification:_identify(diagnostics/20260712_010514/ros_logs_snapshot/2026-07-11-21-20-40-404655-sweepi-4695) by extension 'ignore'
[0.282s] Level 1:colcon.colcon_core.package_identification:_identify(diagnostics/20260712_010514/ros_logs_snapshot/2026-07-11-21-20-40-404655-sweepi-4695) by extension 'ignore_ament_install'
[0.282s] Level 1:colcon.colcon_core.package_identification:_identify(diagnostics/20260712_010514/ros_logs_snapshot/2026-07-11-21-20-40-404655-sweepi-4695) by extensions ['colcon_pkg']
[0.282s] Level 1:colcon.colcon_core.package_identification:_identify(diagnostics/20260712_010514/ros_logs_snapshot/2026-07-11-21-20-40-404655-sweepi-4695) by extension 'colcon_pkg'
[0.282s] Level 1:colcon.colcon_core.package_identification:_identify(diagnostics/20260712_010514/ros_logs_snapshot/2026-07-11-21-20-40-404655-sweepi-4695) by extensions ['colcon_meta']
[0.282s] Level 1:colcon.colcon_core.package_identification:_identify(diagnostics/20260712_010514/ros_logs_snapshot/2026-07-11-21-20-40-404655-sweepi-4695) by extension 'colcon_meta'
[0.282s] Level 1:colcon.colcon_core.package_identification:_identify(diagnostics/20260712_010514/ros_logs_snapshot/2026-07-11-21-20-40-404655-sweepi-4695) by extensions ['ros']
[0.282s] Level 1:colcon.colcon_core.package_identification:_identify(diagnostics/20260712_010514/ros_logs_snapshot/2026-07-11-21-20-40-404655-sweepi-4695) by extension 'ros'
[0.282s] Level 1:colcon.colcon_core.package_identification:_identify(diagnostics/20260712_010514/ros_logs_snapshot/2026-07-11-21-20-40-404655-sweepi-4695) by extensions ['cmake', 'python']
[0.282s] Level 1:colcon.colcon_core.package_identification:_identify(diagnostics/20260712_010514/ros_logs_snapshot/2026-07-11-21-20-40-404655-sweepi-4695) by extension 'cmake'
[0.282s] Level 1:colcon.colcon_core.package_identification:_identify(diagnostics/20260712_010514/ros_logs_snapshot/2026-07-11-21-20-40-404655-sweepi-4695) by extension 'python'
[0.283s] Level 1:colcon.colcon_core.package_identification:_identify(diagnostics/20260712_010514/ros_logs_snapshot/2026-07-11-21-20-40-404655-sweepi-4695) by extensions ['python_setup_py']
[0.283s] Level 1:colcon.colcon_core.package_identification:_identify(diagnostics/20260712_010514/ros_logs_snapshot/2026-07-11-21-20-40-404655-sweepi-4695) by extension 'python_setup_py'
[0.283s] Level 1:colcon.colcon_core.package_identification:_identify(diagnostics/20260712_010514/ros_logs_snapshot/2026-07-11-21-26-25-103142-sweepi-6315) by extensions ['ignore', 'ignore_ament_install']
[0.283s] Level 1:colcon.colcon_core.package_identification:_identify(diagnostics/20260712_010514/ros_logs_snapshot/2026-07-11-21-26-25-103142-sweepi-6315) by extension 'ignore'
[0.283s] Level 1:colcon.colcon_core.package_identification:_identify(diagnostics/20260712_010514/ros_logs_snapshot/2026-07-11-21-26-25-103142-sweepi-6315) by extension 'ignore_ament_install'
[0.283s] Level 1:colcon.colcon_core.package_identification:_identify(diagnostics/20260712_010514/ros_logs_snapshot/2026-07-11-21-26-25-103142-sweepi-6315) by extensions ['colcon_pkg']
[0.283s] Level 1:colcon.colcon_core.package_identification:_identify(diagnostics/20260712_010514/ros_logs_snapshot/2026-07-11-21-26-25-103142-sweepi-6315) by extension 'colcon_pkg'
[0.283s] Level 1:colcon.colcon_core.package_identification:_identify(diagnostics/20260712_010514/ros_logs_snapshot/2026-07-11-21-26-25-103142-sweepi-6315) by extensions ['colcon_meta']
[0.283s] Level 1:colcon.colcon_core.package_identification:_identify(diagnostics/20260712_010514/ros_logs_snapshot/2026-07-11-21-26-25-103142-sweepi-6315) by extension 'colcon_meta'
[0.283s] Level 1:colcon.colcon_core.package_identification:_identify(diagnostics/20260712_010514/ros_logs_snapshot/2026-07-11-21-26-25-103142-sweepi-6315) by extensions ['ros']
[0.283s] Level 1:colcon.colcon_core.package_identification:_identify(diagnostics/20260712_010514/ros_logs_snapshot/2026-07-11-21-26-25-103142-sweepi-6315) by extension 'ros'
[0.283s] Level 1:colcon.colcon_core.package_identification:_identify(diagnostics/20260712_010514/ros_logs_snapshot/2026-07-11-21-26-25-103142-sweepi-6315) by extensions ['cmake', 'python']
[0.283s] Level 1:colcon.colcon_core.package_identification:_identify(diagnostics/20260712_010514/ros_logs_snapshot/2026-07-11-21-26-25-103142-sweepi-6315) by extension 'cmake'
[0.283s] Level 1:colcon.colcon_core.package_identification:_identify(diagnostics/20260712_010514/ros_logs_snapshot/2026-07-11-21-26-25-103142-sweepi-6315) by extension 'python'
[0.283s] Level 1:colcon.colcon_core.package_identification:_identify(diagnostics/20260712_010514/ros_logs_snapshot/2026-07-11-21-26-25-103142-sweepi-6315) by extensions ['python_setup_py']
[0.283s] Level 1:colcon.colcon_core.package_identification:_identify(diagnostics/20260712_010514/ros_logs_snapshot/2026-07-11-21-26-25-103142-sweepi-6315) by extension 'python_setup_py'
[0.283s] Level 1:colcon.colcon_core.package_identification:_identify(diagnostics/20260712_010514/ros_logs_snapshot/2026-07-11-21-26-46-230844-sweepi-6558) by extensions ['ignore', 'ignore_ament_install']
[0.284s] Level 1:colcon.colcon_core.package_identification:_identify(diagnostics/20260712_010514/ros_logs_snapshot/2026-07-11-21-26-46-230844-sweepi-6558) by extension 'ignore'
[0.284s] Level 1:colcon.colcon_core.package_identification:_identify(diagnostics/20260712_010514/ros_logs_snapshot/2026-07-11-21-26-46-230844-sweepi-6558) by extension 'ignore_ament_install'
[0.284s] Level 1:colcon.colcon_core.package_identification:_identify(diagnostics/20260712_010514/ros_logs_snapshot/2026-07-11-21-26-46-230844-sweepi-6558) by extensions ['colcon_pkg']
[0.284s] Level 1:colcon.colcon_core.package_identification:_identify(diagnostics/20260712_010514/ros_logs_snapshot/2026-07-11-21-26-46-230844-sweepi-6558) by extension 'colcon_pkg'
[0.284s] Level 1:colcon.colcon_core.package_identification:_identify(diagnostics/20260712_010514/ros_logs_snapshot/2026-07-11-21-26-46-230844-sweepi-6558) by extensions ['colcon_meta']
[0.284s] Level 1:colcon.colcon_core.package_identification:_identify(diagnostics/20260712_010514/ros_logs_snapshot/2026-07-11-21-26-46-230844-sweepi-6558) by extension 'colcon_meta'
[0.284s] Level 1:colcon.colcon_core.package_identification:_identify(diagnostics/20260712_010514/ros_logs_snapshot/2026-07-11-21-26-46-230844-sweepi-6558) by extensions ['ros']
[0.284s] Level 1:colcon.colcon_core.package_identification:_identify(diagnostics/20260712_010514/ros_logs_snapshot/2026-07-11-21-26-46-230844-sweepi-6558) by extension 'ros'
[0.284s] Level 1:colcon.colcon_core.package_identification:_identify(diagnostics/20260712_010514/ros_logs_snapshot/2026-07-11-21-26-46-230844-sweepi-6558) by extensions ['cmake', 'python']
[0.284s] Level 1:colcon.colcon_core.package_identification:_identify(diagnostics/20260712_010514/ros_logs_snapshot/2026-07-11-21-26-46-230844-sweepi-6558) by extension 'cmake'
[0.284s] Level 1:colcon.colcon_core.package_identification:_identify(diagnostics/20260712_010514/ros_logs_snapshot/2026-07-11-21-26-46-230844-sweepi-6558) by extension 'python'
[0.284s] Level 1:colcon.colcon_core.package_identification:_identify(diagnostics/20260712_010514/ros_logs_snapshot/2026-07-11-21-26-46-230844-sweepi-6558) by extensions ['python_setup_py']
[0.284s] Level 1:colcon.colcon_core.package_identification:_identify(diagnostics/20260712_010514/ros_logs_snapshot/2026-07-11-21-26-46-230844-sweepi-6558) by extension 'python_setup_py'
[0.284s] Level 1:colcon.colcon_core.package_identification:_identify(diagnostics/20260712_010514/ros_logs_snapshot/2026-07-11-21-36-53-191081-sweepi-3881) by extensions ['ignore', 'ignore_ament_install']
[0.284s] Level 1:colcon.colcon_core.package_identification:_identify(diagnostics/20260712_010514/ros_logs_snapshot/2026-07-11-21-36-53-191081-sweepi-3881) by extension 'ignore'
[0.284s] Level 1:colcon.colcon_core.package_identification:_identify(diagnostics/20260712_010514/ros_logs_snapshot/2026-07-11-21-36-53-191081-sweepi-3881) by extension 'ignore_ament_install'
[0.284s] Level 1:colcon.colcon_core.package_identification:_identify(diagnostics/20260712_010514/ros_logs_snapshot/2026-07-11-21-36-53-191081-sweepi-3881) by extensions ['colcon_pkg']
[0.284s] Level 1:colcon.colcon_core.package_identification:_identify(diagnostics/20260712_010514/ros_logs_snapshot/2026-07-11-21-36-53-191081-sweepi-3881) by extension 'colcon_pkg'
[0.284s] Level 1:colcon.colcon_core.package_identification:_identify(diagnostics/20260712_010514/ros_logs_snapshot/2026-07-11-21-36-53-191081-sweepi-3881) by extensions ['colcon_meta']
[0.285s] Level 1:colcon.colcon_core.package_identification:_identify(diagnostics/20260712_010514/ros_logs_snapshot/2026-07-11-21-36-53-191081-sweepi-3881) by extension 'colcon_meta'
[0.285s] Level 1:colcon.colcon_core.package_identification:_identify(diagnostics/20260712_010514/ros_logs_snapshot/2026-07-11-21-36-53-191081-sweepi-3881) by extensions ['ros']
[0.285s] Level 1:colcon.colcon_core.package_identification:_identify(diagnostics/20260712_010514/ros_logs_snapshot/2026-07-11-21-36-53-191081-sweepi-3881) by extension 'ros'
[0.285s] Level 1:colcon.colcon_core.package_identification:_identify(diagnostics/20260712_010514/ros_logs_snapshot/2026-07-11-21-36-53-191081-sweepi-3881) by extensions ['cmake', 'python']
[0.285s] Level 1:colcon.colcon_core.package_identification:_identify(diagnostics/20260712_010514/ros_logs_snapshot/2026-07-11-21-36-53-191081-sweepi-3881) by extension 'cmake'
[0.285s] Level 1:colcon.colcon_core.package_identification:_identify(diagnostics/20260712_010514/ros_logs_snapshot/2026-07-11-21-36-53-191081-sweepi-3881) by extension 'python'
[0.285s] Level 1:colcon.colcon_core.package_identification:_identify(diagnostics/20260712_010514/ros_logs_snapshot/2026-07-11-21-36-53-191081-sweepi-3881) by extensions ['python_setup_py']
[0.285s] Level 1:colcon.colcon_core.package_identification:_identify(diagnostics/20260712_010514/ros_logs_snapshot/2026-07-11-21-36-53-191081-sweepi-3881) by extension 'python_setup_py'
[0.285s] Level 1:colcon.colcon_core.package_identification:_identify(diagnostics/20260712_010514/ros_logs_snapshot/2026-07-11-21-38-06-221051-sweepi-4328) by extensions ['ignore', 'ignore_ament_install']
[0.285s] Level 1:colcon.colcon_core.package_identification:_identify(diagnostics/20260712_010514/ros_logs_snapshot/2026-07-11-21-38-06-221051-sweepi-4328) by extension 'ignore'
[0.285s] Level 1:colcon.colcon_core.package_identification:_identify(diagnostics/20260712_010514/ros_logs_snapshot/2026-07-11-21-38-06-221051-sweepi-4328) by extension 'ignore_ament_install'
[0.285s] Level 1:colcon.colcon_core.package_identification:_identify(diagnostics/20260712_010514/ros_logs_snapshot/2026-07-11-21-38-06-221051-sweepi-4328) by extensions ['colcon_pkg']
[0.285s] Level 1:colcon.colcon_core.package_identification:_identify(diagnostics/20260712_010514/ros_logs_snapshot/2026-07-11-21-38-06-221051-sweepi-4328) by extension 'colcon_pkg'
[0.285s] Level 1:colcon.colcon_core.package_identification:_identify(diagnostics/20260712_010514/ros_logs_snapshot/2026-07-11-21-38-06-221051-sweepi-4328) by extensions ['colcon_meta']
[0.285s] Level 1:colcon.colcon_core.package_identification:_identify(diagnostics/20260712_010514/ros_logs_snapshot/2026-07-11-21-38-06-221051-sweepi-4328) by extension 'colcon_meta'
[0.285s] Level 1:colcon.colcon_core.package_identification:_identify(diagnostics/20260712_010514/ros_logs_snapshot/2026-07-11-21-38-06-221051-sweepi-4328) by extensions ['ros']
[0.285s] Level 1:colcon.colcon_core.package_identification:_identify(diagnostics/20260712_010514/ros_logs_snapshot/2026-07-11-21-38-06-221051-sweepi-4328) by extension 'ros'
[0.285s] Level 1:colcon.colcon_core.package_identification:_identify(diagnostics/20260712_010514/ros_logs_snapshot/2026-07-11-21-38-06-221051-sweepi-4328) by extensions ['cmake', 'python']
[0.285s] Level 1:colcon.colcon_core.package_identification:_identify(diagnostics/20260712_010514/ros_logs_snapshot/2026-07-11-21-38-06-221051-sweepi-4328) by extension 'cmake'
[0.285s] Level 1:colcon.colcon_core.package_identification:_identify(diagnostics/20260712_010514/ros_logs_snapshot/2026-07-11-21-38-06-221051-sweepi-4328) by extension 'python'
[0.285s] Level 1:colcon.colcon_core.package_identification:_identify(diagnostics/20260712_010514/ros_logs_snapshot/2026-07-11-21-38-06-221051-sweepi-4328) by extensions ['python_setup_py']
[0.286s] Level 1:colcon.colcon_core.package_identification:_identify(diagnostics/20260712_010514/ros_logs_snapshot/2026-07-11-21-38-06-221051-sweepi-4328) by extension 'python_setup_py'
[0.286s] Level 1:colcon.colcon_core.package_identification:_identify(diagnostics/20260712_010514/ros_logs_snapshot/2026-07-11-21-38-13-946320-sweepi-4464) by extensions ['ignore', 'ignore_ament_install']
[0.286s] Level 1:colcon.colcon_core.package_identification:_identify(diagnostics/20260712_010514/ros_logs_snapshot/2026-07-11-21-38-13-946320-sweepi-4464) by extension 'ignore'
[0.286s] Level 1:colcon.colcon_core.package_identification:_identify(diagnostics/20260712_010514/ros_logs_snapshot/2026-07-11-21-38-13-946320-sweepi-4464) by extension 'ignore_ament_install'
[0.286s] Level 1:colcon.colcon_core.package_identification:_identify(diagnostics/20260712_010514/ros_logs_snapshot/2026-07-11-21-38-13-946320-sweepi-4464) by extensions ['colcon_pkg']
[0.286s] Level 1:colcon.colcon_core.package_identification:_identify(diagnostics/20260712_010514/ros_logs_snapshot/2026-07-11-21-38-13-946320-sweepi-4464) by extension 'colcon_pkg'
[0.286s] Level 1:colcon.colcon_core.package_identification:_identify(diagnostics/20260712_010514/ros_logs_snapshot/2026-07-11-21-38-13-946320-sweepi-4464) by extensions ['colcon_meta']
[0.286s] Level 1:colcon.colcon_core.package_identification:_identify(diagnostics/20260712_010514/ros_logs_snapshot/2026-07-11-21-38-13-946320-sweepi-4464) by extension 'colcon_meta'
[0.286s] Level 1:colcon.colcon_core.package_identification:_identify(diagnostics/20260712_010514/ros_logs_snapshot/2026-07-11-21-38-13-946320-sweepi-4464) by extensions ['ros']
[0.286s] Level 1:colcon.colcon_core.package_identification:_identify(diagnostics/20260712_010514/ros_logs_snapshot/2026-07-11-21-38-13-946320-sweepi-4464) by extension 'ros'
[0.286s] Level 1:colcon.colcon_core.package_identification:_identify(diagnostics/20260712_010514/ros_logs_snapshot/2026-07-11-21-38-13-946320-sweepi-4464) by extensions ['cmake', 'python']
[0.286s] Level 1:colcon.colcon_core.package_identification:_identify(diagnostics/20260712_010514/ros_logs_snapshot/2026-07-11-21-38-13-946320-sweepi-4464) by extension 'cmake'
[0.286s] Level 1:colcon.colcon_core.package_identification:_identify(diagnostics/20260712_010514/ros_logs_snapshot/2026-07-11-21-38-13-946320-sweepi-4464) by extension 'python'
[0.286s] Level 1:colcon.colcon_core.package_identification:_identify(diagnostics/20260712_010514/ros_logs_snapshot/2026-07-11-21-38-13-946320-sweepi-4464) by extensions ['python_setup_py']
[0.286s] Level 1:colcon.colcon_core.package_identification:_identify(diagnostics/20260712_010514/ros_logs_snapshot/2026-07-11-21-38-13-946320-sweepi-4464) by extension 'python_setup_py'
[0.286s] Level 1:colcon.colcon_core.package_identification:_identify(diagnostics/20260712_010514/ros_logs_snapshot/2026-07-11-21-43-38-607990-sweepi-5240) by extensions ['ignore', 'ignore_ament_install']
[0.286s] Level 1:colcon.colcon_core.package_identification:_identify(diagnostics/20260712_010514/ros_logs_snapshot/2026-07-11-21-43-38-607990-sweepi-5240) by extension 'ignore'
[0.286s] Level 1:colcon.colcon_core.package_identification:_identify(diagnostics/20260712_010514/ros_logs_snapshot/2026-07-11-21-43-38-607990-sweepi-5240) by extension 'ignore_ament_install'
[0.286s] Level 1:colcon.colcon_core.package_identification:_identify(diagnostics/20260712_010514/ros_logs_snapshot/2026-07-11-21-43-38-607990-sweepi-5240) by extensions ['colcon_pkg']
[0.287s] Level 1:colcon.colcon_core.package_identification:_identify(diagnostics/20260712_010514/ros_logs_snapshot/2026-07-11-21-43-38-607990-sweepi-5240) by extension 'colcon_pkg'
[0.287s] Level 1:colcon.colcon_core.package_identification:_identify(diagnostics/20260712_010514/ros_logs_snapshot/2026-07-11-21-43-38-607990-sweepi-5240) by extensions ['colcon_meta']
[0.287s] Level 1:colcon.colcon_core.package_identification:_identify(diagnostics/20260712_010514/ros_logs_snapshot/2026-07-11-21-43-38-607990-sweepi-5240) by extension 'colcon_meta'
[0.287s] Level 1:colcon.colcon_core.package_identification:_identify(diagnostics/20260712_010514/ros_logs_snapshot/2026-07-11-21-43-38-607990-sweepi-5240) by extensions ['ros']
[0.287s] Level 1:colcon.colcon_core.package_identification:_identify(diagnostics/20260712_010514/ros_logs_snapshot/2026-07-11-21-43-38-607990-sweepi-5240) by extension 'ros'
[0.287s] Level 1:colcon.colcon_core.package_identification:_identify(diagnostics/20260712_010514/ros_logs_snapshot/2026-07-11-21-43-38-607990-sweepi-5240) by extensions ['cmake', 'python']
[0.287s] Level 1:colcon.colcon_core.package_identification:_identify(diagnostics/20260712_010514/ros_logs_snapshot/2026-07-11-21-43-38-607990-sweepi-5240) by extension 'cmake'
[0.287s] Level 1:colcon.colcon_core.package_identification:_identify(diagnostics/20260712_010514/ros_logs_snapshot/2026-07-11-21-43-38-607990-sweepi-5240) by extension 'python'
[0.287s] Level 1:colcon.colcon_core.package_identification:_identify(diagnostics/20260712_010514/ros_logs_snapshot/2026-07-11-21-43-38-607990-sweepi-5240) by extensions ['python_setup_py']
[0.287s] Level 1:colcon.colcon_core.package_identification:_identify(diagnostics/20260712_010514/ros_logs_snapshot/2026-07-11-21-43-38-607990-sweepi-5240) by extension 'python_setup_py'
[0.287s] Level 1:colcon.colcon_core.package_identification:_identify(diagnostics/20260712_010514/ros_logs_snapshot/2026-07-11-21-43-50-670860-sweepi-5425) by extensions ['ignore', 'ignore_ament_install']
[0.287s] Level 1:colcon.colcon_core.package_identification:_identify(diagnostics/20260712_010514/ros_logs_snapshot/2026-07-11-21-43-50-670860-sweepi-5425) by extension 'ignore'
[0.287s] Level 1:colcon.colcon_core.package_identification:_identify(diagnostics/20260712_010514/ros_logs_snapshot/2026-07-11-21-43-50-670860-sweepi-5425) by extension 'ignore_ament_install'
[0.287s] Level 1:colcon.colcon_core.package_identification:_identify(diagnostics/20260712_010514/ros_logs_snapshot/2026-07-11-21-43-50-670860-sweepi-5425) by extensions ['colcon_pkg']
[0.287s] Level 1:colcon.colcon_core.package_identification:_identify(diagnostics/20260712_010514/ros_logs_snapshot/2026-07-11-21-43-50-670860-sweepi-5425) by extension 'colcon_pkg'
[0.287s] Level 1:colcon.colcon_core.package_identification:_identify(diagnostics/20260712_010514/ros_logs_snapshot/2026-07-11-21-43-50-670860-sweepi-5425) by extensions ['colcon_meta']
[0.287s] Level 1:colcon.colcon_core.package_identification:_identify(diagnostics/20260712_010514/ros_logs_snapshot/2026-07-11-21-43-50-670860-sweepi-5425) by extension 'colcon_meta'
[0.287s] Level 1:colcon.colcon_core.package_identification:_identify(diagnostics/20260712_010514/ros_logs_snapshot/2026-07-11-21-43-50-670860-sweepi-5425) by extensions ['ros']
[0.287s] Level 1:colcon.colcon_core.package_identification:_identify(diagnostics/20260712_010514/ros_logs_snapshot/2026-07-11-21-43-50-670860-sweepi-5425) by extension 'ros'
[0.287s] Level 1:colcon.colcon_core.package_identification:_identify(diagnostics/20260712_010514/ros_logs_snapshot/2026-07-11-21-43-50-670860-sweepi-5425) by extensions ['cmake', 'python']
[0.287s] Level 1:colcon.colcon_core.package_identification:_identify(diagnostics/20260712_010514/ros_logs_snapshot/2026-07-11-21-43-50-670860-sweepi-5425) by extension 'cmake'
[0.288s] Level 1:colcon.colcon_core.package_identification:_identify(diagnostics/20260712_010514/ros_logs_snapshot/2026-07-11-21-43-50-670860-sweepi-5425) by extension 'python'
[0.288s] Level 1:colcon.colcon_core.package_identification:_identify(diagnostics/20260712_010514/ros_logs_snapshot/2026-07-11-21-43-50-670860-sweepi-5425) by extensions ['python_setup_py']
[0.288s] Level 1:colcon.colcon_core.package_identification:_identify(diagnostics/20260712_010514/ros_logs_snapshot/2026-07-11-21-43-50-670860-sweepi-5425) by extension 'python_setup_py'
[0.288s] Level 1:colcon.colcon_core.package_identification:_identify(diagnostics/20260712_010514/ros_logs_snapshot/2026-07-11-21-46-44-465676-sweepi-6288) by extensions ['ignore', 'ignore_ament_install']
[0.288s] Level 1:colcon.colcon_core.package_identification:_identify(diagnostics/20260712_010514/ros_logs_snapshot/2026-07-11-21-46-44-465676-sweepi-6288) by extension 'ignore'
[0.288s] Level 1:colcon.colcon_core.package_identification:_identify(diagnostics/20260712_010514/ros_logs_snapshot/2026-07-11-21-46-44-465676-sweepi-6288) by extension 'ignore_ament_install'
[0.288s] Level 1:colcon.colcon_core.package_identification:_identify(diagnostics/20260712_010514/ros_logs_snapshot/2026-07-11-21-46-44-465676-sweepi-6288) by extensions ['colcon_pkg']
[0.288s] Level 1:colcon.colcon_core.package_identification:_identify(diagnostics/20260712_010514/ros_logs_snapshot/2026-07-11-21-46-44-465676-sweepi-6288) by extension 'colcon_pkg'
[0.288s] Level 1:colcon.colcon_core.package_identification:_identify(diagnostics/20260712_010514/ros_logs_snapshot/2026-07-11-21-46-44-465676-sweepi-6288) by extensions ['colcon_meta']
[0.288s] Level 1:colcon.colcon_core.package_identification:_identify(diagnostics/20260712_010514/ros_logs_snapshot/2026-07-11-21-46-44-465676-sweepi-6288) by extension 'colcon_meta'
[0.288s] Level 1:colcon.colcon_core.package_identification:_identify(diagnostics/20260712_010514/ros_logs_snapshot/2026-07-11-21-46-44-465676-sweepi-6288) by extensions ['ros']
[0.288s] Level 1:colcon.colcon_core.package_identification:_identify(diagnostics/20260712_010514/ros_logs_snapshot/2026-07-11-21-46-44-465676-sweepi-6288) by extension 'ros'
[0.288s] Level 1:colcon.colcon_core.package_identification:_identify(diagnostics/20260712_010514/ros_logs_snapshot/2026-07-11-21-46-44-465676-sweepi-6288) by extensions ['cmake', 'python']
[0.288s] Level 1:colcon.colcon_core.package_identification:_identify(diagnostics/20260712_010514/ros_logs_snapshot/2026-07-11-21-46-44-465676-sweepi-6288) by extension 'cmake'
[0.288s] Level 1:colcon.colcon_core.package_identification:_identify(diagnostics/20260712_010514/ros_logs_snapshot/2026-07-11-21-46-44-465676-sweepi-6288) by extension 'python'
[0.288s] Level 1:colcon.colcon_core.package_identification:_identify(diagnostics/20260712_010514/ros_logs_snapshot/2026-07-11-21-46-44-465676-sweepi-6288) by extensions ['python_setup_py']
[0.288s] Level 1:colcon.colcon_core.package_identification:_identify(diagnostics/20260712_010514/ros_logs_snapshot/2026-07-11-21-46-44-465676-sweepi-6288) by extension 'python_setup_py'
[0.288s] Level 1:colcon.colcon_core.package_identification:_identify(diagnostics/20260712_010514/ros_logs_snapshot/2026-07-11-21-46-57-333069-sweepi-6486) by extensions ['ignore', 'ignore_ament_install']
[0.288s] Level 1:colcon.colcon_core.package_identification:_identify(diagnostics/20260712_010514/ros_logs_snapshot/2026-07-11-21-46-57-333069-sweepi-6486) by extension 'ignore'
[0.288s] Level 1:colcon.colcon_core.package_identification:_identify(diagnostics/20260712_010514/ros_logs_snapshot/2026-07-11-21-46-57-333069-sweepi-6486) by extension 'ignore_ament_install'
[0.289s] Level 1:colcon.colcon_core.package_identification:_identify(diagnostics/20260712_010514/ros_logs_snapshot/2026-07-11-21-46-57-333069-sweepi-6486) by extensions ['colcon_pkg']
[0.289s] Level 1:colcon.colcon_core.package_identification:_identify(diagnostics/20260712_010514/ros_logs_snapshot/2026-07-11-21-46-57-333069-sweepi-6486) by extension 'colcon_pkg'
[0.289s] Level 1:colcon.colcon_core.package_identification:_identify(diagnostics/20260712_010514/ros_logs_snapshot/2026-07-11-21-46-57-333069-sweepi-6486) by extensions ['colcon_meta']
[0.289s] Level 1:colcon.colcon_core.package_identification:_identify(diagnostics/20260712_010514/ros_logs_snapshot/2026-07-11-21-46-57-333069-sweepi-6486) by extension 'colcon_meta'
[0.289s] Level 1:colcon.colcon_core.package_identification:_identify(diagnostics/20260712_010514/ros_logs_snapshot/2026-07-11-21-46-57-333069-sweepi-6486) by extensions ['ros']
[0.289s] Level 1:colcon.colcon_core.package_identification:_identify(diagnostics/20260712_010514/ros_logs_snapshot/2026-07-11-21-46-57-333069-sweepi-6486) by extension 'ros'
[0.289s] Level 1:colcon.colcon_core.package_identification:_identify(diagnostics/20260712_010514/ros_logs_snapshot/2026-07-11-21-46-57-333069-sweepi-6486) by extensions ['cmake', 'python']
[0.289s] Level 1:colcon.colcon_core.package_identification:_identify(diagnostics/20260712_010514/ros_logs_snapshot/2026-07-11-21-46-57-333069-sweepi-6486) by extension 'cmake'
[0.289s] Level 1:colcon.colcon_core.package_identification:_identify(diagnostics/20260712_010514/ros_logs_snapshot/2026-07-11-21-46-57-333069-sweepi-6486) by extension 'python'
[0.289s] Level 1:colcon.colcon_core.package_identification:_identify(diagnostics/20260712_010514/ros_logs_snapshot/2026-07-11-21-46-57-333069-sweepi-6486) by extensions ['python_setup_py']
[0.289s] Level 1:colcon.colcon_core.package_identification:_identify(diagnostics/20260712_010514/ros_logs_snapshot/2026-07-11-21-46-57-333069-sweepi-6486) by extension 'python_setup_py'
[0.289s] Level 1:colcon.colcon_core.package_identification:_identify(diagnostics/20260712_010514/ros_logs_snapshot/2026-07-11-21-52-01-362541-sweepi-7358) by extensions ['ignore', 'ignore_ament_install']
[0.289s] Level 1:colcon.colcon_core.package_identification:_identify(diagnostics/20260712_010514/ros_logs_snapshot/2026-07-11-21-52-01-362541-sweepi-7358) by extension 'ignore'
[0.289s] Level 1:colcon.colcon_core.package_identification:_identify(diagnostics/20260712_010514/ros_logs_snapshot/2026-07-11-21-52-01-362541-sweepi-7358) by extension 'ignore_ament_install'
[0.289s] Level 1:colcon.colcon_core.package_identification:_identify(diagnostics/20260712_010514/ros_logs_snapshot/2026-07-11-21-52-01-362541-sweepi-7358) by extensions ['colcon_pkg']
[0.289s] Level 1:colcon.colcon_core.package_identification:_identify(diagnostics/20260712_010514/ros_logs_snapshot/2026-07-11-21-52-01-362541-sweepi-7358) by extension 'colcon_pkg'
[0.289s] Level 1:colcon.colcon_core.package_identification:_identify(diagnostics/20260712_010514/ros_logs_snapshot/2026-07-11-21-52-01-362541-sweepi-7358) by extensions ['colcon_meta']
[0.289s] Level 1:colcon.colcon_core.package_identification:_identify(diagnostics/20260712_010514/ros_logs_snapshot/2026-07-11-21-52-01-362541-sweepi-7358) by extension 'colcon_meta'
[0.289s] Level 1:colcon.colcon_core.package_identification:_identify(diagnostics/20260712_010514/ros_logs_snapshot/2026-07-11-21-52-01-362541-sweepi-7358) by extensions ['ros']
[0.289s] Level 1:colcon.colcon_core.package_identification:_identify(diagnostics/20260712_010514/ros_logs_snapshot/2026-07-11-21-52-01-362541-sweepi-7358) by extension 'ros'
[0.290s] Level 1:colcon.colcon_core.package_identification:_identify(diagnostics/20260712_010514/ros_logs_snapshot/2026-07-11-21-52-01-362541-sweepi-7358) by extensions ['cmake', 'python']
[0.290s] Level 1:colcon.colcon_core.package_identification:_identify(diagnostics/20260712_010514/ros_logs_snapshot/2026-07-11-21-52-01-362541-sweepi-7358) by extension 'cmake'
[0.290s] Level 1:colcon.colcon_core.package_identification:_identify(diagnostics/20260712_010514/ros_logs_snapshot/2026-07-11-21-52-01-362541-sweepi-7358) by extension 'python'
[0.290s] Level 1:colcon.colcon_core.package_identification:_identify(diagnostics/20260712_010514/ros_logs_snapshot/2026-07-11-21-52-01-362541-sweepi-7358) by extensions ['python_setup_py']
[0.290s] Level 1:colcon.colcon_core.package_identification:_identify(diagnostics/20260712_010514/ros_logs_snapshot/2026-07-11-21-52-01-362541-sweepi-7358) by extension 'python_setup_py'
[0.290s] Level 1:colcon.colcon_core.package_identification:_identify(diagnostics/20260712_010514/ros_logs_snapshot/2026-07-11-21-52-21-648443-sweepi-7910) by extensions ['ignore', 'ignore_ament_install']
[0.290s] Level 1:colcon.colcon_core.package_identification:_identify(diagnostics/20260712_010514/ros_logs_snapshot/2026-07-11-21-52-21-648443-sweepi-7910) by extension 'ignore'
[0.290s] Level 1:colcon.colcon_core.package_identification:_identify(diagnostics/20260712_010514/ros_logs_snapshot/2026-07-11-21-52-21-648443-sweepi-7910) by extension 'ignore_ament_install'
[0.290s] Level 1:colcon.colcon_core.package_identification:_identify(diagnostics/20260712_010514/ros_logs_snapshot/2026-07-11-21-52-21-648443-sweepi-7910) by extensions ['colcon_pkg']
[0.290s] Level 1:colcon.colcon_core.package_identification:_identify(diagnostics/20260712_010514/ros_logs_snapshot/2026-07-11-21-52-21-648443-sweepi-7910) by extension 'colcon_pkg'
[0.290s] Level 1:colcon.colcon_core.package_identification:_identify(diagnostics/20260712_010514/ros_logs_snapshot/2026-07-11-21-52-21-648443-sweepi-7910) by extensions ['colcon_meta']
[0.290s] Level 1:colcon.colcon_core.package_identification:_identify(diagnostics/20260712_010514/ros_logs_snapshot/2026-07-11-21-52-21-648443-sweepi-7910) by extension 'colcon_meta'
[0.290s] Level 1:colcon.colcon_core.package_identification:_identify(diagnostics/20260712_010514/ros_logs_snapshot/2026-07-11-21-52-21-648443-sweepi-7910) by extensions ['ros']
[0.290s] Level 1:colcon.colcon_core.package_identification:_identify(diagnostics/20260712_010514/ros_logs_snapshot/2026-07-11-21-52-21-648443-sweepi-7910) by extension 'ros'
[0.290s] Level 1:colcon.colcon_core.package_identification:_identify(diagnostics/20260712_010514/ros_logs_snapshot/2026-07-11-21-52-21-648443-sweepi-7910) by extensions ['cmake', 'python']
[0.290s] Level 1:colcon.colcon_core.package_identification:_identify(diagnostics/20260712_010514/ros_logs_snapshot/2026-07-11-21-52-21-648443-sweepi-7910) by extension 'cmake'
[0.290s] Level 1:colcon.colcon_core.package_identification:_identify(diagnostics/20260712_010514/ros_logs_snapshot/2026-07-11-21-52-21-648443-sweepi-7910) by extension 'python'
[0.290s] Level 1:colcon.colcon_core.package_identification:_identify(diagnostics/20260712_010514/ros_logs_snapshot/2026-07-11-21-52-21-648443-sweepi-7910) by extensions ['python_setup_py']
[0.290s] Level 1:colcon.colcon_core.package_identification:_identify(diagnostics/20260712_010514/ros_logs_snapshot/2026-07-11-21-52-21-648443-sweepi-7910) by extension 'python_setup_py'
[0.290s] Level 1:colcon.colcon_core.package_identification:_identify(diagnostics/20260712_010514/ros_logs_snapshot/2026-07-11-21-53-21-823563-sweepi-8238) by extensions ['ignore', 'ignore_ament_install']
[0.291s] Level 1:colcon.colcon_core.package_identification:_identify(diagnostics/20260712_010514/ros_logs_snapshot/2026-07-11-21-53-21-823563-sweepi-8238) by extension 'ignore'
[0.291s] Level 1:colcon.colcon_core.package_identification:_identify(diagnostics/20260712_010514/ros_logs_snapshot/2026-07-11-21-53-21-823563-sweepi-8238) by extension 'ignore_ament_install'
[0.291s] Level 1:colcon.colcon_core.package_identification:_identify(diagnostics/20260712_010514/ros_logs_snapshot/2026-07-11-21-53-21-823563-sweepi-8238) by extensions ['colcon_pkg']
[0.291s] Level 1:colcon.colcon_core.package_identification:_identify(diagnostics/20260712_010514/ros_logs_snapshot/2026-07-11-21-53-21-823563-sweepi-8238) by extension 'colcon_pkg'
[0.291s] Level 1:colcon.colcon_core.package_identification:_identify(diagnostics/20260712_010514/ros_logs_snapshot/2026-07-11-21-53-21-823563-sweepi-8238) by extensions ['colcon_meta']
[0.291s] Level 1:colcon.colcon_core.package_identification:_identify(diagnostics/20260712_010514/ros_logs_snapshot/2026-07-11-21-53-21-823563-sweepi-8238) by extension 'colcon_meta'
[0.291s] Level 1:colcon.colcon_core.package_identification:_identify(diagnostics/20260712_010514/ros_logs_snapshot/2026-07-11-21-53-21-823563-sweepi-8238) by extensions ['ros']
[0.291s] Level 1:colcon.colcon_core.package_identification:_identify(diagnostics/20260712_010514/ros_logs_snapshot/2026-07-11-21-53-21-823563-sweepi-8238) by extension 'ros'
[0.291s] Level 1:colcon.colcon_core.package_identification:_identify(diagnostics/20260712_010514/ros_logs_snapshot/2026-07-11-21-53-21-823563-sweepi-8238) by extensions ['cmake', 'python']
[0.291s] Level 1:colcon.colcon_core.package_identification:_identify(diagnostics/20260712_010514/ros_logs_snapshot/2026-07-11-21-53-21-823563-sweepi-8238) by extension 'cmake'
[0.291s] Level 1:colcon.colcon_core.package_identification:_identify(diagnostics/20260712_010514/ros_logs_snapshot/2026-07-11-21-53-21-823563-sweepi-8238) by extension 'python'
[0.291s] Level 1:colcon.colcon_core.package_identification:_identify(diagnostics/20260712_010514/ros_logs_snapshot/2026-07-11-21-53-21-823563-sweepi-8238) by extensions ['python_setup_py']
[0.291s] Level 1:colcon.colcon_core.package_identification:_identify(diagnostics/20260712_010514/ros_logs_snapshot/2026-07-11-21-53-21-823563-sweepi-8238) by extension 'python_setup_py'
[0.291s] Level 1:colcon.colcon_core.package_identification:_identify(diagnostics/20260712_010514/ros_logs_snapshot/2026-07-11-21-53-28-248001-sweepi-8390) by extensions ['ignore', 'ignore_ament_install']
[0.291s] Level 1:colcon.colcon_core.package_identification:_identify(diagnostics/20260712_010514/ros_logs_snapshot/2026-07-11-21-53-28-248001-sweepi-8390) by extension 'ignore'
[0.291s] Level 1:colcon.colcon_core.package_identification:_identify(diagnostics/20260712_010514/ros_logs_snapshot/2026-07-11-21-53-28-248001-sweepi-8390) by extension 'ignore_ament_install'
[0.291s] Level 1:colcon.colcon_core.package_identification:_identify(diagnostics/20260712_010514/ros_logs_snapshot/2026-07-11-21-53-28-248001-sweepi-8390) by extensions ['colcon_pkg']
[0.291s] Level 1:colcon.colcon_core.package_identification:_identify(diagnostics/20260712_010514/ros_logs_snapshot/2026-07-11-21-53-28-248001-sweepi-8390) by extension 'colcon_pkg'
[0.291s] Level 1:colcon.colcon_core.package_identification:_identify(diagnostics/20260712_010514/ros_logs_snapshot/2026-07-11-21-53-28-248001-sweepi-8390) by extensions ['colcon_meta']
[0.291s] Level 1:colcon.colcon_core.package_identification:_identify(diagnostics/20260712_010514/ros_logs_snapshot/2026-07-11-21-53-28-248001-sweepi-8390) by extension 'colcon_meta'
[0.291s] Level 1:colcon.colcon_core.package_identification:_identify(diagnostics/20260712_010514/ros_logs_snapshot/2026-07-11-21-53-28-248001-sweepi-8390) by extensions ['ros']
[0.291s] Level 1:colcon.colcon_core.package_identification:_identify(diagnostics/20260712_010514/ros_logs_snapshot/2026-07-11-21-53-28-248001-sweepi-8390) by extension 'ros'
[0.292s] Level 1:colcon.colcon_core.package_identification:_identify(diagnostics/20260712_010514/ros_logs_snapshot/2026-07-11-21-53-28-248001-sweepi-8390) by extensions ['cmake', 'python']
[0.292s] Level 1:colcon.colcon_core.package_identification:_identify(diagnostics/20260712_010514/ros_logs_snapshot/2026-07-11-21-53-28-248001-sweepi-8390) by extension 'cmake'
[0.292s] Level 1:colcon.colcon_core.package_identification:_identify(diagnostics/20260712_010514/ros_logs_snapshot/2026-07-11-21-53-28-248001-sweepi-8390) by extension 'python'
[0.292s] Level 1:colcon.colcon_core.package_identification:_identify(diagnostics/20260712_010514/ros_logs_snapshot/2026-07-11-21-53-28-248001-sweepi-8390) by extensions ['python_setup_py']
[0.292s] Level 1:colcon.colcon_core.package_identification:_identify(diagnostics/20260712_010514/ros_logs_snapshot/2026-07-11-21-53-28-248001-sweepi-8390) by extension 'python_setup_py'
[0.292s] Level 1:colcon.colcon_core.package_identification:_identify(diagnostics/20260712_010514/ros_logs_snapshot/2026-07-11-21-58-41-890658-sweepi-9795) by extensions ['ignore', 'ignore_ament_install']
[0.292s] Level 1:colcon.colcon_core.package_identification:_identify(diagnostics/20260712_010514/ros_logs_snapshot/2026-07-11-21-58-41-890658-sweepi-9795) by extension 'ignore'
[0.292s] Level 1:colcon.colcon_core.package_identification:_identify(diagnostics/20260712_010514/ros_logs_snapshot/2026-07-11-21-58-41-890658-sweepi-9795) by extension 'ignore_ament_install'
[0.292s] Level 1:colcon.colcon_core.package_identification:_identify(diagnostics/20260712_010514/ros_logs_snapshot/2026-07-11-21-58-41-890658-sweepi-9795) by extensions ['colcon_pkg']
[0.292s] Level 1:colcon.colcon_core.package_identification:_identify(diagnostics/20260712_010514/ros_logs_snapshot/2026-07-11-21-58-41-890658-sweepi-9795) by extension 'colcon_pkg'
[0.292s] Level 1:colcon.colcon_core.package_identification:_identify(diagnostics/20260712_010514/ros_logs_snapshot/2026-07-11-21-58-41-890658-sweepi-9795) by extensions ['colcon_meta']
[0.292s] Level 1:colcon.colcon_core.package_identification:_identify(diagnostics/20260712_010514/ros_logs_snapshot/2026-07-11-21-58-41-890658-sweepi-9795) by extension 'colcon_meta'
[0.292s] Level 1:colcon.colcon_core.package_identification:_identify(diagnostics/20260712_010514/ros_logs_snapshot/2026-07-11-21-58-41-890658-sweepi-9795) by extensions ['ros']
[0.292s] Level 1:colcon.colcon_core.package_identification:_identify(diagnostics/20260712_010514/ros_logs_snapshot/2026-07-11-21-58-41-890658-sweepi-9795) by extension 'ros'
[0.292s] Level 1:colcon.colcon_core.package_identification:_identify(diagnostics/20260712_010514/ros_logs_snapshot/2026-07-11-21-58-41-890658-sweepi-9795) by extensions ['cmake', 'python']
[0.292s] Level 1:colcon.colcon_core.package_identification:_identify(diagnostics/20260712_010514/ros_logs_snapshot/2026-07-11-21-58-41-890658-sweepi-9795) by extension 'cmake'
[0.292s] Level 1:colcon.colcon_core.package_identification:_identify(diagnostics/20260712_010514/ros_logs_snapshot/2026-07-11-21-58-41-890658-sweepi-9795) by extension 'python'
[0.292s] Level 1:colcon.colcon_core.package_identification:_identify(diagnostics/20260712_010514/ros_logs_snapshot/2026-07-11-21-58-41-890658-sweepi-9795) by extensions ['python_setup_py']
[0.292s] Level 1:colcon.colcon_core.package_identification:_identify(diagnostics/20260712_010514/ros_logs_snapshot/2026-07-11-21-58-41-890658-sweepi-9795) by extension 'python_setup_py'
[0.292s] Level 1:colcon.colcon_core.package_identification:_identify(diagnostics/20260712_010514/ros_logs_snapshot/2026-07-11-21-59-01-963720-sweepi-9972) by extensions ['ignore', 'ignore_ament_install']
[0.293s] Level 1:colcon.colcon_core.package_identification:_identify(diagnostics/20260712_010514/ros_logs_snapshot/2026-07-11-21-59-01-963720-sweepi-9972) by extension 'ignore'
[0.293s] Level 1:colcon.colcon_core.package_identification:_identify(diagnostics/20260712_010514/ros_logs_snapshot/2026-07-11-21-59-01-963720-sweepi-9972) by extension 'ignore_ament_install'
[0.293s] Level 1:colcon.colcon_core.package_identification:_identify(diagnostics/20260712_010514/ros_logs_snapshot/2026-07-11-21-59-01-963720-sweepi-9972) by extensions ['colcon_pkg']
[0.293s] Level 1:colcon.colcon_core.package_identification:_identify(diagnostics/20260712_010514/ros_logs_snapshot/2026-07-11-21-59-01-963720-sweepi-9972) by extension 'colcon_pkg'
[0.293s] Level 1:colcon.colcon_core.package_identification:_identify(diagnostics/20260712_010514/ros_logs_snapshot/2026-07-11-21-59-01-963720-sweepi-9972) by extensions ['colcon_meta']
[0.293s] Level 1:colcon.colcon_core.package_identification:_identify(diagnostics/20260712_010514/ros_logs_snapshot/2026-07-11-21-59-01-963720-sweepi-9972) by extension 'colcon_meta'
[0.293s] Level 1:colcon.colcon_core.package_identification:_identify(diagnostics/20260712_010514/ros_logs_snapshot/2026-07-11-21-59-01-963720-sweepi-9972) by extensions ['ros']
[0.293s] Level 1:colcon.colcon_core.package_identification:_identify(diagnostics/20260712_010514/ros_logs_snapshot/2026-07-11-21-59-01-963720-sweepi-9972) by extension 'ros'
[0.293s] Level 1:colcon.colcon_core.package_identification:_identify(diagnostics/20260712_010514/ros_logs_snapshot/2026-07-11-21-59-01-963720-sweepi-9972) by extensions ['cmake', 'python']
[0.293s] Level 1:colcon.colcon_core.package_identification:_identify(diagnostics/20260712_010514/ros_logs_snapshot/2026-07-11-21-59-01-963720-sweepi-9972) by extension 'cmake'
[0.293s] Level 1:colcon.colcon_core.package_identification:_identify(diagnostics/20260712_010514/ros_logs_snapshot/2026-07-11-21-59-01-963720-sweepi-9972) by extension 'python'
[0.293s] Level 1:colcon.colcon_core.package_identification:_identify(diagnostics/20260712_010514/ros_logs_snapshot/2026-07-11-21-59-01-963720-sweepi-9972) by extensions ['python_setup_py']
[0.293s] Level 1:colcon.colcon_core.package_identification:_identify(diagnostics/20260712_010514/ros_logs_snapshot/2026-07-11-21-59-01-963720-sweepi-9972) by extension 'python_setup_py'
[0.293s] Level 1:colcon.colcon_core.package_identification:_identify(diagnostics/20260712_010514/ros_logs_snapshot/2026-07-11-22-04-09-451726-sweepi-11213) by extensions ['ignore', 'ignore_ament_install']
[0.293s] Level 1:colcon.colcon_core.package_identification:_identify(diagnostics/20260712_010514/ros_logs_snapshot/2026-07-11-22-04-09-451726-sweepi-11213) by extension 'ignore'
[0.293s] Level 1:colcon.colcon_core.package_identification:_identify(diagnostics/20260712_010514/ros_logs_snapshot/2026-07-11-22-04-09-451726-sweepi-11213) by extension 'ignore_ament_install'
[0.293s] Level 1:colcon.colcon_core.package_identification:_identify(diagnostics/20260712_010514/ros_logs_snapshot/2026-07-11-22-04-09-451726-sweepi-11213) by extensions ['colcon_pkg']
[0.293s] Level 1:colcon.colcon_core.package_identification:_identify(diagnostics/20260712_010514/ros_logs_snapshot/2026-07-11-22-04-09-451726-sweepi-11213) by extension 'colcon_pkg'
[0.293s] Level 1:colcon.colcon_core.package_identification:_identify(diagnostics/20260712_010514/ros_logs_snapshot/2026-07-11-22-04-09-451726-sweepi-11213) by extensions ['colcon_meta']
[0.293s] Level 1:colcon.colcon_core.package_identification:_identify(diagnostics/20260712_010514/ros_logs_snapshot/2026-07-11-22-04-09-451726-sweepi-11213) by extension 'colcon_meta'
[0.294s] Level 1:colcon.colcon_core.package_identification:_identify(diagnostics/20260712_010514/ros_logs_snapshot/2026-07-11-22-04-09-451726-sweepi-11213) by extensions ['ros']
[0.294s] Level 1:colcon.colcon_core.package_identification:_identify(diagnostics/20260712_010514/ros_logs_snapshot/2026-07-11-22-04-09-451726-sweepi-11213) by extension 'ros'
[0.294s] Level 1:colcon.colcon_core.package_identification:_identify(diagnostics/20260712_010514/ros_logs_snapshot/2026-07-11-22-04-09-451726-sweepi-11213) by extensions ['cmake', 'python']
[0.294s] Level 1:colcon.colcon_core.package_identification:_identify(diagnostics/20260712_010514/ros_logs_snapshot/2026-07-11-22-04-09-451726-sweepi-11213) by extension 'cmake'
[0.294s] Level 1:colcon.colcon_core.package_identification:_identify(diagnostics/20260712_010514/ros_logs_snapshot/2026-07-11-22-04-09-451726-sweepi-11213) by extension 'python'
[0.294s] Level 1:colcon.colcon_core.package_identification:_identify(diagnostics/20260712_010514/ros_logs_snapshot/2026-07-11-22-04-09-451726-sweepi-11213) by extensions ['python_setup_py']
[0.294s] Level 1:colcon.colcon_core.package_identification:_identify(diagnostics/20260712_010514/ros_logs_snapshot/2026-07-11-22-04-09-451726-sweepi-11213) by extension 'python_setup_py'
[0.294s] Level 1:colcon.colcon_core.package_identification:_identify(diagnostics/20260712_010514/ros_logs_snapshot/2026-07-11-22-04-24-476066-sweepi-11439) by extensions ['ignore', 'ignore_ament_install']
[0.294s] Level 1:colcon.colcon_core.package_identification:_identify(diagnostics/20260712_010514/ros_logs_snapshot/2026-07-11-22-04-24-476066-sweepi-11439) by extension 'ignore'
[0.294s] Level 1:colcon.colcon_core.package_identification:_identify(diagnostics/20260712_010514/ros_logs_snapshot/2026-07-11-22-04-24-476066-sweepi-11439) by extension 'ignore_ament_install'
[0.294s] Level 1:colcon.colcon_core.package_identification:_identify(diagnostics/20260712_010514/ros_logs_snapshot/2026-07-11-22-04-24-476066-sweepi-11439) by extensions ['colcon_pkg']
[0.294s] Level 1:colcon.colcon_core.package_identification:_identify(diagnostics/20260712_010514/ros_logs_snapshot/2026-07-11-22-04-24-476066-sweepi-11439) by extension 'colcon_pkg'
[0.294s] Level 1:colcon.colcon_core.package_identification:_identify(diagnostics/20260712_010514/ros_logs_snapshot/2026-07-11-22-04-24-476066-sweepi-11439) by extensions ['colcon_meta']
[0.294s] Level 1:colcon.colcon_core.package_identification:_identify(diagnostics/20260712_010514/ros_logs_snapshot/2026-07-11-22-04-24-476066-sweepi-11439) by extension 'colcon_meta'
[0.294s] Level 1:colcon.colcon_core.package_identification:_identify(diagnostics/20260712_010514/ros_logs_snapshot/2026-07-11-22-04-24-476066-sweepi-11439) by extensions ['ros']
[0.294s] Level 1:colcon.colcon_core.package_identification:_identify(diagnostics/20260712_010514/ros_logs_snapshot/2026-07-11-22-04-24-476066-sweepi-11439) by extension 'ros'
[0.294s] Level 1:colcon.colcon_core.package_identification:_identify(diagnostics/20260712_010514/ros_logs_snapshot/2026-07-11-22-04-24-476066-sweepi-11439) by extensions ['cmake', 'python']
[0.294s] Level 1:colcon.colcon_core.package_identification:_identify(diagnostics/20260712_010514/ros_logs_snapshot/2026-07-11-22-04-24-476066-sweepi-11439) by extension 'cmake'
[0.294s] Level 1:colcon.colcon_core.package_identification:_identify(diagnostics/20260712_010514/ros_logs_snapshot/2026-07-11-22-04-24-476066-sweepi-11439) by extension 'python'
[0.294s] Level 1:colcon.colcon_core.package_identification:_identify(diagnostics/20260712_010514/ros_logs_snapshot/2026-07-11-22-04-24-476066-sweepi-11439) by extensions ['python_setup_py']
[0.294s] Level 1:colcon.colcon_core.package_identification:_identify(diagnostics/20260712_010514/ros_logs_snapshot/2026-07-11-22-04-24-476066-sweepi-11439) by extension 'python_setup_py'
[0.295s] Level 1:colcon.colcon_core.package_identification:_identify(diagnostics/20260712_010514/ros_logs_snapshot/2026-07-11-22-09-54-904089-sweepi-3055) by extensions ['ignore', 'ignore_ament_install']
[0.295s] Level 1:colcon.colcon_core.package_identification:_identify(diagnostics/20260712_010514/ros_logs_snapshot/2026-07-11-22-09-54-904089-sweepi-3055) by extension 'ignore'
[0.295s] Level 1:colcon.colcon_core.package_identification:_identify(diagnostics/20260712_010514/ros_logs_snapshot/2026-07-11-22-09-54-904089-sweepi-3055) by extension 'ignore_ament_install'
[0.295s] Level 1:colcon.colcon_core.package_identification:_identify(diagnostics/20260712_010514/ros_logs_snapshot/2026-07-11-22-09-54-904089-sweepi-3055) by extensions ['colcon_pkg']
[0.295s] Level 1:colcon.colcon_core.package_identification:_identify(diagnostics/20260712_010514/ros_logs_snapshot/2026-07-11-22-09-54-904089-sweepi-3055) by extension 'colcon_pkg'
[0.295s] Level 1:colcon.colcon_core.package_identification:_identify(diagnostics/20260712_010514/ros_logs_snapshot/2026-07-11-22-09-54-904089-sweepi-3055) by extensions ['colcon_meta']
[0.295s] Level 1:colcon.colcon_core.package_identification:_identify(diagnostics/20260712_010514/ros_logs_snapshot/2026-07-11-22-09-54-904089-sweepi-3055) by extension 'colcon_meta'
[0.295s] Level 1:colcon.colcon_core.package_identification:_identify(diagnostics/20260712_010514/ros_logs_snapshot/2026-07-11-22-09-54-904089-sweepi-3055) by extensions ['ros']
[0.295s] Level 1:colcon.colcon_core.package_identification:_identify(diagnostics/20260712_010514/ros_logs_snapshot/2026-07-11-22-09-54-904089-sweepi-3055) by extension 'ros'
[0.295s] Level 1:colcon.colcon_core.package_identification:_identify(diagnostics/20260712_010514/ros_logs_snapshot/2026-07-11-22-09-54-904089-sweepi-3055) by extensions ['cmake', 'python']
[0.295s] Level 1:colcon.colcon_core.package_identification:_identify(diagnostics/20260712_010514/ros_logs_snapshot/2026-07-11-22-09-54-904089-sweepi-3055) by extension 'cmake'
[0.295s] Level 1:colcon.colcon_core.package_identification:_identify(diagnostics/20260712_010514/ros_logs_snapshot/2026-07-11-22-09-54-904089-sweepi-3055) by extension 'python'
[0.295s] Level 1:colcon.colcon_core.package_identification:_identify(diagnostics/20260712_010514/ros_logs_snapshot/2026-07-11-22-09-54-904089-sweepi-3055) by extensions ['python_setup_py']
[0.295s] Level 1:colcon.colcon_core.package_identification:_identify(diagnostics/20260712_010514/ros_logs_snapshot/2026-07-11-22-09-54-904089-sweepi-3055) by extension 'python_setup_py'
[0.295s] Level 1:colcon.colcon_core.package_identification:_identify(diagnostics/20260712_010514/ros_logs_snapshot/2026-07-11-22-10-07-252207-sweepi-3427) by extensions ['ignore', 'ignore_ament_install']
[0.295s] Level 1:colcon.colcon_core.package_identification:_identify(diagnostics/20260712_010514/ros_logs_snapshot/2026-07-11-22-10-07-252207-sweepi-3427) by extension 'ignore'
[0.295s] Level 1:colcon.colcon_core.package_identification:_identify(diagnostics/20260712_010514/ros_logs_snapshot/2026-07-11-22-10-07-252207-sweepi-3427) by extension 'ignore_ament_install'
[0.295s] Level 1:colcon.colcon_core.package_identification:_identify(diagnostics/20260712_010514/ros_logs_snapshot/2026-07-11-22-10-07-252207-sweepi-3427) by extensions ['colcon_pkg']
[0.296s] Level 1:colcon.colcon_core.package_identification:_identify(diagnostics/20260712_010514/ros_logs_snapshot/2026-07-11-22-10-07-252207-sweepi-3427) by extension 'colcon_pkg'
[0.296s] Level 1:colcon.colcon_core.package_identification:_identify(diagnostics/20260712_010514/ros_logs_snapshot/2026-07-11-22-10-07-252207-sweepi-3427) by extensions ['colcon_meta']
[0.296s] Level 1:colcon.colcon_core.package_identification:_identify(diagnostics/20260712_010514/ros_logs_snapshot/2026-07-11-22-10-07-252207-sweepi-3427) by extension 'colcon_meta'
[0.296s] Level 1:colcon.colcon_core.package_identification:_identify(diagnostics/20260712_010514/ros_logs_snapshot/2026-07-11-22-10-07-252207-sweepi-3427) by extensions ['ros']
[0.296s] Level 1:colcon.colcon_core.package_identification:_identify(diagnostics/20260712_010514/ros_logs_snapshot/2026-07-11-22-10-07-252207-sweepi-3427) by extension 'ros'
[0.296s] Level 1:colcon.colcon_core.package_identification:_identify(diagnostics/20260712_010514/ros_logs_snapshot/2026-07-11-22-10-07-252207-sweepi-3427) by extensions ['cmake', 'python']
[0.296s] Level 1:colcon.colcon_core.package_identification:_identify(diagnostics/20260712_010514/ros_logs_snapshot/2026-07-11-22-10-07-252207-sweepi-3427) by extension 'cmake'
[0.296s] Level 1:colcon.colcon_core.package_identification:_identify(diagnostics/20260712_010514/ros_logs_snapshot/2026-07-11-22-10-07-252207-sweepi-3427) by extension 'python'
[0.296s] Level 1:colcon.colcon_core.package_identification:_identify(diagnostics/20260712_010514/ros_logs_snapshot/2026-07-11-22-10-07-252207-sweepi-3427) by extensions ['python_setup_py']
[0.296s] Level 1:colcon.colcon_core.package_identification:_identify(diagnostics/20260712_010514/ros_logs_snapshot/2026-07-11-22-10-07-252207-sweepi-3427) by extension 'python_setup_py'
[0.296s] Level 1:colcon.colcon_core.package_identification:_identify(diagnostics/20260712_010514/ros_logs_snapshot/2026-07-11-22-25-29-636050-sweepi-3478) by extensions ['ignore', 'ignore_ament_install']
[0.296s] Level 1:colcon.colcon_core.package_identification:_identify(diagnostics/20260712_010514/ros_logs_snapshot/2026-07-11-22-25-29-636050-sweepi-3478) by extension 'ignore'
[0.296s] Level 1:colcon.colcon_core.package_identification:_identify(diagnostics/20260712_010514/ros_logs_snapshot/2026-07-11-22-25-29-636050-sweepi-3478) by extension 'ignore_ament_install'
[0.296s] Level 1:colcon.colcon_core.package_identification:_identify(diagnostics/20260712_010514/ros_logs_snapshot/2026-07-11-22-25-29-636050-sweepi-3478) by extensions ['colcon_pkg']
[0.296s] Level 1:colcon.colcon_core.package_identification:_identify(diagnostics/20260712_010514/ros_logs_snapshot/2026-07-11-22-25-29-636050-sweepi-3478) by extension 'colcon_pkg'
[0.296s] Level 1:colcon.colcon_core.package_identification:_identify(diagnostics/20260712_010514/ros_logs_snapshot/2026-07-11-22-25-29-636050-sweepi-3478) by extensions ['colcon_meta']
[0.296s] Level 1:colcon.colcon_core.package_identification:_identify(diagnostics/20260712_010514/ros_logs_snapshot/2026-07-11-22-25-29-636050-sweepi-3478) by extension 'colcon_meta'
[0.296s] Level 1:colcon.colcon_core.package_identification:_identify(diagnostics/20260712_010514/ros_logs_snapshot/2026-07-11-22-25-29-636050-sweepi-3478) by extensions ['ros']
[0.296s] Level 1:colcon.colcon_core.package_identification:_identify(diagnostics/20260712_010514/ros_logs_snapshot/2026-07-11-22-25-29-636050-sweepi-3478) by extension 'ros'
[0.296s] Level 1:colcon.colcon_core.package_identification:_identify(diagnostics/20260712_010514/ros_logs_snapshot/2026-07-11-22-25-29-636050-sweepi-3478) by extensions ['cmake', 'python']
[0.296s] Level 1:colcon.colcon_core.package_identification:_identify(diagnostics/20260712_010514/ros_logs_snapshot/2026-07-11-22-25-29-636050-sweepi-3478) by extension 'cmake'
[0.296s] Level 1:colcon.colcon_core.package_identification:_identify(diagnostics/20260712_010514/ros_logs_snapshot/2026-07-11-22-25-29-636050-sweepi-3478) by extension 'python'
[0.297s] Level 1:colcon.colcon_core.package_identification:_identify(diagnostics/20260712_010514/ros_logs_snapshot/2026-07-11-22-25-29-636050-sweepi-3478) by extensions ['python_setup_py']
[0.297s] Level 1:colcon.colcon_core.package_identification:_identify(diagnostics/20260712_010514/ros_logs_snapshot/2026-07-11-22-25-29-636050-sweepi-3478) by extension 'python_setup_py'
[0.297s] Level 1:colcon.colcon_core.package_identification:_identify(diagnostics/20260712_010514/ros_logs_snapshot/2026-07-11-22-31-37-639719-sweepi-3865) by extensions ['ignore', 'ignore_ament_install']
[0.297s] Level 1:colcon.colcon_core.package_identification:_identify(diagnostics/20260712_010514/ros_logs_snapshot/2026-07-11-22-31-37-639719-sweepi-3865) by extension 'ignore'
[0.297s] Level 1:colcon.colcon_core.package_identification:_identify(diagnostics/20260712_010514/ros_logs_snapshot/2026-07-11-22-31-37-639719-sweepi-3865) by extension 'ignore_ament_install'
[0.297s] Level 1:colcon.colcon_core.package_identification:_identify(diagnostics/20260712_010514/ros_logs_snapshot/2026-07-11-22-31-37-639719-sweepi-3865) by extensions ['colcon_pkg']
[0.297s] Level 1:colcon.colcon_core.package_identification:_identify(diagnostics/20260712_010514/ros_logs_snapshot/2026-07-11-22-31-37-639719-sweepi-3865) by extension 'colcon_pkg'
[0.297s] Level 1:colcon.colcon_core.package_identification:_identify(diagnostics/20260712_010514/ros_logs_snapshot/2026-07-11-22-31-37-639719-sweepi-3865) by extensions ['colcon_meta']
[0.297s] Level 1:colcon.colcon_core.package_identification:_identify(diagnostics/20260712_010514/ros_logs_snapshot/2026-07-11-22-31-37-639719-sweepi-3865) by extension 'colcon_meta'
[0.297s] Level 1:colcon.colcon_core.package_identification:_identify(diagnostics/20260712_010514/ros_logs_snapshot/2026-07-11-22-31-37-639719-sweepi-3865) by extensions ['ros']
[0.297s] Level 1:colcon.colcon_core.package_identification:_identify(diagnostics/20260712_010514/ros_logs_snapshot/2026-07-11-22-31-37-639719-sweepi-3865) by extension 'ros'
[0.297s] Level 1:colcon.colcon_core.package_identification:_identify(diagnostics/20260712_010514/ros_logs_snapshot/2026-07-11-22-31-37-639719-sweepi-3865) by extensions ['cmake', 'python']
[0.297s] Level 1:colcon.colcon_core.package_identification:_identify(diagnostics/20260712_010514/ros_logs_snapshot/2026-07-11-22-31-37-639719-sweepi-3865) by extension 'cmake'
[0.297s] Level 1:colcon.colcon_core.package_identification:_identify(diagnostics/20260712_010514/ros_logs_snapshot/2026-07-11-22-31-37-639719-sweepi-3865) by extension 'python'
[0.297s] Level 1:colcon.colcon_core.package_identification:_identify(diagnostics/20260712_010514/ros_logs_snapshot/2026-07-11-22-31-37-639719-sweepi-3865) by extensions ['python_setup_py']
[0.297s] Level 1:colcon.colcon_core.package_identification:_identify(diagnostics/20260712_010514/ros_logs_snapshot/2026-07-11-22-31-37-639719-sweepi-3865) by extension 'python_setup_py'
[0.297s] Level 1:colcon.colcon_core.package_identification:_identify(diagnostics/20260712_010514/ros_logs_snapshot/2026-07-11-22-31-48-747761-sweepi-4199) by extensions ['ignore', 'ignore_ament_install']
[0.298s] Level 1:colcon.colcon_core.package_identification:_identify(diagnostics/20260712_010514/ros_logs_snapshot/2026-07-11-22-31-48-747761-sweepi-4199) by extension 'ignore'
[0.298s] Level 1:colcon.colcon_core.package_identification:_identify(diagnostics/20260712_010514/ros_logs_snapshot/2026-07-11-22-31-48-747761-sweepi-4199) by extension 'ignore_ament_install'
[0.298s] Level 1:colcon.colcon_core.package_identification:_identify(diagnostics/20260712_010514/ros_logs_snapshot/2026-07-11-22-31-48-747761-sweepi-4199) by extensions ['colcon_pkg']
[0.298s] Level 1:colcon.colcon_core.package_identification:_identify(diagnostics/20260712_010514/ros_logs_snapshot/2026-07-11-22-31-48-747761-sweepi-4199) by extension 'colcon_pkg'
[0.298s] Level 1:colcon.colcon_core.package_identification:_identify(diagnostics/20260712_010514/ros_logs_snapshot/2026-07-11-22-31-48-747761-sweepi-4199) by extensions ['colcon_meta']
[0.298s] Level 1:colcon.colcon_core.package_identification:_identify(diagnostics/20260712_010514/ros_logs_snapshot/2026-07-11-22-31-48-747761-sweepi-4199) by extension 'colcon_meta'
[0.298s] Level 1:colcon.colcon_core.package_identification:_identify(diagnostics/20260712_010514/ros_logs_snapshot/2026-07-11-22-31-48-747761-sweepi-4199) by extensions ['ros']
[0.298s] Level 1:colcon.colcon_core.package_identification:_identify(diagnostics/20260712_010514/ros_logs_snapshot/2026-07-11-22-31-48-747761-sweepi-4199) by extension 'ros'
[0.298s] Level 1:colcon.colcon_core.package_identification:_identify(diagnostics/20260712_010514/ros_logs_snapshot/2026-07-11-22-31-48-747761-sweepi-4199) by extensions ['cmake', 'python']
[0.298s] Level 1:colcon.colcon_core.package_identification:_identify(diagnostics/20260712_010514/ros_logs_snapshot/2026-07-11-22-31-48-747761-sweepi-4199) by extension 'cmake'
[0.298s] Level 1:colcon.colcon_core.package_identification:_identify(diagnostics/20260712_010514/ros_logs_snapshot/2026-07-11-22-31-48-747761-sweepi-4199) by extension 'python'
[0.298s] Level 1:colcon.colcon_core.package_identification:_identify(diagnostics/20260712_010514/ros_logs_snapshot/2026-07-11-22-31-48-747761-sweepi-4199) by extensions ['python_setup_py']
[0.298s] Level 1:colcon.colcon_core.package_identification:_identify(diagnostics/20260712_010514/ros_logs_snapshot/2026-07-11-22-31-48-747761-sweepi-4199) by extension 'python_setup_py'
[0.298s] Level 1:colcon.colcon_core.package_identification:_identify(diagnostics/20260712_010514/ros_logs_snapshot/2026-07-11-22-32-59-895227-sweepi-5391) by extensions ['ignore', 'ignore_ament_install']
[0.298s] Level 1:colcon.colcon_core.package_identification:_identify(diagnostics/20260712_010514/ros_logs_snapshot/2026-07-11-22-32-59-895227-sweepi-5391) by extension 'ignore'
[0.298s] Level 1:colcon.colcon_core.package_identification:_identify(diagnostics/20260712_010514/ros_logs_snapshot/2026-07-11-22-32-59-895227-sweepi-5391) by extension 'ignore_ament_install'
[0.298s] Level 1:colcon.colcon_core.package_identification:_identify(diagnostics/20260712_010514/ros_logs_snapshot/2026-07-11-22-32-59-895227-sweepi-5391) by extensions ['colcon_pkg']
[0.298s] Level 1:colcon.colcon_core.package_identification:_identify(diagnostics/20260712_010514/ros_logs_snapshot/2026-07-11-22-32-59-895227-sweepi-5391) by extension 'colcon_pkg'
[0.298s] Level 1:colcon.colcon_core.package_identification:_identify(diagnostics/20260712_010514/ros_logs_snapshot/2026-07-11-22-32-59-895227-sweepi-5391) by extensions ['colcon_meta']
[0.298s] Level 1:colcon.colcon_core.package_identification:_identify(diagnostics/20260712_010514/ros_logs_snapshot/2026-07-11-22-32-59-895227-sweepi-5391) by extension 'colcon_meta'
[0.298s] Level 1:colcon.colcon_core.package_identification:_identify(diagnostics/20260712_010514/ros_logs_snapshot/2026-07-11-22-32-59-895227-sweepi-5391) by extensions ['ros']
[0.299s] Level 1:colcon.colcon_core.package_identification:_identify(diagnostics/20260712_010514/ros_logs_snapshot/2026-07-11-22-32-59-895227-sweepi-5391) by extension 'ros'
[0.299s] Level 1:colcon.colcon_core.package_identification:_identify(diagnostics/20260712_010514/ros_logs_snapshot/2026-07-11-22-32-59-895227-sweepi-5391) by extensions ['cmake', 'python']
[0.299s] Level 1:colcon.colcon_core.package_identification:_identify(diagnostics/20260712_010514/ros_logs_snapshot/2026-07-11-22-32-59-895227-sweepi-5391) by extension 'cmake'
[0.299s] Level 1:colcon.colcon_core.package_identification:_identify(diagnostics/20260712_010514/ros_logs_snapshot/2026-07-11-22-32-59-895227-sweepi-5391) by extension 'python'
[0.299s] Level 1:colcon.colcon_core.package_identification:_identify(diagnostics/20260712_010514/ros_logs_snapshot/2026-07-11-22-32-59-895227-sweepi-5391) by extensions ['python_setup_py']
[0.299s] Level 1:colcon.colcon_core.package_identification:_identify(diagnostics/20260712_010514/ros_logs_snapshot/2026-07-11-22-32-59-895227-sweepi-5391) by extension 'python_setup_py'
[0.299s] Level 1:colcon.colcon_core.package_identification:_identify(diagnostics/20260712_010514/ros_logs_snapshot/2026-07-11-22-33-07-932610-sweepi-5554) by extensions ['ignore', 'ignore_ament_install']
[0.299s] Level 1:colcon.colcon_core.package_identification:_identify(diagnostics/20260712_010514/ros_logs_snapshot/2026-07-11-22-33-07-932610-sweepi-5554) by extension 'ignore'
[0.299s] Level 1:colcon.colcon_core.package_identification:_identify(diagnostics/20260712_010514/ros_logs_snapshot/2026-07-11-22-33-07-932610-sweepi-5554) by extension 'ignore_ament_install'
[0.299s] Level 1:colcon.colcon_core.package_identification:_identify(diagnostics/20260712_010514/ros_logs_snapshot/2026-07-11-22-33-07-932610-sweepi-5554) by extensions ['colcon_pkg']
[0.299s] Level 1:colcon.colcon_core.package_identification:_identify(diagnostics/20260712_010514/ros_logs_snapshot/2026-07-11-22-33-07-932610-sweepi-5554) by extension 'colcon_pkg'
[0.299s] Level 1:colcon.colcon_core.package_identification:_identify(diagnostics/20260712_010514/ros_logs_snapshot/2026-07-11-22-33-07-932610-sweepi-5554) by extensions ['colcon_meta']
[0.299s] Level 1:colcon.colcon_core.package_identification:_identify(diagnostics/20260712_010514/ros_logs_snapshot/2026-07-11-22-33-07-932610-sweepi-5554) by extension 'colcon_meta'
[0.299s] Level 1:colcon.colcon_core.package_identification:_identify(diagnostics/20260712_010514/ros_logs_snapshot/2026-07-11-22-33-07-932610-sweepi-5554) by extensions ['ros']
[0.299s] Level 1:colcon.colcon_core.package_identification:_identify(diagnostics/20260712_010514/ros_logs_snapshot/2026-07-11-22-33-07-932610-sweepi-5554) by extension 'ros'
[0.299s] Level 1:colcon.colcon_core.package_identification:_identify(diagnostics/20260712_010514/ros_logs_snapshot/2026-07-11-22-33-07-932610-sweepi-5554) by extensions ['cmake', 'python']
[0.299s] Level 1:colcon.colcon_core.package_identification:_identify(diagnostics/20260712_010514/ros_logs_snapshot/2026-07-11-22-33-07-932610-sweepi-5554) by extension 'cmake'
[0.299s] Level 1:colcon.colcon_core.package_identification:_identify(diagnostics/20260712_010514/ros_logs_snapshot/2026-07-11-22-33-07-932610-sweepi-5554) by extension 'python'
[0.299s] Level 1:colcon.colcon_core.package_identification:_identify(diagnostics/20260712_010514/ros_logs_snapshot/2026-07-11-22-33-07-932610-sweepi-5554) by extensions ['python_setup_py']
[0.299s] Level 1:colcon.colcon_core.package_identification:_identify(diagnostics/20260712_010514/ros_logs_snapshot/2026-07-11-22-33-07-932610-sweepi-5554) by extension 'python_setup_py'
[0.300s] Level 1:colcon.colcon_core.package_identification:_identify(diagnostics/20260712_010514/ros_logs_snapshot/2026-07-11-22-35-34-862276-sweepi-6556) by extensions ['ignore', 'ignore_ament_install']
[0.300s] Level 1:colcon.colcon_core.package_identification:_identify(diagnostics/20260712_010514/ros_logs_snapshot/2026-07-11-22-35-34-862276-sweepi-6556) by extension 'ignore'
[0.300s] Level 1:colcon.colcon_core.package_identification:_identify(diagnostics/20260712_010514/ros_logs_snapshot/2026-07-11-22-35-34-862276-sweepi-6556) by extension 'ignore_ament_install'
[0.300s] Level 1:colcon.colcon_core.package_identification:_identify(diagnostics/20260712_010514/ros_logs_snapshot/2026-07-11-22-35-34-862276-sweepi-6556) by extensions ['colcon_pkg']
[0.300s] Level 1:colcon.colcon_core.package_identification:_identify(diagnostics/20260712_010514/ros_logs_snapshot/2026-07-11-22-35-34-862276-sweepi-6556) by extension 'colcon_pkg'
[0.300s] Level 1:colcon.colcon_core.package_identification:_identify(diagnostics/20260712_010514/ros_logs_snapshot/2026-07-11-22-35-34-862276-sweepi-6556) by extensions ['colcon_meta']
[0.300s] Level 1:colcon.colcon_core.package_identification:_identify(diagnostics/20260712_010514/ros_logs_snapshot/2026-07-11-22-35-34-862276-sweepi-6556) by extension 'colcon_meta'
[0.300s] Level 1:colcon.colcon_core.package_identification:_identify(diagnostics/20260712_010514/ros_logs_snapshot/2026-07-11-22-35-34-862276-sweepi-6556) by extensions ['ros']
[0.300s] Level 1:colcon.colcon_core.package_identification:_identify(diagnostics/20260712_010514/ros_logs_snapshot/2026-07-11-22-35-34-862276-sweepi-6556) by extension 'ros'
[0.300s] Level 1:colcon.colcon_core.package_identification:_identify(diagnostics/20260712_010514/ros_logs_snapshot/2026-07-11-22-35-34-862276-sweepi-6556) by extensions ['cmake', 'python']
[0.300s] Level 1:colcon.colcon_core.package_identification:_identify(diagnostics/20260712_010514/ros_logs_snapshot/2026-07-11-22-35-34-862276-sweepi-6556) by extension 'cmake'
[0.300s] Level 1:colcon.colcon_core.package_identification:_identify(diagnostics/20260712_010514/ros_logs_snapshot/2026-07-11-22-35-34-862276-sweepi-6556) by extension 'python'
[0.300s] Level 1:colcon.colcon_core.package_identification:_identify(diagnostics/20260712_010514/ros_logs_snapshot/2026-07-11-22-35-34-862276-sweepi-6556) by extensions ['python_setup_py']
[0.300s] Level 1:colcon.colcon_core.package_identification:_identify(diagnostics/20260712_010514/ros_logs_snapshot/2026-07-11-22-35-34-862276-sweepi-6556) by extension 'python_setup_py'
[0.300s] Level 1:colcon.colcon_core.package_identification:_identify(diagnostics/20260712_010514/ros_logs_snapshot/2026-07-11-22-35-43-565057-sweepi-6691) by extensions ['ignore', 'ignore_ament_install']
[0.300s] Level 1:colcon.colcon_core.package_identification:_identify(diagnostics/20260712_010514/ros_logs_snapshot/2026-07-11-22-35-43-565057-sweepi-6691) by extension 'ignore'
[0.300s] Level 1:colcon.colcon_core.package_identification:_identify(diagnostics/20260712_010514/ros_logs_snapshot/2026-07-11-22-35-43-565057-sweepi-6691) by extension 'ignore_ament_install'
[0.300s] Level 1:colcon.colcon_core.package_identification:_identify(diagnostics/20260712_010514/ros_logs_snapshot/2026-07-11-22-35-43-565057-sweepi-6691) by extensions ['colcon_pkg']
[0.300s] Level 1:colcon.colcon_core.package_identification:_identify(diagnostics/20260712_010514/ros_logs_snapshot/2026-07-11-22-35-43-565057-sweepi-6691) by extension 'colcon_pkg'
[0.301s] Level 1:colcon.colcon_core.package_identification:_identify(diagnostics/20260712_010514/ros_logs_snapshot/2026-07-11-22-35-43-565057-sweepi-6691) by extensions ['colcon_meta']
[0.301s] Level 1:colcon.colcon_core.package_identification:_identify(diagnostics/20260712_010514/ros_logs_snapshot/2026-07-11-22-35-43-565057-sweepi-6691) by extension 'colcon_meta'
[0.301s] Level 1:colcon.colcon_core.package_identification:_identify(diagnostics/20260712_010514/ros_logs_snapshot/2026-07-11-22-35-43-565057-sweepi-6691) by extensions ['ros']
[0.301s] Level 1:colcon.colcon_core.package_identification:_identify(diagnostics/20260712_010514/ros_logs_snapshot/2026-07-11-22-35-43-565057-sweepi-6691) by extension 'ros'
[0.301s] Level 1:colcon.colcon_core.package_identification:_identify(diagnostics/20260712_010514/ros_logs_snapshot/2026-07-11-22-35-43-565057-sweepi-6691) by extensions ['cmake', 'python']
[0.301s] Level 1:colcon.colcon_core.package_identification:_identify(diagnostics/20260712_010514/ros_logs_snapshot/2026-07-11-22-35-43-565057-sweepi-6691) by extension 'cmake'
[0.301s] Level 1:colcon.colcon_core.package_identification:_identify(diagnostics/20260712_010514/ros_logs_snapshot/2026-07-11-22-35-43-565057-sweepi-6691) by extension 'python'
[0.301s] Level 1:colcon.colcon_core.package_identification:_identify(diagnostics/20260712_010514/ros_logs_snapshot/2026-07-11-22-35-43-565057-sweepi-6691) by extensions ['python_setup_py']
[0.301s] Level 1:colcon.colcon_core.package_identification:_identify(diagnostics/20260712_010514/ros_logs_snapshot/2026-07-11-22-35-43-565057-sweepi-6691) by extension 'python_setup_py'
[0.301s] Level 1:colcon.colcon_core.package_identification:_identify(diagnostics/20260712_010514/ros_logs_snapshot/2026-07-11-22-36-36-387318-sweepi-7427) by extensions ['ignore', 'ignore_ament_install']
[0.301s] Level 1:colcon.colcon_core.package_identification:_identify(diagnostics/20260712_010514/ros_logs_snapshot/2026-07-11-22-36-36-387318-sweepi-7427) by extension 'ignore'
[0.301s] Level 1:colcon.colcon_core.package_identification:_identify(diagnostics/20260712_010514/ros_logs_snapshot/2026-07-11-22-36-36-387318-sweepi-7427) by extension 'ignore_ament_install'
[0.301s] Level 1:colcon.colcon_core.package_identification:_identify(diagnostics/20260712_010514/ros_logs_snapshot/2026-07-11-22-36-36-387318-sweepi-7427) by extensions ['colcon_pkg']
[0.301s] Level 1:colcon.colcon_core.package_identification:_identify(diagnostics/20260712_010514/ros_logs_snapshot/2026-07-11-22-36-36-387318-sweepi-7427) by extension 'colcon_pkg'
[0.301s] Level 1:colcon.colcon_core.package_identification:_identify(diagnostics/20260712_010514/ros_logs_snapshot/2026-07-11-22-36-36-387318-sweepi-7427) by extensions ['colcon_meta']
[0.301s] Level 1:colcon.colcon_core.package_identification:_identify(diagnostics/20260712_010514/ros_logs_snapshot/2026-07-11-22-36-36-387318-sweepi-7427) by extension 'colcon_meta'
[0.301s] Level 1:colcon.colcon_core.package_identification:_identify(diagnostics/20260712_010514/ros_logs_snapshot/2026-07-11-22-36-36-387318-sweepi-7427) by extensions ['ros']
[0.301s] Level 1:colcon.colcon_core.package_identification:_identify(diagnostics/20260712_010514/ros_logs_snapshot/2026-07-11-22-36-36-387318-sweepi-7427) by extension 'ros'
[0.301s] Level 1:colcon.colcon_core.package_identification:_identify(diagnostics/20260712_010514/ros_logs_snapshot/2026-07-11-22-36-36-387318-sweepi-7427) by extensions ['cmake', 'python']
[0.301s] Level 1:colcon.colcon_core.package_identification:_identify(diagnostics/20260712_010514/ros_logs_snapshot/2026-07-11-22-36-36-387318-sweepi-7427) by extension 'cmake'
[0.301s] Level 1:colcon.colcon_core.package_identification:_identify(diagnostics/20260712_010514/ros_logs_snapshot/2026-07-11-22-36-36-387318-sweepi-7427) by extension 'python'
[0.301s] Level 1:colcon.colcon_core.package_identification:_identify(diagnostics/20260712_010514/ros_logs_snapshot/2026-07-11-22-36-36-387318-sweepi-7427) by extensions ['python_setup_py']
[0.302s] Level 1:colcon.colcon_core.package_identification:_identify(diagnostics/20260712_010514/ros_logs_snapshot/2026-07-11-22-36-36-387318-sweepi-7427) by extension 'python_setup_py'
[0.302s] Level 1:colcon.colcon_core.package_identification:_identify(diagnostics/20260712_010514/ros_logs_snapshot/2026-07-11-22-36-46-879439-sweepi-7554) by extensions ['ignore', 'ignore_ament_install']
[0.302s] Level 1:colcon.colcon_core.package_identification:_identify(diagnostics/20260712_010514/ros_logs_snapshot/2026-07-11-22-36-46-879439-sweepi-7554) by extension 'ignore'
[0.302s] Level 1:colcon.colcon_core.package_identification:_identify(diagnostics/20260712_010514/ros_logs_snapshot/2026-07-11-22-36-46-879439-sweepi-7554) by extension 'ignore_ament_install'
[0.302s] Level 1:colcon.colcon_core.package_identification:_identify(diagnostics/20260712_010514/ros_logs_snapshot/2026-07-11-22-36-46-879439-sweepi-7554) by extensions ['colcon_pkg']
[0.302s] Level 1:colcon.colcon_core.package_identification:_identify(diagnostics/20260712_010514/ros_logs_snapshot/2026-07-11-22-36-46-879439-sweepi-7554) by extension 'colcon_pkg'
[0.302s] Level 1:colcon.colcon_core.package_identification:_identify(diagnostics/20260712_010514/ros_logs_snapshot/2026-07-11-22-36-46-879439-sweepi-7554) by extensions ['colcon_meta']
[0.302s] Level 1:colcon.colcon_core.package_identification:_identify(diagnostics/20260712_010514/ros_logs_snapshot/2026-07-11-22-36-46-879439-sweepi-7554) by extension 'colcon_meta'
[0.302s] Level 1:colcon.colcon_core.package_identification:_identify(diagnostics/20260712_010514/ros_logs_snapshot/2026-07-11-22-36-46-879439-sweepi-7554) by extensions ['ros']
[0.302s] Level 1:colcon.colcon_core.package_identification:_identify(diagnostics/20260712_010514/ros_logs_snapshot/2026-07-11-22-36-46-879439-sweepi-7554) by extension 'ros'
[0.302s] Level 1:colcon.colcon_core.package_identification:_identify(diagnostics/20260712_010514/ros_logs_snapshot/2026-07-11-22-36-46-879439-sweepi-7554) by extensions ['cmake', 'python']
[0.302s] Level 1:colcon.colcon_core.package_identification:_identify(diagnostics/20260712_010514/ros_logs_snapshot/2026-07-11-22-36-46-879439-sweepi-7554) by extension 'cmake'
[0.302s] Level 1:colcon.colcon_core.package_identification:_identify(diagnostics/20260712_010514/ros_logs_snapshot/2026-07-11-22-36-46-879439-sweepi-7554) by extension 'python'
[0.302s] Level 1:colcon.colcon_core.package_identification:_identify(diagnostics/20260712_010514/ros_logs_snapshot/2026-07-11-22-36-46-879439-sweepi-7554) by extensions ['python_setup_py']
[0.302s] Level 1:colcon.colcon_core.package_identification:_identify(diagnostics/20260712_010514/ros_logs_snapshot/2026-07-11-22-36-46-879439-sweepi-7554) by extension 'python_setup_py'
[0.302s] Level 1:colcon.colcon_core.package_identification:_identify(diagnostics/20260712_010514/ros_logs_snapshot/2026-07-12-00-43-26-655051-sweepi-3749) by extensions ['ignore', 'ignore_ament_install']
[0.302s] Level 1:colcon.colcon_core.package_identification:_identify(diagnostics/20260712_010514/ros_logs_snapshot/2026-07-12-00-43-26-655051-sweepi-3749) by extension 'ignore'
[0.302s] Level 1:colcon.colcon_core.package_identification:_identify(diagnostics/20260712_010514/ros_logs_snapshot/2026-07-12-00-43-26-655051-sweepi-3749) by extension 'ignore_ament_install'
[0.303s] Level 1:colcon.colcon_core.package_identification:_identify(diagnostics/20260712_010514/ros_logs_snapshot/2026-07-12-00-43-26-655051-sweepi-3749) by extensions ['colcon_pkg']
[0.303s] Level 1:colcon.colcon_core.package_identification:_identify(diagnostics/20260712_010514/ros_logs_snapshot/2026-07-12-00-43-26-655051-sweepi-3749) by extension 'colcon_pkg'
[0.303s] Level 1:colcon.colcon_core.package_identification:_identify(diagnostics/20260712_010514/ros_logs_snapshot/2026-07-12-00-43-26-655051-sweepi-3749) by extensions ['colcon_meta']
[0.303s] Level 1:colcon.colcon_core.package_identification:_identify(diagnostics/20260712_010514/ros_logs_snapshot/2026-07-12-00-43-26-655051-sweepi-3749) by extension 'colcon_meta'
[0.303s] Level 1:colcon.colcon_core.package_identification:_identify(diagnostics/20260712_010514/ros_logs_snapshot/2026-07-12-00-43-26-655051-sweepi-3749) by extensions ['ros']
[0.303s] Level 1:colcon.colcon_core.package_identification:_identify(diagnostics/20260712_010514/ros_logs_snapshot/2026-07-12-00-43-26-655051-sweepi-3749) by extension 'ros'
[0.303s] Level 1:colcon.colcon_core.package_identification:_identify(diagnostics/20260712_010514/ros_logs_snapshot/2026-07-12-00-43-26-655051-sweepi-3749) by extensions ['cmake', 'python']
[0.303s] Level 1:colcon.colcon_core.package_identification:_identify(diagnostics/20260712_010514/ros_logs_snapshot/2026-07-12-00-43-26-655051-sweepi-3749) by extension 'cmake'
[0.303s] Level 1:colcon.colcon_core.package_identification:_identify(diagnostics/20260712_010514/ros_logs_snapshot/2026-07-12-00-43-26-655051-sweepi-3749) by extension 'python'
[0.303s] Level 1:colcon.colcon_core.package_identification:_identify(diagnostics/20260712_010514/ros_logs_snapshot/2026-07-12-00-43-26-655051-sweepi-3749) by extensions ['python_setup_py']
[0.303s] Level 1:colcon.colcon_core.package_identification:_identify(diagnostics/20260712_010514/ros_logs_snapshot/2026-07-12-00-43-26-655051-sweepi-3749) by extension 'python_setup_py'
[0.303s] Level 1:colcon.colcon_core.package_identification:_identify(diagnostics/20260712_010514/ros_logs_snapshot/2026-07-12-00-44-07-578533-sweepi-4423) by extensions ['ignore', 'ignore_ament_install']
[0.303s] Level 1:colcon.colcon_core.package_identification:_identify(diagnostics/20260712_010514/ros_logs_snapshot/2026-07-12-00-44-07-578533-sweepi-4423) by extension 'ignore'
[0.303s] Level 1:colcon.colcon_core.package_identification:_identify(diagnostics/20260712_010514/ros_logs_snapshot/2026-07-12-00-44-07-578533-sweepi-4423) by extension 'ignore_ament_install'
[0.303s] Level 1:colcon.colcon_core.package_identification:_identify(diagnostics/20260712_010514/ros_logs_snapshot/2026-07-12-00-44-07-578533-sweepi-4423) by extensions ['colcon_pkg']
[0.303s] Level 1:colcon.colcon_core.package_identification:_identify(diagnostics/20260712_010514/ros_logs_snapshot/2026-07-12-00-44-07-578533-sweepi-4423) by extension 'colcon_pkg'
[0.303s] Level 1:colcon.colcon_core.package_identification:_identify(diagnostics/20260712_010514/ros_logs_snapshot/2026-07-12-00-44-07-578533-sweepi-4423) by extensions ['colcon_meta']
[0.303s] Level 1:colcon.colcon_core.package_identification:_identify(diagnostics/20260712_010514/ros_logs_snapshot/2026-07-12-00-44-07-578533-sweepi-4423) by extension 'colcon_meta'
[0.303s] Level 1:colcon.colcon_core.package_identification:_identify(diagnostics/20260712_010514/ros_logs_snapshot/2026-07-12-00-44-07-578533-sweepi-4423) by extensions ['ros']
[0.303s] Level 1:colcon.colcon_core.package_identification:_identify(diagnostics/20260712_010514/ros_logs_snapshot/2026-07-12-00-44-07-578533-sweepi-4423) by extension 'ros'
[0.303s] Level 1:colcon.colcon_core.package_identification:_identify(diagnostics/20260712_010514/ros_logs_snapshot/2026-07-12-00-44-07-578533-sweepi-4423) by extensions ['cmake', 'python']
[0.304s] Level 1:colcon.colcon_core.package_identification:_identify(diagnostics/20260712_010514/ros_logs_snapshot/2026-07-12-00-44-07-578533-sweepi-4423) by extension 'cmake'
[0.304s] Level 1:colcon.colcon_core.package_identification:_identify(diagnostics/20260712_010514/ros_logs_snapshot/2026-07-12-00-44-07-578533-sweepi-4423) by extension 'python'
[0.304s] Level 1:colcon.colcon_core.package_identification:_identify(diagnostics/20260712_010514/ros_logs_snapshot/2026-07-12-00-44-07-578533-sweepi-4423) by extensions ['python_setup_py']
[0.304s] Level 1:colcon.colcon_core.package_identification:_identify(diagnostics/20260712_010514/ros_logs_snapshot/2026-07-12-00-44-07-578533-sweepi-4423) by extension 'python_setup_py'
[0.304s] Level 1:colcon.colcon_core.package_identification:_identify(diagnostics/20260712_010514/ros_logs_snapshot/2026-07-12-00-44-26-314920-sweepi-4580) by extensions ['ignore', 'ignore_ament_install']
[0.304s] Level 1:colcon.colcon_core.package_identification:_identify(diagnostics/20260712_010514/ros_logs_snapshot/2026-07-12-00-44-26-314920-sweepi-4580) by extension 'ignore'
[0.304s] Level 1:colcon.colcon_core.package_identification:_identify(diagnostics/20260712_010514/ros_logs_snapshot/2026-07-12-00-44-26-314920-sweepi-4580) by extension 'ignore_ament_install'
[0.304s] Level 1:colcon.colcon_core.package_identification:_identify(diagnostics/20260712_010514/ros_logs_snapshot/2026-07-12-00-44-26-314920-sweepi-4580) by extensions ['colcon_pkg']
[0.304s] Level 1:colcon.colcon_core.package_identification:_identify(diagnostics/20260712_010514/ros_logs_snapshot/2026-07-12-00-44-26-314920-sweepi-4580) by extension 'colcon_pkg'
[0.304s] Level 1:colcon.colcon_core.package_identification:_identify(diagnostics/20260712_010514/ros_logs_snapshot/2026-07-12-00-44-26-314920-sweepi-4580) by extensions ['colcon_meta']
[0.304s] Level 1:colcon.colcon_core.package_identification:_identify(diagnostics/20260712_010514/ros_logs_snapshot/2026-07-12-00-44-26-314920-sweepi-4580) by extension 'colcon_meta'
[0.304s] Level 1:colcon.colcon_core.package_identification:_identify(diagnostics/20260712_010514/ros_logs_snapshot/2026-07-12-00-44-26-314920-sweepi-4580) by extensions ['ros']
[0.304s] Level 1:colcon.colcon_core.package_identification:_identify(diagnostics/20260712_010514/ros_logs_snapshot/2026-07-12-00-44-26-314920-sweepi-4580) by extension 'ros'
[0.304s] Level 1:colcon.colcon_core.package_identification:_identify(diagnostics/20260712_010514/ros_logs_snapshot/2026-07-12-00-44-26-314920-sweepi-4580) by extensions ['cmake', 'python']
[0.304s] Level 1:colcon.colcon_core.package_identification:_identify(diagnostics/20260712_010514/ros_logs_snapshot/2026-07-12-00-44-26-314920-sweepi-4580) by extension 'cmake'
[0.304s] Level 1:colcon.colcon_core.package_identification:_identify(diagnostics/20260712_010514/ros_logs_snapshot/2026-07-12-00-44-26-314920-sweepi-4580) by extension 'python'
[0.304s] Level 1:colcon.colcon_core.package_identification:_identify(diagnostics/20260712_010514/ros_logs_snapshot/2026-07-12-00-44-26-314920-sweepi-4580) by extensions ['python_setup_py']
[0.304s] Level 1:colcon.colcon_core.package_identification:_identify(diagnostics/20260712_010514/ros_logs_snapshot/2026-07-12-00-44-26-314920-sweepi-4580) by extension 'python_setup_py'
[0.304s] Level 1:colcon.colcon_core.package_identification:_identify(diagnostics/20260712_010514/ros_logs_snapshot/latest) by extensions ['ignore', 'ignore_ament_install']
[0.305s] Level 1:colcon.colcon_core.package_identification:_identify(diagnostics/20260712_010514/ros_logs_snapshot/latest) by extension 'ignore'
[0.305s] Level 1:colcon.colcon_core.package_identification:_identify(diagnostics/20260712_010514/ros_logs_snapshot/latest) by extension 'ignore_ament_install'
[0.305s] Level 1:colcon.colcon_core.package_identification:_identify(diagnostics/20260712_010514/ros_logs_snapshot/latest) by extensions ['colcon_pkg']
[0.305s] Level 1:colcon.colcon_core.package_identification:_identify(diagnostics/20260712_010514/ros_logs_snapshot/latest) by extension 'colcon_pkg'
[0.305s] Level 1:colcon.colcon_core.package_identification:_identify(diagnostics/20260712_010514/ros_logs_snapshot/latest) by extensions ['colcon_meta']
[0.305s] Level 1:colcon.colcon_core.package_identification:_identify(diagnostics/20260712_010514/ros_logs_snapshot/latest) by extension 'colcon_meta'
[0.305s] Level 1:colcon.colcon_core.package_identification:_identify(diagnostics/20260712_010514/ros_logs_snapshot/latest) by extensions ['ros']
[0.305s] Level 1:colcon.colcon_core.package_identification:_identify(diagnostics/20260712_010514/ros_logs_snapshot/latest) by extension 'ros'
[0.305s] Level 1:colcon.colcon_core.package_identification:_identify(diagnostics/20260712_010514/ros_logs_snapshot/latest) by extensions ['cmake', 'python']
[0.305s] Level 1:colcon.colcon_core.package_identification:_identify(diagnostics/20260712_010514/ros_logs_snapshot/latest) by extension 'cmake'
[0.305s] Level 1:colcon.colcon_core.package_identification:_identify(diagnostics/20260712_010514/ros_logs_snapshot/latest) by extension 'python'
[0.305s] Level 1:colcon.colcon_core.package_identification:_identify(diagnostics/20260712_010514/ros_logs_snapshot/latest) by extensions ['python_setup_py']
[0.305s] Level 1:colcon.colcon_core.package_identification:_identify(diagnostics/20260712_010514/ros_logs_snapshot/latest) by extension 'python_setup_py'
[0.305s] Level 1:colcon.colcon_core.package_identification:_identify(docs) by extensions ['ignore', 'ignore_ament_install']
[0.305s] Level 1:colcon.colcon_core.package_identification:_identify(docs) by extension 'ignore'
[0.305s] Level 1:colcon.colcon_core.package_identification:_identify(docs) by extension 'ignore_ament_install'
[0.305s] Level 1:colcon.colcon_core.package_identification:_identify(docs) by extensions ['colcon_pkg']
[0.305s] Level 1:colcon.colcon_core.package_identification:_identify(docs) by extension 'colcon_pkg'
[0.305s] Level 1:colcon.colcon_core.package_identification:_identify(docs) by extensions ['colcon_meta']
[0.306s] Level 1:colcon.colcon_core.package_identification:_identify(docs) by extension 'colcon_meta'
[0.306s] Level 1:colcon.colcon_core.package_identification:_identify(docs) by extensions ['ros']
[0.306s] Level 1:colcon.colcon_core.package_identification:_identify(docs) by extension 'ros'
[0.306s] Level 1:colcon.colcon_core.package_identification:_identify(docs) by extensions ['cmake', 'python']
[0.306s] Level 1:colcon.colcon_core.package_identification:_identify(docs) by extension 'cmake'
[0.306s] Level 1:colcon.colcon_core.package_identification:_identify(docs) by extension 'python'
[0.306s] Level 1:colcon.colcon_core.package_identification:_identify(docs) by extensions ['python_setup_py']
[0.306s] Level 1:colcon.colcon_core.package_identification:_identify(docs) by extension 'python_setup_py'
[0.306s] Level 1:colcon.colcon_core.package_identification:_identify(install) by extensions ['ignore', 'ignore_ament_install']
[0.306s] Level 1:colcon.colcon_core.package_identification:_identify(install) by extension 'ignore'
[0.306s] Level 1:colcon.colcon_core.package_identification:_identify(install) ignored
[0.306s] Level 1:colcon.colcon_core.package_identification:_identify(install_diagnostic) by extensions ['ignore', 'ignore_ament_install']
[0.306s] Level 1:colcon.colcon_core.package_identification:_identify(install_diagnostic) by extension 'ignore'
[0.306s] Level 1:colcon.colcon_core.package_identification:_identify(install_diagnostic) ignored
[0.306s] Level 1:colcon.colcon_core.package_identification:_identify(log) by extensions ['ignore', 'ignore_ament_install']
[0.306s] Level 1:colcon.colcon_core.package_identification:_identify(log) by extension 'ignore'
[0.306s] Level 1:colcon.colcon_core.package_identification:_identify(log) ignored
[0.307s] Level 1:colcon.colcon_core.package_identification:_identify(log_diagnostic) by extensions ['ignore', 'ignore_ament_install']
[0.307s] Level 1:colcon.colcon_core.package_identification:_identify(log_diagnostic) by extension 'ignore'
[0.307s] Level 1:colcon.colcon_core.package_identification:_identify(log_diagnostic) ignored
[0.307s] Level 1:colcon.colcon_core.package_identification:_identify(maps) by extensions ['ignore', 'ignore_ament_install']
[0.307s] Level 1:colcon.colcon_core.package_identification:_identify(maps) by extension 'ignore'
[0.307s] Level 1:colcon.colcon_core.package_identification:_identify(maps) by extension 'ignore_ament_install'
[0.307s] Level 1:colcon.colcon_core.package_identification:_identify(maps) by extensions ['colcon_pkg']
[0.307s] Level 1:colcon.colcon_core.package_identification:_identify(maps) by extension 'colcon_pkg'
[0.307s] Level 1:colcon.colcon_core.package_identification:_identify(maps) by extensions ['colcon_meta']
[0.307s] Level 1:colcon.colcon_core.package_identification:_identify(maps) by extension 'colcon_meta'
[0.307s] Level 1:colcon.colcon_core.package_identification:_identify(maps) by extensions ['ros']
[0.307s] Level 1:colcon.colcon_core.package_identification:_identify(maps) by extension 'ros'
[0.307s] Level 1:colcon.colcon_core.package_identification:_identify(maps) by extensions ['cmake', 'python']
[0.307s] Level 1:colcon.colcon_core.package_identification:_identify(maps) by extension 'cmake'
[0.307s] Level 1:colcon.colcon_core.package_identification:_identify(maps) by extension 'python'
[0.307s] Level 1:colcon.colcon_core.package_identification:_identify(maps) by extensions ['python_setup_py']
[0.307s] Level 1:colcon.colcon_core.package_identification:_identify(maps) by extension 'python_setup_py'
[0.307s] Level 1:colcon.colcon_core.package_identification:_identify(src) by extensions ['ignore', 'ignore_ament_install']
[0.307s] Level 1:colcon.colcon_core.package_identification:_identify(src) by extension 'ignore'
[0.308s] Level 1:colcon.colcon_core.package_identification:_identify(src) by extension 'ignore_ament_install'
[0.308s] Level 1:colcon.colcon_core.package_identification:_identify(src) by extensions ['colcon_pkg']
[0.308s] Level 1:colcon.colcon_core.package_identification:_identify(src) by extension 'colcon_pkg'
[0.308s] Level 1:colcon.colcon_core.package_identification:_identify(src) by extensions ['colcon_meta']
[0.308s] Level 1:colcon.colcon_core.package_identification:_identify(src) by extension 'colcon_meta'
[0.308s] Level 1:colcon.colcon_core.package_identification:_identify(src) by extensions ['ros']
[0.308s] Level 1:colcon.colcon_core.package_identification:_identify(src) by extension 'ros'
[0.308s] Level 1:colcon.colcon_core.package_identification:_identify(src) by extensions ['cmake', 'python']
[0.308s] Level 1:colcon.colcon_core.package_identification:_identify(src) by extension 'cmake'
[0.308s] Level 1:colcon.colcon_core.package_identification:_identify(src) by extension 'python'
[0.308s] Level 1:colcon.colcon_core.package_identification:_identify(src) by extensions ['python_setup_py']
[0.308s] Level 1:colcon.colcon_core.package_identification:_identify(src) by extension 'python_setup_py'
[0.308s] Level 1:colcon.colcon_core.package_identification:_identify(src/sllidar_ros2) by extensions ['ignore', 'ignore_ament_install']
[0.308s] Level 1:colcon.colcon_core.package_identification:_identify(src/sllidar_ros2) by extension 'ignore'
[0.308s] Level 1:colcon.colcon_core.package_identification:_identify(src/sllidar_ros2) by extension 'ignore_ament_install'
[0.308s] Level 1:colcon.colcon_core.package_identification:_identify(src/sllidar_ros2) by extensions ['colcon_pkg']
[0.308s] Level 1:colcon.colcon_core.package_identification:_identify(src/sllidar_ros2) by extension 'colcon_pkg'
[0.308s] Level 1:colcon.colcon_core.package_identification:_identify(src/sllidar_ros2) by extensions ['colcon_meta']
[0.308s] Level 1:colcon.colcon_core.package_identification:_identify(src/sllidar_ros2) by extension 'colcon_meta'
[0.308s] Level 1:colcon.colcon_core.package_identification:_identify(src/sllidar_ros2) by extensions ['ros']
[0.308s] Level 1:colcon.colcon_core.package_identification:_identify(src/sllidar_ros2) by extension 'ros'
[0.312s] DEBUG:colcon.colcon_core.package_identification:Package 'src/sllidar_ros2' with type 'ros.ament_cmake' and name 'sllidar_ros2'
[0.312s] Level 1:colcon.colcon_core.package_identification:_identify(src/sweepi_api_bridge) by extensions ['ignore', 'ignore_ament_install']
[0.312s] Level 1:colcon.colcon_core.package_identification:_identify(src/sweepi_api_bridge) by extension 'ignore'
[0.312s] Level 1:colcon.colcon_core.package_identification:_identify(src/sweepi_api_bridge) by extension 'ignore_ament_install'
[0.312s] Level 1:colcon.colcon_core.package_identification:_identify(src/sweepi_api_bridge) by extensions ['colcon_pkg']
[0.312s] Level 1:colcon.colcon_core.package_identification:_identify(src/sweepi_api_bridge) by extension 'colcon_pkg'
[0.312s] Level 1:colcon.colcon_core.package_identification:_identify(src/sweepi_api_bridge) by extensions ['colcon_meta']
[0.312s] Level 1:colcon.colcon_core.package_identification:_identify(src/sweepi_api_bridge) by extension 'colcon_meta'
[0.312s] Level 1:colcon.colcon_core.package_identification:_identify(src/sweepi_api_bridge) by extensions ['ros']
[0.312s] Level 1:colcon.colcon_core.package_identification:_identify(src/sweepi_api_bridge) by extension 'ros'
[0.313s] DEBUG:colcon.colcon_core.package_identification:Package 'src/sweepi_api_bridge' with type 'ros.ament_python' and name 'sweepi_api_bridge'
[0.313s] Level 1:colcon.colcon_core.package_identification:_identify(src/sweepi_base_driver) by extensions ['ignore', 'ignore_ament_install']
[0.313s] Level 1:colcon.colcon_core.package_identification:_identify(src/sweepi_base_driver) by extension 'ignore'
[0.313s] Level 1:colcon.colcon_core.package_identification:_identify(src/sweepi_base_driver) by extension 'ignore_ament_install'
[0.314s] Level 1:colcon.colcon_core.package_identification:_identify(src/sweepi_base_driver) by extensions ['colcon_pkg']
[0.314s] Level 1:colcon.colcon_core.package_identification:_identify(src/sweepi_base_driver) by extension 'colcon_pkg'
[0.314s] Level 1:colcon.colcon_core.package_identification:_identify(src/sweepi_base_driver) by extensions ['colcon_meta']
[0.314s] Level 1:colcon.colcon_core.package_identification:_identify(src/sweepi_base_driver) by extension 'colcon_meta'
[0.314s] Level 1:colcon.colcon_core.package_identification:_identify(src/sweepi_base_driver) by extensions ['ros']
[0.314s] Level 1:colcon.colcon_core.package_identification:_identify(src/sweepi_base_driver) by extension 'ros'
[0.315s] DEBUG:colcon.colcon_core.package_identification:Package 'src/sweepi_base_driver' with type 'ros.ament_python' and name 'sweepi_base_driver'
[0.315s] Level 1:colcon.colcon_core.package_identification:_identify(src/sweepi_bringup) by extensions ['ignore', 'ignore_ament_install']
[0.315s] Level 1:colcon.colcon_core.package_identification:_identify(src/sweepi_bringup) by extension 'ignore'
[0.315s] Level 1:colcon.colcon_core.package_identification:_identify(src/sweepi_bringup) by extension 'ignore_ament_install'
[0.315s] Level 1:colcon.colcon_core.package_identification:_identify(src/sweepi_bringup) by extensions ['colcon_pkg']
[0.315s] Level 1:colcon.colcon_core.package_identification:_identify(src/sweepi_bringup) by extension 'colcon_pkg'
[0.315s] Level 1:colcon.colcon_core.package_identification:_identify(src/sweepi_bringup) by extensions ['colcon_meta']
[0.315s] Level 1:colcon.colcon_core.package_identification:_identify(src/sweepi_bringup) by extension 'colcon_meta'
[0.315s] Level 1:colcon.colcon_core.package_identification:_identify(src/sweepi_bringup) by extensions ['ros']
[0.315s] Level 1:colcon.colcon_core.package_identification:_identify(src/sweepi_bringup) by extension 'ros'
[0.318s] DEBUG:colcon.colcon_core.package_identification:Package 'src/sweepi_bringup' with type 'ros.ament_cmake' and name 'sweepi_bringup'
[0.318s] Level 1:colcon.colcon_core.package_identification:_identify(src/sweepi_coverage) by extensions ['ignore', 'ignore_ament_install']
[0.318s] Level 1:colcon.colcon_core.package_identification:_identify(src/sweepi_coverage) by extension 'ignore'
[0.318s] Level 1:colcon.colcon_core.package_identification:_identify(src/sweepi_coverage) by extension 'ignore_ament_install'
[0.318s] Level 1:colcon.colcon_core.package_identification:_identify(src/sweepi_coverage) by extensions ['colcon_pkg']
[0.318s] Level 1:colcon.colcon_core.package_identification:_identify(src/sweepi_coverage) by extension 'colcon_pkg'
[0.318s] Level 1:colcon.colcon_core.package_identification:_identify(src/sweepi_coverage) by extensions ['colcon_meta']
[0.318s] Level 1:colcon.colcon_core.package_identification:_identify(src/sweepi_coverage) by extension 'colcon_meta'
[0.319s] Level 1:colcon.colcon_core.package_identification:_identify(src/sweepi_coverage) by extensions ['ros']
[0.319s] Level 1:colcon.colcon_core.package_identification:_identify(src/sweepi_coverage) by extension 'ros'
[0.320s] DEBUG:colcon.colcon_core.package_identification:Package 'src/sweepi_coverage' with type 'ros.ament_cmake' and name 'sweepi_coverage'
[0.320s] Level 1:colcon.colcon_core.package_identification:_identify(src/sweepi_description) by extensions ['ignore', 'ignore_ament_install']
[0.320s] Level 1:colcon.colcon_core.package_identification:_identify(src/sweepi_description) by extension 'ignore'
[0.320s] Level 1:colcon.colcon_core.package_identification:_identify(src/sweepi_description) by extension 'ignore_ament_install'
[0.320s] Level 1:colcon.colcon_core.package_identification:_identify(src/sweepi_description) by extensions ['colcon_pkg']
[0.320s] Level 1:colcon.colcon_core.package_identification:_identify(src/sweepi_description) by extension 'colcon_pkg'
[0.320s] Level 1:colcon.colcon_core.package_identification:_identify(src/sweepi_description) by extensions ['colcon_meta']
[0.320s] Level 1:colcon.colcon_core.package_identification:_identify(src/sweepi_description) by extension 'colcon_meta'
[0.320s] Level 1:colcon.colcon_core.package_identification:_identify(src/sweepi_description) by extensions ['ros']
[0.320s] Level 1:colcon.colcon_core.package_identification:_identify(src/sweepi_description) by extension 'ros'
[0.321s] DEBUG:colcon.colcon_core.package_identification:Package 'src/sweepi_description' with type 'ros.ament_cmake' and name 'sweepi_description'
[0.321s] Level 1:colcon.colcon_core.package_identification:_identify(src/sweepi_exploration) by extensions ['ignore', 'ignore_ament_install']
[0.321s] Level 1:colcon.colcon_core.package_identification:_identify(src/sweepi_exploration) by extension 'ignore'
[0.321s] Level 1:colcon.colcon_core.package_identification:_identify(src/sweepi_exploration) by extension 'ignore_ament_install'
[0.321s] Level 1:colcon.colcon_core.package_identification:_identify(src/sweepi_exploration) by extensions ['colcon_pkg']
[0.321s] Level 1:colcon.colcon_core.package_identification:_identify(src/sweepi_exploration) by extension 'colcon_pkg'
[0.321s] Level 1:colcon.colcon_core.package_identification:_identify(src/sweepi_exploration) by extensions ['colcon_meta']
[0.321s] Level 1:colcon.colcon_core.package_identification:_identify(src/sweepi_exploration) by extension 'colcon_meta'
[0.321s] Level 1:colcon.colcon_core.package_identification:_identify(src/sweepi_exploration) by extensions ['ros']
[0.321s] Level 1:colcon.colcon_core.package_identification:_identify(src/sweepi_exploration) by extension 'ros'
[0.322s] DEBUG:colcon.colcon_core.package_identification:Package 'src/sweepi_exploration' with type 'ros.ament_cmake' and name 'sweepi_exploration'
[0.322s] Level 1:colcon.colcon_core.package_identification:_identify(src/sweepi_real_bringup) by extensions ['ignore', 'ignore_ament_install']
[0.323s] Level 1:colcon.colcon_core.package_identification:_identify(src/sweepi_real_bringup) by extension 'ignore'
[0.323s] Level 1:colcon.colcon_core.package_identification:_identify(src/sweepi_real_bringup) by extension 'ignore_ament_install'
[0.323s] Level 1:colcon.colcon_core.package_identification:_identify(src/sweepi_real_bringup) by extensions ['colcon_pkg']
[0.323s] Level 1:colcon.colcon_core.package_identification:_identify(src/sweepi_real_bringup) by extension 'colcon_pkg'
[0.323s] Level 1:colcon.colcon_core.package_identification:_identify(src/sweepi_real_bringup) by extensions ['colcon_meta']
[0.323s] Level 1:colcon.colcon_core.package_identification:_identify(src/sweepi_real_bringup) by extension 'colcon_meta'
[0.323s] Level 1:colcon.colcon_core.package_identification:_identify(src/sweepi_real_bringup) by extensions ['ros']
[0.323s] Level 1:colcon.colcon_core.package_identification:_identify(src/sweepi_real_bringup) by extension 'ros'
[0.323s] DEBUG:colcon.colcon_core.package_identification:Package 'src/sweepi_real_bringup' with type 'ros.ament_cmake' and name 'sweepi_real_bringup'
[0.323s] Level 1:colcon.colcon_core.package_identification:_identify(src/sweepi_robot_manager) by extensions ['ignore', 'ignore_ament_install']
[0.324s] Level 1:colcon.colcon_core.package_identification:_identify(src/sweepi_robot_manager) by extension 'ignore'
[0.324s] Level 1:colcon.colcon_core.package_identification:_identify(src/sweepi_robot_manager) by extension 'ignore_ament_install'
[0.324s] Level 1:colcon.colcon_core.package_identification:_identify(src/sweepi_robot_manager) by extensions ['colcon_pkg']
[0.324s] Level 1:colcon.colcon_core.package_identification:_identify(src/sweepi_robot_manager) by extension 'colcon_pkg'
[0.324s] Level 1:colcon.colcon_core.package_identification:_identify(src/sweepi_robot_manager) by extensions ['colcon_meta']
[0.324s] Level 1:colcon.colcon_core.package_identification:_identify(src/sweepi_robot_manager) by extension 'colcon_meta'
[0.324s] Level 1:colcon.colcon_core.package_identification:_identify(src/sweepi_robot_manager) by extensions ['ros']
[0.324s] Level 1:colcon.colcon_core.package_identification:_identify(src/sweepi_robot_manager) by extension 'ros'
[0.325s] DEBUG:colcon.colcon_core.package_identification:Package 'src/sweepi_robot_manager' with type 'ros.ament_cmake' and name 'sweepi_robot_manager'
[0.325s] Level 1:colcon.colcon_core.package_identification:_identify(src/sweepi_robot_manager_interfaces) by extensions ['ignore', 'ignore_ament_install']
[0.325s] Level 1:colcon.colcon_core.package_identification:_identify(src/sweepi_robot_manager_interfaces) by extension 'ignore'
[0.325s] Level 1:colcon.colcon_core.package_identification:_identify(src/sweepi_robot_manager_interfaces) by extension 'ignore_ament_install'
[0.325s] Level 1:colcon.colcon_core.package_identification:_identify(src/sweepi_robot_manager_interfaces) by extensions ['colcon_pkg']
[0.325s] Level 1:colcon.colcon_core.package_identification:_identify(src/sweepi_robot_manager_interfaces) by extension 'colcon_pkg'
[0.325s] Level 1:colcon.colcon_core.package_identification:_identify(src/sweepi_robot_manager_interfaces) by extensions ['colcon_meta']
[0.325s] Level 1:colcon.colcon_core.package_identification:_identify(src/sweepi_robot_manager_interfaces) by extension 'colcon_meta'
[0.325s] Level 1:colcon.colcon_core.package_identification:_identify(src/sweepi_robot_manager_interfaces) by extensions ['ros']
[0.325s] Level 1:colcon.colcon_core.package_identification:_identify(src/sweepi_robot_manager_interfaces) by extension 'ros'
[0.326s] DEBUG:colcon.colcon_core.package_identification:Package 'src/sweepi_robot_manager_interfaces' with type 'ros.ament_cmake' and name 'sweepi_robot_manager_interfaces'
[0.326s] Level 1:colcon.colcon_core.package_identification:_identify(src/sweepi_slam) by extensions ['ignore', 'ignore_ament_install']
[0.326s] Level 1:colcon.colcon_core.package_identification:_identify(src/sweepi_slam) by extension 'ignore'
[0.326s] Level 1:colcon.colcon_core.package_identification:_identify(src/sweepi_slam) by extension 'ignore_ament_install'
[0.326s] Level 1:colcon.colcon_core.package_identification:_identify(src/sweepi_slam) by extensions ['colcon_pkg']
[0.326s] Level 1:colcon.colcon_core.package_identification:_identify(src/sweepi_slam) by extension 'colcon_pkg'
[0.326s] Level 1:colcon.colcon_core.package_identification:_identify(src/sweepi_slam) by extensions ['colcon_meta']
[0.326s] Level 1:colcon.colcon_core.package_identification:_identify(src/sweepi_slam) by extension 'colcon_meta'
[0.326s] Level 1:colcon.colcon_core.package_identification:_identify(src/sweepi_slam) by extensions ['ros']
[0.326s] Level 1:colcon.colcon_core.package_identification:_identify(src/sweepi_slam) by extension 'ros'
[0.328s] DEBUG:colcon.colcon_core.package_identification:Package 'src/sweepi_slam' with type 'ros.ament_cmake' and name 'sweepi_slam'
[0.328s] Level 1:colcon.colcon_core.package_identification:_identify(src/sweepi_state_estimation) by extensions ['ignore', 'ignore_ament_install']
[0.328s] Level 1:colcon.colcon_core.package_identification:_identify(src/sweepi_state_estimation) by extension 'ignore'
[0.328s] Level 1:colcon.colcon_core.package_identification:_identify(src/sweepi_state_estimation) by extension 'ignore_ament_install'
[0.328s] Level 1:colcon.colcon_core.package_identification:_identify(src/sweepi_state_estimation) by extensions ['colcon_pkg']
[0.328s] Level 1:colcon.colcon_core.package_identification:_identify(src/sweepi_state_estimation) by extension 'colcon_pkg'
[0.328s] Level 1:colcon.colcon_core.package_identification:_identify(src/sweepi_state_estimation) by extensions ['colcon_meta']
[0.328s] Level 1:colcon.colcon_core.package_identification:_identify(src/sweepi_state_estimation) by extension 'colcon_meta'
[0.328s] Level 1:colcon.colcon_core.package_identification:_identify(src/sweepi_state_estimation) by extensions ['ros']
[0.328s] Level 1:colcon.colcon_core.package_identification:_identify(src/sweepi_state_estimation) by extension 'ros'
[0.329s] DEBUG:colcon.colcon_core.package_identification:Package 'src/sweepi_state_estimation' with type 'ros.ament_cmake' and name 'sweepi_state_estimation'
[0.329s] Level 1:colcon.colcon_core.package_identification:_identify(src/sweepi_temp_rpi_hardware) by extensions ['ignore', 'ignore_ament_install']
[0.329s] Level 1:colcon.colcon_core.package_identification:_identify(src/sweepi_temp_rpi_hardware) by extension 'ignore'
[0.329s] Level 1:colcon.colcon_core.package_identification:_identify(src/sweepi_temp_rpi_hardware) by extension 'ignore_ament_install'
[0.329s] Level 1:colcon.colcon_core.package_identification:_identify(src/sweepi_temp_rpi_hardware) by extensions ['colcon_pkg']
[0.329s] Level 1:colcon.colcon_core.package_identification:_identify(src/sweepi_temp_rpi_hardware) by extension 'colcon_pkg'
[0.329s] Level 1:colcon.colcon_core.package_identification:_identify(src/sweepi_temp_rpi_hardware) by extensions ['colcon_meta']
[0.329s] Level 1:colcon.colcon_core.package_identification:_identify(src/sweepi_temp_rpi_hardware) by extension 'colcon_meta'
[0.329s] Level 1:colcon.colcon_core.package_identification:_identify(src/sweepi_temp_rpi_hardware) by extensions ['ros']
[0.329s] Level 1:colcon.colcon_core.package_identification:_identify(src/sweepi_temp_rpi_hardware) by extension 'ros'
[0.330s] DEBUG:colcon.colcon_core.package_identification:Package 'src/sweepi_temp_rpi_hardware' with type 'ros.ament_python' and name 'sweepi_temp_rpi_hardware'
[0.330s] Level 1:colcon.colcon_core.package_discovery:discover_packages(recursive) using defaults
[0.330s] Level 1:colcon.colcon_core.package_discovery:discover_packages(ignore) discover
[0.330s] Level 1:colcon.colcon_core.package_discovery:discover_packages(ignore) using defaults
[0.330s] Level 1:colcon.colcon_core.package_discovery:discover_packages(path) discover
[0.330s] Level 1:colcon.colcon_core.package_discovery:discover_packages(path) using defaults
[0.363s] Level 1:colcon.colcon_core.package_discovery:discover_packages(prefix_path) check parameters
[0.363s] Level 1:colcon.colcon_core.package_discovery:discover_packages(prefix_path) discover
[0.371s] DEBUG:colcon.colcon_installed_package_information.package_discovery:Found 13 installed packages in /home/sweepi/SweePi/install
[0.374s] DEBUG:colcon.colcon_installed_package_information.package_discovery:Found 395 installed packages in /opt/ros/jazzy
[0.375s] Level 1:colcon.colcon_core.package_discovery:discover_packages(prefix_path) using defaults
[0.463s] Level 5:colcon.colcon_core.verb:set package 'sllidar_ros2' build argument 'cmake_args' from command line to 'None'
[0.463s] Level 5:colcon.colcon_core.verb:set package 'sllidar_ros2' build argument 'cmake_target' from command line to 'None'
[0.463s] Level 5:colcon.colcon_core.verb:set package 'sllidar_ros2' build argument 'cmake_target_skip_unavailable' from command line to 'False'
[0.463s] Level 5:colcon.colcon_core.verb:set package 'sllidar_ros2' build argument 'cmake_clean_cache' from command line to 'False'
[0.463s] Level 5:colcon.colcon_core.verb:set package 'sllidar_ros2' build argument 'cmake_clean_first' from command line to 'False'
[0.463s] Level 5:colcon.colcon_core.verb:set package 'sllidar_ros2' build argument 'cmake_force_configure' from command line to 'False'
[0.463s] Level 5:colcon.colcon_core.verb:set package 'sllidar_ros2' build argument 'ament_cmake_args' from command line to 'None'
[0.463s] Level 5:colcon.colcon_core.verb:set package 'sllidar_ros2' build argument 'catkin_cmake_args' from command line to 'None'
[0.463s] Level 5:colcon.colcon_core.verb:set package 'sllidar_ros2' build argument 'catkin_skip_building_tests' from command line to 'False'
[0.463s] DEBUG:colcon.colcon_core.verb:Building package 'sllidar_ros2' with the following arguments: {'ament_cmake_args': None, 'build_base': '/home/sweepi/SweePi/build_diagnostic/sllidar_ros2', 'catkin_cmake_args': None, 'catkin_skip_building_tests': False, 'cmake_args': None, 'cmake_clean_cache': False, 'cmake_clean_first': False, 'cmake_force_configure': False, 'cmake_target': None, 'cmake_target_skip_unavailable': False, 'install_base': '/home/sweepi/SweePi/install_diagnostic/sllidar_ros2', 'merge_install': False, 'path': '/home/sweepi/SweePi/src/sllidar_ros2', 'symlink_install': True, 'test_result_base': None}
[0.464s] Level 5:colcon.colcon_core.verb:set package 'sweepi_base_driver' build argument 'cmake_args' from command line to 'None'
[0.464s] Level 5:colcon.colcon_core.verb:set package 'sweepi_base_driver' build argument 'cmake_target' from command line to 'None'
[0.464s] Level 5:colcon.colcon_core.verb:set package 'sweepi_base_driver' build argument 'cmake_target_skip_unavailable' from command line to 'False'
[0.464s] Level 5:colcon.colcon_core.verb:set package 'sweepi_base_driver' build argument 'cmake_clean_cache' from command line to 'False'
[0.464s] Level 5:colcon.colcon_core.verb:set package 'sweepi_base_driver' build argument 'cmake_clean_first' from command line to 'False'
[0.464s] Level 5:colcon.colcon_core.verb:set package 'sweepi_base_driver' build argument 'cmake_force_configure' from command line to 'False'
[0.464s] Level 5:colcon.colcon_core.verb:set package 'sweepi_base_driver' build argument 'ament_cmake_args' from command line to 'None'
[0.464s] Level 5:colcon.colcon_core.verb:set package 'sweepi_base_driver' build argument 'catkin_cmake_args' from command line to 'None'
[0.464s] Level 5:colcon.colcon_core.verb:set package 'sweepi_base_driver' build argument 'catkin_skip_building_tests' from command line to 'False'
[0.464s] DEBUG:colcon.colcon_core.verb:Building package 'sweepi_base_driver' with the following arguments: {'ament_cmake_args': None, 'build_base': '/home/sweepi/SweePi/build_diagnostic/sweepi_base_driver', 'catkin_cmake_args': None, 'catkin_skip_building_tests': False, 'cmake_args': None, 'cmake_clean_cache': False, 'cmake_clean_first': False, 'cmake_force_configure': False, 'cmake_target': None, 'cmake_target_skip_unavailable': False, 'install_base': '/home/sweepi/SweePi/install_diagnostic/sweepi_base_driver', 'merge_install': False, 'path': '/home/sweepi/SweePi/src/sweepi_base_driver', 'symlink_install': True, 'test_result_base': None}
[0.465s] Level 5:colcon.colcon_core.verb:set package 'sweepi_coverage' build argument 'cmake_args' from command line to 'None'
[0.465s] Level 5:colcon.colcon_core.verb:set package 'sweepi_coverage' build argument 'cmake_target' from command line to 'None'
[0.465s] Level 5:colcon.colcon_core.verb:set package 'sweepi_coverage' build argument 'cmake_target_skip_unavailable' from command line to 'False'
[0.465s] Level 5:colcon.colcon_core.verb:set package 'sweepi_coverage' build argument 'cmake_clean_cache' from command line to 'False'
[0.465s] Level 5:colcon.colcon_core.verb:set package 'sweepi_coverage' build argument 'cmake_clean_first' from command line to 'False'
[0.465s] Level 5:colcon.colcon_core.verb:set package 'sweepi_coverage' build argument 'cmake_force_configure' from command line to 'False'
[0.465s] Level 5:colcon.colcon_core.verb:set package 'sweepi_coverage' build argument 'ament_cmake_args' from command line to 'None'
[0.465s] Level 5:colcon.colcon_core.verb:set package 'sweepi_coverage' build argument 'catkin_cmake_args' from command line to 'None'
[0.465s] Level 5:colcon.colcon_core.verb:set package 'sweepi_coverage' build argument 'catkin_skip_building_tests' from command line to 'False'
[0.465s] DEBUG:colcon.colcon_core.verb:Building package 'sweepi_coverage' with the following arguments: {'ament_cmake_args': None, 'build_base': '/home/sweepi/SweePi/build_diagnostic/sweepi_coverage', 'catkin_cmake_args': None, 'catkin_skip_building_tests': False, 'cmake_args': None, 'cmake_clean_cache': False, 'cmake_clean_first': False, 'cmake_force_configure': False, 'cmake_target': None, 'cmake_target_skip_unavailable': False, 'install_base': '/home/sweepi/SweePi/install_diagnostic/sweepi_coverage', 'merge_install': False, 'path': '/home/sweepi/SweePi/src/sweepi_coverage', 'symlink_install': True, 'test_result_base': None}
[0.465s] Level 5:colcon.colcon_core.verb:set package 'sweepi_description' build argument 'cmake_args' from command line to 'None'
[0.465s] Level 5:colcon.colcon_core.verb:set package 'sweepi_description' build argument 'cmake_target' from command line to 'None'
[0.465s] Level 5:colcon.colcon_core.verb:set package 'sweepi_description' build argument 'cmake_target_skip_unavailable' from command line to 'False'
[0.465s] Level 5:colcon.colcon_core.verb:set package 'sweepi_description' build argument 'cmake_clean_cache' from command line to 'False'
[0.465s] Level 5:colcon.colcon_core.verb:set package 'sweepi_description' build argument 'cmake_clean_first' from command line to 'False'
[0.465s] Level 5:colcon.colcon_core.verb:set package 'sweepi_description' build argument 'cmake_force_configure' from command line to 'False'
[0.465s] Level 5:colcon.colcon_core.verb:set package 'sweepi_description' build argument 'ament_cmake_args' from command line to 'None'
[0.465s] Level 5:colcon.colcon_core.verb:set package 'sweepi_description' build argument 'catkin_cmake_args' from command line to 'None'
[0.465s] Level 5:colcon.colcon_core.verb:set package 'sweepi_description' build argument 'catkin_skip_building_tests' from command line to 'False'
[0.465s] DEBUG:colcon.colcon_core.verb:Building package 'sweepi_description' with the following arguments: {'ament_cmake_args': None, 'build_base': '/home/sweepi/SweePi/build_diagnostic/sweepi_description', 'catkin_cmake_args': None, 'catkin_skip_building_tests': False, 'cmake_args': None, 'cmake_clean_cache': False, 'cmake_clean_first': False, 'cmake_force_configure': False, 'cmake_target': None, 'cmake_target_skip_unavailable': False, 'install_base': '/home/sweepi/SweePi/install_diagnostic/sweepi_description', 'merge_install': False, 'path': '/home/sweepi/SweePi/src/sweepi_description', 'symlink_install': True, 'test_result_base': None}
[0.466s] Level 5:colcon.colcon_core.verb:set package 'sweepi_robot_manager_interfaces' build argument 'cmake_args' from command line to 'None'
[0.466s] Level 5:colcon.colcon_core.verb:set package 'sweepi_robot_manager_interfaces' build argument 'cmake_target' from command line to 'None'
[0.466s] Level 5:colcon.colcon_core.verb:set package 'sweepi_robot_manager_interfaces' build argument 'cmake_target_skip_unavailable' from command line to 'False'
[0.466s] Level 5:colcon.colcon_core.verb:set package 'sweepi_robot_manager_interfaces' build argument 'cmake_clean_cache' from command line to 'False'
[0.466s] Level 5:colcon.colcon_core.verb:set package 'sweepi_robot_manager_interfaces' build argument 'cmake_clean_first' from command line to 'False'
[0.466s] Level 5:colcon.colcon_core.verb:set package 'sweepi_robot_manager_interfaces' build argument 'cmake_force_configure' from command line to 'False'
[0.466s] Level 5:colcon.colcon_core.verb:set package 'sweepi_robot_manager_interfaces' build argument 'ament_cmake_args' from command line to 'None'
[0.466s] Level 5:colcon.colcon_core.verb:set package 'sweepi_robot_manager_interfaces' build argument 'catkin_cmake_args' from command line to 'None'
[0.466s] Level 5:colcon.colcon_core.verb:set package 'sweepi_robot_manager_interfaces' build argument 'catkin_skip_building_tests' from command line to 'False'
[0.466s] DEBUG:colcon.colcon_core.verb:Building package 'sweepi_robot_manager_interfaces' with the following arguments: {'ament_cmake_args': None, 'build_base': '/home/sweepi/SweePi/build_diagnostic/sweepi_robot_manager_interfaces', 'catkin_cmake_args': None, 'catkin_skip_building_tests': False, 'cmake_args': None, 'cmake_clean_cache': False, 'cmake_clean_first': False, 'cmake_force_configure': False, 'cmake_target': None, 'cmake_target_skip_unavailable': False, 'install_base': '/home/sweepi/SweePi/install_diagnostic/sweepi_robot_manager_interfaces', 'merge_install': False, 'path': '/home/sweepi/SweePi/src/sweepi_robot_manager_interfaces', 'symlink_install': True, 'test_result_base': None}
[0.466s] Level 5:colcon.colcon_core.verb:set package 'sweepi_slam' build argument 'cmake_args' from command line to 'None'
[0.466s] Level 5:colcon.colcon_core.verb:set package 'sweepi_slam' build argument 'cmake_target' from command line to 'None'
[0.466s] Level 5:colcon.colcon_core.verb:set package 'sweepi_slam' build argument 'cmake_target_skip_unavailable' from command line to 'False'
[0.466s] Level 5:colcon.colcon_core.verb:set package 'sweepi_slam' build argument 'cmake_clean_cache' from command line to 'False'
[0.466s] Level 5:colcon.colcon_core.verb:set package 'sweepi_slam' build argument 'cmake_clean_first' from command line to 'False'
[0.466s] Level 5:colcon.colcon_core.verb:set package 'sweepi_slam' build argument 'cmake_force_configure' from command line to 'False'
[0.466s] Level 5:colcon.colcon_core.verb:set package 'sweepi_slam' build argument 'ament_cmake_args' from command line to 'None'
[0.466s] Level 5:colcon.colcon_core.verb:set package 'sweepi_slam' build argument 'catkin_cmake_args' from command line to 'None'
[0.466s] Level 5:colcon.colcon_core.verb:set package 'sweepi_slam' build argument 'catkin_skip_building_tests' from command line to 'False'
[0.466s] DEBUG:colcon.colcon_core.verb:Building package 'sweepi_slam' with the following arguments: {'ament_cmake_args': None, 'build_base': '/home/sweepi/SweePi/build_diagnostic/sweepi_slam', 'catkin_cmake_args': None, 'catkin_skip_building_tests': False, 'cmake_args': None, 'cmake_clean_cache': False, 'cmake_clean_first': False, 'cmake_force_configure': False, 'cmake_target': None, 'cmake_target_skip_unavailable': False, 'install_base': '/home/sweepi/SweePi/install_diagnostic/sweepi_slam', 'merge_install': False, 'path': '/home/sweepi/SweePi/src/sweepi_slam', 'symlink_install': True, 'test_result_base': None}
[0.467s] Level 5:colcon.colcon_core.verb:set package 'sweepi_state_estimation' build argument 'cmake_args' from command line to 'None'
[0.467s] Level 5:colcon.colcon_core.verb:set package 'sweepi_state_estimation' build argument 'cmake_target' from command line to 'None'
[0.467s] Level 5:colcon.colcon_core.verb:set package 'sweepi_state_estimation' build argument 'cmake_target_skip_unavailable' from command line to 'False'
[0.467s] Level 5:colcon.colcon_core.verb:set package 'sweepi_state_estimation' build argument 'cmake_clean_cache' from command line to 'False'
[0.467s] Level 5:colcon.colcon_core.verb:set package 'sweepi_state_estimation' build argument 'cmake_clean_first' from command line to 'False'
[0.467s] Level 5:colcon.colcon_core.verb:set package 'sweepi_state_estimation' build argument 'cmake_force_configure' from command line to 'False'
[0.467s] Level 5:colcon.colcon_core.verb:set package 'sweepi_state_estimation' build argument 'ament_cmake_args' from command line to 'None'
[0.467s] Level 5:colcon.colcon_core.verb:set package 'sweepi_state_estimation' build argument 'catkin_cmake_args' from command line to 'None'
[0.467s] Level 5:colcon.colcon_core.verb:set package 'sweepi_state_estimation' build argument 'catkin_skip_building_tests' from command line to 'False'
[0.467s] DEBUG:colcon.colcon_core.verb:Building package 'sweepi_state_estimation' with the following arguments: {'ament_cmake_args': None, 'build_base': '/home/sweepi/SweePi/build_diagnostic/sweepi_state_estimation', 'catkin_cmake_args': None, 'catkin_skip_building_tests': False, 'cmake_args': None, 'cmake_clean_cache': False, 'cmake_clean_first': False, 'cmake_force_configure': False, 'cmake_target': None, 'cmake_target_skip_unavailable': False, 'install_base': '/home/sweepi/SweePi/install_diagnostic/sweepi_state_estimation', 'merge_install': False, 'path': '/home/sweepi/SweePi/src/sweepi_state_estimation', 'symlink_install': True, 'test_result_base': None}
[0.467s] Level 5:colcon.colcon_core.verb:set package 'sweepi_temp_rpi_hardware' build argument 'cmake_args' from command line to 'None'
[0.467s] Level 5:colcon.colcon_core.verb:set package 'sweepi_temp_rpi_hardware' build argument 'cmake_target' from command line to 'None'
[0.467s] Level 5:colcon.colcon_core.verb:set package 'sweepi_temp_rpi_hardware' build argument 'cmake_target_skip_unavailable' from command line to 'False'
[0.467s] Level 5:colcon.colcon_core.verb:set package 'sweepi_temp_rpi_hardware' build argument 'cmake_clean_cache' from command line to 'False'
[0.467s] Level 5:colcon.colcon_core.verb:set package 'sweepi_temp_rpi_hardware' build argument 'cmake_clean_first' from command line to 'False'
[0.467s] Level 5:colcon.colcon_core.verb:set package 'sweepi_temp_rpi_hardware' build argument 'cmake_force_configure' from command line to 'False'
[0.467s] Level 5:colcon.colcon_core.verb:set package 'sweepi_temp_rpi_hardware' build argument 'ament_cmake_args' from command line to 'None'
[0.467s] Level 5:colcon.colcon_core.verb:set package 'sweepi_temp_rpi_hardware' build argument 'catkin_cmake_args' from command line to 'None'
[0.467s] Level 5:colcon.colcon_core.verb:set package 'sweepi_temp_rpi_hardware' build argument 'catkin_skip_building_tests' from command line to 'False'
[0.467s] DEBUG:colcon.colcon_core.verb:Building package 'sweepi_temp_rpi_hardware' with the following arguments: {'ament_cmake_args': None, 'build_base': '/home/sweepi/SweePi/build_diagnostic/sweepi_temp_rpi_hardware', 'catkin_cmake_args': None, 'catkin_skip_building_tests': False, 'cmake_args': None, 'cmake_clean_cache': False, 'cmake_clean_first': False, 'cmake_force_configure': False, 'cmake_target': None, 'cmake_target_skip_unavailable': False, 'install_base': '/home/sweepi/SweePi/install_diagnostic/sweepi_temp_rpi_hardware', 'merge_install': False, 'path': '/home/sweepi/SweePi/src/sweepi_temp_rpi_hardware', 'symlink_install': True, 'test_result_base': None}
[0.468s] Level 5:colcon.colcon_core.verb:set package 'sweepi_api_bridge' build argument 'cmake_args' from command line to 'None'
[0.468s] Level 5:colcon.colcon_core.verb:set package 'sweepi_api_bridge' build argument 'cmake_target' from command line to 'None'
[0.468s] Level 5:colcon.colcon_core.verb:set package 'sweepi_api_bridge' build argument 'cmake_target_skip_unavailable' from command line to 'False'
[0.468s] Level 5:colcon.colcon_core.verb:set package 'sweepi_api_bridge' build argument 'cmake_clean_cache' from command line to 'False'
[0.468s] Level 5:colcon.colcon_core.verb:set package 'sweepi_api_bridge' build argument 'cmake_clean_first' from command line to 'False'
[0.468s] Level 5:colcon.colcon_core.verb:set package 'sweepi_api_bridge' build argument 'cmake_force_configure' from command line to 'False'
[0.468s] Level 5:colcon.colcon_core.verb:set package 'sweepi_api_bridge' build argument 'ament_cmake_args' from command line to 'None'
[0.468s] Level 5:colcon.colcon_core.verb:set package 'sweepi_api_bridge' build argument 'catkin_cmake_args' from command line to 'None'
[0.468s] Level 5:colcon.colcon_core.verb:set package 'sweepi_api_bridge' build argument 'catkin_skip_building_tests' from command line to 'False'
[0.468s] DEBUG:colcon.colcon_core.verb:Building package 'sweepi_api_bridge' with the following arguments: {'ament_cmake_args': None, 'build_base': '/home/sweepi/SweePi/build_diagnostic/sweepi_api_bridge', 'catkin_cmake_args': None, 'catkin_skip_building_tests': False, 'cmake_args': None, 'cmake_clean_cache': False, 'cmake_clean_first': False, 'cmake_force_configure': False, 'cmake_target': None, 'cmake_target_skip_unavailable': False, 'install_base': '/home/sweepi/SweePi/install_diagnostic/sweepi_api_bridge', 'merge_install': False, 'path': '/home/sweepi/SweePi/src/sweepi_api_bridge', 'symlink_install': True, 'test_result_base': None}
[0.468s] Level 5:colcon.colcon_core.verb:set package 'sweepi_bringup' build argument 'cmake_args' from command line to 'None'
[0.468s] Level 5:colcon.colcon_core.verb:set package 'sweepi_bringup' build argument 'cmake_target' from command line to 'None'
[0.468s] Level 5:colcon.colcon_core.verb:set package 'sweepi_bringup' build argument 'cmake_target_skip_unavailable' from command line to 'False'
[0.468s] Level 5:colcon.colcon_core.verb:set package 'sweepi_bringup' build argument 'cmake_clean_cache' from command line to 'False'
[0.468s] Level 5:colcon.colcon_core.verb:set package 'sweepi_bringup' build argument 'cmake_clean_first' from command line to 'False'
[0.468s] Level 5:colcon.colcon_core.verb:set package 'sweepi_bringup' build argument 'cmake_force_configure' from command line to 'False'
[0.468s] Level 5:colcon.colcon_core.verb:set package 'sweepi_bringup' build argument 'ament_cmake_args' from command line to 'None'
[0.468s] Level 5:colcon.colcon_core.verb:set package 'sweepi_bringup' build argument 'catkin_cmake_args' from command line to 'None'
[0.468s] Level 5:colcon.colcon_core.verb:set package 'sweepi_bringup' build argument 'catkin_skip_building_tests' from command line to 'False'
[0.468s] DEBUG:colcon.colcon_core.verb:Building package 'sweepi_bringup' with the following arguments: {'ament_cmake_args': None, 'build_base': '/home/sweepi/SweePi/build_diagnostic/sweepi_bringup', 'catkin_cmake_args': None, 'catkin_skip_building_tests': False, 'cmake_args': None, 'cmake_clean_cache': False, 'cmake_clean_first': False, 'cmake_force_configure': False, 'cmake_target': None, 'cmake_target_skip_unavailable': False, 'install_base': '/home/sweepi/SweePi/install_diagnostic/sweepi_bringup', 'merge_install': False, 'path': '/home/sweepi/SweePi/src/sweepi_bringup', 'symlink_install': True, 'test_result_base': None}
[0.469s] Level 5:colcon.colcon_core.verb:set package 'sweepi_exploration' build argument 'cmake_args' from command line to 'None'
[0.469s] Level 5:colcon.colcon_core.verb:set package 'sweepi_exploration' build argument 'cmake_target' from command line to 'None'
[0.469s] Level 5:colcon.colcon_core.verb:set package 'sweepi_exploration' build argument 'cmake_target_skip_unavailable' from command line to 'False'
[0.469s] Level 5:colcon.colcon_core.verb:set package 'sweepi_exploration' build argument 'cmake_clean_cache' from command line to 'False'
[0.469s] Level 5:colcon.colcon_core.verb:set package 'sweepi_exploration' build argument 'cmake_clean_first' from command line to 'False'
[0.469s] Level 5:colcon.colcon_core.verb:set package 'sweepi_exploration' build argument 'cmake_force_configure' from command line to 'False'
[0.469s] Level 5:colcon.colcon_core.verb:set package 'sweepi_exploration' build argument 'ament_cmake_args' from command line to 'None'
[0.469s] Level 5:colcon.colcon_core.verb:set package 'sweepi_exploration' build argument 'catkin_cmake_args' from command line to 'None'
[0.469s] Level 5:colcon.colcon_core.verb:set package 'sweepi_exploration' build argument 'catkin_skip_building_tests' from command line to 'False'
[0.469s] DEBUG:colcon.colcon_core.verb:Building package 'sweepi_exploration' with the following arguments: {'ament_cmake_args': None, 'build_base': '/home/sweepi/SweePi/build_diagnostic/sweepi_exploration', 'catkin_cmake_args': None, 'catkin_skip_building_tests': False, 'cmake_args': None, 'cmake_clean_cache': False, 'cmake_clean_first': False, 'cmake_force_configure': False, 'cmake_target': None, 'cmake_target_skip_unavailable': False, 'install_base': '/home/sweepi/SweePi/install_diagnostic/sweepi_exploration', 'merge_install': False, 'path': '/home/sweepi/SweePi/src/sweepi_exploration', 'symlink_install': True, 'test_result_base': None}
[0.469s] Level 5:colcon.colcon_core.verb:set package 'sweepi_real_bringup' build argument 'cmake_args' from command line to 'None'
[0.469s] Level 5:colcon.colcon_core.verb:set package 'sweepi_real_bringup' build argument 'cmake_target' from command line to 'None'
[0.469s] Level 5:colcon.colcon_core.verb:set package 'sweepi_real_bringup' build argument 'cmake_target_skip_unavailable' from command line to 'False'
[0.469s] Level 5:colcon.colcon_core.verb:set package 'sweepi_real_bringup' build argument 'cmake_clean_cache' from command line to 'False'
[0.469s] Level 5:colcon.colcon_core.verb:set package 'sweepi_real_bringup' build argument 'cmake_clean_first' from command line to 'False'
[0.469s] Level 5:colcon.colcon_core.verb:set package 'sweepi_real_bringup' build argument 'cmake_force_configure' from command line to 'False'
[0.469s] Level 5:colcon.colcon_core.verb:set package 'sweepi_real_bringup' build argument 'ament_cmake_args' from command line to 'None'
[0.469s] Level 5:colcon.colcon_core.verb:set package 'sweepi_real_bringup' build argument 'catkin_cmake_args' from command line to 'None'
[0.469s] Level 5:colcon.colcon_core.verb:set package 'sweepi_real_bringup' build argument 'catkin_skip_building_tests' from command line to 'False'
[0.469s] DEBUG:colcon.colcon_core.verb:Building package 'sweepi_real_bringup' with the following arguments: {'ament_cmake_args': None, 'build_base': '/home/sweepi/SweePi/build_diagnostic/sweepi_real_bringup', 'catkin_cmake_args': None, 'catkin_skip_building_tests': False, 'cmake_args': None, 'cmake_clean_cache': False, 'cmake_clean_first': False, 'cmake_force_configure': False, 'cmake_target': None, 'cmake_target_skip_unavailable': False, 'install_base': '/home/sweepi/SweePi/install_diagnostic/sweepi_real_bringup', 'merge_install': False, 'path': '/home/sweepi/SweePi/src/sweepi_real_bringup', 'symlink_install': True, 'test_result_base': None}
[0.470s] Level 5:colcon.colcon_core.verb:set package 'sweepi_robot_manager' build argument 'cmake_args' from command line to 'None'
[0.470s] Level 5:colcon.colcon_core.verb:set package 'sweepi_robot_manager' build argument 'cmake_target' from command line to 'None'
[0.470s] Level 5:colcon.colcon_core.verb:set package 'sweepi_robot_manager' build argument 'cmake_target_skip_unavailable' from command line to 'False'
[0.470s] Level 5:colcon.colcon_core.verb:set package 'sweepi_robot_manager' build argument 'cmake_clean_cache' from command line to 'False'
[0.470s] Level 5:colcon.colcon_core.verb:set package 'sweepi_robot_manager' build argument 'cmake_clean_first' from command line to 'False'
[0.470s] Level 5:colcon.colcon_core.verb:set package 'sweepi_robot_manager' build argument 'cmake_force_configure' from command line to 'False'
[0.470s] Level 5:colcon.colcon_core.verb:set package 'sweepi_robot_manager' build argument 'ament_cmake_args' from command line to 'None'
[0.470s] Level 5:colcon.colcon_core.verb:set package 'sweepi_robot_manager' build argument 'catkin_cmake_args' from command line to 'None'
[0.470s] Level 5:colcon.colcon_core.verb:set package 'sweepi_robot_manager' build argument 'catkin_skip_building_tests' from command line to 'False'
[0.470s] DEBUG:colcon.colcon_core.verb:Building package 'sweepi_robot_manager' with the following arguments: {'ament_cmake_args': None, 'build_base': '/home/sweepi/SweePi/build_diagnostic/sweepi_robot_manager', 'catkin_cmake_args': None, 'catkin_skip_building_tests': False, 'cmake_args': None, 'cmake_clean_cache': False, 'cmake_clean_first': False, 'cmake_force_configure': False, 'cmake_target': None, 'cmake_target_skip_unavailable': False, 'install_base': '/home/sweepi/SweePi/install_diagnostic/sweepi_robot_manager', 'merge_install': False, 'path': '/home/sweepi/SweePi/src/sweepi_robot_manager', 'symlink_install': True, 'test_result_base': None}
[0.470s] INFO:colcon.colcon_core.executor:Executing jobs using 'parallel' executor
[0.472s] DEBUG:colcon.colcon_parallel_executor.executor.parallel:run_until_complete
[0.472s] INFO:colcon.colcon_ros.task.ament_cmake.build:Building ROS package in '/home/sweepi/SweePi/src/sweepi_description' with build type 'ament_cmake'
[0.472s] INFO:colcon.colcon_cmake.task.cmake.build:Building CMake package in '/home/sweepi/SweePi/src/sweepi_description'
[0.481s] INFO:colcon.colcon_core.plugin_system:Skipping extension 'colcon_core.shell.bat': Not used on non-Windows systems
[0.482s] INFO:colcon.colcon_core.shell:Skip shell extension 'powershell' for command environment: Not usable outside of PowerShell
[0.482s] DEBUG:colcon.colcon_core.shell:Skip shell extension 'dsv' for command environment
[0.490s] INFO:colcon.colcon_ros.task.ament_cmake.build:Building ROS package in '/home/sweepi/SweePi/src/sweepi_slam' with build type 'ament_cmake'
[0.490s] INFO:colcon.colcon_cmake.task.cmake.build:Building CMake package in '/home/sweepi/SweePi/src/sweepi_slam'
[0.491s] INFO:colcon.colcon_core.shell:Skip shell extension 'powershell' for command environment: Not usable outside of PowerShell
[0.491s] DEBUG:colcon.colcon_core.shell:Skip shell extension 'dsv' for command environment
[0.498s] INFO:colcon.colcon_ros.task.ament_cmake.build:Building ROS package in '/home/sweepi/SweePi/src/sllidar_ros2' with build type 'ament_cmake'
[0.498s] INFO:colcon.colcon_cmake.task.cmake.build:Building CMake package in '/home/sweepi/SweePi/src/sllidar_ros2'
[0.498s] INFO:colcon.colcon_core.shell:Skip shell extension 'powershell' for command environment: Not usable outside of PowerShell
[0.498s] DEBUG:colcon.colcon_core.shell:Skip shell extension 'dsv' for command environment
[0.505s] INFO:colcon.colcon_ros.task.ament_python.build:Building ROS package in '/home/sweepi/SweePi/src/sweepi_base_driver' with build type 'ament_python'
[0.505s] Level 1:colcon.colcon_core.shell:create_environment_hook('sweepi_base_driver', 'ament_prefix_path')
[0.506s] INFO:colcon.colcon_core.shell:Creating environment hook '/home/sweepi/SweePi/install_diagnostic/sweepi_base_driver/share/sweepi_base_driver/hook/ament_prefix_path.ps1'
[0.508s] INFO:colcon.colcon_core.shell:Creating environment descriptor '/home/sweepi/SweePi/install_diagnostic/sweepi_base_driver/share/sweepi_base_driver/hook/ament_prefix_path.dsv'
[0.509s] INFO:colcon.colcon_core.shell:Creating environment hook '/home/sweepi/SweePi/install_diagnostic/sweepi_base_driver/share/sweepi_base_driver/hook/ament_prefix_path.sh'
[0.510s] INFO:colcon.colcon_core.shell:Skip shell extension 'powershell' for command environment: Not usable outside of PowerShell
[0.510s] DEBUG:colcon.colcon_core.shell:Skip shell extension 'dsv' for command environment
[0.520s] DEBUG:colcon.colcon_core.event_handler.log_command:Invoking command in '/home/sweepi/SweePi/build_diagnostic/sweepi_description': CMAKE_PREFIX_PATH=${CMAKE_PREFIX_PATH}:/home/sweepi/SweePi/install/sweepi_temp_rpi_hardware:/home/sweepi/SweePi/install/sweepi_api_bridge:/home/sweepi/SweePi/install/sweepi_base_driver:/opt/ros/jazzy /usr/bin/cmake /home/sweepi/SweePi/src/sweepi_description -DAMENT_CMAKE_SYMLINK_INSTALL=1 -DCMAKE_INSTALL_PREFIX=/home/sweepi/SweePi/install_diagnostic/sweepi_description
[0.522s] DEBUG:colcon.colcon_core.event_handler.log_command:Invoking command in '/home/sweepi/SweePi/build_diagnostic/sweepi_slam': CMAKE_PREFIX_PATH=${CMAKE_PREFIX_PATH}:/home/sweepi/SweePi/install/sweepi_temp_rpi_hardware:/home/sweepi/SweePi/install/sweepi_api_bridge:/home/sweepi/SweePi/install/sweepi_base_driver:/opt/ros/jazzy /usr/bin/cmake /home/sweepi/SweePi/src/sweepi_slam -DAMENT_CMAKE_SYMLINK_INSTALL=1 -DCMAKE_INSTALL_PREFIX=/home/sweepi/SweePi/install_diagnostic/sweepi_slam
[0.524s] DEBUG:colcon.colcon_core.event_handler.log_command:Invoking command in '/home/sweepi/SweePi/build_diagnostic/sllidar_ros2': CMAKE_PREFIX_PATH=${CMAKE_PREFIX_PATH}:/home/sweepi/SweePi/install/sweepi_temp_rpi_hardware:/home/sweepi/SweePi/install/sweepi_api_bridge:/home/sweepi/SweePi/install/sweepi_base_driver:/opt/ros/jazzy /usr/bin/cmake /home/sweepi/SweePi/src/sllidar_ros2 -DAMENT_CMAKE_SYMLINK_INSTALL=1 -DCMAKE_INSTALL_PREFIX=/home/sweepi/SweePi/install_diagnostic/sllidar_ros2
[0.950s] INFO:colcon.colcon_core.task.python.build:Building Python package in '/home/sweepi/SweePi/src/sweepi_base_driver'
[0.951s] INFO:colcon.colcon_core.shell:Skip shell extension 'powershell' for command environment: Not usable outside of PowerShell
[0.951s] DEBUG:colcon.colcon_core.shell:Skip shell extension 'dsv' for command environment
[3.089s] DEBUG:colcon.colcon_core.task.python.build:Available setuptools commands: install_data, build_scripts, build_ext, alias, install_egg_info, install_headers, init_catalog, install_scripts, develop, build_clib, register, bdist_wheel, install_lib, check, bdist_rpm, build, extract_messages, saveopts, bdist_dumb, test, sdist, build_py, editable_wheel, clean, easy_install, egg_info, update_catalog, upload, upload_docs, symlink_data, bdist_egg, bdist, compile_catalog, dist_info, setopt, install, rotate
[3.612s] DEBUG:colcon.colcon_core.event_handler.log_command:Invoked command in '/home/sweepi/SweePi/build_diagnostic/sweepi_slam' returned '0': CMAKE_PREFIX_PATH=${CMAKE_PREFIX_PATH}:/home/sweepi/SweePi/install/sweepi_temp_rpi_hardware:/home/sweepi/SweePi/install/sweepi_api_bridge:/home/sweepi/SweePi/install/sweepi_base_driver:/opt/ros/jazzy /usr/bin/cmake /home/sweepi/SweePi/src/sweepi_slam -DAMENT_CMAKE_SYMLINK_INSTALL=1 -DCMAKE_INSTALL_PREFIX=/home/sweepi/SweePi/install_diagnostic/sweepi_slam
[3.613s] DEBUG:colcon.colcon_core.event_handler.log_command:Invoking command in '/home/sweepi/SweePi/build_diagnostic/sweepi_slam': CMAKE_PREFIX_PATH=${CMAKE_PREFIX_PATH}:/home/sweepi/SweePi/install/sweepi_temp_rpi_hardware:/home/sweepi/SweePi/install/sweepi_api_bridge:/home/sweepi/SweePi/install/sweepi_base_driver:/opt/ros/jazzy /usr/bin/cmake --build /home/sweepi/SweePi/build_diagnostic/sweepi_slam -- -j4 -l4
[3.623s] DEBUG:colcon.colcon_core.event_handler.log_command:Invoked command in '/home/sweepi/SweePi/build_diagnostic/sweepi_description' returned '0': CMAKE_PREFIX_PATH=${CMAKE_PREFIX_PATH}:/home/sweepi/SweePi/install/sweepi_temp_rpi_hardware:/home/sweepi/SweePi/install/sweepi_api_bridge:/home/sweepi/SweePi/install/sweepi_base_driver:/opt/ros/jazzy /usr/bin/cmake /home/sweepi/SweePi/src/sweepi_description -DAMENT_CMAKE_SYMLINK_INSTALL=1 -DCMAKE_INSTALL_PREFIX=/home/sweepi/SweePi/install_diagnostic/sweepi_description
[3.625s] DEBUG:colcon.colcon_core.event_handler.log_command:Invoking command in '/home/sweepi/SweePi/build_diagnostic/sweepi_description': CMAKE_PREFIX_PATH=${CMAKE_PREFIX_PATH}:/home/sweepi/SweePi/install/sweepi_temp_rpi_hardware:/home/sweepi/SweePi/install/sweepi_api_bridge:/home/sweepi/SweePi/install/sweepi_base_driver:/opt/ros/jazzy /usr/bin/cmake --build /home/sweepi/SweePi/build_diagnostic/sweepi_description -- -j4 -l4
[3.703s] DEBUG:colcon.colcon_core.event_handler.log_command:Invoked command in '/home/sweepi/SweePi/build_diagnostic/sweepi_slam' returned '0': CMAKE_PREFIX_PATH=${CMAKE_PREFIX_PATH}:/home/sweepi/SweePi/install/sweepi_temp_rpi_hardware:/home/sweepi/SweePi/install/sweepi_api_bridge:/home/sweepi/SweePi/install/sweepi_base_driver:/opt/ros/jazzy /usr/bin/cmake --build /home/sweepi/SweePi/build_diagnostic/sweepi_slam -- -j4 -l4
[3.724s] DEBUG:colcon.colcon_core.event_handler.log_command:Invoking command in '/home/sweepi/SweePi/build_diagnostic/sweepi_slam': CMAKE_PREFIX_PATH=${CMAKE_PREFIX_PATH}:/home/sweepi/SweePi/install/sweepi_temp_rpi_hardware:/home/sweepi/SweePi/install/sweepi_api_bridge:/home/sweepi/SweePi/install/sweepi_base_driver:/opt/ros/jazzy /usr/bin/cmake --install /home/sweepi/SweePi/build_diagnostic/sweepi_slam
[3.726s] DEBUG:colcon.colcon_core.event_handler.log_command:Invoked command in '/home/sweepi/SweePi/build_diagnostic/sweepi_description' returned '0': CMAKE_PREFIX_PATH=${CMAKE_PREFIX_PATH}:/home/sweepi/SweePi/install/sweepi_temp_rpi_hardware:/home/sweepi/SweePi/install/sweepi_api_bridge:/home/sweepi/SweePi/install/sweepi_base_driver:/opt/ros/jazzy /usr/bin/cmake --build /home/sweepi/SweePi/build_diagnostic/sweepi_description -- -j4 -l4
[3.728s] DEBUG:colcon.colcon_core.event_handler.log_command:Invoking command in '/home/sweepi/SweePi/build_diagnostic/sweepi_description': CMAKE_PREFIX_PATH=${CMAKE_PREFIX_PATH}:/home/sweepi/SweePi/install/sweepi_temp_rpi_hardware:/home/sweepi/SweePi/install/sweepi_api_bridge:/home/sweepi/SweePi/install/sweepi_base_driver:/opt/ros/jazzy /usr/bin/cmake --install /home/sweepi/SweePi/build_diagnostic/sweepi_description
[3.930s] DEBUG:colcon.colcon_core.task.python.build:Available setuptools 'develop' options: --version, --install-layout, --force-installation-into-system-dir, --dry-run, --local-snapshots-ok, --prefix, --index-url, --record, --verbose, --multi-version, --exclude-scripts, --no-user-cfg, --quiet, --allow-hosts, --egg-path, --script-dir, --no-find-links, --always-copy, --install-dir, --build-directory, --always-unzip, --site-dirs, --optimize, --zip-ok, --uninstall, --user, --no-deps, --editable, --help, --find-links, --upgrade
[3.934s] DEBUG:colcon.colcon_core.event_handler.log_command:Invoking command in '/home/sweepi/SweePi/build_diagnostic/sweepi_base_driver': PYTHONPATH=/home/sweepi/SweePi/build_diagnostic/sweepi_base_driver/prefix_override:/usr/lib/python3/dist-packages/colcon_core/task/python/colcon_distutils_commands:/home/sweepi/SweePi/install_diagnostic/sweepi_base_driver/lib/python3.12/site-packages:${PYTHONPATH} /usr/bin/python3 -W ignore:setup.py install is deprecated -W ignore:easy_install command is deprecated setup.py develop --editable --build-directory /home/sweepi/SweePi/build_diagnostic/sweepi_base_driver/build --no-deps symlink_data
[4.255s] Level 1:colcon.colcon_core.environment:create_environment_scripts_only(sweepi_slam)
[4.256s] DEBUG:colcon.colcon_core.event_handler.log_command:Invoked command in '/home/sweepi/SweePi/build_diagnostic/sweepi_slam' returned '0': CMAKE_PREFIX_PATH=${CMAKE_PREFIX_PATH}:/home/sweepi/SweePi/install/sweepi_temp_rpi_hardware:/home/sweepi/SweePi/install/sweepi_api_bridge:/home/sweepi/SweePi/install/sweepi_base_driver:/opt/ros/jazzy /usr/bin/cmake --install /home/sweepi/SweePi/build_diagnostic/sweepi_slam
[4.291s] Level 1:colcon.colcon_core.environment:checking '/home/sweepi/SweePi/install_diagnostic/sweepi_slam' for CMake module files
[4.292s] Level 1:colcon.colcon_core.environment:checking '/home/sweepi/SweePi/install_diagnostic/sweepi_slam' for CMake config files
[4.293s] Level 1:colcon.colcon_core.shell:create_environment_hook('sweepi_slam', 'cmake_prefix_path')
[4.294s] INFO:colcon.colcon_core.shell:Creating environment hook '/home/sweepi/SweePi/install_diagnostic/sweepi_slam/share/sweepi_slam/hook/cmake_prefix_path.ps1'
[4.295s] INFO:colcon.colcon_core.shell:Creating environment descriptor '/home/sweepi/SweePi/install_diagnostic/sweepi_slam/share/sweepi_slam/hook/cmake_prefix_path.dsv'
[4.296s] INFO:colcon.colcon_core.shell:Creating environment hook '/home/sweepi/SweePi/install_diagnostic/sweepi_slam/share/sweepi_slam/hook/cmake_prefix_path.sh'
[4.297s] Level 1:colcon.colcon_core.environment:checking '/home/sweepi/SweePi/install_diagnostic/sweepi_slam/lib'
[4.297s] Level 1:colcon.colcon_core.environment:checking '/home/sweepi/SweePi/install_diagnostic/sweepi_slam/bin'
[4.297s] Level 1:colcon.colcon_core.environment:checking '/home/sweepi/SweePi/install_diagnostic/sweepi_slam/lib/pkgconfig/sweepi_slam.pc'
[4.298s] Level 1:colcon.colcon_core.environment:checking '/home/sweepi/SweePi/install_diagnostic/sweepi_slam/lib/python3.12/site-packages'
[4.299s] Level 1:colcon.colcon_core.environment:checking '/home/sweepi/SweePi/install_diagnostic/sweepi_slam/bin'
[4.299s] INFO:colcon.colcon_core.shell:Creating package script '/home/sweepi/SweePi/install_diagnostic/sweepi_slam/share/sweepi_slam/package.ps1'
[4.301s] INFO:colcon.colcon_core.shell:Creating package descriptor '/home/sweepi/SweePi/install_diagnostic/sweepi_slam/share/sweepi_slam/package.dsv'
[4.303s] INFO:colcon.colcon_core.shell:Creating package script '/home/sweepi/SweePi/install_diagnostic/sweepi_slam/share/sweepi_slam/package.sh'
[4.305s] INFO:colcon.colcon_core.shell:Creating package script '/home/sweepi/SweePi/install_diagnostic/sweepi_slam/share/sweepi_slam/package.bash'
[4.309s] INFO:colcon.colcon_core.shell:Creating package script '/home/sweepi/SweePi/install_diagnostic/sweepi_slam/share/sweepi_slam/package.zsh'
[4.311s] Level 1:colcon.colcon_core.environment:create_file_with_runtime_dependencies(/home/sweepi/SweePi/install_diagnostic/sweepi_slam/share/colcon-core/packages/sweepi_slam)
[4.312s] Level 1:colcon.colcon_core.environment:create_environment_scripts_only(sweepi_slam)
[4.313s] Level 1:colcon.colcon_core.environment:checking '/home/sweepi/SweePi/install_diagnostic/sweepi_slam' for CMake module files
[4.313s] Level 1:colcon.colcon_core.environment:checking '/home/sweepi/SweePi/install_diagnostic/sweepi_slam' for CMake config files
[4.314s] Level 1:colcon.colcon_core.shell:create_environment_hook('sweepi_slam', 'cmake_prefix_path')
[4.315s] INFO:colcon.colcon_core.shell:Creating environment hook '/home/sweepi/SweePi/install_diagnostic/sweepi_slam/share/sweepi_slam/hook/cmake_prefix_path.ps1'
[4.316s] INFO:colcon.colcon_core.shell:Creating environment descriptor '/home/sweepi/SweePi/install_diagnostic/sweepi_slam/share/sweepi_slam/hook/cmake_prefix_path.dsv'
[4.317s] INFO:colcon.colcon_core.shell:Creating environment hook '/home/sweepi/SweePi/install_diagnostic/sweepi_slam/share/sweepi_slam/hook/cmake_prefix_path.sh'
[4.318s] Level 1:colcon.colcon_core.environment:checking '/home/sweepi/SweePi/install_diagnostic/sweepi_slam/lib'
[4.318s] Level 1:colcon.colcon_core.environment:checking '/home/sweepi/SweePi/install_diagnostic/sweepi_slam/bin'
[4.318s] Level 1:colcon.colcon_core.environment:checking '/home/sweepi/SweePi/install_diagnostic/sweepi_slam/lib/pkgconfig/sweepi_slam.pc'
[4.319s] Level 1:colcon.colcon_core.environment:checking '/home/sweepi/SweePi/install_diagnostic/sweepi_slam/lib/python3.12/site-packages'
[4.320s] Level 1:colcon.colcon_core.environment:checking '/home/sweepi/SweePi/install_diagnostic/sweepi_slam/bin'
[4.320s] INFO:colcon.colcon_core.shell:Creating package script '/home/sweepi/SweePi/install_diagnostic/sweepi_slam/share/sweepi_slam/package.ps1'
[4.322s] INFO:colcon.colcon_core.shell:Creating package descriptor '/home/sweepi/SweePi/install_diagnostic/sweepi_slam/share/sweepi_slam/package.dsv'
[4.323s] INFO:colcon.colcon_core.shell:Creating package script '/home/sweepi/SweePi/install_diagnostic/sweepi_slam/share/sweepi_slam/package.sh'
[4.324s] INFO:colcon.colcon_core.shell:Creating package script '/home/sweepi/SweePi/install_diagnostic/sweepi_slam/share/sweepi_slam/package.bash'
[4.325s] INFO:colcon.colcon_core.shell:Creating package script '/home/sweepi/SweePi/install_diagnostic/sweepi_slam/share/sweepi_slam/package.zsh'
[4.327s] Level 1:colcon.colcon_core.environment:create_file_with_runtime_dependencies(/home/sweepi/SweePi/install_diagnostic/sweepi_slam/share/colcon-core/packages/sweepi_slam)
[4.328s] INFO:colcon.colcon_ros.task.ament_cmake.build:Building ROS package in '/home/sweepi/SweePi/src/sweepi_robot_manager_interfaces' with build type 'ament_cmake'
[4.328s] INFO:colcon.colcon_cmake.task.cmake.build:Building CMake package in '/home/sweepi/SweePi/src/sweepi_robot_manager_interfaces'
[4.329s] INFO:colcon.colcon_core.shell:Skip shell extension 'powershell' for command environment: Not usable outside of PowerShell
[4.329s] DEBUG:colcon.colcon_core.shell:Skip shell extension 'dsv' for command environment
[4.344s] DEBUG:colcon.colcon_core.event_handler.log_command:Invoking command in '/home/sweepi/SweePi/build_diagnostic/sweepi_robot_manager_interfaces': CMAKE_PREFIX_PATH=${CMAKE_PREFIX_PATH}:/home/sweepi/SweePi/install/sweepi_temp_rpi_hardware:/home/sweepi/SweePi/install/sweepi_api_bridge:/home/sweepi/SweePi/install/sweepi_base_driver:/opt/ros/jazzy /usr/bin/cmake /home/sweepi/SweePi/src/sweepi_robot_manager_interfaces -DAMENT_CMAKE_SYMLINK_INSTALL=1 -DCMAKE_INSTALL_PREFIX=/home/sweepi/SweePi/install_diagnostic/sweepi_robot_manager_interfaces
[4.405s] Level 1:colcon.colcon_core.environment:create_environment_scripts_only(sweepi_description)
[4.405s] Level 1:colcon.colcon_core.environment:checking '/home/sweepi/SweePi/install_diagnostic/sweepi_description' for CMake module files
[4.406s] Level 1:colcon.colcon_core.environment:checking '/home/sweepi/SweePi/install_diagnostic/sweepi_description' for CMake config files
[4.407s] Level 1:colcon.colcon_core.shell:create_environment_hook('sweepi_description', 'cmake_prefix_path')
[4.408s] INFO:colcon.colcon_core.shell:Creating environment hook '/home/sweepi/SweePi/install_diagnostic/sweepi_description/share/sweepi_description/hook/cmake_prefix_path.ps1'
[4.410s] DEBUG:colcon.colcon_core.event_handler.log_command:Invoked command in '/home/sweepi/SweePi/build_diagnostic/sweepi_description' returned '0': CMAKE_PREFIX_PATH=${CMAKE_PREFIX_PATH}:/home/sweepi/SweePi/install/sweepi_temp_rpi_hardware:/home/sweepi/SweePi/install/sweepi_api_bridge:/home/sweepi/SweePi/install/sweepi_base_driver:/opt/ros/jazzy /usr/bin/cmake --install /home/sweepi/SweePi/build_diagnostic/sweepi_description
[4.412s] INFO:colcon.colcon_core.shell:Creating environment descriptor '/home/sweepi/SweePi/install_diagnostic/sweepi_description/share/sweepi_description/hook/cmake_prefix_path.dsv'
[4.413s] INFO:colcon.colcon_core.shell:Creating environment hook '/home/sweepi/SweePi/install_diagnostic/sweepi_description/share/sweepi_description/hook/cmake_prefix_path.sh'
[4.414s] Level 1:colcon.colcon_core.environment:checking '/home/sweepi/SweePi/install_diagnostic/sweepi_description/bin'
[4.414s] Level 1:colcon.colcon_core.environment:checking '/home/sweepi/SweePi/install_diagnostic/sweepi_description/lib/pkgconfig/sweepi_description.pc'
[4.415s] Level 1:colcon.colcon_core.environment:checking '/home/sweepi/SweePi/install_diagnostic/sweepi_description/lib/python3.12/site-packages'
[4.415s] Level 1:colcon.colcon_core.environment:checking '/home/sweepi/SweePi/install_diagnostic/sweepi_description/bin'
[4.416s] INFO:colcon.colcon_core.shell:Creating package script '/home/sweepi/SweePi/install_diagnostic/sweepi_description/share/sweepi_description/package.ps1'
[4.418s] INFO:colcon.colcon_core.shell:Creating package descriptor '/home/sweepi/SweePi/install_diagnostic/sweepi_description/share/sweepi_description/package.dsv'
[4.419s] INFO:colcon.colcon_core.shell:Creating package script '/home/sweepi/SweePi/install_diagnostic/sweepi_description/share/sweepi_description/package.sh'
[4.421s] INFO:colcon.colcon_core.shell:Creating package script '/home/sweepi/SweePi/install_diagnostic/sweepi_description/share/sweepi_description/package.bash'
[4.422s] INFO:colcon.colcon_core.shell:Creating package script '/home/sweepi/SweePi/install_diagnostic/sweepi_description/share/sweepi_description/package.zsh'
[4.424s] Level 1:colcon.colcon_core.environment:create_file_with_runtime_dependencies(/home/sweepi/SweePi/install_diagnostic/sweepi_description/share/colcon-core/packages/sweepi_description)
[4.426s] Level 1:colcon.colcon_core.environment:create_environment_scripts_only(sweepi_description)
[4.426s] Level 1:colcon.colcon_core.environment:checking '/home/sweepi/SweePi/install_diagnostic/sweepi_description' for CMake module files
[4.427s] Level 1:colcon.colcon_core.environment:checking '/home/sweepi/SweePi/install_diagnostic/sweepi_description' for CMake config files
[4.428s] Level 1:colcon.colcon_core.shell:create_environment_hook('sweepi_description', 'cmake_prefix_path')
[4.429s] INFO:colcon.colcon_core.shell:Creating environment hook '/home/sweepi/SweePi/install_diagnostic/sweepi_description/share/sweepi_description/hook/cmake_prefix_path.ps1'
[4.431s] INFO:colcon.colcon_core.shell:Creating environment descriptor '/home/sweepi/SweePi/install_diagnostic/sweepi_description/share/sweepi_description/hook/cmake_prefix_path.dsv'
[4.434s] INFO:colcon.colcon_core.shell:Creating environment hook '/home/sweepi/SweePi/install_diagnostic/sweepi_description/share/sweepi_description/hook/cmake_prefix_path.sh'
[4.436s] Level 1:colcon.colcon_core.environment:checking '/home/sweepi/SweePi/install_diagnostic/sweepi_description/bin'
[4.436s] Level 1:colcon.colcon_core.environment:checking '/home/sweepi/SweePi/install_diagnostic/sweepi_description/lib/pkgconfig/sweepi_description.pc'
[4.436s] Level 1:colcon.colcon_core.environment:checking '/home/sweepi/SweePi/install_diagnostic/sweepi_description/lib/python3.12/site-packages'
[4.437s] Level 1:colcon.colcon_core.environment:checking '/home/sweepi/SweePi/install_diagnostic/sweepi_description/bin'
[4.438s] INFO:colcon.colcon_core.shell:Creating package script '/home/sweepi/SweePi/install_diagnostic/sweepi_description/share/sweepi_description/package.ps1'
[4.440s] INFO:colcon.colcon_core.shell:Creating package descriptor '/home/sweepi/SweePi/install_diagnostic/sweepi_description/share/sweepi_description/package.dsv'
[4.441s] INFO:colcon.colcon_core.shell:Creating package script '/home/sweepi/SweePi/install_diagnostic/sweepi_description/share/sweepi_description/package.sh'
[4.443s] INFO:colcon.colcon_core.shell:Creating package script '/home/sweepi/SweePi/install_diagnostic/sweepi_description/share/sweepi_description/package.bash'
[4.445s] INFO:colcon.colcon_core.shell:Creating package script '/home/sweepi/SweePi/install_diagnostic/sweepi_description/share/sweepi_description/package.zsh'
[4.447s] Level 1:colcon.colcon_core.environment:create_file_with_runtime_dependencies(/home/sweepi/SweePi/install_diagnostic/sweepi_description/share/colcon-core/packages/sweepi_description)
[4.449s] INFO:colcon.colcon_ros.task.ament_cmake.build:Building ROS package in '/home/sweepi/SweePi/src/sweepi_state_estimation' with build type 'ament_cmake'
[4.450s] INFO:colcon.colcon_cmake.task.cmake.build:Building CMake package in '/home/sweepi/SweePi/src/sweepi_state_estimation'
[4.451s] INFO:colcon.colcon_core.shell:Skip shell extension 'powershell' for command environment: Not usable outside of PowerShell
[4.451s] DEBUG:colcon.colcon_core.shell:Skip shell extension 'dsv' for command environment
[4.476s] DEBUG:colcon.colcon_core.event_handler.log_command:Invoking command in '/home/sweepi/SweePi/build_diagnostic/sweepi_state_estimation': CMAKE_PREFIX_PATH=${CMAKE_PREFIX_PATH}:/home/sweepi/SweePi/install/sweepi_temp_rpi_hardware:/home/sweepi/SweePi/install/sweepi_api_bridge:/home/sweepi/SweePi/install/sweepi_base_driver:/opt/ros/jazzy /usr/bin/cmake /home/sweepi/SweePi/src/sweepi_state_estimation -DAMENT_CMAKE_SYMLINK_INSTALL=1 -DCMAKE_INSTALL_PREFIX=/home/sweepi/SweePi/install_diagnostic/sweepi_state_estimation
[5.399s] DEBUG:colcon.colcon_core.event_handler.log_command:Invoked command in '/home/sweepi/SweePi/build_diagnostic/sllidar_ros2' returned '0': CMAKE_PREFIX_PATH=${CMAKE_PREFIX_PATH}:/home/sweepi/SweePi/install/sweepi_temp_rpi_hardware:/home/sweepi/SweePi/install/sweepi_api_bridge:/home/sweepi/SweePi/install/sweepi_base_driver:/opt/ros/jazzy /usr/bin/cmake /home/sweepi/SweePi/src/sllidar_ros2 -DAMENT_CMAKE_SYMLINK_INSTALL=1 -DCMAKE_INSTALL_PREFIX=/home/sweepi/SweePi/install_diagnostic/sllidar_ros2
[5.400s] DEBUG:colcon.colcon_core.event_handler.log_command:Invoking command in '/home/sweepi/SweePi/build_diagnostic/sllidar_ros2': CMAKE_PREFIX_PATH=${CMAKE_PREFIX_PATH}:/home/sweepi/SweePi/install/sweepi_temp_rpi_hardware:/home/sweepi/SweePi/install/sweepi_api_bridge:/home/sweepi/SweePi/install/sweepi_base_driver:/opt/ros/jazzy /usr/bin/cmake --build /home/sweepi/SweePi/build_diagnostic/sllidar_ros2 -- -j4 -l4
[5.622s] Level 1:colcon.colcon_core.shell:create_environment_hook('sweepi_base_driver', 'pythonpath_develop')
[5.622s] INFO:colcon.colcon_core.shell:Creating environment hook '/home/sweepi/SweePi/build_diagnostic/sweepi_base_driver/share/sweepi_base_driver/hook/pythonpath_develop.ps1'
[5.623s] DEBUG:colcon.colcon_core.event_handler.log_command:Invoked command in '/home/sweepi/SweePi/build_diagnostic/sweepi_base_driver' returned '0': PYTHONPATH=/home/sweepi/SweePi/build_diagnostic/sweepi_base_driver/prefix_override:/usr/lib/python3/dist-packages/colcon_core/task/python/colcon_distutils_commands:/home/sweepi/SweePi/install_diagnostic/sweepi_base_driver/lib/python3.12/site-packages:${PYTHONPATH} /usr/bin/python3 -W ignore:setup.py install is deprecated -W ignore:easy_install command is deprecated setup.py develop --editable --build-directory /home/sweepi/SweePi/build_diagnostic/sweepi_base_driver/build --no-deps symlink_data
[5.625s] INFO:colcon.colcon_core.shell:Creating environment descriptor '/home/sweepi/SweePi/build_diagnostic/sweepi_base_driver/share/sweepi_base_driver/hook/pythonpath_develop.dsv'
[5.627s] INFO:colcon.colcon_core.shell:Creating environment hook '/home/sweepi/SweePi/build_diagnostic/sweepi_base_driver/share/sweepi_base_driver/hook/pythonpath_develop.sh'
[5.628s] Level 1:colcon.colcon_core.environment:checking '/home/sweepi/SweePi/install_diagnostic/sweepi_base_driver' for CMake module files
[5.629s] Level 1:colcon.colcon_core.environment:checking '/home/sweepi/SweePi/install_diagnostic/sweepi_base_driver' for CMake config files
[5.631s] Level 1:colcon.colcon_core.environment:checking '/home/sweepi/SweePi/install_diagnostic/sweepi_base_driver/lib'
[5.631s] Level 1:colcon.colcon_core.environment:checking '/home/sweepi/SweePi/install_diagnostic/sweepi_base_driver/bin'
[5.631s] Level 1:colcon.colcon_core.environment:checking '/home/sweepi/SweePi/install_diagnostic/sweepi_base_driver/lib/pkgconfig/sweepi_base_driver.pc'
[5.631s] Level 1:colcon.colcon_core.environment:checking '/home/sweepi/SweePi/install_diagnostic/sweepi_base_driver/lib/python3.12/site-packages'
[5.632s] Level 1:colcon.colcon_core.shell:create_environment_hook('sweepi_base_driver', 'pythonpath')
[5.632s] INFO:colcon.colcon_core.shell:Creating environment hook '/home/sweepi/SweePi/install_diagnostic/sweepi_base_driver/share/sweepi_base_driver/hook/pythonpath.ps1'
[5.633s] INFO:colcon.colcon_core.shell:Creating environment descriptor '/home/sweepi/SweePi/install_diagnostic/sweepi_base_driver/share/sweepi_base_driver/hook/pythonpath.dsv'
[5.634s] INFO:colcon.colcon_core.shell:Creating environment hook '/home/sweepi/SweePi/install_diagnostic/sweepi_base_driver/share/sweepi_base_driver/hook/pythonpath.sh'
[5.636s] Level 1:colcon.colcon_core.environment:checking '/home/sweepi/SweePi/install_diagnostic/sweepi_base_driver/bin'
[5.637s] Level 1:colcon.colcon_core.environment:create_environment_scripts_only(sweepi_base_driver)
[5.638s] INFO:colcon.colcon_core.shell:Creating package script '/home/sweepi/SweePi/install_diagnostic/sweepi_base_driver/share/sweepi_base_driver/package.ps1'
[5.640s] INFO:colcon.colcon_core.shell:Creating package descriptor '/home/sweepi/SweePi/install_diagnostic/sweepi_base_driver/share/sweepi_base_driver/package.dsv'
[5.641s] INFO:colcon.colcon_core.shell:Creating package script '/home/sweepi/SweePi/install_diagnostic/sweepi_base_driver/share/sweepi_base_driver/package.sh'
[5.642s] INFO:colcon.colcon_core.shell:Creating package script '/home/sweepi/SweePi/install_diagnostic/sweepi_base_driver/share/sweepi_base_driver/package.bash'
[5.643s] INFO:colcon.colcon_core.shell:Creating package script '/home/sweepi/SweePi/install_diagnostic/sweepi_base_driver/share/sweepi_base_driver/package.zsh'
[5.644s] Level 1:colcon.colcon_core.environment:create_file_with_runtime_dependencies(/home/sweepi/SweePi/install_diagnostic/sweepi_base_driver/share/colcon-core/packages/sweepi_base_driver)
[5.645s] INFO:colcon.colcon_ros.task.ament_python.build:Building ROS package in '/home/sweepi/SweePi/src/sweepi_temp_rpi_hardware' with build type 'ament_python'
[5.646s] Level 1:colcon.colcon_core.shell:create_environment_hook('sweepi_temp_rpi_hardware', 'ament_prefix_path')
[5.646s] INFO:colcon.colcon_core.shell:Creating environment hook '/home/sweepi/SweePi/install_diagnostic/sweepi_temp_rpi_hardware/share/sweepi_temp_rpi_hardware/hook/ament_prefix_path.ps1'
[5.649s] INFO:colcon.colcon_core.shell:Creating environment descriptor '/home/sweepi/SweePi/install_diagnostic/sweepi_temp_rpi_hardware/share/sweepi_temp_rpi_hardware/hook/ament_prefix_path.dsv'
[5.651s] INFO:colcon.colcon_core.shell:Creating environment hook '/home/sweepi/SweePi/install_diagnostic/sweepi_temp_rpi_hardware/share/sweepi_temp_rpi_hardware/hook/ament_prefix_path.sh'
[5.652s] INFO:colcon.colcon_core.shell:Skip shell extension 'powershell' for command environment: Not usable outside of PowerShell
[5.652s] DEBUG:colcon.colcon_core.shell:Skip shell extension 'dsv' for command environment
[6.154s] INFO:colcon.colcon_core.task.python.build:Building Python package in '/home/sweepi/SweePi/src/sweepi_temp_rpi_hardware'
[6.155s] INFO:colcon.colcon_core.shell:Skip shell extension 'powershell' for command environment: Not usable outside of PowerShell
[6.155s] DEBUG:colcon.colcon_core.shell:Skip shell extension 'dsv' for command environment
[6.435s] DEBUG:colcon.colcon_core.event_handler.log_command:Invoked command in '/home/sweepi/SweePi/build_diagnostic/sweepi_state_estimation' returned '0': CMAKE_PREFIX_PATH=${CMAKE_PREFIX_PATH}:/home/sweepi/SweePi/install/sweepi_temp_rpi_hardware:/home/sweepi/SweePi/install/sweepi_api_bridge:/home/sweepi/SweePi/install/sweepi_base_driver:/opt/ros/jazzy /usr/bin/cmake /home/sweepi/SweePi/src/sweepi_state_estimation -DAMENT_CMAKE_SYMLINK_INSTALL=1 -DCMAKE_INSTALL_PREFIX=/home/sweepi/SweePi/install_diagnostic/sweepi_state_estimation
[6.437s] DEBUG:colcon.colcon_core.event_handler.log_command:Invoking command in '/home/sweepi/SweePi/build_diagnostic/sweepi_state_estimation': CMAKE_PREFIX_PATH=${CMAKE_PREFIX_PATH}:/home/sweepi/SweePi/install/sweepi_temp_rpi_hardware:/home/sweepi/SweePi/install/sweepi_api_bridge:/home/sweepi/SweePi/install/sweepi_base_driver:/opt/ros/jazzy /usr/bin/cmake --build /home/sweepi/SweePi/build_diagnostic/sweepi_state_estimation -- -j4 -l4
[6.533s] DEBUG:colcon.colcon_core.event_handler.log_command:Invoked command in '/home/sweepi/SweePi/build_diagnostic/sweepi_state_estimation' returned '0': CMAKE_PREFIX_PATH=${CMAKE_PREFIX_PATH}:/home/sweepi/SweePi/install/sweepi_temp_rpi_hardware:/home/sweepi/SweePi/install/sweepi_api_bridge:/home/sweepi/SweePi/install/sweepi_base_driver:/opt/ros/jazzy /usr/bin/cmake --build /home/sweepi/SweePi/build_diagnostic/sweepi_state_estimation -- -j4 -l4
[6.535s] DEBUG:colcon.colcon_core.event_handler.log_command:Invoking command in '/home/sweepi/SweePi/build_diagnostic/sweepi_state_estimation': CMAKE_PREFIX_PATH=${CMAKE_PREFIX_PATH}:/home/sweepi/SweePi/install/sweepi_temp_rpi_hardware:/home/sweepi/SweePi/install/sweepi_api_bridge:/home/sweepi/SweePi/install/sweepi_base_driver:/opt/ros/jazzy /usr/bin/cmake --install /home/sweepi/SweePi/build_diagnostic/sweepi_state_estimation
[7.030s] Level 1:colcon.colcon_core.environment:create_environment_scripts_only(sweepi_state_estimation)
[7.031s] Level 1:colcon.colcon_core.environment:checking '/home/sweepi/SweePi/install_diagnostic/sweepi_state_estimation' for CMake module files
[7.031s] Level 1:colcon.colcon_core.environment:checking '/home/sweepi/SweePi/install_diagnostic/sweepi_state_estimation' for CMake config files
[7.032s] Level 1:colcon.colcon_core.shell:create_environment_hook('sweepi_state_estimation', 'cmake_prefix_path')
[7.032s] INFO:colcon.colcon_core.shell:Creating environment hook '/home/sweepi/SweePi/install_diagnostic/sweepi_state_estimation/share/sweepi_state_estimation/hook/cmake_prefix_path.ps1'
[7.033s] DEBUG:colcon.colcon_core.event_handler.log_command:Invoked command in '/home/sweepi/SweePi/build_diagnostic/sweepi_state_estimation' returned '0': CMAKE_PREFIX_PATH=${CMAKE_PREFIX_PATH}:/home/sweepi/SweePi/install/sweepi_temp_rpi_hardware:/home/sweepi/SweePi/install/sweepi_api_bridge:/home/sweepi/SweePi/install/sweepi_base_driver:/opt/ros/jazzy /usr/bin/cmake --install /home/sweepi/SweePi/build_diagnostic/sweepi_state_estimation
[7.034s] INFO:colcon.colcon_core.shell:Creating environment descriptor '/home/sweepi/SweePi/install_diagnostic/sweepi_state_estimation/share/sweepi_state_estimation/hook/cmake_prefix_path.dsv'
[7.035s] INFO:colcon.colcon_core.shell:Creating environment hook '/home/sweepi/SweePi/install_diagnostic/sweepi_state_estimation/share/sweepi_state_estimation/hook/cmake_prefix_path.sh'
[7.037s] Level 1:colcon.colcon_core.environment:checking '/home/sweepi/SweePi/install_diagnostic/sweepi_state_estimation/bin'
[7.037s] Level 1:colcon.colcon_core.environment:checking '/home/sweepi/SweePi/install_diagnostic/sweepi_state_estimation/lib/pkgconfig/sweepi_state_estimation.pc'
[7.038s] Level 1:colcon.colcon_core.environment:checking '/home/sweepi/SweePi/install_diagnostic/sweepi_state_estimation/lib/python3.12/site-packages'
[7.038s] Level 1:colcon.colcon_core.environment:checking '/home/sweepi/SweePi/install_diagnostic/sweepi_state_estimation/bin'
[7.039s] INFO:colcon.colcon_core.shell:Creating package script '/home/sweepi/SweePi/install_diagnostic/sweepi_state_estimation/share/sweepi_state_estimation/package.ps1'
[7.041s] INFO:colcon.colcon_core.shell:Creating package descriptor '/home/sweepi/SweePi/install_diagnostic/sweepi_state_estimation/share/sweepi_state_estimation/package.dsv'
[7.042s] INFO:colcon.colcon_core.shell:Creating package script '/home/sweepi/SweePi/install_diagnostic/sweepi_state_estimation/share/sweepi_state_estimation/package.sh'
[7.044s] INFO:colcon.colcon_core.shell:Creating package script '/home/sweepi/SweePi/install_diagnostic/sweepi_state_estimation/share/sweepi_state_estimation/package.bash'
[7.045s] INFO:colcon.colcon_core.shell:Creating package script '/home/sweepi/SweePi/install_diagnostic/sweepi_state_estimation/share/sweepi_state_estimation/package.zsh'
[7.046s] Level 1:colcon.colcon_core.environment:create_file_with_runtime_dependencies(/home/sweepi/SweePi/install_diagnostic/sweepi_state_estimation/share/colcon-core/packages/sweepi_state_estimation)
[7.047s] Level 1:colcon.colcon_core.environment:create_environment_scripts_only(sweepi_state_estimation)
[7.048s] Level 1:colcon.colcon_core.environment:checking '/home/sweepi/SweePi/install_diagnostic/sweepi_state_estimation' for CMake module files
[7.049s] Level 1:colcon.colcon_core.environment:checking '/home/sweepi/SweePi/install_diagnostic/sweepi_state_estimation' for CMake config files
[7.049s] Level 1:colcon.colcon_core.shell:create_environment_hook('sweepi_state_estimation', 'cmake_prefix_path')
[7.049s] INFO:colcon.colcon_core.shell:Creating environment hook '/home/sweepi/SweePi/install_diagnostic/sweepi_state_estimation/share/sweepi_state_estimation/hook/cmake_prefix_path.ps1'
[7.051s] INFO:colcon.colcon_core.shell:Creating environment descriptor '/home/sweepi/SweePi/install_diagnostic/sweepi_state_estimation/share/sweepi_state_estimation/hook/cmake_prefix_path.dsv'
[7.052s] INFO:colcon.colcon_core.shell:Creating environment hook '/home/sweepi/SweePi/install_diagnostic/sweepi_state_estimation/share/sweepi_state_estimation/hook/cmake_prefix_path.sh'
[7.054s] Level 1:colcon.colcon_core.environment:checking '/home/sweepi/SweePi/install_diagnostic/sweepi_state_estimation/bin'
[7.054s] Level 1:colcon.colcon_core.environment:checking '/home/sweepi/SweePi/install_diagnostic/sweepi_state_estimation/lib/pkgconfig/sweepi_state_estimation.pc'
[7.054s] Level 1:colcon.colcon_core.environment:checking '/home/sweepi/SweePi/install_diagnostic/sweepi_state_estimation/lib/python3.12/site-packages'
[7.055s] Level 1:colcon.colcon_core.environment:checking '/home/sweepi/SweePi/install_diagnostic/sweepi_state_estimation/bin'
[7.056s] INFO:colcon.colcon_core.shell:Creating package script '/home/sweepi/SweePi/install_diagnostic/sweepi_state_estimation/share/sweepi_state_estimation/package.ps1'
[7.057s] INFO:colcon.colcon_core.shell:Creating package descriptor '/home/sweepi/SweePi/install_diagnostic/sweepi_state_estimation/share/sweepi_state_estimation/package.dsv'
[7.058s] INFO:colcon.colcon_core.shell:Creating package script '/home/sweepi/SweePi/install_diagnostic/sweepi_state_estimation/share/sweepi_state_estimation/package.sh'
[7.060s] INFO:colcon.colcon_core.shell:Creating package script '/home/sweepi/SweePi/install_diagnostic/sweepi_state_estimation/share/sweepi_state_estimation/package.bash'
[7.061s] INFO:colcon.colcon_core.shell:Creating package script '/home/sweepi/SweePi/install_diagnostic/sweepi_state_estimation/share/sweepi_state_estimation/package.zsh'
[7.062s] Level 1:colcon.colcon_core.environment:create_file_with_runtime_dependencies(/home/sweepi/SweePi/install_diagnostic/sweepi_state_estimation/share/colcon-core/packages/sweepi_state_estimation)
[7.065s] INFO:colcon.colcon_ros.task.ament_cmake.build:Building ROS package in '/home/sweepi/SweePi/src/sweepi_coverage' with build type 'ament_cmake'
[7.065s] INFO:colcon.colcon_cmake.task.cmake.build:Building CMake package in '/home/sweepi/SweePi/src/sweepi_coverage'
[7.066s] INFO:colcon.colcon_core.shell:Skip shell extension 'powershell' for command environment: Not usable outside of PowerShell
[7.066s] DEBUG:colcon.colcon_core.shell:Skip shell extension 'dsv' for command environment
[7.084s] DEBUG:colcon.colcon_core.event_handler.log_command:Invoking command in '/home/sweepi/SweePi/build_diagnostic/sweepi_coverage': CMAKE_PREFIX_PATH=${CMAKE_PREFIX_PATH}:/home/sweepi/SweePi/install/sweepi_temp_rpi_hardware:/home/sweepi/SweePi/install/sweepi_api_bridge:/home/sweepi/SweePi/install/sweepi_base_driver:/opt/ros/jazzy /usr/bin/cmake /home/sweepi/SweePi/src/sweepi_coverage -DAMENT_CMAKE_SYMLINK_INSTALL=1 -DCMAKE_INSTALL_PREFIX=/home/sweepi/SweePi/install_diagnostic/sweepi_coverage
[7.812s] DEBUG:colcon.colcon_core.task.python.build:Available setuptools commands: install_data, build_scripts, build_ext, alias, install_egg_info, install_headers, init_catalog, install_scripts, develop, build_clib, register, bdist_wheel, install_lib, check, bdist_rpm, build, extract_messages, saveopts, bdist_dumb, test, sdist, build_py, editable_wheel, clean, easy_install, egg_info, update_catalog, upload, upload_docs, symlink_data, bdist_egg, bdist, compile_catalog, dist_info, setopt, install, rotate
[8.805s] DEBUG:colcon.colcon_core.task.python.build:Available setuptools 'develop' options: --version, --install-layout, --force-installation-into-system-dir, --dry-run, --local-snapshots-ok, --prefix, --index-url, --record, --verbose, --multi-version, --exclude-scripts, --no-user-cfg, --quiet, --allow-hosts, --egg-path, --script-dir, --no-find-links, --always-copy, --install-dir, --build-directory, --always-unzip, --site-dirs, --optimize, --zip-ok, --uninstall, --user, --no-deps, --editable, --help, --find-links, --upgrade
[8.811s] DEBUG:colcon.colcon_core.event_handler.log_command:Invoking command in '/home/sweepi/SweePi/build_diagnostic/sweepi_temp_rpi_hardware': PYTHONPATH=/home/sweepi/SweePi/build_diagnostic/sweepi_temp_rpi_hardware/prefix_override:/usr/lib/python3/dist-packages/colcon_core/task/python/colcon_distutils_commands:/home/sweepi/SweePi/install_diagnostic/sweepi_temp_rpi_hardware/lib/python3.12/site-packages:${PYTHONPATH} /usr/bin/python3 -W ignore:setup.py install is deprecated -W ignore:easy_install command is deprecated setup.py develop --editable --build-directory /home/sweepi/SweePi/build_diagnostic/sweepi_temp_rpi_hardware/build --no-deps symlink_data
[10.653s] Level 1:colcon.colcon_core.shell:create_environment_hook('sweepi_temp_rpi_hardware', 'pythonpath_develop')
[10.654s] INFO:colcon.colcon_core.shell:Creating environment hook '/home/sweepi/SweePi/build_diagnostic/sweepi_temp_rpi_hardware/share/sweepi_temp_rpi_hardware/hook/pythonpath_develop.ps1'
[10.655s] DEBUG:colcon.colcon_core.event_handler.log_command:Invoked command in '/home/sweepi/SweePi/build_diagnostic/sweepi_temp_rpi_hardware' returned '0': PYTHONPATH=/home/sweepi/SweePi/build_diagnostic/sweepi_temp_rpi_hardware/prefix_override:/usr/lib/python3/dist-packages/colcon_core/task/python/colcon_distutils_commands:/home/sweepi/SweePi/install_diagnostic/sweepi_temp_rpi_hardware/lib/python3.12/site-packages:${PYTHONPATH} /usr/bin/python3 -W ignore:setup.py install is deprecated -W ignore:easy_install command is deprecated setup.py develop --editable --build-directory /home/sweepi/SweePi/build_diagnostic/sweepi_temp_rpi_hardware/build --no-deps symlink_data
[10.657s] INFO:colcon.colcon_core.shell:Creating environment descriptor '/home/sweepi/SweePi/build_diagnostic/sweepi_temp_rpi_hardware/share/sweepi_temp_rpi_hardware/hook/pythonpath_develop.dsv'
[10.658s] INFO:colcon.colcon_core.shell:Creating environment hook '/home/sweepi/SweePi/build_diagnostic/sweepi_temp_rpi_hardware/share/sweepi_temp_rpi_hardware/hook/pythonpath_develop.sh'
[10.660s] Level 1:colcon.colcon_core.environment:checking '/home/sweepi/SweePi/install_diagnostic/sweepi_temp_rpi_hardware' for CMake module files
[10.661s] Level 1:colcon.colcon_core.environment:checking '/home/sweepi/SweePi/install_diagnostic/sweepi_temp_rpi_hardware' for CMake config files
[10.662s] Level 1:colcon.colcon_core.environment:checking '/home/sweepi/SweePi/install_diagnostic/sweepi_temp_rpi_hardware/lib'
[10.662s] Level 1:colcon.colcon_core.environment:checking '/home/sweepi/SweePi/install_diagnostic/sweepi_temp_rpi_hardware/bin'
[10.662s] Level 1:colcon.colcon_core.environment:checking '/home/sweepi/SweePi/install_diagnostic/sweepi_temp_rpi_hardware/lib/pkgconfig/sweepi_temp_rpi_hardware.pc'
[10.663s] Level 1:colcon.colcon_core.environment:checking '/home/sweepi/SweePi/install_diagnostic/sweepi_temp_rpi_hardware/lib/python3.12/site-packages'
[10.663s] Level 1:colcon.colcon_core.shell:create_environment_hook('sweepi_temp_rpi_hardware', 'pythonpath')
[10.664s] INFO:colcon.colcon_core.shell:Creating environment hook '/home/sweepi/SweePi/install_diagnostic/sweepi_temp_rpi_hardware/share/sweepi_temp_rpi_hardware/hook/pythonpath.ps1'
[10.665s] INFO:colcon.colcon_core.shell:Creating environment descriptor '/home/sweepi/SweePi/install_diagnostic/sweepi_temp_rpi_hardware/share/sweepi_temp_rpi_hardware/hook/pythonpath.dsv'
[10.667s] INFO:colcon.colcon_core.shell:Creating environment hook '/home/sweepi/SweePi/install_diagnostic/sweepi_temp_rpi_hardware/share/sweepi_temp_rpi_hardware/hook/pythonpath.sh'
[10.669s] Level 1:colcon.colcon_core.environment:checking '/home/sweepi/SweePi/install_diagnostic/sweepi_temp_rpi_hardware/bin'
[10.669s] Level 1:colcon.colcon_core.environment:create_environment_scripts_only(sweepi_temp_rpi_hardware)
[10.670s] INFO:colcon.colcon_core.shell:Creating package script '/home/sweepi/SweePi/install_diagnostic/sweepi_temp_rpi_hardware/share/sweepi_temp_rpi_hardware/package.ps1'
[10.673s] INFO:colcon.colcon_core.shell:Creating package descriptor '/home/sweepi/SweePi/install_diagnostic/sweepi_temp_rpi_hardware/share/sweepi_temp_rpi_hardware/package.dsv'
[10.675s] INFO:colcon.colcon_core.shell:Creating package script '/home/sweepi/SweePi/install_diagnostic/sweepi_temp_rpi_hardware/share/sweepi_temp_rpi_hardware/package.sh'
[10.677s] INFO:colcon.colcon_core.shell:Creating package script '/home/sweepi/SweePi/install_diagnostic/sweepi_temp_rpi_hardware/share/sweepi_temp_rpi_hardware/package.bash'
[10.678s] INFO:colcon.colcon_core.shell:Creating package script '/home/sweepi/SweePi/install_diagnostic/sweepi_temp_rpi_hardware/share/sweepi_temp_rpi_hardware/package.zsh'
[10.680s] Level 1:colcon.colcon_core.environment:create_file_with_runtime_dependencies(/home/sweepi/SweePi/install_diagnostic/sweepi_temp_rpi_hardware/share/colcon-core/packages/sweepi_temp_rpi_hardware)
[10.682s] INFO:colcon.colcon_ros.task.ament_cmake.build:Building ROS package in '/home/sweepi/SweePi/src/sweepi_bringup' with build type 'ament_cmake'
[10.682s] INFO:colcon.colcon_cmake.task.cmake.build:Building CMake package in '/home/sweepi/SweePi/src/sweepi_bringup'
[10.683s] INFO:colcon.colcon_core.shell:Skip shell extension 'powershell' for command environment: Not usable outside of PowerShell
[10.685s] DEBUG:colcon.colcon_core.shell:Skip shell extension 'dsv' for command environment
[10.713s] DEBUG:colcon.colcon_core.event_handler.log_command:Invoking command in '/home/sweepi/SweePi/build_diagnostic/sweepi_bringup': AMENT_PREFIX_PATH=/home/sweepi/SweePi/install_diagnostic/sweepi_slam:/home/sweepi/SweePi/install_diagnostic/sweepi_description:${AMENT_PREFIX_PATH} CMAKE_PREFIX_PATH=/home/sweepi/SweePi/install_diagnostic/sweepi_slam:/home/sweepi/SweePi/install_diagnostic/sweepi_description:/home/sweepi/SweePi/install/sweepi_robot_manager:/home/sweepi/SweePi/install/sweepi_real_bringup:/home/sweepi/SweePi/install/sweepi_state_estimation:/home/sweepi/SweePi/install/sweepi_exploration:/home/sweepi/SweePi/install/sweepi_bringup:/home/sweepi/SweePi/install/sweepi_slam:/home/sweepi/SweePi/install/sweepi_robot_manager_interfaces:/home/sweepi/SweePi/install/sweepi_description:/home/sweepi/SweePi/install/sweepi_coverage:/home/sweepi/SweePi/install/sllidar_ros2:/opt/ros/jazzy/opt/gz_sim_vendor:/opt/ros/jazzy/opt/gz_sensors_vendor:/opt/ros/jazzy/opt/gz_physics_vendor:/opt/ros/jazzy/opt/sdformat_vendor:/opt/ros/jazzy/opt/gz_gui_vendor:/opt/ros/jazzy/opt/gz_transport_vendor:/opt/ros/jazzy/opt/gz_rendering_vendor:/opt/ros/jazzy/opt/gz_plugin_vendor:/opt/ros/jazzy/opt/gz_fuel_tools_vendor:/opt/ros/jazzy/opt/gz_msgs_vendor:/opt/ros/jazzy/opt/gz_common_vendor:/opt/ros/jazzy/opt/gz_math_vendor:/opt/ros/jazzy/opt/gz_utils_vendor:/opt/ros/jazzy/opt/gz_tools_vendor:/opt/ros/jazzy/opt/gz_ogre_next_vendor:/opt/ros/jazzy/opt/gz_dartsim_vendor:/opt/ros/jazzy/opt/gz_cmake_vendor:/home/sweepi/SweePi/install/sweepi_temp_rpi_hardware:/home/sweepi/SweePi/install/sweepi_api_bridge:/home/sweepi/SweePi/install/sweepi_base_driver:/opt/ros/jazzy /usr/bin/cmake /home/sweepi/SweePi/src/sweepi_bringup -DAMENT_CMAKE_SYMLINK_INSTALL=1 -DCMAKE_INSTALL_PREFIX=/home/sweepi/SweePi/install_diagnostic/sweepi_bringup
[12.977s] DEBUG:colcon.colcon_core.event_handler.log_command:Invoked command in '/home/sweepi/SweePi/build_diagnostic/sweepi_bringup' returned '0': AMENT_PREFIX_PATH=/home/sweepi/SweePi/install_diagnostic/sweepi_slam:/home/sweepi/SweePi/install_diagnostic/sweepi_description:${AMENT_PREFIX_PATH} CMAKE_PREFIX_PATH=/home/sweepi/SweePi/install_diagnostic/sweepi_slam:/home/sweepi/SweePi/install_diagnostic/sweepi_description:/home/sweepi/SweePi/install/sweepi_robot_manager:/home/sweepi/SweePi/install/sweepi_real_bringup:/home/sweepi/SweePi/install/sweepi_state_estimation:/home/sweepi/SweePi/install/sweepi_exploration:/home/sweepi/SweePi/install/sweepi_bringup:/home/sweepi/SweePi/install/sweepi_slam:/home/sweepi/SweePi/install/sweepi_robot_manager_interfaces:/home/sweepi/SweePi/install/sweepi_description:/home/sweepi/SweePi/install/sweepi_coverage:/home/sweepi/SweePi/install/sllidar_ros2:/opt/ros/jazzy/opt/gz_sim_vendor:/opt/ros/jazzy/opt/gz_sensors_vendor:/opt/ros/jazzy/opt/gz_physics_vendor:/opt/ros/jazzy/opt/sdformat_vendor:/opt/ros/jazzy/opt/gz_gui_vendor:/opt/ros/jazzy/opt/gz_transport_vendor:/opt/ros/jazzy/opt/gz_rendering_vendor:/opt/ros/jazzy/opt/gz_plugin_vendor:/opt/ros/jazzy/opt/gz_fuel_tools_vendor:/opt/ros/jazzy/opt/gz_msgs_vendor:/opt/ros/jazzy/opt/gz_common_vendor:/opt/ros/jazzy/opt/gz_math_vendor:/opt/ros/jazzy/opt/gz_utils_vendor:/opt/ros/jazzy/opt/gz_tools_vendor:/opt/ros/jazzy/opt/gz_ogre_next_vendor:/opt/ros/jazzy/opt/gz_dartsim_vendor:/opt/ros/jazzy/opt/gz_cmake_vendor:/home/sweepi/SweePi/install/sweepi_temp_rpi_hardware:/home/sweepi/SweePi/install/sweepi_api_bridge:/home/sweepi/SweePi/install/sweepi_base_driver:/opt/ros/jazzy /usr/bin/cmake /home/sweepi/SweePi/src/sweepi_bringup -DAMENT_CMAKE_SYMLINK_INSTALL=1 -DCMAKE_INSTALL_PREFIX=/home/sweepi/SweePi/install_diagnostic/sweepi_bringup
[12.979s] DEBUG:colcon.colcon_core.event_handler.log_command:Invoking command in '/home/sweepi/SweePi/build_diagnostic/sweepi_bringup': AMENT_PREFIX_PATH=/home/sweepi/SweePi/install_diagnostic/sweepi_slam:/home/sweepi/SweePi/install_diagnostic/sweepi_description:${AMENT_PREFIX_PATH} CMAKE_PREFIX_PATH=/home/sweepi/SweePi/install_diagnostic/sweepi_slam:/home/sweepi/SweePi/install_diagnostic/sweepi_description:/home/sweepi/SweePi/install/sweepi_robot_manager:/home/sweepi/SweePi/install/sweepi_real_bringup:/home/sweepi/SweePi/install/sweepi_state_estimation:/home/sweepi/SweePi/install/sweepi_exploration:/home/sweepi/SweePi/install/sweepi_bringup:/home/sweepi/SweePi/install/sweepi_slam:/home/sweepi/SweePi/install/sweepi_robot_manager_interfaces:/home/sweepi/SweePi/install/sweepi_description:/home/sweepi/SweePi/install/sweepi_coverage:/home/sweepi/SweePi/install/sllidar_ros2:/opt/ros/jazzy/opt/gz_sim_vendor:/opt/ros/jazzy/opt/gz_sensors_vendor:/opt/ros/jazzy/opt/gz_physics_vendor:/opt/ros/jazzy/opt/sdformat_vendor:/opt/ros/jazzy/opt/gz_gui_vendor:/opt/ros/jazzy/opt/gz_transport_vendor:/opt/ros/jazzy/opt/gz_rendering_vendor:/opt/ros/jazzy/opt/gz_plugin_vendor:/opt/ros/jazzy/opt/gz_fuel_tools_vendor:/opt/ros/jazzy/opt/gz_msgs_vendor:/opt/ros/jazzy/opt/gz_common_vendor:/opt/ros/jazzy/opt/gz_math_vendor:/opt/ros/jazzy/opt/gz_utils_vendor:/opt/ros/jazzy/opt/gz_tools_vendor:/opt/ros/jazzy/opt/gz_ogre_next_vendor:/opt/ros/jazzy/opt/gz_dartsim_vendor:/opt/ros/jazzy/opt/gz_cmake_vendor:/home/sweepi/SweePi/install/sweepi_temp_rpi_hardware:/home/sweepi/SweePi/install/sweepi_api_bridge:/home/sweepi/SweePi/install/sweepi_base_driver:/opt/ros/jazzy /usr/bin/cmake --build /home/sweepi/SweePi/build_diagnostic/sweepi_bringup -- -j4 -l4
[13.089s] DEBUG:colcon.colcon_core.event_handler.log_command:Invoked command in '/home/sweepi/SweePi/build_diagnostic/sweepi_bringup' returned '0': AMENT_PREFIX_PATH=/home/sweepi/SweePi/install_diagnostic/sweepi_slam:/home/sweepi/SweePi/install_diagnostic/sweepi_description:${AMENT_PREFIX_PATH} CMAKE_PREFIX_PATH=/home/sweepi/SweePi/install_diagnostic/sweepi_slam:/home/sweepi/SweePi/install_diagnostic/sweepi_description:/home/sweepi/SweePi/install/sweepi_robot_manager:/home/sweepi/SweePi/install/sweepi_real_bringup:/home/sweepi/SweePi/install/sweepi_state_estimation:/home/sweepi/SweePi/install/sweepi_exploration:/home/sweepi/SweePi/install/sweepi_bringup:/home/sweepi/SweePi/install/sweepi_slam:/home/sweepi/SweePi/install/sweepi_robot_manager_interfaces:/home/sweepi/SweePi/install/sweepi_description:/home/sweepi/SweePi/install/sweepi_coverage:/home/sweepi/SweePi/install/sllidar_ros2:/opt/ros/jazzy/opt/gz_sim_vendor:/opt/ros/jazzy/opt/gz_sensors_vendor:/opt/ros/jazzy/opt/gz_physics_vendor:/opt/ros/jazzy/opt/sdformat_vendor:/opt/ros/jazzy/opt/gz_gui_vendor:/opt/ros/jazzy/opt/gz_transport_vendor:/opt/ros/jazzy/opt/gz_rendering_vendor:/opt/ros/jazzy/opt/gz_plugin_vendor:/opt/ros/jazzy/opt/gz_fuel_tools_vendor:/opt/ros/jazzy/opt/gz_msgs_vendor:/opt/ros/jazzy/opt/gz_common_vendor:/opt/ros/jazzy/opt/gz_math_vendor:/opt/ros/jazzy/opt/gz_utils_vendor:/opt/ros/jazzy/opt/gz_tools_vendor:/opt/ros/jazzy/opt/gz_ogre_next_vendor:/opt/ros/jazzy/opt/gz_dartsim_vendor:/opt/ros/jazzy/opt/gz_cmake_vendor:/home/sweepi/SweePi/install/sweepi_temp_rpi_hardware:/home/sweepi/SweePi/install/sweepi_api_bridge:/home/sweepi/SweePi/install/sweepi_base_driver:/opt/ros/jazzy /usr/bin/cmake --build /home/sweepi/SweePi/build_diagnostic/sweepi_bringup -- -j4 -l4
[13.090s] DEBUG:colcon.colcon_core.event_handler.log_command:Invoking command in '/home/sweepi/SweePi/build_diagnostic/sweepi_bringup': AMENT_PREFIX_PATH=/home/sweepi/SweePi/install_diagnostic/sweepi_slam:/home/sweepi/SweePi/install_diagnostic/sweepi_description:${AMENT_PREFIX_PATH} CMAKE_PREFIX_PATH=/home/sweepi/SweePi/install_diagnostic/sweepi_slam:/home/sweepi/SweePi/install_diagnostic/sweepi_description:/home/sweepi/SweePi/install/sweepi_robot_manager:/home/sweepi/SweePi/install/sweepi_real_bringup:/home/sweepi/SweePi/install/sweepi_state_estimation:/home/sweepi/SweePi/install/sweepi_exploration:/home/sweepi/SweePi/install/sweepi_bringup:/home/sweepi/SweePi/install/sweepi_slam:/home/sweepi/SweePi/install/sweepi_robot_manager_interfaces:/home/sweepi/SweePi/install/sweepi_description:/home/sweepi/SweePi/install/sweepi_coverage:/home/sweepi/SweePi/install/sllidar_ros2:/opt/ros/jazzy/opt/gz_sim_vendor:/opt/ros/jazzy/opt/gz_sensors_vendor:/opt/ros/jazzy/opt/gz_physics_vendor:/opt/ros/jazzy/opt/sdformat_vendor:/opt/ros/jazzy/opt/gz_gui_vendor:/opt/ros/jazzy/opt/gz_transport_vendor:/opt/ros/jazzy/opt/gz_rendering_vendor:/opt/ros/jazzy/opt/gz_plugin_vendor:/opt/ros/jazzy/opt/gz_fuel_tools_vendor:/opt/ros/jazzy/opt/gz_msgs_vendor:/opt/ros/jazzy/opt/gz_common_vendor:/opt/ros/jazzy/opt/gz_math_vendor:/opt/ros/jazzy/opt/gz_utils_vendor:/opt/ros/jazzy/opt/gz_tools_vendor:/opt/ros/jazzy/opt/gz_ogre_next_vendor:/opt/ros/jazzy/opt/gz_dartsim_vendor:/opt/ros/jazzy/opt/gz_cmake_vendor:/home/sweepi/SweePi/install/sweepi_temp_rpi_hardware:/home/sweepi/SweePi/install/sweepi_api_bridge:/home/sweepi/SweePi/install/sweepi_base_driver:/opt/ros/jazzy /usr/bin/cmake --install /home/sweepi/SweePi/build_diagnostic/sweepi_bringup
[13.177s] DEBUG:colcon.colcon_core.event_handler.log_command:Invoked command in '/home/sweepi/SweePi/build_diagnostic/sweepi_robot_manager_interfaces' returned '0': CMAKE_PREFIX_PATH=${CMAKE_PREFIX_PATH}:/home/sweepi/SweePi/install/sweepi_temp_rpi_hardware:/home/sweepi/SweePi/install/sweepi_api_bridge:/home/sweepi/SweePi/install/sweepi_base_driver:/opt/ros/jazzy /usr/bin/cmake /home/sweepi/SweePi/src/sweepi_robot_manager_interfaces -DAMENT_CMAKE_SYMLINK_INSTALL=1 -DCMAKE_INSTALL_PREFIX=/home/sweepi/SweePi/install_diagnostic/sweepi_robot_manager_interfaces
[13.177s] DEBUG:colcon.colcon_core.event_handler.log_command:Invoking command in '/home/sweepi/SweePi/build_diagnostic/sweepi_robot_manager_interfaces': CMAKE_PREFIX_PATH=${CMAKE_PREFIX_PATH}:/home/sweepi/SweePi/install/sweepi_temp_rpi_hardware:/home/sweepi/SweePi/install/sweepi_api_bridge:/home/sweepi/SweePi/install/sweepi_base_driver:/opt/ros/jazzy /usr/bin/cmake --build /home/sweepi/SweePi/build_diagnostic/sweepi_robot_manager_interfaces -- -j4 -l4
[13.453s] DEBUG:colcon.colcon_core.event_handler.log_command:Invoked command in '/home/sweepi/SweePi/build_diagnostic/sweepi_coverage' returned '0': CMAKE_PREFIX_PATH=${CMAKE_PREFIX_PATH}:/home/sweepi/SweePi/install/sweepi_temp_rpi_hardware:/home/sweepi/SweePi/install/sweepi_api_bridge:/home/sweepi/SweePi/install/sweepi_base_driver:/opt/ros/jazzy /usr/bin/cmake /home/sweepi/SweePi/src/sweepi_coverage -DAMENT_CMAKE_SYMLINK_INSTALL=1 -DCMAKE_INSTALL_PREFIX=/home/sweepi/SweePi/install_diagnostic/sweepi_coverage
[13.458s] DEBUG:colcon.colcon_core.event_handler.log_command:Invoking command in '/home/sweepi/SweePi/build_diagnostic/sweepi_coverage': CMAKE_PREFIX_PATH=${CMAKE_PREFIX_PATH}:/home/sweepi/SweePi/install/sweepi_temp_rpi_hardware:/home/sweepi/SweePi/install/sweepi_api_bridge:/home/sweepi/SweePi/install/sweepi_base_driver:/opt/ros/jazzy /usr/bin/cmake --build /home/sweepi/SweePi/build_diagnostic/sweepi_coverage -- -j4 -l4
[14.045s] Level 1:colcon.colcon_core.environment:create_environment_scripts_only(sweepi_bringup)
[14.046s] DEBUG:colcon.colcon_core.event_handler.log_command:Invoked command in '/home/sweepi/SweePi/build_diagnostic/sweepi_bringup' returned '0': AMENT_PREFIX_PATH=/home/sweepi/SweePi/install_diagnostic/sweepi_slam:/home/sweepi/SweePi/install_diagnostic/sweepi_description:${AMENT_PREFIX_PATH} CMAKE_PREFIX_PATH=/home/sweepi/SweePi/install_diagnostic/sweepi_slam:/home/sweepi/SweePi/install_diagnostic/sweepi_description:/home/sweepi/SweePi/install/sweepi_robot_manager:/home/sweepi/SweePi/install/sweepi_real_bringup:/home/sweepi/SweePi/install/sweepi_state_estimation:/home/sweepi/SweePi/install/sweepi_exploration:/home/sweepi/SweePi/install/sweepi_bringup:/home/sweepi/SweePi/install/sweepi_slam:/home/sweepi/SweePi/install/sweepi_robot_manager_interfaces:/home/sweepi/SweePi/install/sweepi_description:/home/sweepi/SweePi/install/sweepi_coverage:/home/sweepi/SweePi/install/sllidar_ros2:/opt/ros/jazzy/opt/gz_sim_vendor:/opt/ros/jazzy/opt/gz_sensors_vendor:/opt/ros/jazzy/opt/gz_physics_vendor:/opt/ros/jazzy/opt/sdformat_vendor:/opt/ros/jazzy/opt/gz_gui_vendor:/opt/ros/jazzy/opt/gz_transport_vendor:/opt/ros/jazzy/opt/gz_rendering_vendor:/opt/ros/jazzy/opt/gz_plugin_vendor:/opt/ros/jazzy/opt/gz_fuel_tools_vendor:/opt/ros/jazzy/opt/gz_msgs_vendor:/opt/ros/jazzy/opt/gz_common_vendor:/opt/ros/jazzy/opt/gz_math_vendor:/opt/ros/jazzy/opt/gz_utils_vendor:/opt/ros/jazzy/opt/gz_tools_vendor:/opt/ros/jazzy/opt/gz_ogre_next_vendor:/opt/ros/jazzy/opt/gz_dartsim_vendor:/opt/ros/jazzy/opt/gz_cmake_vendor:/home/sweepi/SweePi/install/sweepi_temp_rpi_hardware:/home/sweepi/SweePi/install/sweepi_api_bridge:/home/sweepi/SweePi/install/sweepi_base_driver:/opt/ros/jazzy /usr/bin/cmake --install /home/sweepi/SweePi/build_diagnostic/sweepi_bringup
[14.046s] Level 1:colcon.colcon_core.environment:checking '/home/sweepi/SweePi/install_diagnostic/sweepi_bringup' for CMake module files
[14.048s] Level 1:colcon.colcon_core.environment:checking '/home/sweepi/SweePi/install_diagnostic/sweepi_bringup' for CMake config files
[14.049s] Level 1:colcon.colcon_core.shell:create_environment_hook('sweepi_bringup', 'cmake_prefix_path')
[14.049s] INFO:colcon.colcon_core.shell:Creating environment hook '/home/sweepi/SweePi/install_diagnostic/sweepi_bringup/share/sweepi_bringup/hook/cmake_prefix_path.ps1'
[14.050s] INFO:colcon.colcon_core.shell:Creating environment descriptor '/home/sweepi/SweePi/install_diagnostic/sweepi_bringup/share/sweepi_bringup/hook/cmake_prefix_path.dsv'
[14.051s] INFO:colcon.colcon_core.shell:Creating environment hook '/home/sweepi/SweePi/install_diagnostic/sweepi_bringup/share/sweepi_bringup/hook/cmake_prefix_path.sh'
[14.053s] Level 1:colcon.colcon_core.environment:checking '/home/sweepi/SweePi/install_diagnostic/sweepi_bringup/lib'
[14.053s] Level 1:colcon.colcon_core.environment:checking '/home/sweepi/SweePi/install_diagnostic/sweepi_bringup/bin'
[14.053s] Level 1:colcon.colcon_core.environment:checking '/home/sweepi/SweePi/install_diagnostic/sweepi_bringup/lib/pkgconfig/sweepi_bringup.pc'
[14.054s] Level 1:colcon.colcon_core.environment:checking '/home/sweepi/SweePi/install_diagnostic/sweepi_bringup/lib/python3.12/site-packages'
[14.054s] Level 1:colcon.colcon_core.environment:checking '/home/sweepi/SweePi/install_diagnostic/sweepi_bringup/bin'
[14.055s] INFO:colcon.colcon_core.shell:Creating package script '/home/sweepi/SweePi/install_diagnostic/sweepi_bringup/share/sweepi_bringup/package.ps1'
[14.056s] INFO:colcon.colcon_core.shell:Creating package descriptor '/home/sweepi/SweePi/install_diagnostic/sweepi_bringup/share/sweepi_bringup/package.dsv'
[14.057s] INFO:colcon.colcon_core.shell:Creating package script '/home/sweepi/SweePi/install_diagnostic/sweepi_bringup/share/sweepi_bringup/package.sh'
[14.058s] INFO:colcon.colcon_core.shell:Creating package script '/home/sweepi/SweePi/install_diagnostic/sweepi_bringup/share/sweepi_bringup/package.bash'
[14.059s] INFO:colcon.colcon_core.shell:Creating package script '/home/sweepi/SweePi/install_diagnostic/sweepi_bringup/share/sweepi_bringup/package.zsh'
[14.059s] Level 1:colcon.colcon_core.environment:create_file_with_runtime_dependencies(/home/sweepi/SweePi/install_diagnostic/sweepi_bringup/share/colcon-core/packages/sweepi_bringup)
[14.061s] Level 1:colcon.colcon_core.environment:create_environment_scripts_only(sweepi_bringup)
[14.061s] Level 1:colcon.colcon_core.environment:checking '/home/sweepi/SweePi/install_diagnostic/sweepi_bringup' for CMake module files
[14.062s] Level 1:colcon.colcon_core.environment:checking '/home/sweepi/SweePi/install_diagnostic/sweepi_bringup' for CMake config files
[14.063s] Level 1:colcon.colcon_core.shell:create_environment_hook('sweepi_bringup', 'cmake_prefix_path')
[14.064s] INFO:colcon.colcon_core.shell:Creating environment hook '/home/sweepi/SweePi/install_diagnostic/sweepi_bringup/share/sweepi_bringup/hook/cmake_prefix_path.ps1'
[14.065s] INFO:colcon.colcon_core.shell:Creating environment descriptor '/home/sweepi/SweePi/install_diagnostic/sweepi_bringup/share/sweepi_bringup/hook/cmake_prefix_path.dsv'
[14.066s] INFO:colcon.colcon_core.shell:Creating environment hook '/home/sweepi/SweePi/install_diagnostic/sweepi_bringup/share/sweepi_bringup/hook/cmake_prefix_path.sh'
[14.070s] Level 1:colcon.colcon_core.environment:checking '/home/sweepi/SweePi/install_diagnostic/sweepi_bringup/lib'
[14.070s] Level 1:colcon.colcon_core.environment:checking '/home/sweepi/SweePi/install_diagnostic/sweepi_bringup/bin'
[14.070s] Level 1:colcon.colcon_core.environment:checking '/home/sweepi/SweePi/install_diagnostic/sweepi_bringup/lib/pkgconfig/sweepi_bringup.pc'
[14.070s] Level 1:colcon.colcon_core.environment:checking '/home/sweepi/SweePi/install_diagnostic/sweepi_bringup/lib/python3.12/site-packages'
[14.071s] Level 1:colcon.colcon_core.environment:checking '/home/sweepi/SweePi/install_diagnostic/sweepi_bringup/bin'
[14.072s] INFO:colcon.colcon_core.shell:Creating package script '/home/sweepi/SweePi/install_diagnostic/sweepi_bringup/share/sweepi_bringup/package.ps1'
[14.074s] INFO:colcon.colcon_core.shell:Creating package descriptor '/home/sweepi/SweePi/install_diagnostic/sweepi_bringup/share/sweepi_bringup/package.dsv'
[14.075s] INFO:colcon.colcon_core.shell:Creating package script '/home/sweepi/SweePi/install_diagnostic/sweepi_bringup/share/sweepi_bringup/package.sh'
[14.077s] INFO:colcon.colcon_core.shell:Creating package script '/home/sweepi/SweePi/install_diagnostic/sweepi_bringup/share/sweepi_bringup/package.bash'
[14.078s] INFO:colcon.colcon_core.shell:Creating package script '/home/sweepi/SweePi/install_diagnostic/sweepi_bringup/share/sweepi_bringup/package.zsh'
[14.079s] Level 1:colcon.colcon_core.environment:create_file_with_runtime_dependencies(/home/sweepi/SweePi/install_diagnostic/sweepi_bringup/share/colcon-core/packages/sweepi_bringup)
[14.080s] INFO:colcon.colcon_ros.task.ament_cmake.build:Building ROS package in '/home/sweepi/SweePi/src/sweepi_exploration' with build type 'ament_cmake'
[14.080s] INFO:colcon.colcon_cmake.task.cmake.build:Building CMake package in '/home/sweepi/SweePi/src/sweepi_exploration'
[14.081s] INFO:colcon.colcon_core.shell:Skip shell extension 'powershell' for command environment: Not usable outside of PowerShell
[14.081s] DEBUG:colcon.colcon_core.shell:Skip shell extension 'dsv' for command environment
[14.102s] DEBUG:colcon.colcon_core.event_handler.log_command:Invoking command in '/home/sweepi/SweePi/build_diagnostic/sweepi_exploration': AMENT_PREFIX_PATH=/home/sweepi/SweePi/install_diagnostic/sweepi_slam:${AMENT_PREFIX_PATH} CMAKE_PREFIX_PATH=/home/sweepi/SweePi/install_diagnostic/sweepi_slam:/home/sweepi/SweePi/install/sweepi_robot_manager:/home/sweepi/SweePi/install/sweepi_real_bringup:/home/sweepi/SweePi/install/sweepi_state_estimation:/home/sweepi/SweePi/install/sweepi_exploration:/home/sweepi/SweePi/install/sweepi_bringup:/home/sweepi/SweePi/install/sweepi_slam:/home/sweepi/SweePi/install/sweepi_robot_manager_interfaces:/home/sweepi/SweePi/install/sweepi_description:/home/sweepi/SweePi/install/sweepi_coverage:/home/sweepi/SweePi/install/sllidar_ros2:/opt/ros/jazzy/opt/gz_sim_vendor:/opt/ros/jazzy/opt/gz_sensors_vendor:/opt/ros/jazzy/opt/gz_physics_vendor:/opt/ros/jazzy/opt/sdformat_vendor:/opt/ros/jazzy/opt/gz_gui_vendor:/opt/ros/jazzy/opt/gz_transport_vendor:/opt/ros/jazzy/opt/gz_rendering_vendor:/opt/ros/jazzy/opt/gz_plugin_vendor:/opt/ros/jazzy/opt/gz_fuel_tools_vendor:/opt/ros/jazzy/opt/gz_msgs_vendor:/opt/ros/jazzy/opt/gz_common_vendor:/opt/ros/jazzy/opt/gz_math_vendor:/opt/ros/jazzy/opt/gz_utils_vendor:/opt/ros/jazzy/opt/gz_tools_vendor:/opt/ros/jazzy/opt/gz_ogre_next_vendor:/opt/ros/jazzy/opt/gz_dartsim_vendor:/opt/ros/jazzy/opt/gz_cmake_vendor:/home/sweepi/SweePi/install/sweepi_temp_rpi_hardware:/home/sweepi/SweePi/install/sweepi_api_bridge:/home/sweepi/SweePi/install/sweepi_base_driver:/opt/ros/jazzy /usr/bin/cmake /home/sweepi/SweePi/src/sweepi_exploration -DAMENT_CMAKE_SYMLINK_INSTALL=1 -DCMAKE_INSTALL_PREFIX=/home/sweepi/SweePi/install_diagnostic/sweepi_exploration
[14.667s] DEBUG:colcon.colcon_core.event_handler.log_command:Invoked command in '/home/sweepi/SweePi/build_diagnostic/sweepi_coverage' returned '0': CMAKE_PREFIX_PATH=${CMAKE_PREFIX_PATH}:/home/sweepi/SweePi/install/sweepi_temp_rpi_hardware:/home/sweepi/SweePi/install/sweepi_api_bridge:/home/sweepi/SweePi/install/sweepi_base_driver:/opt/ros/jazzy /usr/bin/cmake --build /home/sweepi/SweePi/build_diagnostic/sweepi_coverage -- -j4 -l4
[14.667s] DEBUG:colcon.colcon_core.event_handler.log_command:Invoking command in '/home/sweepi/SweePi/build_diagnostic/sweepi_coverage': CMAKE_PREFIX_PATH=${CMAKE_PREFIX_PATH}:/home/sweepi/SweePi/install/sweepi_temp_rpi_hardware:/home/sweepi/SweePi/install/sweepi_api_bridge:/home/sweepi/SweePi/install/sweepi_base_driver:/opt/ros/jazzy /usr/bin/cmake --install /home/sweepi/SweePi/build_diagnostic/sweepi_coverage
[16.211s] Level 1:colcon.colcon_core.environment:create_environment_scripts_only(sweepi_coverage)
[16.211s] Level 1:colcon.colcon_core.environment:checking '/home/sweepi/SweePi/install_diagnostic/sweepi_coverage' for CMake module files
[16.212s] Level 1:colcon.colcon_core.environment:checking '/home/sweepi/SweePi/install_diagnostic/sweepi_coverage' for CMake config files
[16.213s] DEBUG:colcon.colcon_core.event_handler.log_command:Invoked command in '/home/sweepi/SweePi/build_diagnostic/sweepi_coverage' returned '0': CMAKE_PREFIX_PATH=${CMAKE_PREFIX_PATH}:/home/sweepi/SweePi/install/sweepi_temp_rpi_hardware:/home/sweepi/SweePi/install/sweepi_api_bridge:/home/sweepi/SweePi/install/sweepi_base_driver:/opt/ros/jazzy /usr/bin/cmake --install /home/sweepi/SweePi/build_diagnostic/sweepi_coverage
[16.214s] Level 1:colcon.colcon_core.shell:create_environment_hook('sweepi_coverage', 'cmake_prefix_path')
[16.214s] INFO:colcon.colcon_core.shell:Creating environment hook '/home/sweepi/SweePi/install_diagnostic/sweepi_coverage/share/sweepi_coverage/hook/cmake_prefix_path.ps1'
[16.216s] INFO:colcon.colcon_core.shell:Creating environment descriptor '/home/sweepi/SweePi/install_diagnostic/sweepi_coverage/share/sweepi_coverage/hook/cmake_prefix_path.dsv'
[16.217s] INFO:colcon.colcon_core.shell:Creating environment hook '/home/sweepi/SweePi/install_diagnostic/sweepi_coverage/share/sweepi_coverage/hook/cmake_prefix_path.sh'
[16.219s] Level 1:colcon.colcon_core.environment:checking '/home/sweepi/SweePi/install_diagnostic/sweepi_coverage/lib'
[16.219s] Level 1:colcon.colcon_core.environment:checking '/home/sweepi/SweePi/install_diagnostic/sweepi_coverage/bin'
[16.219s] Level 1:colcon.colcon_core.environment:checking '/home/sweepi/SweePi/install_diagnostic/sweepi_coverage/lib/pkgconfig/sweepi_coverage.pc'
[16.219s] Level 1:colcon.colcon_core.environment:checking '/home/sweepi/SweePi/install_diagnostic/sweepi_coverage/lib/python3.12/site-packages'
[16.220s] Level 1:colcon.colcon_core.shell:create_environment_hook('sweepi_coverage', 'pythonpath')
[16.220s] INFO:colcon.colcon_core.shell:Creating environment hook '/home/sweepi/SweePi/install_diagnostic/sweepi_coverage/share/sweepi_coverage/hook/pythonpath.ps1'
[16.221s] INFO:colcon.colcon_core.shell:Creating environment descriptor '/home/sweepi/SweePi/install_diagnostic/sweepi_coverage/share/sweepi_coverage/hook/pythonpath.dsv'
[16.222s] INFO:colcon.colcon_core.shell:Creating environment hook '/home/sweepi/SweePi/install_diagnostic/sweepi_coverage/share/sweepi_coverage/hook/pythonpath.sh'
[16.224s] Level 1:colcon.colcon_core.environment:checking '/home/sweepi/SweePi/install_diagnostic/sweepi_coverage/bin'
[16.225s] INFO:colcon.colcon_core.shell:Creating package script '/home/sweepi/SweePi/install_diagnostic/sweepi_coverage/share/sweepi_coverage/package.ps1'
[16.226s] INFO:colcon.colcon_core.shell:Creating package descriptor '/home/sweepi/SweePi/install_diagnostic/sweepi_coverage/share/sweepi_coverage/package.dsv'
[16.228s] INFO:colcon.colcon_core.shell:Creating package script '/home/sweepi/SweePi/install_diagnostic/sweepi_coverage/share/sweepi_coverage/package.sh'
[16.229s] INFO:colcon.colcon_core.shell:Creating package script '/home/sweepi/SweePi/install_diagnostic/sweepi_coverage/share/sweepi_coverage/package.bash'
[16.230s] INFO:colcon.colcon_core.shell:Creating package script '/home/sweepi/SweePi/install_diagnostic/sweepi_coverage/share/sweepi_coverage/package.zsh'
[16.232s] Level 1:colcon.colcon_core.environment:create_file_with_runtime_dependencies(/home/sweepi/SweePi/install_diagnostic/sweepi_coverage/share/colcon-core/packages/sweepi_coverage)
[16.234s] Level 1:colcon.colcon_core.environment:create_environment_scripts_only(sweepi_coverage)
[16.234s] Level 1:colcon.colcon_core.environment:checking '/home/sweepi/SweePi/install_diagnostic/sweepi_coverage' for CMake module files
[16.235s] Level 1:colcon.colcon_core.environment:checking '/home/sweepi/SweePi/install_diagnostic/sweepi_coverage' for CMake config files
[16.236s] Level 1:colcon.colcon_core.shell:create_environment_hook('sweepi_coverage', 'cmake_prefix_path')
[16.237s] INFO:colcon.colcon_core.shell:Creating environment hook '/home/sweepi/SweePi/install_diagnostic/sweepi_coverage/share/sweepi_coverage/hook/cmake_prefix_path.ps1'
[16.238s] INFO:colcon.colcon_core.shell:Creating environment descriptor '/home/sweepi/SweePi/install_diagnostic/sweepi_coverage/share/sweepi_coverage/hook/cmake_prefix_path.dsv'
[16.240s] INFO:colcon.colcon_core.shell:Creating environment hook '/home/sweepi/SweePi/install_diagnostic/sweepi_coverage/share/sweepi_coverage/hook/cmake_prefix_path.sh'
[16.241s] Level 1:colcon.colcon_core.environment:checking '/home/sweepi/SweePi/install_diagnostic/sweepi_coverage/lib'
[16.241s] Level 1:colcon.colcon_core.environment:checking '/home/sweepi/SweePi/install_diagnostic/sweepi_coverage/bin'
[16.241s] Level 1:colcon.colcon_core.environment:checking '/home/sweepi/SweePi/install_diagnostic/sweepi_coverage/lib/pkgconfig/sweepi_coverage.pc'
[16.242s] Level 1:colcon.colcon_core.environment:checking '/home/sweepi/SweePi/install_diagnostic/sweepi_coverage/lib/python3.12/site-packages'
[16.242s] Level 1:colcon.colcon_core.shell:create_environment_hook('sweepi_coverage', 'pythonpath')
[16.242s] INFO:colcon.colcon_core.shell:Creating environment hook '/home/sweepi/SweePi/install_diagnostic/sweepi_coverage/share/sweepi_coverage/hook/pythonpath.ps1'
[16.244s] INFO:colcon.colcon_core.shell:Creating environment descriptor '/home/sweepi/SweePi/install_diagnostic/sweepi_coverage/share/sweepi_coverage/hook/pythonpath.dsv'
[16.245s] INFO:colcon.colcon_core.shell:Creating environment hook '/home/sweepi/SweePi/install_diagnostic/sweepi_coverage/share/sweepi_coverage/hook/pythonpath.sh'
[16.247s] Level 1:colcon.colcon_core.environment:checking '/home/sweepi/SweePi/install_diagnostic/sweepi_coverage/bin'
[16.248s] INFO:colcon.colcon_core.shell:Creating package script '/home/sweepi/SweePi/install_diagnostic/sweepi_coverage/share/sweepi_coverage/package.ps1'
[16.249s] INFO:colcon.colcon_core.shell:Creating package descriptor '/home/sweepi/SweePi/install_diagnostic/sweepi_coverage/share/sweepi_coverage/package.dsv'
[16.251s] INFO:colcon.colcon_core.shell:Creating package script '/home/sweepi/SweePi/install_diagnostic/sweepi_coverage/share/sweepi_coverage/package.sh'
[16.252s] INFO:colcon.colcon_core.shell:Creating package script '/home/sweepi/SweePi/install_diagnostic/sweepi_coverage/share/sweepi_coverage/package.bash'
[16.253s] INFO:colcon.colcon_core.shell:Creating package script '/home/sweepi/SweePi/install_diagnostic/sweepi_coverage/share/sweepi_coverage/package.zsh'
[16.255s] Level 1:colcon.colcon_core.environment:create_file_with_runtime_dependencies(/home/sweepi/SweePi/install_diagnostic/sweepi_coverage/share/colcon-core/packages/sweepi_coverage)
[16.632s] DEBUG:colcon.colcon_core.event_handler.log_command:Invoked command in '/home/sweepi/SweePi/build_diagnostic/sweepi_exploration' returned '0': AMENT_PREFIX_PATH=/home/sweepi/SweePi/install_diagnostic/sweepi_slam:${AMENT_PREFIX_PATH} CMAKE_PREFIX_PATH=/home/sweepi/SweePi/install_diagnostic/sweepi_slam:/home/sweepi/SweePi/install/sweepi_robot_manager:/home/sweepi/SweePi/install/sweepi_real_bringup:/home/sweepi/SweePi/install/sweepi_state_estimation:/home/sweepi/SweePi/install/sweepi_exploration:/home/sweepi/SweePi/install/sweepi_bringup:/home/sweepi/SweePi/install/sweepi_slam:/home/sweepi/SweePi/install/sweepi_robot_manager_interfaces:/home/sweepi/SweePi/install/sweepi_description:/home/sweepi/SweePi/install/sweepi_coverage:/home/sweepi/SweePi/install/sllidar_ros2:/opt/ros/jazzy/opt/gz_sim_vendor:/opt/ros/jazzy/opt/gz_sensors_vendor:/opt/ros/jazzy/opt/gz_physics_vendor:/opt/ros/jazzy/opt/sdformat_vendor:/opt/ros/jazzy/opt/gz_gui_vendor:/opt/ros/jazzy/opt/gz_transport_vendor:/opt/ros/jazzy/opt/gz_rendering_vendor:/opt/ros/jazzy/opt/gz_plugin_vendor:/opt/ros/jazzy/opt/gz_fuel_tools_vendor:/opt/ros/jazzy/opt/gz_msgs_vendor:/opt/ros/jazzy/opt/gz_common_vendor:/opt/ros/jazzy/opt/gz_math_vendor:/opt/ros/jazzy/opt/gz_utils_vendor:/opt/ros/jazzy/opt/gz_tools_vendor:/opt/ros/jazzy/opt/gz_ogre_next_vendor:/opt/ros/jazzy/opt/gz_dartsim_vendor:/opt/ros/jazzy/opt/gz_cmake_vendor:/home/sweepi/SweePi/install/sweepi_temp_rpi_hardware:/home/sweepi/SweePi/install/sweepi_api_bridge:/home/sweepi/SweePi/install/sweepi_base_driver:/opt/ros/jazzy /usr/bin/cmake /home/sweepi/SweePi/src/sweepi_exploration -DAMENT_CMAKE_SYMLINK_INSTALL=1 -DCMAKE_INSTALL_PREFIX=/home/sweepi/SweePi/install_diagnostic/sweepi_exploration
[16.633s] DEBUG:colcon.colcon_core.event_handler.log_command:Invoking command in '/home/sweepi/SweePi/build_diagnostic/sweepi_exploration': AMENT_PREFIX_PATH=/home/sweepi/SweePi/install_diagnostic/sweepi_slam:${AMENT_PREFIX_PATH} CMAKE_PREFIX_PATH=/home/sweepi/SweePi/install_diagnostic/sweepi_slam:/home/sweepi/SweePi/install/sweepi_robot_manager:/home/sweepi/SweePi/install/sweepi_real_bringup:/home/sweepi/SweePi/install/sweepi_state_estimation:/home/sweepi/SweePi/install/sweepi_exploration:/home/sweepi/SweePi/install/sweepi_bringup:/home/sweepi/SweePi/install/sweepi_slam:/home/sweepi/SweePi/install/sweepi_robot_manager_interfaces:/home/sweepi/SweePi/install/sweepi_description:/home/sweepi/SweePi/install/sweepi_coverage:/home/sweepi/SweePi/install/sllidar_ros2:/opt/ros/jazzy/opt/gz_sim_vendor:/opt/ros/jazzy/opt/gz_sensors_vendor:/opt/ros/jazzy/opt/gz_physics_vendor:/opt/ros/jazzy/opt/sdformat_vendor:/opt/ros/jazzy/opt/gz_gui_vendor:/opt/ros/jazzy/opt/gz_transport_vendor:/opt/ros/jazzy/opt/gz_rendering_vendor:/opt/ros/jazzy/opt/gz_plugin_vendor:/opt/ros/jazzy/opt/gz_fuel_tools_vendor:/opt/ros/jazzy/opt/gz_msgs_vendor:/opt/ros/jazzy/opt/gz_common_vendor:/opt/ros/jazzy/opt/gz_math_vendor:/opt/ros/jazzy/opt/gz_utils_vendor:/opt/ros/jazzy/opt/gz_tools_vendor:/opt/ros/jazzy/opt/gz_ogre_next_vendor:/opt/ros/jazzy/opt/gz_dartsim_vendor:/opt/ros/jazzy/opt/gz_cmake_vendor:/home/sweepi/SweePi/install/sweepi_temp_rpi_hardware:/home/sweepi/SweePi/install/sweepi_api_bridge:/home/sweepi/SweePi/install/sweepi_base_driver:/opt/ros/jazzy /usr/bin/cmake --build /home/sweepi/SweePi/build_diagnostic/sweepi_exploration -- -j4 -l4
[17.479s] DEBUG:colcon.colcon_core.event_handler.log_command:Invoked command in '/home/sweepi/SweePi/build_diagnostic/sweepi_exploration' returned '0': AMENT_PREFIX_PATH=/home/sweepi/SweePi/install_diagnostic/sweepi_slam:${AMENT_PREFIX_PATH} CMAKE_PREFIX_PATH=/home/sweepi/SweePi/install_diagnostic/sweepi_slam:/home/sweepi/SweePi/install/sweepi_robot_manager:/home/sweepi/SweePi/install/sweepi_real_bringup:/home/sweepi/SweePi/install/sweepi_state_estimation:/home/sweepi/SweePi/install/sweepi_exploration:/home/sweepi/SweePi/install/sweepi_bringup:/home/sweepi/SweePi/install/sweepi_slam:/home/sweepi/SweePi/install/sweepi_robot_manager_interfaces:/home/sweepi/SweePi/install/sweepi_description:/home/sweepi/SweePi/install/sweepi_coverage:/home/sweepi/SweePi/install/sllidar_ros2:/opt/ros/jazzy/opt/gz_sim_vendor:/opt/ros/jazzy/opt/gz_sensors_vendor:/opt/ros/jazzy/opt/gz_physics_vendor:/opt/ros/jazzy/opt/sdformat_vendor:/opt/ros/jazzy/opt/gz_gui_vendor:/opt/ros/jazzy/opt/gz_transport_vendor:/opt/ros/jazzy/opt/gz_rendering_vendor:/opt/ros/jazzy/opt/gz_plugin_vendor:/opt/ros/jazzy/opt/gz_fuel_tools_vendor:/opt/ros/jazzy/opt/gz_msgs_vendor:/opt/ros/jazzy/opt/gz_common_vendor:/opt/ros/jazzy/opt/gz_math_vendor:/opt/ros/jazzy/opt/gz_utils_vendor:/opt/ros/jazzy/opt/gz_tools_vendor:/opt/ros/jazzy/opt/gz_ogre_next_vendor:/opt/ros/jazzy/opt/gz_dartsim_vendor:/opt/ros/jazzy/opt/gz_cmake_vendor:/home/sweepi/SweePi/install/sweepi_temp_rpi_hardware:/home/sweepi/SweePi/install/sweepi_api_bridge:/home/sweepi/SweePi/install/sweepi_base_driver:/opt/ros/jazzy /usr/bin/cmake --build /home/sweepi/SweePi/build_diagnostic/sweepi_exploration -- -j4 -l4
[17.481s] DEBUG:colcon.colcon_core.event_handler.log_command:Invoking command in '/home/sweepi/SweePi/build_diagnostic/sweepi_exploration': AMENT_PREFIX_PATH=/home/sweepi/SweePi/install_diagnostic/sweepi_slam:${AMENT_PREFIX_PATH} CMAKE_PREFIX_PATH=/home/sweepi/SweePi/install_diagnostic/sweepi_slam:/home/sweepi/SweePi/install/sweepi_robot_manager:/home/sweepi/SweePi/install/sweepi_real_bringup:/home/sweepi/SweePi/install/sweepi_state_estimation:/home/sweepi/SweePi/install/sweepi_exploration:/home/sweepi/SweePi/install/sweepi_bringup:/home/sweepi/SweePi/install/sweepi_slam:/home/sweepi/SweePi/install/sweepi_robot_manager_interfaces:/home/sweepi/SweePi/install/sweepi_description:/home/sweepi/SweePi/install/sweepi_coverage:/home/sweepi/SweePi/install/sllidar_ros2:/opt/ros/jazzy/opt/gz_sim_vendor:/opt/ros/jazzy/opt/gz_sensors_vendor:/opt/ros/jazzy/opt/gz_physics_vendor:/opt/ros/jazzy/opt/sdformat_vendor:/opt/ros/jazzy/opt/gz_gui_vendor:/opt/ros/jazzy/opt/gz_transport_vendor:/opt/ros/jazzy/opt/gz_rendering_vendor:/opt/ros/jazzy/opt/gz_plugin_vendor:/opt/ros/jazzy/opt/gz_fuel_tools_vendor:/opt/ros/jazzy/opt/gz_msgs_vendor:/opt/ros/jazzy/opt/gz_common_vendor:/opt/ros/jazzy/opt/gz_math_vendor:/opt/ros/jazzy/opt/gz_utils_vendor:/opt/ros/jazzy/opt/gz_tools_vendor:/opt/ros/jazzy/opt/gz_ogre_next_vendor:/opt/ros/jazzy/opt/gz_dartsim_vendor:/opt/ros/jazzy/opt/gz_cmake_vendor:/home/sweepi/SweePi/install/sweepi_temp_rpi_hardware:/home/sweepi/SweePi/install/sweepi_api_bridge:/home/sweepi/SweePi/install/sweepi_base_driver:/opt/ros/jazzy /usr/bin/cmake --install /home/sweepi/SweePi/build_diagnostic/sweepi_exploration
[18.254s] Level 1:colcon.colcon_core.environment:create_environment_scripts_only(sweepi_exploration)
[18.255s] Level 1:colcon.colcon_core.environment:checking '/home/sweepi/SweePi/install_diagnostic/sweepi_exploration' for CMake module files
[18.256s] Level 1:colcon.colcon_core.environment:checking '/home/sweepi/SweePi/install_diagnostic/sweepi_exploration' for CMake config files
[18.256s] DEBUG:colcon.colcon_core.event_handler.log_command:Invoked command in '/home/sweepi/SweePi/build_diagnostic/sweepi_exploration' returned '0': AMENT_PREFIX_PATH=/home/sweepi/SweePi/install_diagnostic/sweepi_slam:${AMENT_PREFIX_PATH} CMAKE_PREFIX_PATH=/home/sweepi/SweePi/install_diagnostic/sweepi_slam:/home/sweepi/SweePi/install/sweepi_robot_manager:/home/sweepi/SweePi/install/sweepi_real_bringup:/home/sweepi/SweePi/install/sweepi_state_estimation:/home/sweepi/SweePi/install/sweepi_exploration:/home/sweepi/SweePi/install/sweepi_bringup:/home/sweepi/SweePi/install/sweepi_slam:/home/sweepi/SweePi/install/sweepi_robot_manager_interfaces:/home/sweepi/SweePi/install/sweepi_description:/home/sweepi/SweePi/install/sweepi_coverage:/home/sweepi/SweePi/install/sllidar_ros2:/opt/ros/jazzy/opt/gz_sim_vendor:/opt/ros/jazzy/opt/gz_sensors_vendor:/opt/ros/jazzy/opt/gz_physics_vendor:/opt/ros/jazzy/opt/sdformat_vendor:/opt/ros/jazzy/opt/gz_gui_vendor:/opt/ros/jazzy/opt/gz_transport_vendor:/opt/ros/jazzy/opt/gz_rendering_vendor:/opt/ros/jazzy/opt/gz_plugin_vendor:/opt/ros/jazzy/opt/gz_fuel_tools_vendor:/opt/ros/jazzy/opt/gz_msgs_vendor:/opt/ros/jazzy/opt/gz_common_vendor:/opt/ros/jazzy/opt/gz_math_vendor:/opt/ros/jazzy/opt/gz_utils_vendor:/opt/ros/jazzy/opt/gz_tools_vendor:/opt/ros/jazzy/opt/gz_ogre_next_vendor:/opt/ros/jazzy/opt/gz_dartsim_vendor:/opt/ros/jazzy/opt/gz_cmake_vendor:/home/sweepi/SweePi/install/sweepi_temp_rpi_hardware:/home/sweepi/SweePi/install/sweepi_api_bridge:/home/sweepi/SweePi/install/sweepi_base_driver:/opt/ros/jazzy /usr/bin/cmake --install /home/sweepi/SweePi/build_diagnostic/sweepi_exploration
[18.258s] Level 1:colcon.colcon_core.shell:create_environment_hook('sweepi_exploration', 'cmake_prefix_path')
[18.258s] INFO:colcon.colcon_core.shell:Creating environment hook '/home/sweepi/SweePi/install_diagnostic/sweepi_exploration/share/sweepi_exploration/hook/cmake_prefix_path.ps1'
[18.259s] INFO:colcon.colcon_core.shell:Creating environment descriptor '/home/sweepi/SweePi/install_diagnostic/sweepi_exploration/share/sweepi_exploration/hook/cmake_prefix_path.dsv'
[18.260s] INFO:colcon.colcon_core.shell:Creating environment hook '/home/sweepi/SweePi/install_diagnostic/sweepi_exploration/share/sweepi_exploration/hook/cmake_prefix_path.sh'
[18.260s] Level 1:colcon.colcon_core.environment:checking '/home/sweepi/SweePi/install_diagnostic/sweepi_exploration/lib'
[18.261s] Level 1:colcon.colcon_core.environment:checking '/home/sweepi/SweePi/install_diagnostic/sweepi_exploration/bin'
[18.261s] Level 1:colcon.colcon_core.environment:checking '/home/sweepi/SweePi/install_diagnostic/sweepi_exploration/lib/pkgconfig/sweepi_exploration.pc'
[18.261s] Level 1:colcon.colcon_core.environment:checking '/home/sweepi/SweePi/install_diagnostic/sweepi_exploration/lib/python3.12/site-packages'
[18.261s] Level 1:colcon.colcon_core.shell:create_environment_hook('sweepi_exploration', 'pythonpath')
[18.262s] INFO:colcon.colcon_core.shell:Creating environment hook '/home/sweepi/SweePi/install_diagnostic/sweepi_exploration/share/sweepi_exploration/hook/pythonpath.ps1'
[18.262s] INFO:colcon.colcon_core.shell:Creating environment descriptor '/home/sweepi/SweePi/install_diagnostic/sweepi_exploration/share/sweepi_exploration/hook/pythonpath.dsv'
[18.263s] INFO:colcon.colcon_core.shell:Creating environment hook '/home/sweepi/SweePi/install_diagnostic/sweepi_exploration/share/sweepi_exploration/hook/pythonpath.sh'
[18.265s] Level 1:colcon.colcon_core.environment:checking '/home/sweepi/SweePi/install_diagnostic/sweepi_exploration/bin'
[18.266s] INFO:colcon.colcon_core.shell:Creating package script '/home/sweepi/SweePi/install_diagnostic/sweepi_exploration/share/sweepi_exploration/package.ps1'
[18.269s] INFO:colcon.colcon_core.shell:Creating package descriptor '/home/sweepi/SweePi/install_diagnostic/sweepi_exploration/share/sweepi_exploration/package.dsv'
[18.271s] INFO:colcon.colcon_core.shell:Creating package script '/home/sweepi/SweePi/install_diagnostic/sweepi_exploration/share/sweepi_exploration/package.sh'
[18.273s] INFO:colcon.colcon_core.shell:Creating package script '/home/sweepi/SweePi/install_diagnostic/sweepi_exploration/share/sweepi_exploration/package.bash'
[18.275s] INFO:colcon.colcon_core.shell:Creating package script '/home/sweepi/SweePi/install_diagnostic/sweepi_exploration/share/sweepi_exploration/package.zsh'
[18.279s] Level 1:colcon.colcon_core.environment:create_file_with_runtime_dependencies(/home/sweepi/SweePi/install_diagnostic/sweepi_exploration/share/colcon-core/packages/sweepi_exploration)
[18.281s] Level 1:colcon.colcon_core.environment:create_environment_scripts_only(sweepi_exploration)
[18.282s] Level 1:colcon.colcon_core.environment:checking '/home/sweepi/SweePi/install_diagnostic/sweepi_exploration' for CMake module files
[18.283s] Level 1:colcon.colcon_core.environment:checking '/home/sweepi/SweePi/install_diagnostic/sweepi_exploration' for CMake config files
[18.284s] Level 1:colcon.colcon_core.shell:create_environment_hook('sweepi_exploration', 'cmake_prefix_path')
[18.284s] INFO:colcon.colcon_core.shell:Creating environment hook '/home/sweepi/SweePi/install_diagnostic/sweepi_exploration/share/sweepi_exploration/hook/cmake_prefix_path.ps1'
[18.285s] INFO:colcon.colcon_core.shell:Creating environment descriptor '/home/sweepi/SweePi/install_diagnostic/sweepi_exploration/share/sweepi_exploration/hook/cmake_prefix_path.dsv'
[18.289s] INFO:colcon.colcon_core.shell:Creating environment hook '/home/sweepi/SweePi/install_diagnostic/sweepi_exploration/share/sweepi_exploration/hook/cmake_prefix_path.sh'
[18.291s] Level 1:colcon.colcon_core.environment:checking '/home/sweepi/SweePi/install_diagnostic/sweepi_exploration/lib'
[18.291s] Level 1:colcon.colcon_core.environment:checking '/home/sweepi/SweePi/install_diagnostic/sweepi_exploration/bin'
[18.291s] Level 1:colcon.colcon_core.environment:checking '/home/sweepi/SweePi/install_diagnostic/sweepi_exploration/lib/pkgconfig/sweepi_exploration.pc'
[18.292s] Level 1:colcon.colcon_core.environment:checking '/home/sweepi/SweePi/install_diagnostic/sweepi_exploration/lib/python3.12/site-packages'
[18.292s] Level 1:colcon.colcon_core.shell:create_environment_hook('sweepi_exploration', 'pythonpath')
[18.292s] INFO:colcon.colcon_core.shell:Creating environment hook '/home/sweepi/SweePi/install_diagnostic/sweepi_exploration/share/sweepi_exploration/hook/pythonpath.ps1'
[18.294s] INFO:colcon.colcon_core.shell:Creating environment descriptor '/home/sweepi/SweePi/install_diagnostic/sweepi_exploration/share/sweepi_exploration/hook/pythonpath.dsv'
[18.295s] INFO:colcon.colcon_core.shell:Creating environment hook '/home/sweepi/SweePi/install_diagnostic/sweepi_exploration/share/sweepi_exploration/hook/pythonpath.sh'
[18.297s] Level 1:colcon.colcon_core.environment:checking '/home/sweepi/SweePi/install_diagnostic/sweepi_exploration/bin'
[18.298s] INFO:colcon.colcon_core.shell:Creating package script '/home/sweepi/SweePi/install_diagnostic/sweepi_exploration/share/sweepi_exploration/package.ps1'
[18.299s] INFO:colcon.colcon_core.shell:Creating package descriptor '/home/sweepi/SweePi/install_diagnostic/sweepi_exploration/share/sweepi_exploration/package.dsv'
[18.301s] INFO:colcon.colcon_core.shell:Creating package script '/home/sweepi/SweePi/install_diagnostic/sweepi_exploration/share/sweepi_exploration/package.sh'
[18.302s] INFO:colcon.colcon_core.shell:Creating package script '/home/sweepi/SweePi/install_diagnostic/sweepi_exploration/share/sweepi_exploration/package.bash'
[18.303s] INFO:colcon.colcon_core.shell:Creating package script '/home/sweepi/SweePi/install_diagnostic/sweepi_exploration/share/sweepi_exploration/package.zsh'
[18.304s] Level 1:colcon.colcon_core.environment:create_file_with_runtime_dependencies(/home/sweepi/SweePi/install_diagnostic/sweepi_exploration/share/colcon-core/packages/sweepi_exploration)
[29.066s] DEBUG:colcon.colcon_core.event_handler.log_command:Invoked command in '/home/sweepi/SweePi/build_diagnostic/sweepi_robot_manager_interfaces' returned '0': CMAKE_PREFIX_PATH=${CMAKE_PREFIX_PATH}:/home/sweepi/SweePi/install/sweepi_temp_rpi_hardware:/home/sweepi/SweePi/install/sweepi_api_bridge:/home/sweepi/SweePi/install/sweepi_base_driver:/opt/ros/jazzy /usr/bin/cmake --build /home/sweepi/SweePi/build_diagnostic/sweepi_robot_manager_interfaces -- -j4 -l4
[29.068s] DEBUG:colcon.colcon_core.event_handler.log_command:Invoking command in '/home/sweepi/SweePi/build_diagnostic/sweepi_robot_manager_interfaces': CMAKE_PREFIX_PATH=${CMAKE_PREFIX_PATH}:/home/sweepi/SweePi/install/sweepi_temp_rpi_hardware:/home/sweepi/SweePi/install/sweepi_api_bridge:/home/sweepi/SweePi/install/sweepi_base_driver:/opt/ros/jazzy /usr/bin/cmake --install /home/sweepi/SweePi/build_diagnostic/sweepi_robot_manager_interfaces
[30.539s] Level 1:colcon.colcon_core.environment:create_environment_scripts_only(sweepi_robot_manager_interfaces)
[30.539s] Level 1:colcon.colcon_core.environment:checking '/home/sweepi/SweePi/install_diagnostic/sweepi_robot_manager_interfaces' for CMake module files
[30.540s] DEBUG:colcon.colcon_core.event_handler.log_command:Invoked command in '/home/sweepi/SweePi/build_diagnostic/sweepi_robot_manager_interfaces' returned '0': CMAKE_PREFIX_PATH=${CMAKE_PREFIX_PATH}:/home/sweepi/SweePi/install/sweepi_temp_rpi_hardware:/home/sweepi/SweePi/install/sweepi_api_bridge:/home/sweepi/SweePi/install/sweepi_base_driver:/opt/ros/jazzy /usr/bin/cmake --install /home/sweepi/SweePi/build_diagnostic/sweepi_robot_manager_interfaces
[30.541s] Level 1:colcon.colcon_core.environment:checking '/home/sweepi/SweePi/install_diagnostic/sweepi_robot_manager_interfaces' for CMake config files
[30.542s] Level 1:colcon.colcon_core.shell:create_environment_hook('sweepi_robot_manager_interfaces', 'cmake_prefix_path')
[30.542s] INFO:colcon.colcon_core.shell:Creating environment hook '/home/sweepi/SweePi/install_diagnostic/sweepi_robot_manager_interfaces/share/sweepi_robot_manager_interfaces/hook/cmake_prefix_path.ps1'
[30.543s] INFO:colcon.colcon_core.shell:Creating environment descriptor '/home/sweepi/SweePi/install_diagnostic/sweepi_robot_manager_interfaces/share/sweepi_robot_manager_interfaces/hook/cmake_prefix_path.dsv'
[30.543s] INFO:colcon.colcon_core.shell:Creating environment hook '/home/sweepi/SweePi/install_diagnostic/sweepi_robot_manager_interfaces/share/sweepi_robot_manager_interfaces/hook/cmake_prefix_path.sh'
[30.544s] Level 1:colcon.colcon_core.environment:checking '/home/sweepi/SweePi/install_diagnostic/sweepi_robot_manager_interfaces/lib'
[30.544s] Level 1:colcon.colcon_core.shell:create_environment_hook('sweepi_robot_manager_interfaces', 'ld_library_path_lib')
[30.545s] INFO:colcon.colcon_core.shell:Creating environment hook '/home/sweepi/SweePi/install_diagnostic/sweepi_robot_manager_interfaces/share/sweepi_robot_manager_interfaces/hook/ld_library_path_lib.ps1'
[30.545s] INFO:colcon.colcon_core.shell:Creating environment descriptor '/home/sweepi/SweePi/install_diagnostic/sweepi_robot_manager_interfaces/share/sweepi_robot_manager_interfaces/hook/ld_library_path_lib.dsv'
[30.545s] INFO:colcon.colcon_core.shell:Creating environment hook '/home/sweepi/SweePi/install_diagnostic/sweepi_robot_manager_interfaces/share/sweepi_robot_manager_interfaces/hook/ld_library_path_lib.sh'
[30.546s] Level 1:colcon.colcon_core.environment:checking '/home/sweepi/SweePi/install_diagnostic/sweepi_robot_manager_interfaces/bin'
[30.546s] Level 1:colcon.colcon_core.environment:checking '/home/sweepi/SweePi/install_diagnostic/sweepi_robot_manager_interfaces/lib/pkgconfig/sweepi_robot_manager_interfaces.pc'
[30.546s] Level 1:colcon.colcon_core.environment:checking '/home/sweepi/SweePi/install_diagnostic/sweepi_robot_manager_interfaces/lib/python3.12/site-packages'
[30.547s] Level 1:colcon.colcon_core.shell:create_environment_hook('sweepi_robot_manager_interfaces', 'pythonpath')
[30.547s] INFO:colcon.colcon_core.shell:Creating environment hook '/home/sweepi/SweePi/install_diagnostic/sweepi_robot_manager_interfaces/share/sweepi_robot_manager_interfaces/hook/pythonpath.ps1'
[30.547s] INFO:colcon.colcon_core.shell:Creating environment descriptor '/home/sweepi/SweePi/install_diagnostic/sweepi_robot_manager_interfaces/share/sweepi_robot_manager_interfaces/hook/pythonpath.dsv'
[30.548s] INFO:colcon.colcon_core.shell:Creating environment hook '/home/sweepi/SweePi/install_diagnostic/sweepi_robot_manager_interfaces/share/sweepi_robot_manager_interfaces/hook/pythonpath.sh'
[30.549s] Level 1:colcon.colcon_core.environment:checking '/home/sweepi/SweePi/install_diagnostic/sweepi_robot_manager_interfaces/bin'
[30.549s] INFO:colcon.colcon_core.shell:Creating package script '/home/sweepi/SweePi/install_diagnostic/sweepi_robot_manager_interfaces/share/sweepi_robot_manager_interfaces/package.ps1'
[30.550s] INFO:colcon.colcon_core.shell:Creating package descriptor '/home/sweepi/SweePi/install_diagnostic/sweepi_robot_manager_interfaces/share/sweepi_robot_manager_interfaces/package.dsv'
[30.551s] INFO:colcon.colcon_core.shell:Creating package script '/home/sweepi/SweePi/install_diagnostic/sweepi_robot_manager_interfaces/share/sweepi_robot_manager_interfaces/package.sh'
[30.551s] INFO:colcon.colcon_core.shell:Creating package script '/home/sweepi/SweePi/install_diagnostic/sweepi_robot_manager_interfaces/share/sweepi_robot_manager_interfaces/package.bash'
[30.552s] INFO:colcon.colcon_core.shell:Creating package script '/home/sweepi/SweePi/install_diagnostic/sweepi_robot_manager_interfaces/share/sweepi_robot_manager_interfaces/package.zsh'
[30.552s] Level 1:colcon.colcon_core.environment:create_file_with_runtime_dependencies(/home/sweepi/SweePi/install_diagnostic/sweepi_robot_manager_interfaces/share/colcon-core/packages/sweepi_robot_manager_interfaces)
[30.553s] Level 1:colcon.colcon_core.environment:create_environment_scripts_only(sweepi_robot_manager_interfaces)
[30.553s] Level 1:colcon.colcon_core.environment:checking '/home/sweepi/SweePi/install_diagnostic/sweepi_robot_manager_interfaces' for CMake module files
[30.554s] Level 1:colcon.colcon_core.environment:checking '/home/sweepi/SweePi/install_diagnostic/sweepi_robot_manager_interfaces' for CMake config files
[30.556s] Level 1:colcon.colcon_core.shell:create_environment_hook('sweepi_robot_manager_interfaces', 'cmake_prefix_path')
[30.556s] INFO:colcon.colcon_core.shell:Creating environment hook '/home/sweepi/SweePi/install_diagnostic/sweepi_robot_manager_interfaces/share/sweepi_robot_manager_interfaces/hook/cmake_prefix_path.ps1'
[30.557s] INFO:colcon.colcon_core.shell:Creating environment descriptor '/home/sweepi/SweePi/install_diagnostic/sweepi_robot_manager_interfaces/share/sweepi_robot_manager_interfaces/hook/cmake_prefix_path.dsv'
[30.558s] INFO:colcon.colcon_core.shell:Creating environment hook '/home/sweepi/SweePi/install_diagnostic/sweepi_robot_manager_interfaces/share/sweepi_robot_manager_interfaces/hook/cmake_prefix_path.sh'
[30.559s] Level 1:colcon.colcon_core.environment:checking '/home/sweepi/SweePi/install_diagnostic/sweepi_robot_manager_interfaces/lib'
[30.559s] Level 1:colcon.colcon_core.shell:create_environment_hook('sweepi_robot_manager_interfaces', 'ld_library_path_lib')
[30.560s] INFO:colcon.colcon_core.shell:Creating environment hook '/home/sweepi/SweePi/install_diagnostic/sweepi_robot_manager_interfaces/share/sweepi_robot_manager_interfaces/hook/ld_library_path_lib.ps1'
[30.560s] INFO:colcon.colcon_core.shell:Creating environment descriptor '/home/sweepi/SweePi/install_diagnostic/sweepi_robot_manager_interfaces/share/sweepi_robot_manager_interfaces/hook/ld_library_path_lib.dsv'
[30.561s] INFO:colcon.colcon_core.shell:Creating environment hook '/home/sweepi/SweePi/install_diagnostic/sweepi_robot_manager_interfaces/share/sweepi_robot_manager_interfaces/hook/ld_library_path_lib.sh'
[30.562s] Level 1:colcon.colcon_core.environment:checking '/home/sweepi/SweePi/install_diagnostic/sweepi_robot_manager_interfaces/bin'
[30.562s] Level 1:colcon.colcon_core.environment:checking '/home/sweepi/SweePi/install_diagnostic/sweepi_robot_manager_interfaces/lib/pkgconfig/sweepi_robot_manager_interfaces.pc'
[30.562s] Level 1:colcon.colcon_core.environment:checking '/home/sweepi/SweePi/install_diagnostic/sweepi_robot_manager_interfaces/lib/python3.12/site-packages'
[30.563s] Level 1:colcon.colcon_core.shell:create_environment_hook('sweepi_robot_manager_interfaces', 'pythonpath')
[30.563s] INFO:colcon.colcon_core.shell:Creating environment hook '/home/sweepi/SweePi/install_diagnostic/sweepi_robot_manager_interfaces/share/sweepi_robot_manager_interfaces/hook/pythonpath.ps1'
[30.563s] INFO:colcon.colcon_core.shell:Creating environment descriptor '/home/sweepi/SweePi/install_diagnostic/sweepi_robot_manager_interfaces/share/sweepi_robot_manager_interfaces/hook/pythonpath.dsv'
[30.564s] INFO:colcon.colcon_core.shell:Creating environment hook '/home/sweepi/SweePi/install_diagnostic/sweepi_robot_manager_interfaces/share/sweepi_robot_manager_interfaces/hook/pythonpath.sh'
[30.566s] Level 1:colcon.colcon_core.environment:checking '/home/sweepi/SweePi/install_diagnostic/sweepi_robot_manager_interfaces/bin'
[30.566s] INFO:colcon.colcon_core.shell:Creating package script '/home/sweepi/SweePi/install_diagnostic/sweepi_robot_manager_interfaces/share/sweepi_robot_manager_interfaces/package.ps1'
[30.567s] INFO:colcon.colcon_core.shell:Creating package descriptor '/home/sweepi/SweePi/install_diagnostic/sweepi_robot_manager_interfaces/share/sweepi_robot_manager_interfaces/package.dsv'
[30.568s] INFO:colcon.colcon_core.shell:Creating package script '/home/sweepi/SweePi/install_diagnostic/sweepi_robot_manager_interfaces/share/sweepi_robot_manager_interfaces/package.sh'
[30.569s] INFO:colcon.colcon_core.shell:Creating package script '/home/sweepi/SweePi/install_diagnostic/sweepi_robot_manager_interfaces/share/sweepi_robot_manager_interfaces/package.bash'
[30.570s] INFO:colcon.colcon_core.shell:Creating package script '/home/sweepi/SweePi/install_diagnostic/sweepi_robot_manager_interfaces/share/sweepi_robot_manager_interfaces/package.zsh'
[30.571s] Level 1:colcon.colcon_core.environment:create_file_with_runtime_dependencies(/home/sweepi/SweePi/install_diagnostic/sweepi_robot_manager_interfaces/share/colcon-core/packages/sweepi_robot_manager_interfaces)
[30.572s] INFO:colcon.colcon_ros.task.ament_python.build:Building ROS package in '/home/sweepi/SweePi/src/sweepi_api_bridge' with build type 'ament_python'
[30.572s] Level 1:colcon.colcon_core.shell:create_environment_hook('sweepi_api_bridge', 'ament_prefix_path')
[30.573s] INFO:colcon.colcon_core.shell:Creating environment hook '/home/sweepi/SweePi/install_diagnostic/sweepi_api_bridge/share/sweepi_api_bridge/hook/ament_prefix_path.ps1'
[30.575s] INFO:colcon.colcon_core.shell:Creating environment descriptor '/home/sweepi/SweePi/install_diagnostic/sweepi_api_bridge/share/sweepi_api_bridge/hook/ament_prefix_path.dsv'
[30.576s] INFO:colcon.colcon_core.shell:Creating environment hook '/home/sweepi/SweePi/install_diagnostic/sweepi_api_bridge/share/sweepi_api_bridge/hook/ament_prefix_path.sh'
[30.577s] INFO:colcon.colcon_core.shell:Skip shell extension 'powershell' for command environment: Not usable outside of PowerShell
[30.577s] DEBUG:colcon.colcon_core.shell:Skip shell extension 'dsv' for command environment
[30.979s] INFO:colcon.colcon_core.task.python.build:Building Python package in '/home/sweepi/SweePi/src/sweepi_api_bridge'
[30.979s] INFO:colcon.colcon_core.shell:Skip shell extension 'powershell' for command environment: Not usable outside of PowerShell
[30.979s] DEBUG:colcon.colcon_core.shell:Skip shell extension 'dsv' for command environment
[31.996s] DEBUG:colcon.colcon_core.task.python.build:Available setuptools commands: install_data, build_scripts, build_ext, alias, install_egg_info, install_headers, init_catalog, install_scripts, develop, build_clib, register, bdist_wheel, install_lib, check, bdist_rpm, build, extract_messages, saveopts, bdist_dumb, test, sdist, build_py, editable_wheel, clean, easy_install, egg_info, update_catalog, upload, upload_docs, symlink_data, bdist_egg, bdist, compile_catalog, dist_info, setopt, install, rotate
[32.570s] DEBUG:colcon.colcon_core.task.python.build:Available setuptools 'develop' options: --version, --install-layout, --force-installation-into-system-dir, --dry-run, --local-snapshots-ok, --prefix, --index-url, --record, --verbose, --multi-version, --exclude-scripts, --no-user-cfg, --quiet, --allow-hosts, --egg-path, --script-dir, --no-find-links, --always-copy, --install-dir, --build-directory, --always-unzip, --site-dirs, --optimize, --zip-ok, --uninstall, --user, --no-deps, --editable, --help, --find-links, --upgrade
[32.573s] DEBUG:colcon.colcon_core.event_handler.log_command:Invoking command in '/home/sweepi/SweePi/build_diagnostic/sweepi_api_bridge': AMENT_PREFIX_PATH=/home/sweepi/SweePi/install_diagnostic/sweepi_robot_manager_interfaces:${AMENT_PREFIX_PATH} CMAKE_PREFIX_PATH=/home/sweepi/SweePi/install_diagnostic/sweepi_robot_manager_interfaces:${CMAKE_PREFIX_PATH} LD_LIBRARY_PATH=/home/sweepi/SweePi/install_diagnostic/sweepi_robot_manager_interfaces/lib:${LD_LIBRARY_PATH} PYTHONPATH=/home/sweepi/SweePi/build_diagnostic/sweepi_api_bridge/prefix_override:/usr/lib/python3/dist-packages/colcon_core/task/python/colcon_distutils_commands:/home/sweepi/SweePi/install_diagnostic/sweepi_api_bridge/lib/python3.12/site-packages:/home/sweepi/SweePi/install_diagnostic/sweepi_robot_manager_interfaces/lib/python3.12/site-packages:${PYTHONPATH} /usr/bin/python3 -W ignore:setup.py install is deprecated -W ignore:easy_install command is deprecated setup.py develop --editable --build-directory /home/sweepi/SweePi/build_diagnostic/sweepi_api_bridge/build --no-deps symlink_data
[33.652s] Level 1:colcon.colcon_core.shell:create_environment_hook('sweepi_api_bridge', 'pythonpath_develop')
[33.653s] INFO:colcon.colcon_core.shell:Creating environment hook '/home/sweepi/SweePi/build_diagnostic/sweepi_api_bridge/share/sweepi_api_bridge/hook/pythonpath_develop.ps1'
[33.653s] DEBUG:colcon.colcon_core.event_handler.log_command:Invoked command in '/home/sweepi/SweePi/build_diagnostic/sweepi_api_bridge' returned '0': AMENT_PREFIX_PATH=/home/sweepi/SweePi/install_diagnostic/sweepi_robot_manager_interfaces:${AMENT_PREFIX_PATH} CMAKE_PREFIX_PATH=/home/sweepi/SweePi/install_diagnostic/sweepi_robot_manager_interfaces:${CMAKE_PREFIX_PATH} LD_LIBRARY_PATH=/home/sweepi/SweePi/install_diagnostic/sweepi_robot_manager_interfaces/lib:${LD_LIBRARY_PATH} PYTHONPATH=/home/sweepi/SweePi/build_diagnostic/sweepi_api_bridge/prefix_override:/usr/lib/python3/dist-packages/colcon_core/task/python/colcon_distutils_commands:/home/sweepi/SweePi/install_diagnostic/sweepi_api_bridge/lib/python3.12/site-packages:/home/sweepi/SweePi/install_diagnostic/sweepi_robot_manager_interfaces/lib/python3.12/site-packages:${PYTHONPATH} /usr/bin/python3 -W ignore:setup.py install is deprecated -W ignore:easy_install command is deprecated setup.py develop --editable --build-directory /home/sweepi/SweePi/build_diagnostic/sweepi_api_bridge/build --no-deps symlink_data
[33.654s] INFO:colcon.colcon_core.shell:Creating environment descriptor '/home/sweepi/SweePi/build_diagnostic/sweepi_api_bridge/share/sweepi_api_bridge/hook/pythonpath_develop.dsv'
[33.654s] INFO:colcon.colcon_core.shell:Creating environment hook '/home/sweepi/SweePi/build_diagnostic/sweepi_api_bridge/share/sweepi_api_bridge/hook/pythonpath_develop.sh'
[33.655s] Level 1:colcon.colcon_core.environment:checking '/home/sweepi/SweePi/install_diagnostic/sweepi_api_bridge' for CMake module files
[33.656s] Level 1:colcon.colcon_core.environment:checking '/home/sweepi/SweePi/install_diagnostic/sweepi_api_bridge' for CMake config files
[33.657s] Level 1:colcon.colcon_core.environment:checking '/home/sweepi/SweePi/install_diagnostic/sweepi_api_bridge/lib'
[33.657s] Level 1:colcon.colcon_core.environment:checking '/home/sweepi/SweePi/install_diagnostic/sweepi_api_bridge/bin'
[33.657s] Level 1:colcon.colcon_core.environment:checking '/home/sweepi/SweePi/install_diagnostic/sweepi_api_bridge/lib/pkgconfig/sweepi_api_bridge.pc'
[33.657s] Level 1:colcon.colcon_core.environment:checking '/home/sweepi/SweePi/install_diagnostic/sweepi_api_bridge/lib/python3.12/site-packages'
[33.657s] Level 1:colcon.colcon_core.shell:create_environment_hook('sweepi_api_bridge', 'pythonpath')
[33.658s] INFO:colcon.colcon_core.shell:Creating environment hook '/home/sweepi/SweePi/install_diagnostic/sweepi_api_bridge/share/sweepi_api_bridge/hook/pythonpath.ps1'
[33.658s] INFO:colcon.colcon_core.shell:Creating environment descriptor '/home/sweepi/SweePi/install_diagnostic/sweepi_api_bridge/share/sweepi_api_bridge/hook/pythonpath.dsv'
[33.659s] INFO:colcon.colcon_core.shell:Creating environment hook '/home/sweepi/SweePi/install_diagnostic/sweepi_api_bridge/share/sweepi_api_bridge/hook/pythonpath.sh'
[33.660s] Level 1:colcon.colcon_core.environment:checking '/home/sweepi/SweePi/install_diagnostic/sweepi_api_bridge/bin'
[33.660s] Level 1:colcon.colcon_core.environment:create_environment_scripts_only(sweepi_api_bridge)
[33.660s] INFO:colcon.colcon_core.shell:Creating package script '/home/sweepi/SweePi/install_diagnostic/sweepi_api_bridge/share/sweepi_api_bridge/package.ps1'
[33.662s] INFO:colcon.colcon_core.shell:Creating package descriptor '/home/sweepi/SweePi/install_diagnostic/sweepi_api_bridge/share/sweepi_api_bridge/package.dsv'
[33.663s] INFO:colcon.colcon_core.shell:Creating package script '/home/sweepi/SweePi/install_diagnostic/sweepi_api_bridge/share/sweepi_api_bridge/package.sh'
[33.664s] INFO:colcon.colcon_core.shell:Creating package script '/home/sweepi/SweePi/install_diagnostic/sweepi_api_bridge/share/sweepi_api_bridge/package.bash'
[33.665s] INFO:colcon.colcon_core.shell:Creating package script '/home/sweepi/SweePi/install_diagnostic/sweepi_api_bridge/share/sweepi_api_bridge/package.zsh'
[33.665s] Level 1:colcon.colcon_core.environment:create_file_with_runtime_dependencies(/home/sweepi/SweePi/install_diagnostic/sweepi_api_bridge/share/colcon-core/packages/sweepi_api_bridge)
[48.008s] DEBUG:colcon.colcon_core.event_handler.log_command:Invoked command in '/home/sweepi/SweePi/build_diagnostic/sllidar_ros2' returned '0': CMAKE_PREFIX_PATH=${CMAKE_PREFIX_PATH}:/home/sweepi/SweePi/install/sweepi_temp_rpi_hardware:/home/sweepi/SweePi/install/sweepi_api_bridge:/home/sweepi/SweePi/install/sweepi_base_driver:/opt/ros/jazzy /usr/bin/cmake --build /home/sweepi/SweePi/build_diagnostic/sllidar_ros2 -- -j4 -l4
[48.009s] DEBUG:colcon.colcon_core.event_handler.log_command:Invoking command in '/home/sweepi/SweePi/build_diagnostic/sllidar_ros2': CMAKE_PREFIX_PATH=${CMAKE_PREFIX_PATH}:/home/sweepi/SweePi/install/sweepi_temp_rpi_hardware:/home/sweepi/SweePi/install/sweepi_api_bridge:/home/sweepi/SweePi/install/sweepi_base_driver:/opt/ros/jazzy /usr/bin/cmake --install /home/sweepi/SweePi/build_diagnostic/sllidar_ros2
[48.850s] Level 1:colcon.colcon_core.environment:create_environment_scripts_only(sllidar_ros2)
[48.850s] Level 1:colcon.colcon_core.environment:checking '/home/sweepi/SweePi/install_diagnostic/sllidar_ros2' for CMake module files
[48.851s] DEBUG:colcon.colcon_core.event_handler.log_command:Invoked command in '/home/sweepi/SweePi/build_diagnostic/sllidar_ros2' returned '0': CMAKE_PREFIX_PATH=${CMAKE_PREFIX_PATH}:/home/sweepi/SweePi/install/sweepi_temp_rpi_hardware:/home/sweepi/SweePi/install/sweepi_api_bridge:/home/sweepi/SweePi/install/sweepi_base_driver:/opt/ros/jazzy /usr/bin/cmake --install /home/sweepi/SweePi/build_diagnostic/sllidar_ros2
[48.851s] Level 1:colcon.colcon_core.environment:checking '/home/sweepi/SweePi/install_diagnostic/sllidar_ros2' for CMake config files
[48.852s] Level 1:colcon.colcon_core.shell:create_environment_hook('sllidar_ros2', 'cmake_prefix_path')
[48.852s] INFO:colcon.colcon_core.shell:Creating environment hook '/home/sweepi/SweePi/install_diagnostic/sllidar_ros2/share/sllidar_ros2/hook/cmake_prefix_path.ps1'
[48.853s] INFO:colcon.colcon_core.shell:Creating environment descriptor '/home/sweepi/SweePi/install_diagnostic/sllidar_ros2/share/sllidar_ros2/hook/cmake_prefix_path.dsv'
[48.853s] INFO:colcon.colcon_core.shell:Creating environment hook '/home/sweepi/SweePi/install_diagnostic/sllidar_ros2/share/sllidar_ros2/hook/cmake_prefix_path.sh'
[48.854s] Level 1:colcon.colcon_core.environment:checking '/home/sweepi/SweePi/install_diagnostic/sllidar_ros2/lib'
[48.854s] Level 1:colcon.colcon_core.environment:checking '/home/sweepi/SweePi/install_diagnostic/sllidar_ros2/bin'
[48.854s] Level 1:colcon.colcon_core.environment:checking '/home/sweepi/SweePi/install_diagnostic/sllidar_ros2/lib/pkgconfig/sllidar_ros2.pc'
[48.855s] Level 1:colcon.colcon_core.environment:checking '/home/sweepi/SweePi/install_diagnostic/sllidar_ros2/lib/python3.12/site-packages'
[48.855s] Level 1:colcon.colcon_core.environment:checking '/home/sweepi/SweePi/install_diagnostic/sllidar_ros2/bin'
[48.856s] INFO:colcon.colcon_core.shell:Creating package script '/home/sweepi/SweePi/install_diagnostic/sllidar_ros2/share/sllidar_ros2/package.ps1'
[48.856s] INFO:colcon.colcon_core.shell:Creating package descriptor '/home/sweepi/SweePi/install_diagnostic/sllidar_ros2/share/sllidar_ros2/package.dsv'
[48.857s] INFO:colcon.colcon_core.shell:Creating package script '/home/sweepi/SweePi/install_diagnostic/sllidar_ros2/share/sllidar_ros2/package.sh'
[48.857s] INFO:colcon.colcon_core.shell:Creating package script '/home/sweepi/SweePi/install_diagnostic/sllidar_ros2/share/sllidar_ros2/package.bash'
[48.858s] INFO:colcon.colcon_core.shell:Creating package script '/home/sweepi/SweePi/install_diagnostic/sllidar_ros2/share/sllidar_ros2/package.zsh'
[48.858s] Level 1:colcon.colcon_core.environment:create_file_with_runtime_dependencies(/home/sweepi/SweePi/install_diagnostic/sllidar_ros2/share/colcon-core/packages/sllidar_ros2)
[48.859s] Level 1:colcon.colcon_core.environment:create_environment_scripts_only(sllidar_ros2)
[48.859s] Level 1:colcon.colcon_core.environment:checking '/home/sweepi/SweePi/install_diagnostic/sllidar_ros2' for CMake module files
[48.860s] Level 1:colcon.colcon_core.environment:checking '/home/sweepi/SweePi/install_diagnostic/sllidar_ros2' for CMake config files
[48.861s] Level 1:colcon.colcon_core.shell:create_environment_hook('sllidar_ros2', 'cmake_prefix_path')
[48.861s] INFO:colcon.colcon_core.shell:Creating environment hook '/home/sweepi/SweePi/install_diagnostic/sllidar_ros2/share/sllidar_ros2/hook/cmake_prefix_path.ps1'
[48.862s] INFO:colcon.colcon_core.shell:Creating environment descriptor '/home/sweepi/SweePi/install_diagnostic/sllidar_ros2/share/sllidar_ros2/hook/cmake_prefix_path.dsv'
[48.864s] INFO:colcon.colcon_core.shell:Creating environment hook '/home/sweepi/SweePi/install_diagnostic/sllidar_ros2/share/sllidar_ros2/hook/cmake_prefix_path.sh'
[48.865s] Level 1:colcon.colcon_core.environment:checking '/home/sweepi/SweePi/install_diagnostic/sllidar_ros2/lib'
[48.865s] Level 1:colcon.colcon_core.environment:checking '/home/sweepi/SweePi/install_diagnostic/sllidar_ros2/bin'
[48.865s] Level 1:colcon.colcon_core.environment:checking '/home/sweepi/SweePi/install_diagnostic/sllidar_ros2/lib/pkgconfig/sllidar_ros2.pc'
[48.865s] Level 1:colcon.colcon_core.environment:checking '/home/sweepi/SweePi/install_diagnostic/sllidar_ros2/lib/python3.12/site-packages'
[48.866s] Level 1:colcon.colcon_core.environment:checking '/home/sweepi/SweePi/install_diagnostic/sllidar_ros2/bin'
[48.866s] INFO:colcon.colcon_core.shell:Creating package script '/home/sweepi/SweePi/install_diagnostic/sllidar_ros2/share/sllidar_ros2/package.ps1'
[48.867s] INFO:colcon.colcon_core.shell:Creating package descriptor '/home/sweepi/SweePi/install_diagnostic/sllidar_ros2/share/sllidar_ros2/package.dsv'
[48.868s] INFO:colcon.colcon_core.shell:Creating package script '/home/sweepi/SweePi/install_diagnostic/sllidar_ros2/share/sllidar_ros2/package.sh'
[48.869s] INFO:colcon.colcon_core.shell:Creating package script '/home/sweepi/SweePi/install_diagnostic/sllidar_ros2/share/sllidar_ros2/package.bash'
[48.870s] INFO:colcon.colcon_core.shell:Creating package script '/home/sweepi/SweePi/install_diagnostic/sllidar_ros2/share/sllidar_ros2/package.zsh'
[48.871s] Level 1:colcon.colcon_core.environment:create_file_with_runtime_dependencies(/home/sweepi/SweePi/install_diagnostic/sllidar_ros2/share/colcon-core/packages/sllidar_ros2)
[48.872s] INFO:colcon.colcon_ros.task.ament_cmake.build:Building ROS package in '/home/sweepi/SweePi/src/sweepi_real_bringup' with build type 'ament_cmake'
[48.872s] INFO:colcon.colcon_cmake.task.cmake.build:Building CMake package in '/home/sweepi/SweePi/src/sweepi_real_bringup'
[48.872s] INFO:colcon.colcon_core.shell:Skip shell extension 'powershell' for command environment: Not usable outside of PowerShell
[48.872s] DEBUG:colcon.colcon_core.shell:Skip shell extension 'dsv' for command environment
[48.895s] DEBUG:colcon.colcon_core.event_handler.log_command:Invoking command in '/home/sweepi/SweePi/build_diagnostic/sweepi_real_bringup': AMENT_PREFIX_PATH=/home/sweepi/SweePi/install_diagnostic/sweepi_temp_rpi_hardware:/home/sweepi/SweePi/install_diagnostic/sweepi_state_estimation:/home/sweepi/SweePi/install_diagnostic/sweepi_description:/home/sweepi/SweePi/install_diagnostic/sweepi_base_driver:/home/sweepi/SweePi/install_diagnostic/sllidar_ros2:${AMENT_PREFIX_PATH} CMAKE_PREFIX_PATH=/home/sweepi/SweePi/install_diagnostic/sweepi_state_estimation:/home/sweepi/SweePi/install_diagnostic/sweepi_description:/home/sweepi/SweePi/install_diagnostic/sllidar_ros2:/home/sweepi/SweePi/install/sweepi_robot_manager:/home/sweepi/SweePi/install/sweepi_real_bringup:/home/sweepi/SweePi/install/sweepi_state_estimation:/home/sweepi/SweePi/install/sweepi_exploration:/home/sweepi/SweePi/install/sweepi_bringup:/home/sweepi/SweePi/install/sweepi_slam:/home/sweepi/SweePi/install/sweepi_robot_manager_interfaces:/home/sweepi/SweePi/install/sweepi_description:/home/sweepi/SweePi/install/sweepi_coverage:/home/sweepi/SweePi/install/sllidar_ros2:/opt/ros/jazzy/opt/gz_sim_vendor:/opt/ros/jazzy/opt/gz_sensors_vendor:/opt/ros/jazzy/opt/gz_physics_vendor:/opt/ros/jazzy/opt/sdformat_vendor:/opt/ros/jazzy/opt/gz_gui_vendor:/opt/ros/jazzy/opt/gz_transport_vendor:/opt/ros/jazzy/opt/gz_rendering_vendor:/opt/ros/jazzy/opt/gz_plugin_vendor:/opt/ros/jazzy/opt/gz_fuel_tools_vendor:/opt/ros/jazzy/opt/gz_msgs_vendor:/opt/ros/jazzy/opt/gz_common_vendor:/opt/ros/jazzy/opt/gz_math_vendor:/opt/ros/jazzy/opt/gz_utils_vendor:/opt/ros/jazzy/opt/gz_tools_vendor:/opt/ros/jazzy/opt/gz_ogre_next_vendor:/opt/ros/jazzy/opt/gz_dartsim_vendor:/opt/ros/jazzy/opt/gz_cmake_vendor:/home/sweepi/SweePi/install/sweepi_temp_rpi_hardware:/home/sweepi/SweePi/install/sweepi_api_bridge:/home/sweepi/SweePi/install/sweepi_base_driver:/opt/ros/jazzy PYTHONPATH=/home/sweepi/SweePi/build_diagnostic/sweepi_temp_rpi_hardware:/home/sweepi/SweePi/install_diagnostic/sweepi_temp_rpi_hardware/lib/python3.12/site-packages:/home/sweepi/SweePi/build_diagnostic/sweepi_base_driver:/home/sweepi/SweePi/install_diagnostic/sweepi_base_driver/lib/python3.12/site-packages:${PYTHONPATH} /usr/bin/cmake /home/sweepi/SweePi/src/sweepi_real_bringup -DAMENT_CMAKE_SYMLINK_INSTALL=1 -DCMAKE_INSTALL_PREFIX=/home/sweepi/SweePi/install_diagnostic/sweepi_real_bringup
[50.259s] DEBUG:colcon.colcon_core.event_handler.log_command:Invoked command in '/home/sweepi/SweePi/build_diagnostic/sweepi_real_bringup' returned '0': AMENT_PREFIX_PATH=/home/sweepi/SweePi/install_diagnostic/sweepi_temp_rpi_hardware:/home/sweepi/SweePi/install_diagnostic/sweepi_state_estimation:/home/sweepi/SweePi/install_diagnostic/sweepi_description:/home/sweepi/SweePi/install_diagnostic/sweepi_base_driver:/home/sweepi/SweePi/install_diagnostic/sllidar_ros2:${AMENT_PREFIX_PATH} CMAKE_PREFIX_PATH=/home/sweepi/SweePi/install_diagnostic/sweepi_state_estimation:/home/sweepi/SweePi/install_diagnostic/sweepi_description:/home/sweepi/SweePi/install_diagnostic/sllidar_ros2:/home/sweepi/SweePi/install/sweepi_robot_manager:/home/sweepi/SweePi/install/sweepi_real_bringup:/home/sweepi/SweePi/install/sweepi_state_estimation:/home/sweepi/SweePi/install/sweepi_exploration:/home/sweepi/SweePi/install/sweepi_bringup:/home/sweepi/SweePi/install/sweepi_slam:/home/sweepi/SweePi/install/sweepi_robot_manager_interfaces:/home/sweepi/SweePi/install/sweepi_description:/home/sweepi/SweePi/install/sweepi_coverage:/home/sweepi/SweePi/install/sllidar_ros2:/opt/ros/jazzy/opt/gz_sim_vendor:/opt/ros/jazzy/opt/gz_sensors_vendor:/opt/ros/jazzy/opt/gz_physics_vendor:/opt/ros/jazzy/opt/sdformat_vendor:/opt/ros/jazzy/opt/gz_gui_vendor:/opt/ros/jazzy/opt/gz_transport_vendor:/opt/ros/jazzy/opt/gz_rendering_vendor:/opt/ros/jazzy/opt/gz_plugin_vendor:/opt/ros/jazzy/opt/gz_fuel_tools_vendor:/opt/ros/jazzy/opt/gz_msgs_vendor:/opt/ros/jazzy/opt/gz_common_vendor:/opt/ros/jazzy/opt/gz_math_vendor:/opt/ros/jazzy/opt/gz_utils_vendor:/opt/ros/jazzy/opt/gz_tools_vendor:/opt/ros/jazzy/opt/gz_ogre_next_vendor:/opt/ros/jazzy/opt/gz_dartsim_vendor:/opt/ros/jazzy/opt/gz_cmake_vendor:/home/sweepi/SweePi/install/sweepi_temp_rpi_hardware:/home/sweepi/SweePi/install/sweepi_api_bridge:/home/sweepi/SweePi/install/sweepi_base_driver:/opt/ros/jazzy PYTHONPATH=/home/sweepi/SweePi/build_diagnostic/sweepi_temp_rpi_hardware:/home/sweepi/SweePi/install_diagnostic/sweepi_temp_rpi_hardware/lib/python3.12/site-packages:/home/sweepi/SweePi/build_diagnostic/sweepi_base_driver:/home/sweepi/SweePi/install_diagnostic/sweepi_base_driver/lib/python3.12/site-packages:${PYTHONPATH} /usr/bin/cmake /home/sweepi/SweePi/src/sweepi_real_bringup -DAMENT_CMAKE_SYMLINK_INSTALL=1 -DCMAKE_INSTALL_PREFIX=/home/sweepi/SweePi/install_diagnostic/sweepi_real_bringup
[50.260s] DEBUG:colcon.colcon_core.event_handler.log_command:Invoking command in '/home/sweepi/SweePi/build_diagnostic/sweepi_real_bringup': AMENT_PREFIX_PATH=/home/sweepi/SweePi/install_diagnostic/sweepi_temp_rpi_hardware:/home/sweepi/SweePi/install_diagnostic/sweepi_state_estimation:/home/sweepi/SweePi/install_diagnostic/sweepi_description:/home/sweepi/SweePi/install_diagnostic/sweepi_base_driver:/home/sweepi/SweePi/install_diagnostic/sllidar_ros2:${AMENT_PREFIX_PATH} CMAKE_PREFIX_PATH=/home/sweepi/SweePi/install_diagnostic/sweepi_state_estimation:/home/sweepi/SweePi/install_diagnostic/sweepi_description:/home/sweepi/SweePi/install_diagnostic/sllidar_ros2:/home/sweepi/SweePi/install/sweepi_robot_manager:/home/sweepi/SweePi/install/sweepi_real_bringup:/home/sweepi/SweePi/install/sweepi_state_estimation:/home/sweepi/SweePi/install/sweepi_exploration:/home/sweepi/SweePi/install/sweepi_bringup:/home/sweepi/SweePi/install/sweepi_slam:/home/sweepi/SweePi/install/sweepi_robot_manager_interfaces:/home/sweepi/SweePi/install/sweepi_description:/home/sweepi/SweePi/install/sweepi_coverage:/home/sweepi/SweePi/install/sllidar_ros2:/opt/ros/jazzy/opt/gz_sim_vendor:/opt/ros/jazzy/opt/gz_sensors_vendor:/opt/ros/jazzy/opt/gz_physics_vendor:/opt/ros/jazzy/opt/sdformat_vendor:/opt/ros/jazzy/opt/gz_gui_vendor:/opt/ros/jazzy/opt/gz_transport_vendor:/opt/ros/jazzy/opt/gz_rendering_vendor:/opt/ros/jazzy/opt/gz_plugin_vendor:/opt/ros/jazzy/opt/gz_fuel_tools_vendor:/opt/ros/jazzy/opt/gz_msgs_vendor:/opt/ros/jazzy/opt/gz_common_vendor:/opt/ros/jazzy/opt/gz_math_vendor:/opt/ros/jazzy/opt/gz_utils_vendor:/opt/ros/jazzy/opt/gz_tools_vendor:/opt/ros/jazzy/opt/gz_ogre_next_vendor:/opt/ros/jazzy/opt/gz_dartsim_vendor:/opt/ros/jazzy/opt/gz_cmake_vendor:/home/sweepi/SweePi/install/sweepi_temp_rpi_hardware:/home/sweepi/SweePi/install/sweepi_api_bridge:/home/sweepi/SweePi/install/sweepi_base_driver:/opt/ros/jazzy PYTHONPATH=/home/sweepi/SweePi/build_diagnostic/sweepi_temp_rpi_hardware:/home/sweepi/SweePi/install_diagnostic/sweepi_temp_rpi_hardware/lib/python3.12/site-packages:/home/sweepi/SweePi/build_diagnostic/sweepi_base_driver:/home/sweepi/SweePi/install_diagnostic/sweepi_base_driver/lib/python3.12/site-packages:${PYTHONPATH} /usr/bin/cmake --build /home/sweepi/SweePi/build_diagnostic/sweepi_real_bringup -- -j4 -l4
[50.339s] DEBUG:colcon.colcon_core.event_handler.log_command:Invoked command in '/home/sweepi/SweePi/build_diagnostic/sweepi_real_bringup' returned '0': AMENT_PREFIX_PATH=/home/sweepi/SweePi/install_diagnostic/sweepi_temp_rpi_hardware:/home/sweepi/SweePi/install_diagnostic/sweepi_state_estimation:/home/sweepi/SweePi/install_diagnostic/sweepi_description:/home/sweepi/SweePi/install_diagnostic/sweepi_base_driver:/home/sweepi/SweePi/install_diagnostic/sllidar_ros2:${AMENT_PREFIX_PATH} CMAKE_PREFIX_PATH=/home/sweepi/SweePi/install_diagnostic/sweepi_state_estimation:/home/sweepi/SweePi/install_diagnostic/sweepi_description:/home/sweepi/SweePi/install_diagnostic/sllidar_ros2:/home/sweepi/SweePi/install/sweepi_robot_manager:/home/sweepi/SweePi/install/sweepi_real_bringup:/home/sweepi/SweePi/install/sweepi_state_estimation:/home/sweepi/SweePi/install/sweepi_exploration:/home/sweepi/SweePi/install/sweepi_bringup:/home/sweepi/SweePi/install/sweepi_slam:/home/sweepi/SweePi/install/sweepi_robot_manager_interfaces:/home/sweepi/SweePi/install/sweepi_description:/home/sweepi/SweePi/install/sweepi_coverage:/home/sweepi/SweePi/install/sllidar_ros2:/opt/ros/jazzy/opt/gz_sim_vendor:/opt/ros/jazzy/opt/gz_sensors_vendor:/opt/ros/jazzy/opt/gz_physics_vendor:/opt/ros/jazzy/opt/sdformat_vendor:/opt/ros/jazzy/opt/gz_gui_vendor:/opt/ros/jazzy/opt/gz_transport_vendor:/opt/ros/jazzy/opt/gz_rendering_vendor:/opt/ros/jazzy/opt/gz_plugin_vendor:/opt/ros/jazzy/opt/gz_fuel_tools_vendor:/opt/ros/jazzy/opt/gz_msgs_vendor:/opt/ros/jazzy/opt/gz_common_vendor:/opt/ros/jazzy/opt/gz_math_vendor:/opt/ros/jazzy/opt/gz_utils_vendor:/opt/ros/jazzy/opt/gz_tools_vendor:/opt/ros/jazzy/opt/gz_ogre_next_vendor:/opt/ros/jazzy/opt/gz_dartsim_vendor:/opt/ros/jazzy/opt/gz_cmake_vendor:/home/sweepi/SweePi/install/sweepi_temp_rpi_hardware:/home/sweepi/SweePi/install/sweepi_api_bridge:/home/sweepi/SweePi/install/sweepi_base_driver:/opt/ros/jazzy PYTHONPATH=/home/sweepi/SweePi/build_diagnostic/sweepi_temp_rpi_hardware:/home/sweepi/SweePi/install_diagnostic/sweepi_temp_rpi_hardware/lib/python3.12/site-packages:/home/sweepi/SweePi/build_diagnostic/sweepi_base_driver:/home/sweepi/SweePi/install_diagnostic/sweepi_base_driver/lib/python3.12/site-packages:${PYTHONPATH} /usr/bin/cmake --build /home/sweepi/SweePi/build_diagnostic/sweepi_real_bringup -- -j4 -l4
[50.341s] DEBUG:colcon.colcon_core.event_handler.log_command:Invoking command in '/home/sweepi/SweePi/build_diagnostic/sweepi_real_bringup': AMENT_PREFIX_PATH=/home/sweepi/SweePi/install_diagnostic/sweepi_temp_rpi_hardware:/home/sweepi/SweePi/install_diagnostic/sweepi_state_estimation:/home/sweepi/SweePi/install_diagnostic/sweepi_description:/home/sweepi/SweePi/install_diagnostic/sweepi_base_driver:/home/sweepi/SweePi/install_diagnostic/sllidar_ros2:${AMENT_PREFIX_PATH} CMAKE_PREFIX_PATH=/home/sweepi/SweePi/install_diagnostic/sweepi_state_estimation:/home/sweepi/SweePi/install_diagnostic/sweepi_description:/home/sweepi/SweePi/install_diagnostic/sllidar_ros2:/home/sweepi/SweePi/install/sweepi_robot_manager:/home/sweepi/SweePi/install/sweepi_real_bringup:/home/sweepi/SweePi/install/sweepi_state_estimation:/home/sweepi/SweePi/install/sweepi_exploration:/home/sweepi/SweePi/install/sweepi_bringup:/home/sweepi/SweePi/install/sweepi_slam:/home/sweepi/SweePi/install/sweepi_robot_manager_interfaces:/home/sweepi/SweePi/install/sweepi_description:/home/sweepi/SweePi/install/sweepi_coverage:/home/sweepi/SweePi/install/sllidar_ros2:/opt/ros/jazzy/opt/gz_sim_vendor:/opt/ros/jazzy/opt/gz_sensors_vendor:/opt/ros/jazzy/opt/gz_physics_vendor:/opt/ros/jazzy/opt/sdformat_vendor:/opt/ros/jazzy/opt/gz_gui_vendor:/opt/ros/jazzy/opt/gz_transport_vendor:/opt/ros/jazzy/opt/gz_rendering_vendor:/opt/ros/jazzy/opt/gz_plugin_vendor:/opt/ros/jazzy/opt/gz_fuel_tools_vendor:/opt/ros/jazzy/opt/gz_msgs_vendor:/opt/ros/jazzy/opt/gz_common_vendor:/opt/ros/jazzy/opt/gz_math_vendor:/opt/ros/jazzy/opt/gz_utils_vendor:/opt/ros/jazzy/opt/gz_tools_vendor:/opt/ros/jazzy/opt/gz_ogre_next_vendor:/opt/ros/jazzy/opt/gz_dartsim_vendor:/opt/ros/jazzy/opt/gz_cmake_vendor:/home/sweepi/SweePi/install/sweepi_temp_rpi_hardware:/home/sweepi/SweePi/install/sweepi_api_bridge:/home/sweepi/SweePi/install/sweepi_base_driver:/opt/ros/jazzy PYTHONPATH=/home/sweepi/SweePi/build_diagnostic/sweepi_temp_rpi_hardware:/home/sweepi/SweePi/install_diagnostic/sweepi_temp_rpi_hardware/lib/python3.12/site-packages:/home/sweepi/SweePi/build_diagnostic/sweepi_base_driver:/home/sweepi/SweePi/install_diagnostic/sweepi_base_driver/lib/python3.12/site-packages:${PYTHONPATH} /usr/bin/cmake --install /home/sweepi/SweePi/build_diagnostic/sweepi_real_bringup
[50.680s] Level 1:colcon.colcon_core.environment:create_environment_scripts_only(sweepi_real_bringup)
[50.681s] Level 1:colcon.colcon_core.environment:checking '/home/sweepi/SweePi/install_diagnostic/sweepi_real_bringup' for CMake module files
[50.681s] DEBUG:colcon.colcon_core.event_handler.log_command:Invoked command in '/home/sweepi/SweePi/build_diagnostic/sweepi_real_bringup' returned '0': AMENT_PREFIX_PATH=/home/sweepi/SweePi/install_diagnostic/sweepi_temp_rpi_hardware:/home/sweepi/SweePi/install_diagnostic/sweepi_state_estimation:/home/sweepi/SweePi/install_diagnostic/sweepi_description:/home/sweepi/SweePi/install_diagnostic/sweepi_base_driver:/home/sweepi/SweePi/install_diagnostic/sllidar_ros2:${AMENT_PREFIX_PATH} CMAKE_PREFIX_PATH=/home/sweepi/SweePi/install_diagnostic/sweepi_state_estimation:/home/sweepi/SweePi/install_diagnostic/sweepi_description:/home/sweepi/SweePi/install_diagnostic/sllidar_ros2:/home/sweepi/SweePi/install/sweepi_robot_manager:/home/sweepi/SweePi/install/sweepi_real_bringup:/home/sweepi/SweePi/install/sweepi_state_estimation:/home/sweepi/SweePi/install/sweepi_exploration:/home/sweepi/SweePi/install/sweepi_bringup:/home/sweepi/SweePi/install/sweepi_slam:/home/sweepi/SweePi/install/sweepi_robot_manager_interfaces:/home/sweepi/SweePi/install/sweepi_description:/home/sweepi/SweePi/install/sweepi_coverage:/home/sweepi/SweePi/install/sllidar_ros2:/opt/ros/jazzy/opt/gz_sim_vendor:/opt/ros/jazzy/opt/gz_sensors_vendor:/opt/ros/jazzy/opt/gz_physics_vendor:/opt/ros/jazzy/opt/sdformat_vendor:/opt/ros/jazzy/opt/gz_gui_vendor:/opt/ros/jazzy/opt/gz_transport_vendor:/opt/ros/jazzy/opt/gz_rendering_vendor:/opt/ros/jazzy/opt/gz_plugin_vendor:/opt/ros/jazzy/opt/gz_fuel_tools_vendor:/opt/ros/jazzy/opt/gz_msgs_vendor:/opt/ros/jazzy/opt/gz_common_vendor:/opt/ros/jazzy/opt/gz_math_vendor:/opt/ros/jazzy/opt/gz_utils_vendor:/opt/ros/jazzy/opt/gz_tools_vendor:/opt/ros/jazzy/opt/gz_ogre_next_vendor:/opt/ros/jazzy/opt/gz_dartsim_vendor:/opt/ros/jazzy/opt/gz_cmake_vendor:/home/sweepi/SweePi/install/sweepi_temp_rpi_hardware:/home/sweepi/SweePi/install/sweepi_api_bridge:/home/sweepi/SweePi/install/sweepi_base_driver:/opt/ros/jazzy PYTHONPATH=/home/sweepi/SweePi/build_diagnostic/sweepi_temp_rpi_hardware:/home/sweepi/SweePi/install_diagnostic/sweepi_temp_rpi_hardware/lib/python3.12/site-packages:/home/sweepi/SweePi/build_diagnostic/sweepi_base_driver:/home/sweepi/SweePi/install_diagnostic/sweepi_base_driver/lib/python3.12/site-packages:${PYTHONPATH} /usr/bin/cmake --install /home/sweepi/SweePi/build_diagnostic/sweepi_real_bringup
[50.682s] Level 1:colcon.colcon_core.environment:checking '/home/sweepi/SweePi/install_diagnostic/sweepi_real_bringup' for CMake config files
[50.682s] Level 1:colcon.colcon_core.shell:create_environment_hook('sweepi_real_bringup', 'cmake_prefix_path')
[50.682s] INFO:colcon.colcon_core.shell:Creating environment hook '/home/sweepi/SweePi/install_diagnostic/sweepi_real_bringup/share/sweepi_real_bringup/hook/cmake_prefix_path.ps1'
[50.683s] INFO:colcon.colcon_core.shell:Creating environment descriptor '/home/sweepi/SweePi/install_diagnostic/sweepi_real_bringup/share/sweepi_real_bringup/hook/cmake_prefix_path.dsv'
[50.683s] INFO:colcon.colcon_core.shell:Creating environment hook '/home/sweepi/SweePi/install_diagnostic/sweepi_real_bringup/share/sweepi_real_bringup/hook/cmake_prefix_path.sh'
[50.684s] Level 1:colcon.colcon_core.environment:checking '/home/sweepi/SweePi/install_diagnostic/sweepi_real_bringup/bin'
[50.684s] Level 1:colcon.colcon_core.environment:checking '/home/sweepi/SweePi/install_diagnostic/sweepi_real_bringup/lib/pkgconfig/sweepi_real_bringup.pc'
[50.685s] Level 1:colcon.colcon_core.environment:checking '/home/sweepi/SweePi/install_diagnostic/sweepi_real_bringup/lib/python3.12/site-packages'
[50.685s] Level 1:colcon.colcon_core.environment:checking '/home/sweepi/SweePi/install_diagnostic/sweepi_real_bringup/bin'
[50.685s] INFO:colcon.colcon_core.shell:Creating package script '/home/sweepi/SweePi/install_diagnostic/sweepi_real_bringup/share/sweepi_real_bringup/package.ps1'
[50.686s] INFO:colcon.colcon_core.shell:Creating package descriptor '/home/sweepi/SweePi/install_diagnostic/sweepi_real_bringup/share/sweepi_real_bringup/package.dsv'
[50.687s] INFO:colcon.colcon_core.shell:Creating package script '/home/sweepi/SweePi/install_diagnostic/sweepi_real_bringup/share/sweepi_real_bringup/package.sh'
[50.687s] INFO:colcon.colcon_core.shell:Creating package script '/home/sweepi/SweePi/install_diagnostic/sweepi_real_bringup/share/sweepi_real_bringup/package.bash'
[50.688s] INFO:colcon.colcon_core.shell:Creating package script '/home/sweepi/SweePi/install_diagnostic/sweepi_real_bringup/share/sweepi_real_bringup/package.zsh'
[50.688s] Level 1:colcon.colcon_core.environment:create_file_with_runtime_dependencies(/home/sweepi/SweePi/install_diagnostic/sweepi_real_bringup/share/colcon-core/packages/sweepi_real_bringup)
[50.689s] Level 1:colcon.colcon_core.environment:create_environment_scripts_only(sweepi_real_bringup)
[50.689s] Level 1:colcon.colcon_core.environment:checking '/home/sweepi/SweePi/install_diagnostic/sweepi_real_bringup' for CMake module files
[50.690s] Level 1:colcon.colcon_core.environment:checking '/home/sweepi/SweePi/install_diagnostic/sweepi_real_bringup' for CMake config files
[50.690s] Level 1:colcon.colcon_core.shell:create_environment_hook('sweepi_real_bringup', 'cmake_prefix_path')
[50.690s] INFO:colcon.colcon_core.shell:Creating environment hook '/home/sweepi/SweePi/install_diagnostic/sweepi_real_bringup/share/sweepi_real_bringup/hook/cmake_prefix_path.ps1'
[50.691s] INFO:colcon.colcon_core.shell:Creating environment descriptor '/home/sweepi/SweePi/install_diagnostic/sweepi_real_bringup/share/sweepi_real_bringup/hook/cmake_prefix_path.dsv'
[50.691s] INFO:colcon.colcon_core.shell:Creating environment hook '/home/sweepi/SweePi/install_diagnostic/sweepi_real_bringup/share/sweepi_real_bringup/hook/cmake_prefix_path.sh'
[50.692s] Level 1:colcon.colcon_core.environment:checking '/home/sweepi/SweePi/install_diagnostic/sweepi_real_bringup/bin'
[50.692s] Level 1:colcon.colcon_core.environment:checking '/home/sweepi/SweePi/install_diagnostic/sweepi_real_bringup/lib/pkgconfig/sweepi_real_bringup.pc'
[50.692s] Level 1:colcon.colcon_core.environment:checking '/home/sweepi/SweePi/install_diagnostic/sweepi_real_bringup/lib/python3.12/site-packages'
[50.693s] Level 1:colcon.colcon_core.environment:checking '/home/sweepi/SweePi/install_diagnostic/sweepi_real_bringup/bin'
[50.693s] INFO:colcon.colcon_core.shell:Creating package script '/home/sweepi/SweePi/install_diagnostic/sweepi_real_bringup/share/sweepi_real_bringup/package.ps1'
[50.694s] INFO:colcon.colcon_core.shell:Creating package descriptor '/home/sweepi/SweePi/install_diagnostic/sweepi_real_bringup/share/sweepi_real_bringup/package.dsv'
[50.694s] INFO:colcon.colcon_core.shell:Creating package script '/home/sweepi/SweePi/install_diagnostic/sweepi_real_bringup/share/sweepi_real_bringup/package.sh'
[50.695s] INFO:colcon.colcon_core.shell:Creating package script '/home/sweepi/SweePi/install_diagnostic/sweepi_real_bringup/share/sweepi_real_bringup/package.bash'
[50.695s] INFO:colcon.colcon_core.shell:Creating package script '/home/sweepi/SweePi/install_diagnostic/sweepi_real_bringup/share/sweepi_real_bringup/package.zsh'
[50.696s] Level 1:colcon.colcon_core.environment:create_file_with_runtime_dependencies(/home/sweepi/SweePi/install_diagnostic/sweepi_real_bringup/share/colcon-core/packages/sweepi_real_bringup)
[50.696s] INFO:colcon.colcon_ros.task.ament_cmake.build:Building ROS package in '/home/sweepi/SweePi/src/sweepi_robot_manager' with build type 'ament_cmake'
[50.696s] INFO:colcon.colcon_cmake.task.cmake.build:Building CMake package in '/home/sweepi/SweePi/src/sweepi_robot_manager'
[50.696s] INFO:colcon.colcon_core.shell:Skip shell extension 'powershell' for command environment: Not usable outside of PowerShell
[50.697s] DEBUG:colcon.colcon_core.shell:Skip shell extension 'dsv' for command environment
[50.734s] DEBUG:colcon.colcon_core.event_handler.log_command:Invoking command in '/home/sweepi/SweePi/build_diagnostic/sweepi_robot_manager': AMENT_PREFIX_PATH=/home/sweepi/SweePi/install_diagnostic/sweepi_real_bringup:/home/sweepi/SweePi/install_diagnostic/sweepi_exploration:/home/sweepi/SweePi/install_diagnostic/sweepi_bringup:/home/sweepi/SweePi/install_diagnostic/sweepi_api_bridge:/home/sweepi/SweePi/install_diagnostic/sweepi_temp_rpi_hardware:/home/sweepi/SweePi/install_diagnostic/sweepi_state_estimation:/home/sweepi/SweePi/install_diagnostic/sweepi_slam:/home/sweepi/SweePi/install_diagnostic/sweepi_robot_manager_interfaces:/home/sweepi/SweePi/install_diagnostic/sweepi_description:/home/sweepi/SweePi/install_diagnostic/sweepi_coverage:/home/sweepi/SweePi/install_diagnostic/sweepi_base_driver:/home/sweepi/SweePi/install_diagnostic/sllidar_ros2:${AMENT_PREFIX_PATH} CMAKE_PREFIX_PATH=/home/sweepi/SweePi/install_diagnostic/sweepi_real_bringup:/home/sweepi/SweePi/install_diagnostic/sweepi_exploration:/home/sweepi/SweePi/install_diagnostic/sweepi_bringup:/home/sweepi/SweePi/install_diagnostic/sweepi_state_estimation:/home/sweepi/SweePi/install_diagnostic/sweepi_slam:/home/sweepi/SweePi/install_diagnostic/sweepi_robot_manager_interfaces:/home/sweepi/SweePi/install_diagnostic/sweepi_description:/home/sweepi/SweePi/install_diagnostic/sweepi_coverage:/home/sweepi/SweePi/install_diagnostic/sllidar_ros2:/home/sweepi/SweePi/install/sweepi_robot_manager:/home/sweepi/SweePi/install/sweepi_real_bringup:/home/sweepi/SweePi/install/sweepi_state_estimation:/home/sweepi/SweePi/install/sweepi_exploration:/home/sweepi/SweePi/install/sweepi_bringup:/home/sweepi/SweePi/install/sweepi_slam:/home/sweepi/SweePi/install/sweepi_robot_manager_interfaces:/home/sweepi/SweePi/install/sweepi_description:/home/sweepi/SweePi/install/sweepi_coverage:/home/sweepi/SweePi/install/sllidar_ros2:/opt/ros/jazzy/opt/gz_sim_vendor:/opt/ros/jazzy/opt/gz_sensors_vendor:/opt/ros/jazzy/opt/gz_physics_vendor:/opt/ros/jazzy/opt/sdformat_vendor:/opt/ros/jazzy/opt/gz_gui_vendor:/opt/ros/jazzy/opt/gz_transport_vendor:/opt/ros/jazzy/opt/gz_rendering_vendor:/opt/ros/jazzy/opt/gz_plugin_vendor:/opt/ros/jazzy/opt/gz_fuel_tools_vendor:/opt/ros/jazzy/opt/gz_msgs_vendor:/opt/ros/jazzy/opt/gz_common_vendor:/opt/ros/jazzy/opt/gz_math_vendor:/opt/ros/jazzy/opt/gz_utils_vendor:/opt/ros/jazzy/opt/gz_tools_vendor:/opt/ros/jazzy/opt/gz_ogre_next_vendor:/opt/ros/jazzy/opt/gz_dartsim_vendor:/opt/ros/jazzy/opt/gz_cmake_vendor:/home/sweepi/SweePi/install/sweepi_temp_rpi_hardware:/home/sweepi/SweePi/install/sweepi_api_bridge:/home/sweepi/SweePi/install/sweepi_base_driver:/opt/ros/jazzy LD_LIBRARY_PATH=/home/sweepi/SweePi/install_diagnostic/sweepi_robot_manager_interfaces/lib:${LD_LIBRARY_PATH} PYTHONPATH=/home/sweepi/SweePi/install_diagnostic/sweepi_exploration/lib/python3.12/site-packages:/home/sweepi/SweePi/build_diagnostic/sweepi_api_bridge:/home/sweepi/SweePi/install_diagnostic/sweepi_api_bridge/lib/python3.12/site-packages:/home/sweepi/SweePi/build_diagnostic/sweepi_temp_rpi_hardware:/home/sweepi/SweePi/install_diagnostic/sweepi_temp_rpi_hardware/lib/python3.12/site-packages:/home/sweepi/SweePi/install_diagnostic/sweepi_robot_manager_interfaces/lib/python3.12/site-packages:/home/sweepi/SweePi/install_diagnostic/sweepi_coverage/lib/python3.12/site-packages:/home/sweepi/SweePi/build_diagnostic/sweepi_base_driver:/home/sweepi/SweePi/install_diagnostic/sweepi_base_driver/lib/python3.12/site-packages:${PYTHONPATH} /usr/bin/cmake /home/sweepi/SweePi/src/sweepi_robot_manager -DAMENT_CMAKE_SYMLINK_INSTALL=1 -DCMAKE_INSTALL_PREFIX=/home/sweepi/SweePi/install_diagnostic/sweepi_robot_manager
[52.409s] DEBUG:colcon.colcon_core.event_handler.log_command:Invoked command in '/home/sweepi/SweePi/build_diagnostic/sweepi_robot_manager' returned '0': AMENT_PREFIX_PATH=/home/sweepi/SweePi/install_diagnostic/sweepi_real_bringup:/home/sweepi/SweePi/install_diagnostic/sweepi_exploration:/home/sweepi/SweePi/install_diagnostic/sweepi_bringup:/home/sweepi/SweePi/install_diagnostic/sweepi_api_bridge:/home/sweepi/SweePi/install_diagnostic/sweepi_temp_rpi_hardware:/home/sweepi/SweePi/install_diagnostic/sweepi_state_estimation:/home/sweepi/SweePi/install_diagnostic/sweepi_slam:/home/sweepi/SweePi/install_diagnostic/sweepi_robot_manager_interfaces:/home/sweepi/SweePi/install_diagnostic/sweepi_description:/home/sweepi/SweePi/install_diagnostic/sweepi_coverage:/home/sweepi/SweePi/install_diagnostic/sweepi_base_driver:/home/sweepi/SweePi/install_diagnostic/sllidar_ros2:${AMENT_PREFIX_PATH} CMAKE_PREFIX_PATH=/home/sweepi/SweePi/install_diagnostic/sweepi_real_bringup:/home/sweepi/SweePi/install_diagnostic/sweepi_exploration:/home/sweepi/SweePi/install_diagnostic/sweepi_bringup:/home/sweepi/SweePi/install_diagnostic/sweepi_state_estimation:/home/sweepi/SweePi/install_diagnostic/sweepi_slam:/home/sweepi/SweePi/install_diagnostic/sweepi_robot_manager_interfaces:/home/sweepi/SweePi/install_diagnostic/sweepi_description:/home/sweepi/SweePi/install_diagnostic/sweepi_coverage:/home/sweepi/SweePi/install_diagnostic/sllidar_ros2:/home/sweepi/SweePi/install/sweepi_robot_manager:/home/sweepi/SweePi/install/sweepi_real_bringup:/home/sweepi/SweePi/install/sweepi_state_estimation:/home/sweepi/SweePi/install/sweepi_exploration:/home/sweepi/SweePi/install/sweepi_bringup:/home/sweepi/SweePi/install/sweepi_slam:/home/sweepi/SweePi/install/sweepi_robot_manager_interfaces:/home/sweepi/SweePi/install/sweepi_description:/home/sweepi/SweePi/install/sweepi_coverage:/home/sweepi/SweePi/install/sllidar_ros2:/opt/ros/jazzy/opt/gz_sim_vendor:/opt/ros/jazzy/opt/gz_sensors_vendor:/opt/ros/jazzy/opt/gz_physics_vendor:/opt/ros/jazzy/opt/sdformat_vendor:/opt/ros/jazzy/opt/gz_gui_vendor:/opt/ros/jazzy/opt/gz_transport_vendor:/opt/ros/jazzy/opt/gz_rendering_vendor:/opt/ros/jazzy/opt/gz_plugin_vendor:/opt/ros/jazzy/opt/gz_fuel_tools_vendor:/opt/ros/jazzy/opt/gz_msgs_vendor:/opt/ros/jazzy/opt/gz_common_vendor:/opt/ros/jazzy/opt/gz_math_vendor:/opt/ros/jazzy/opt/gz_utils_vendor:/opt/ros/jazzy/opt/gz_tools_vendor:/opt/ros/jazzy/opt/gz_ogre_next_vendor:/opt/ros/jazzy/opt/gz_dartsim_vendor:/opt/ros/jazzy/opt/gz_cmake_vendor:/home/sweepi/SweePi/install/sweepi_temp_rpi_hardware:/home/sweepi/SweePi/install/sweepi_api_bridge:/home/sweepi/SweePi/install/sweepi_base_driver:/opt/ros/jazzy LD_LIBRARY_PATH=/home/sweepi/SweePi/install_diagnostic/sweepi_robot_manager_interfaces/lib:${LD_LIBRARY_PATH} PYTHONPATH=/home/sweepi/SweePi/install_diagnostic/sweepi_exploration/lib/python3.12/site-packages:/home/sweepi/SweePi/build_diagnostic/sweepi_api_bridge:/home/sweepi/SweePi/install_diagnostic/sweepi_api_bridge/lib/python3.12/site-packages:/home/sweepi/SweePi/build_diagnostic/sweepi_temp_rpi_hardware:/home/sweepi/SweePi/install_diagnostic/sweepi_temp_rpi_hardware/lib/python3.12/site-packages:/home/sweepi/SweePi/install_diagnostic/sweepi_robot_manager_interfaces/lib/python3.12/site-packages:/home/sweepi/SweePi/install_diagnostic/sweepi_coverage/lib/python3.12/site-packages:/home/sweepi/SweePi/build_diagnostic/sweepi_base_driver:/home/sweepi/SweePi/install_diagnostic/sweepi_base_driver/lib/python3.12/site-packages:${PYTHONPATH} /usr/bin/cmake /home/sweepi/SweePi/src/sweepi_robot_manager -DAMENT_CMAKE_SYMLINK_INSTALL=1 -DCMAKE_INSTALL_PREFIX=/home/sweepi/SweePi/install_diagnostic/sweepi_robot_manager
[52.410s] DEBUG:colcon.colcon_core.event_handler.log_command:Invoking command in '/home/sweepi/SweePi/build_diagnostic/sweepi_robot_manager': AMENT_PREFIX_PATH=/home/sweepi/SweePi/install_diagnostic/sweepi_real_bringup:/home/sweepi/SweePi/install_diagnostic/sweepi_exploration:/home/sweepi/SweePi/install_diagnostic/sweepi_bringup:/home/sweepi/SweePi/install_diagnostic/sweepi_api_bridge:/home/sweepi/SweePi/install_diagnostic/sweepi_temp_rpi_hardware:/home/sweepi/SweePi/install_diagnostic/sweepi_state_estimation:/home/sweepi/SweePi/install_diagnostic/sweepi_slam:/home/sweepi/SweePi/install_diagnostic/sweepi_robot_manager_interfaces:/home/sweepi/SweePi/install_diagnostic/sweepi_description:/home/sweepi/SweePi/install_diagnostic/sweepi_coverage:/home/sweepi/SweePi/install_diagnostic/sweepi_base_driver:/home/sweepi/SweePi/install_diagnostic/sllidar_ros2:${AMENT_PREFIX_PATH} CMAKE_PREFIX_PATH=/home/sweepi/SweePi/install_diagnostic/sweepi_real_bringup:/home/sweepi/SweePi/install_diagnostic/sweepi_exploration:/home/sweepi/SweePi/install_diagnostic/sweepi_bringup:/home/sweepi/SweePi/install_diagnostic/sweepi_state_estimation:/home/sweepi/SweePi/install_diagnostic/sweepi_slam:/home/sweepi/SweePi/install_diagnostic/sweepi_robot_manager_interfaces:/home/sweepi/SweePi/install_diagnostic/sweepi_description:/home/sweepi/SweePi/install_diagnostic/sweepi_coverage:/home/sweepi/SweePi/install_diagnostic/sllidar_ros2:/home/sweepi/SweePi/install/sweepi_robot_manager:/home/sweepi/SweePi/install/sweepi_real_bringup:/home/sweepi/SweePi/install/sweepi_state_estimation:/home/sweepi/SweePi/install/sweepi_exploration:/home/sweepi/SweePi/install/sweepi_bringup:/home/sweepi/SweePi/install/sweepi_slam:/home/sweepi/SweePi/install/sweepi_robot_manager_interfaces:/home/sweepi/SweePi/install/sweepi_description:/home/sweepi/SweePi/install/sweepi_coverage:/home/sweepi/SweePi/install/sllidar_ros2:/opt/ros/jazzy/opt/gz_sim_vendor:/opt/ros/jazzy/opt/gz_sensors_vendor:/opt/ros/jazzy/opt/gz_physics_vendor:/opt/ros/jazzy/opt/sdformat_vendor:/opt/ros/jazzy/opt/gz_gui_vendor:/opt/ros/jazzy/opt/gz_transport_vendor:/opt/ros/jazzy/opt/gz_rendering_vendor:/opt/ros/jazzy/opt/gz_plugin_vendor:/opt/ros/jazzy/opt/gz_fuel_tools_vendor:/opt/ros/jazzy/opt/gz_msgs_vendor:/opt/ros/jazzy/opt/gz_common_vendor:/opt/ros/jazzy/opt/gz_math_vendor:/opt/ros/jazzy/opt/gz_utils_vendor:/opt/ros/jazzy/opt/gz_tools_vendor:/opt/ros/jazzy/opt/gz_ogre_next_vendor:/opt/ros/jazzy/opt/gz_dartsim_vendor:/opt/ros/jazzy/opt/gz_cmake_vendor:/home/sweepi/SweePi/install/sweepi_temp_rpi_hardware:/home/sweepi/SweePi/install/sweepi_api_bridge:/home/sweepi/SweePi/install/sweepi_base_driver:/opt/ros/jazzy LD_LIBRARY_PATH=/home/sweepi/SweePi/install_diagnostic/sweepi_robot_manager_interfaces/lib:${LD_LIBRARY_PATH} PYTHONPATH=/home/sweepi/SweePi/install_diagnostic/sweepi_exploration/lib/python3.12/site-packages:/home/sweepi/SweePi/build_diagnostic/sweepi_api_bridge:/home/sweepi/SweePi/install_diagnostic/sweepi_api_bridge/lib/python3.12/site-packages:/home/sweepi/SweePi/build_diagnostic/sweepi_temp_rpi_hardware:/home/sweepi/SweePi/install_diagnostic/sweepi_temp_rpi_hardware/lib/python3.12/site-packages:/home/sweepi/SweePi/install_diagnostic/sweepi_robot_manager_interfaces/lib/python3.12/site-packages:/home/sweepi/SweePi/install_diagnostic/sweepi_coverage/lib/python3.12/site-packages:/home/sweepi/SweePi/build_diagnostic/sweepi_base_driver:/home/sweepi/SweePi/install_diagnostic/sweepi_base_driver/lib/python3.12/site-packages:${PYTHONPATH} /usr/bin/cmake --build /home/sweepi/SweePi/build_diagnostic/sweepi_robot_manager -- -j4 -l4
[53.060s] DEBUG:colcon.colcon_core.event_handler.log_command:Invoked command in '/home/sweepi/SweePi/build_diagnostic/sweepi_robot_manager' returned '0': AMENT_PREFIX_PATH=/home/sweepi/SweePi/install_diagnostic/sweepi_real_bringup:/home/sweepi/SweePi/install_diagnostic/sweepi_exploration:/home/sweepi/SweePi/install_diagnostic/sweepi_bringup:/home/sweepi/SweePi/install_diagnostic/sweepi_api_bridge:/home/sweepi/SweePi/install_diagnostic/sweepi_temp_rpi_hardware:/home/sweepi/SweePi/install_diagnostic/sweepi_state_estimation:/home/sweepi/SweePi/install_diagnostic/sweepi_slam:/home/sweepi/SweePi/install_diagnostic/sweepi_robot_manager_interfaces:/home/sweepi/SweePi/install_diagnostic/sweepi_description:/home/sweepi/SweePi/install_diagnostic/sweepi_coverage:/home/sweepi/SweePi/install_diagnostic/sweepi_base_driver:/home/sweepi/SweePi/install_diagnostic/sllidar_ros2:${AMENT_PREFIX_PATH} CMAKE_PREFIX_PATH=/home/sweepi/SweePi/install_diagnostic/sweepi_real_bringup:/home/sweepi/SweePi/install_diagnostic/sweepi_exploration:/home/sweepi/SweePi/install_diagnostic/sweepi_bringup:/home/sweepi/SweePi/install_diagnostic/sweepi_state_estimation:/home/sweepi/SweePi/install_diagnostic/sweepi_slam:/home/sweepi/SweePi/install_diagnostic/sweepi_robot_manager_interfaces:/home/sweepi/SweePi/install_diagnostic/sweepi_description:/home/sweepi/SweePi/install_diagnostic/sweepi_coverage:/home/sweepi/SweePi/install_diagnostic/sllidar_ros2:/home/sweepi/SweePi/install/sweepi_robot_manager:/home/sweepi/SweePi/install/sweepi_real_bringup:/home/sweepi/SweePi/install/sweepi_state_estimation:/home/sweepi/SweePi/install/sweepi_exploration:/home/sweepi/SweePi/install/sweepi_bringup:/home/sweepi/SweePi/install/sweepi_slam:/home/sweepi/SweePi/install/sweepi_robot_manager_interfaces:/home/sweepi/SweePi/install/sweepi_description:/home/sweepi/SweePi/install/sweepi_coverage:/home/sweepi/SweePi/install/sllidar_ros2:/opt/ros/jazzy/opt/gz_sim_vendor:/opt/ros/jazzy/opt/gz_sensors_vendor:/opt/ros/jazzy/opt/gz_physics_vendor:/opt/ros/jazzy/opt/sdformat_vendor:/opt/ros/jazzy/opt/gz_gui_vendor:/opt/ros/jazzy/opt/gz_transport_vendor:/opt/ros/jazzy/opt/gz_rendering_vendor:/opt/ros/jazzy/opt/gz_plugin_vendor:/opt/ros/jazzy/opt/gz_fuel_tools_vendor:/opt/ros/jazzy/opt/gz_msgs_vendor:/opt/ros/jazzy/opt/gz_common_vendor:/opt/ros/jazzy/opt/gz_math_vendor:/opt/ros/jazzy/opt/gz_utils_vendor:/opt/ros/jazzy/opt/gz_tools_vendor:/opt/ros/jazzy/opt/gz_ogre_next_vendor:/opt/ros/jazzy/opt/gz_dartsim_vendor:/opt/ros/jazzy/opt/gz_cmake_vendor:/home/sweepi/SweePi/install/sweepi_temp_rpi_hardware:/home/sweepi/SweePi/install/sweepi_api_bridge:/home/sweepi/SweePi/install/sweepi_base_driver:/opt/ros/jazzy LD_LIBRARY_PATH=/home/sweepi/SweePi/install_diagnostic/sweepi_robot_manager_interfaces/lib:${LD_LIBRARY_PATH} PYTHONPATH=/home/sweepi/SweePi/install_diagnostic/sweepi_exploration/lib/python3.12/site-packages:/home/sweepi/SweePi/build_diagnostic/sweepi_api_bridge:/home/sweepi/SweePi/install_diagnostic/sweepi_api_bridge/lib/python3.12/site-packages:/home/sweepi/SweePi/build_diagnostic/sweepi_temp_rpi_hardware:/home/sweepi/SweePi/install_diagnostic/sweepi_temp_rpi_hardware/lib/python3.12/site-packages:/home/sweepi/SweePi/install_diagnostic/sweepi_robot_manager_interfaces/lib/python3.12/site-packages:/home/sweepi/SweePi/install_diagnostic/sweepi_coverage/lib/python3.12/site-packages:/home/sweepi/SweePi/build_diagnostic/sweepi_base_driver:/home/sweepi/SweePi/install_diagnostic/sweepi_base_driver/lib/python3.12/site-packages:${PYTHONPATH} /usr/bin/cmake --build /home/sweepi/SweePi/build_diagnostic/sweepi_robot_manager -- -j4 -l4
[53.061s] DEBUG:colcon.colcon_core.event_handler.log_command:Invoking command in '/home/sweepi/SweePi/build_diagnostic/sweepi_robot_manager': AMENT_PREFIX_PATH=/home/sweepi/SweePi/install_diagnostic/sweepi_real_bringup:/home/sweepi/SweePi/install_diagnostic/sweepi_exploration:/home/sweepi/SweePi/install_diagnostic/sweepi_bringup:/home/sweepi/SweePi/install_diagnostic/sweepi_api_bridge:/home/sweepi/SweePi/install_diagnostic/sweepi_temp_rpi_hardware:/home/sweepi/SweePi/install_diagnostic/sweepi_state_estimation:/home/sweepi/SweePi/install_diagnostic/sweepi_slam:/home/sweepi/SweePi/install_diagnostic/sweepi_robot_manager_interfaces:/home/sweepi/SweePi/install_diagnostic/sweepi_description:/home/sweepi/SweePi/install_diagnostic/sweepi_coverage:/home/sweepi/SweePi/install_diagnostic/sweepi_base_driver:/home/sweepi/SweePi/install_diagnostic/sllidar_ros2:${AMENT_PREFIX_PATH} CMAKE_PREFIX_PATH=/home/sweepi/SweePi/install_diagnostic/sweepi_real_bringup:/home/sweepi/SweePi/install_diagnostic/sweepi_exploration:/home/sweepi/SweePi/install_diagnostic/sweepi_bringup:/home/sweepi/SweePi/install_diagnostic/sweepi_state_estimation:/home/sweepi/SweePi/install_diagnostic/sweepi_slam:/home/sweepi/SweePi/install_diagnostic/sweepi_robot_manager_interfaces:/home/sweepi/SweePi/install_diagnostic/sweepi_description:/home/sweepi/SweePi/install_diagnostic/sweepi_coverage:/home/sweepi/SweePi/install_diagnostic/sllidar_ros2:/home/sweepi/SweePi/install/sweepi_robot_manager:/home/sweepi/SweePi/install/sweepi_real_bringup:/home/sweepi/SweePi/install/sweepi_state_estimation:/home/sweepi/SweePi/install/sweepi_exploration:/home/sweepi/SweePi/install/sweepi_bringup:/home/sweepi/SweePi/install/sweepi_slam:/home/sweepi/SweePi/install/sweepi_robot_manager_interfaces:/home/sweepi/SweePi/install/sweepi_description:/home/sweepi/SweePi/install/sweepi_coverage:/home/sweepi/SweePi/install/sllidar_ros2:/opt/ros/jazzy/opt/gz_sim_vendor:/opt/ros/jazzy/opt/gz_sensors_vendor:/opt/ros/jazzy/opt/gz_physics_vendor:/opt/ros/jazzy/opt/sdformat_vendor:/opt/ros/jazzy/opt/gz_gui_vendor:/opt/ros/jazzy/opt/gz_transport_vendor:/opt/ros/jazzy/opt/gz_rendering_vendor:/opt/ros/jazzy/opt/gz_plugin_vendor:/opt/ros/jazzy/opt/gz_fuel_tools_vendor:/opt/ros/jazzy/opt/gz_msgs_vendor:/opt/ros/jazzy/opt/gz_common_vendor:/opt/ros/jazzy/opt/gz_math_vendor:/opt/ros/jazzy/opt/gz_utils_vendor:/opt/ros/jazzy/opt/gz_tools_vendor:/opt/ros/jazzy/opt/gz_ogre_next_vendor:/opt/ros/jazzy/opt/gz_dartsim_vendor:/opt/ros/jazzy/opt/gz_cmake_vendor:/home/sweepi/SweePi/install/sweepi_temp_rpi_hardware:/home/sweepi/SweePi/install/sweepi_api_bridge:/home/sweepi/SweePi/install/sweepi_base_driver:/opt/ros/jazzy LD_LIBRARY_PATH=/home/sweepi/SweePi/install_diagnostic/sweepi_robot_manager_interfaces/lib:${LD_LIBRARY_PATH} PYTHONPATH=/home/sweepi/SweePi/install_diagnostic/sweepi_exploration/lib/python3.12/site-packages:/home/sweepi/SweePi/build_diagnostic/sweepi_api_bridge:/home/sweepi/SweePi/install_diagnostic/sweepi_api_bridge/lib/python3.12/site-packages:/home/sweepi/SweePi/build_diagnostic/sweepi_temp_rpi_hardware:/home/sweepi/SweePi/install_diagnostic/sweepi_temp_rpi_hardware/lib/python3.12/site-packages:/home/sweepi/SweePi/install_diagnostic/sweepi_robot_manager_interfaces/lib/python3.12/site-packages:/home/sweepi/SweePi/install_diagnostic/sweepi_coverage/lib/python3.12/site-packages:/home/sweepi/SweePi/build_diagnostic/sweepi_base_driver:/home/sweepi/SweePi/install_diagnostic/sweepi_base_driver/lib/python3.12/site-packages:${PYTHONPATH} /usr/bin/cmake --install /home/sweepi/SweePi/build_diagnostic/sweepi_robot_manager
[53.680s] Level 1:colcon.colcon_core.environment:create_environment_scripts_only(sweepi_robot_manager)
[53.680s] Level 1:colcon.colcon_core.environment:checking '/home/sweepi/SweePi/install_diagnostic/sweepi_robot_manager' for CMake module files
[53.681s] DEBUG:colcon.colcon_core.event_handler.log_command:Invoked command in '/home/sweepi/SweePi/build_diagnostic/sweepi_robot_manager' returned '0': AMENT_PREFIX_PATH=/home/sweepi/SweePi/install_diagnostic/sweepi_real_bringup:/home/sweepi/SweePi/install_diagnostic/sweepi_exploration:/home/sweepi/SweePi/install_diagnostic/sweepi_bringup:/home/sweepi/SweePi/install_diagnostic/sweepi_api_bridge:/home/sweepi/SweePi/install_diagnostic/sweepi_temp_rpi_hardware:/home/sweepi/SweePi/install_diagnostic/sweepi_state_estimation:/home/sweepi/SweePi/install_diagnostic/sweepi_slam:/home/sweepi/SweePi/install_diagnostic/sweepi_robot_manager_interfaces:/home/sweepi/SweePi/install_diagnostic/sweepi_description:/home/sweepi/SweePi/install_diagnostic/sweepi_coverage:/home/sweepi/SweePi/install_diagnostic/sweepi_base_driver:/home/sweepi/SweePi/install_diagnostic/sllidar_ros2:${AMENT_PREFIX_PATH} CMAKE_PREFIX_PATH=/home/sweepi/SweePi/install_diagnostic/sweepi_real_bringup:/home/sweepi/SweePi/install_diagnostic/sweepi_exploration:/home/sweepi/SweePi/install_diagnostic/sweepi_bringup:/home/sweepi/SweePi/install_diagnostic/sweepi_state_estimation:/home/sweepi/SweePi/install_diagnostic/sweepi_slam:/home/sweepi/SweePi/install_diagnostic/sweepi_robot_manager_interfaces:/home/sweepi/SweePi/install_diagnostic/sweepi_description:/home/sweepi/SweePi/install_diagnostic/sweepi_coverage:/home/sweepi/SweePi/install_diagnostic/sllidar_ros2:/home/sweepi/SweePi/install/sweepi_robot_manager:/home/sweepi/SweePi/install/sweepi_real_bringup:/home/sweepi/SweePi/install/sweepi_state_estimation:/home/sweepi/SweePi/install/sweepi_exploration:/home/sweepi/SweePi/install/sweepi_bringup:/home/sweepi/SweePi/install/sweepi_slam:/home/sweepi/SweePi/install/sweepi_robot_manager_interfaces:/home/sweepi/SweePi/install/sweepi_description:/home/sweepi/SweePi/install/sweepi_coverage:/home/sweepi/SweePi/install/sllidar_ros2:/opt/ros/jazzy/opt/gz_sim_vendor:/opt/ros/jazzy/opt/gz_sensors_vendor:/opt/ros/jazzy/opt/gz_physics_vendor:/opt/ros/jazzy/opt/sdformat_vendor:/opt/ros/jazzy/opt/gz_gui_vendor:/opt/ros/jazzy/opt/gz_transport_vendor:/opt/ros/jazzy/opt/gz_rendering_vendor:/opt/ros/jazzy/opt/gz_plugin_vendor:/opt/ros/jazzy/opt/gz_fuel_tools_vendor:/opt/ros/jazzy/opt/gz_msgs_vendor:/opt/ros/jazzy/opt/gz_common_vendor:/opt/ros/jazzy/opt/gz_math_vendor:/opt/ros/jazzy/opt/gz_utils_vendor:/opt/ros/jazzy/opt/gz_tools_vendor:/opt/ros/jazzy/opt/gz_ogre_next_vendor:/opt/ros/jazzy/opt/gz_dartsim_vendor:/opt/ros/jazzy/opt/gz_cmake_vendor:/home/sweepi/SweePi/install/sweepi_temp_rpi_hardware:/home/sweepi/SweePi/install/sweepi_api_bridge:/home/sweepi/SweePi/install/sweepi_base_driver:/opt/ros/jazzy LD_LIBRARY_PATH=/home/sweepi/SweePi/install_diagnostic/sweepi_robot_manager_interfaces/lib:${LD_LIBRARY_PATH} PYTHONPATH=/home/sweepi/SweePi/install_diagnostic/sweepi_exploration/lib/python3.12/site-packages:/home/sweepi/SweePi/build_diagnostic/sweepi_api_bridge:/home/sweepi/SweePi/install_diagnostic/sweepi_api_bridge/lib/python3.12/site-packages:/home/sweepi/SweePi/build_diagnostic/sweepi_temp_rpi_hardware:/home/sweepi/SweePi/install_diagnostic/sweepi_temp_rpi_hardware/lib/python3.12/site-packages:/home/sweepi/SweePi/install_diagnostic/sweepi_robot_manager_interfaces/lib/python3.12/site-packages:/home/sweepi/SweePi/install_diagnostic/sweepi_coverage/lib/python3.12/site-packages:/home/sweepi/SweePi/build_diagnostic/sweepi_base_driver:/home/sweepi/SweePi/install_diagnostic/sweepi_base_driver/lib/python3.12/site-packages:${PYTHONPATH} /usr/bin/cmake --install /home/sweepi/SweePi/build_diagnostic/sweepi_robot_manager
[53.681s] Level 1:colcon.colcon_core.environment:checking '/home/sweepi/SweePi/install_diagnostic/sweepi_robot_manager' for CMake config files
[53.682s] Level 1:colcon.colcon_core.shell:create_environment_hook('sweepi_robot_manager', 'cmake_prefix_path')
[53.682s] INFO:colcon.colcon_core.shell:Creating environment hook '/home/sweepi/SweePi/install_diagnostic/sweepi_robot_manager/share/sweepi_robot_manager/hook/cmake_prefix_path.ps1'
[53.683s] INFO:colcon.colcon_core.shell:Creating environment descriptor '/home/sweepi/SweePi/install_diagnostic/sweepi_robot_manager/share/sweepi_robot_manager/hook/cmake_prefix_path.dsv'
[53.683s] INFO:colcon.colcon_core.shell:Creating environment hook '/home/sweepi/SweePi/install_diagnostic/sweepi_robot_manager/share/sweepi_robot_manager/hook/cmake_prefix_path.sh'
[53.684s] Level 1:colcon.colcon_core.environment:checking '/home/sweepi/SweePi/install_diagnostic/sweepi_robot_manager/lib'
[53.684s] Level 1:colcon.colcon_core.environment:checking '/home/sweepi/SweePi/install_diagnostic/sweepi_robot_manager/bin'
[53.684s] Level 1:colcon.colcon_core.environment:checking '/home/sweepi/SweePi/install_diagnostic/sweepi_robot_manager/lib/pkgconfig/sweepi_robot_manager.pc'
[53.685s] Level 1:colcon.colcon_core.environment:checking '/home/sweepi/SweePi/install_diagnostic/sweepi_robot_manager/lib/python3.12/site-packages'
[53.685s] Level 1:colcon.colcon_core.shell:create_environment_hook('sweepi_robot_manager', 'pythonpath')
[53.685s] INFO:colcon.colcon_core.shell:Creating environment hook '/home/sweepi/SweePi/install_diagnostic/sweepi_robot_manager/share/sweepi_robot_manager/hook/pythonpath.ps1'
[53.686s] INFO:colcon.colcon_core.shell:Creating environment descriptor '/home/sweepi/SweePi/install_diagnostic/sweepi_robot_manager/share/sweepi_robot_manager/hook/pythonpath.dsv'
[53.686s] INFO:colcon.colcon_core.shell:Creating environment hook '/home/sweepi/SweePi/install_diagnostic/sweepi_robot_manager/share/sweepi_robot_manager/hook/pythonpath.sh'
[53.687s] Level 1:colcon.colcon_core.environment:checking '/home/sweepi/SweePi/install_diagnostic/sweepi_robot_manager/bin'
[53.687s] INFO:colcon.colcon_core.shell:Creating package script '/home/sweepi/SweePi/install_diagnostic/sweepi_robot_manager/share/sweepi_robot_manager/package.ps1'
[53.688s] INFO:colcon.colcon_core.shell:Creating package descriptor '/home/sweepi/SweePi/install_diagnostic/sweepi_robot_manager/share/sweepi_robot_manager/package.dsv'
[53.689s] INFO:colcon.colcon_core.shell:Creating package script '/home/sweepi/SweePi/install_diagnostic/sweepi_robot_manager/share/sweepi_robot_manager/package.sh'
[53.689s] INFO:colcon.colcon_core.shell:Creating package script '/home/sweepi/SweePi/install_diagnostic/sweepi_robot_manager/share/sweepi_robot_manager/package.bash'
[53.689s] INFO:colcon.colcon_core.shell:Creating package script '/home/sweepi/SweePi/install_diagnostic/sweepi_robot_manager/share/sweepi_robot_manager/package.zsh'
[53.690s] Level 1:colcon.colcon_core.environment:create_file_with_runtime_dependencies(/home/sweepi/SweePi/install_diagnostic/sweepi_robot_manager/share/colcon-core/packages/sweepi_robot_manager)
[53.691s] Level 1:colcon.colcon_core.environment:create_environment_scripts_only(sweepi_robot_manager)
[53.691s] Level 1:colcon.colcon_core.environment:checking '/home/sweepi/SweePi/install_diagnostic/sweepi_robot_manager' for CMake module files
[53.691s] Level 1:colcon.colcon_core.environment:checking '/home/sweepi/SweePi/install_diagnostic/sweepi_robot_manager' for CMake config files
[53.692s] Level 1:colcon.colcon_core.shell:create_environment_hook('sweepi_robot_manager', 'cmake_prefix_path')
[53.692s] INFO:colcon.colcon_core.shell:Creating environment hook '/home/sweepi/SweePi/install_diagnostic/sweepi_robot_manager/share/sweepi_robot_manager/hook/cmake_prefix_path.ps1'
[53.693s] INFO:colcon.colcon_core.shell:Creating environment descriptor '/home/sweepi/SweePi/install_diagnostic/sweepi_robot_manager/share/sweepi_robot_manager/hook/cmake_prefix_path.dsv'
[53.694s] INFO:colcon.colcon_core.shell:Creating environment hook '/home/sweepi/SweePi/install_diagnostic/sweepi_robot_manager/share/sweepi_robot_manager/hook/cmake_prefix_path.sh'
[53.695s] Level 1:colcon.colcon_core.environment:checking '/home/sweepi/SweePi/install_diagnostic/sweepi_robot_manager/lib'
[53.695s] Level 1:colcon.colcon_core.environment:checking '/home/sweepi/SweePi/install_diagnostic/sweepi_robot_manager/bin'
[53.695s] Level 1:colcon.colcon_core.environment:checking '/home/sweepi/SweePi/install_diagnostic/sweepi_robot_manager/lib/pkgconfig/sweepi_robot_manager.pc'
[53.696s] Level 1:colcon.colcon_core.environment:checking '/home/sweepi/SweePi/install_diagnostic/sweepi_robot_manager/lib/python3.12/site-packages'
[53.696s] Level 1:colcon.colcon_core.shell:create_environment_hook('sweepi_robot_manager', 'pythonpath')
[53.696s] INFO:colcon.colcon_core.shell:Creating environment hook '/home/sweepi/SweePi/install_diagnostic/sweepi_robot_manager/share/sweepi_robot_manager/hook/pythonpath.ps1'
[53.696s] INFO:colcon.colcon_core.shell:Creating environment descriptor '/home/sweepi/SweePi/install_diagnostic/sweepi_robot_manager/share/sweepi_robot_manager/hook/pythonpath.dsv'
[53.697s] INFO:colcon.colcon_core.shell:Creating environment hook '/home/sweepi/SweePi/install_diagnostic/sweepi_robot_manager/share/sweepi_robot_manager/hook/pythonpath.sh'
[53.698s] Level 1:colcon.colcon_core.environment:checking '/home/sweepi/SweePi/install_diagnostic/sweepi_robot_manager/bin'
[53.699s] INFO:colcon.colcon_core.shell:Creating package script '/home/sweepi/SweePi/install_diagnostic/sweepi_robot_manager/share/sweepi_robot_manager/package.ps1'
[53.700s] INFO:colcon.colcon_core.shell:Creating package descriptor '/home/sweepi/SweePi/install_diagnostic/sweepi_robot_manager/share/sweepi_robot_manager/package.dsv'
[53.701s] INFO:colcon.colcon_core.shell:Creating package script '/home/sweepi/SweePi/install_diagnostic/sweepi_robot_manager/share/sweepi_robot_manager/package.sh'
[53.702s] INFO:colcon.colcon_core.shell:Creating package script '/home/sweepi/SweePi/install_diagnostic/sweepi_robot_manager/share/sweepi_robot_manager/package.bash'
[53.702s] INFO:colcon.colcon_core.shell:Creating package script '/home/sweepi/SweePi/install_diagnostic/sweepi_robot_manager/share/sweepi_robot_manager/package.zsh'
[53.703s] Level 1:colcon.colcon_core.environment:create_file_with_runtime_dependencies(/home/sweepi/SweePi/install_diagnostic/sweepi_robot_manager/share/colcon-core/packages/sweepi_robot_manager)
[53.704s] DEBUG:colcon.colcon_parallel_executor.executor.parallel:closing loop
[53.705s] DEBUG:colcon.colcon_parallel_executor.executor.parallel:loop closed
[53.705s] DEBUG:colcon.colcon_parallel_executor.executor.parallel:run_until_complete finished with '0'
[53.705s] DEBUG:colcon.colcon_core.event_reactor:joining thread
[53.706s] DEBUG:colcon.colcon_core.event_reactor:joined thread
[53.706s] INFO:colcon.colcon_core.shell:Creating prefix script '/home/sweepi/SweePi/install_diagnostic/local_setup.ps1'
[53.708s] INFO:colcon.colcon_core.shell:Creating prefix util module '/home/sweepi/SweePi/install_diagnostic/_local_setup_util_ps1.py'
[53.711s] INFO:colcon.colcon_core.shell:Creating prefix chain script '/home/sweepi/SweePi/install_diagnostic/setup.ps1'
[53.714s] INFO:colcon.colcon_core.shell:Creating prefix script '/home/sweepi/SweePi/install_diagnostic/local_setup.sh'
[53.715s] INFO:colcon.colcon_core.shell:Creating prefix util module '/home/sweepi/SweePi/install_diagnostic/_local_setup_util_sh.py'
[53.715s] INFO:colcon.colcon_core.shell:Creating prefix chain script '/home/sweepi/SweePi/install_diagnostic/setup.sh'
[53.718s] INFO:colcon.colcon_core.shell:Creating prefix script '/home/sweepi/SweePi/install_diagnostic/local_setup.bash'
[53.719s] INFO:colcon.colcon_core.shell:Creating prefix chain script '/home/sweepi/SweePi/install_diagnostic/setup.bash'
[53.721s] INFO:colcon.colcon_core.shell:Creating prefix script '/home/sweepi/SweePi/install_diagnostic/local_setup.zsh'
[53.722s] INFO:colcon.colcon_core.shell:Creating prefix chain script '/home/sweepi/SweePi/install_diagnostic/setup.zsh'
