[INFO] [1783788014.044084540] [coverage_follow_path_executor_node]: Coverage FollowPath executor started: action=/follow_path controller_id=FollowPath smoother_action=/smooth_path smoother_id=simple_smoother path=/coverage_path raw=/coverage_path_raw smoothed=/coverage_smoothed_path active=/coverage_active_path costmap=/global_costmap/costmap. This mode uses FollowPath, not NavigateThroughPoses. dynamic_obstacle_skip=true local_costmap=/local_costmap/costmap static_map=/map
[INFO] [1783788014.048842454] [coverage_follow_path_executor_node]: Loaded dynamic obstacle parameters: dynamic_rejoin_max_search_distance_m=5.00 dynamic_progress_search_forward_m=1.00 dynamic_max_rejoin_candidates=100 dynamic_rejoin_min_clearance_m=0.03 dynamic_collision_check_radius_m=0.23 dynamic_connector_goal_tolerance_m=0.15 dynamic_skip_replan_cooldown_sec=3.00 dynamic_skip_max_consecutive_failures=5
[INFO] [1783788014.167557029] [coverage_follow_path_executor_node]: [COVERAGE_ARM] IDLE use_robot_arm=false inflated_promotion=true front_lidar_threshold_m=0.50 front_tof_clear_threshold_m=0.50
[INFO] [1783788014.596342656] [coverage_follow_path_executor_node]: Static map received for dynamic obstacle reference: topic=/map frame=map size=155x117 resolution=0.050 occupied_threshold=50
[INFO] [1783788018.890796138] [coverage_follow_path_executor_node]: Local costmap received for dynamic obstacle skip: topic=/local_costmap/costmap frame=odom size=100x100 resolution=0.050 threshold=100 detection_radius=0.230m unknown_blocked=true
[INFO] [1783788020.409921532] [coverage_follow_path_executor_node]: Global costmap received for FollowPath validation: topic=/global_costmap/costmap frame=map size=155x117 resolution=0.050 max_allowed_nav_cost=85 unknown_blocked=true
[WARN] [1783788022.510747003] [coverage_follow_path_executor_node]: Coverage path has 12 inflated costmap samples (ratio=0.0267, max_cost=99); tolerating because it is under configured limits.
[INFO] [1783788022.590418011] [coverage_follow_path_executor_node]: Coverage FollowPath status: IDLE
[INFO] [1783788022.604546978] [coverage_follow_path_executor_node]: Coverage path frozen: frame_id=map poses=187 path_length=11.17m first=(x=-0.002 y=-0.041 yaw=1.57) last=(x=-1.702 y=-0.041 yaw=3.14)
[INFO] [1783788022.615559004] [coverage_follow_path_executor_node]: Path is frozen from the first executable /coverage_path. Later updates will not replace the active coverage path without reset.
[INFO] [1783788023.418570063] [coverage_follow_path_executor_node]: Ignoring /coverage_path update because the first valid coverage path is already cached. Call /reset_coverage_follow_path to accept a new path.
[INFO] [1783788029.354762407] [coverage_follow_path_executor_node]: Ignoring /coverage_path update because the first valid coverage path is already cached. Call /reset_coverage_follow_path to accept a new path.
[WARN] [1783788031.726315197] [coverage_follow_path_executor_node]: Coverage path has 12 inflated costmap samples (ratio=0.0267, max_cost=99); tolerating because it is under configured limits.
[INFO] [1783788031.729433559] [coverage_follow_path_executor_node]: Coverage FollowPath validation passed
[INFO] [1783788035.352242439] [coverage_follow_path_executor_node]: Ignoring /coverage_path update because the first valid coverage path is already cached. Call /reset_coverage_follow_path to accept a new path.
[INFO] [1783788038.414814626] [coverage_follow_path_executor_node]: Coverage home pose recorded at x=0.015 y=-0.049
[INFO] [1783788038.420821881] [coverage_follow_path_executor_node]: Coverage FollowPath status: VALIDATING
[WARN] [1783788038.434692424] [coverage_follow_path_executor_node]: Coverage path has 12 inflated costmap samples (ratio=0.0267, max_cost=99); tolerating because it is under configured limits.
[INFO] [1783788038.459918800] [coverage_follow_path_executor_node]: Coverage FollowPath status: SMOOTHING
[WARN] [1783788038.472631988] [coverage_follow_path_executor_node]: Keeping original sharp turn at index=30; rounded turn was invalid
[INFO] [1783788038.512042088] [coverage_follow_path_executor_node]: Coverage turn smoothing completed: rounded_turns=0 poses_before=187 poses_after=187 preserve_strip_lines=true
[INFO] [1783788038.564717072] [coverage_follow_path_executor_node]: Requesting Nav2 SmoothPath before FollowPath: action=/smooth_path smoother_id=simple_smoother poses=187 raw_length=11.17m custom_length=11.17m
[INFO] [1783788038.613096075] [coverage_follow_path_executor_node]: SmoothPath goal accepted by Nav2
[WARN] [1783788038.654442372] [coverage_follow_path_executor_node]: SmoothPath failed: status=6 error_code=503 SMOOTHED_PATH_IN_COLLISION error_msg=
[WARN] [1783788038.656555178] [coverage_follow_path_executor_node]: Falling back to custom/raw coverage path after smoothing failure
[INFO] [1783788038.657366446] [coverage_follow_path_executor_node]: Coverage FollowPath status: WAITING_FOR_NAV2
[INFO] [1783788038.722962596] [coverage_follow_path_executor_node]: Coverage FollowPath status: EXECUTING
[INFO] [1783788038.724793535] [coverage_follow_path_executor_node]: Sending final frozen path to Nav2 FollowPath: reason=smoothing_fallback action=/follow_path controller_id=FollowPath goal_checker_id=goal_checker poses=187 path_length=11.17m first=(x=-0.002 y=-0.041 yaw=1.57) last=(x=-1.702 y=-0.041 yaw=3.14) robot=(x=0.015 y=-0.049 yaw=-0.04) start_index=0. This is FollowPath, not NavigateThroughPoses.
[INFO] [1783788038.736922044] [coverage_follow_path_executor_node]: FollowPath goal accepted by Nav2
[INFO] [1783788038.772697025] [coverage_follow_path_executor_node]: [DYNAMIC_DETECT] rejected: inflated/non-lethal cost; rejected inflated local cost; cost=99 threshold=100
[WARN] [1783788038.774067100] [coverage_follow_path_executor_node]: [ARM_DETECT] rejected inflated local cost promotion: reason=arm_disabled use_robot_arm=false arm_active=false tof_topic=/tof/front/range tof_range=nan tof_age_sec=inf free_readings=0/5 lidar_topic=/scan lidar_min_range=0.421 lidar_angle=-0.258 lidar_age_sec=0.042 lidar_object_readings=0/5 report_reason=inflated_or_non_lethal_local_cost cost=99
[INFO] [1783788039.353828688] [coverage_follow_path_executor_node]: Ignoring /coverage_path update because active coverage path is frozen.
[INFO] [1783788039.989144767] [coverage_follow_path_executor_node]: [DYNAMIC_DETECT] rejected: inflated/non-lethal cost; rejected inflated local cost; cost=99 threshold=100
[WARN] [1783788039.990135958] [coverage_follow_path_executor_node]: [ARM_DETECT] rejected inflated local cost promotion: reason=arm_disabled use_robot_arm=false arm_active=false tof_topic=/tof/front/range tof_range=nan tof_age_sec=inf free_readings=0/5 lidar_topic=/scan lidar_min_range=0.421 lidar_angle=-0.249 lidar_age_sec=0.065 lidar_object_readings=1/5 report_reason=inflated_or_non_lethal_local_cost cost=99
[INFO] [1783788040.989493865] [coverage_follow_path_executor_node]: [DYNAMIC_DETECT] rejected: inflated/non-lethal cost; rejected inflated local cost; cost=99 threshold=100
[WARN] [1783788040.990589168] [coverage_follow_path_executor_node]: [ARM_DETECT] rejected inflated local cost promotion: reason=arm_disabled use_robot_arm=false arm_active=false tof_topic=/tof/front/range tof_range=nan tof_age_sec=inf free_readings=0/5 lidar_topic=/scan lidar_min_range=0.422 lidar_angle=-0.249 lidar_age_sec=0.067 lidar_object_readings=2/5 report_reason=inflated_or_non_lethal_local_cost cost=99
[INFO] [1783788042.171018893] [coverage_follow_path_executor_node]: [DYNAMIC_DETECT] rejected: inflated/non-lethal cost; rejected inflated local cost; cost=99 threshold=100
[WARN] [1783788042.172068883] [coverage_follow_path_executor_node]: [ARM_DETECT] rejected inflated local cost promotion: reason=arm_disabled use_robot_arm=false arm_active=false tof_topic=/tof/front/range tof_range=nan tof_age_sec=inf free_readings=0/5 lidar_topic=/scan lidar_min_range=0.422 lidar_angle=-0.267 lidar_age_sec=0.047 lidar_object_readings=0/5 report_reason=inflated_or_non_lethal_local_cost cost=99
[INFO] [1783788043.174029202] [coverage_follow_path_executor_node]: [DYNAMIC_DETECT] rejected: inflated/non-lethal cost; rejected inflated local cost; cost=99 threshold=100
[WARN] [1783788043.175694465] [coverage_follow_path_executor_node]: [ARM_DETECT] rejected inflated local cost promotion: reason=arm_disabled use_robot_arm=false arm_active=false tof_topic=/tof/front/range tof_range=nan tof_age_sec=inf free_readings=0/5 lidar_topic=/scan lidar_min_range=0.421 lidar_angle=-0.267 lidar_age_sec=0.049 lidar_object_readings=0/5 report_reason=inflated_or_non_lethal_local_cost cost=99
[WARN] [1783788044.175802182] [coverage_follow_path_executor_node]: [ARM_DETECT] rejected inflated local cost promotion: reason=arm_disabled use_robot_arm=false arm_active=false tof_topic=/tof/front/range tof_range=nan tof_age_sec=inf free_readings=0/5 lidar_topic=/scan lidar_min_range=0.423 lidar_angle=-0.267 lidar_age_sec=0.055 lidar_object_readings=0/5 report_reason=inflated_or_non_lethal_local_cost cost=99
[INFO] [1783788044.368767577] [coverage_follow_path_executor_node]: [DYNAMIC_DETECT] rejected: inflated/non-lethal cost; rejected inflated local cost; cost=99 threshold=100
[WARN] [1783788045.178831030] [coverage_follow_path_executor_node]: [ARM_DETECT] rejected inflated local cost promotion: reason=arm_disabled use_robot_arm=false arm_active=false tof_topic=/tof/front/range tof_range=nan tof_age_sec=inf free_readings=0/5 lidar_topic=/scan lidar_min_range=0.422 lidar_angle=-0.267 lidar_age_sec=0.058 lidar_object_readings=0/5 report_reason=inflated_or_non_lethal_local_cost cost=99
[INFO] [1783788045.350340986] [coverage_follow_path_executor_node]: Ignoring /coverage_path update because active coverage path is frozen.
[INFO] [1783788045.372610950] [coverage_follow_path_executor_node]: [DYNAMIC_DETECT] rejected: inflated/non-lethal cost; rejected inflated local cost; cost=99 threshold=100
[WARN] [1783788046.371195368] [coverage_follow_path_executor_node]: [ARM_DETECT] rejected inflated local cost promotion: reason=arm_disabled use_robot_arm=false arm_active=false tof_topic=/tof/front/range tof_range=nan tof_age_sec=inf free_readings=0/5 lidar_topic=/scan lidar_min_range=0.421 lidar_angle=-0.267 lidar_age_sec=0.052 lidar_object_readings=0/5 report_reason=inflated_or_non_lethal_local_cost cost=99
[INFO] [1783788046.572064129] [coverage_follow_path_executor_node]: [DYNAMIC_DETECT] rejected: inflated/non-lethal cost; rejected inflated local cost; cost=99 threshold=100
[WARN] [1783788047.376065501] [coverage_follow_path_executor_node]: [ARM_DETECT] rejected inflated local cost promotion: reason=arm_disabled use_robot_arm=false arm_active=false tof_topic=/tof/front/range tof_range=nan tof_age_sec=inf free_readings=0/5 lidar_topic=/scan lidar_min_range=0.422 lidar_angle=-0.267 lidar_age_sec=0.061 lidar_object_readings=0/5 report_reason=inflated_or_non_lethal_local_cost cost=99
[INFO] [1783788047.572912593] [coverage_follow_path_executor_node]: [DYNAMIC_DETECT] rejected: inflated/non-lethal cost; rejected inflated local cost; cost=99 threshold=100
[WARN] [1783788048.378002687] [coverage_follow_path_executor_node]: [ARM_DETECT] rejected inflated local cost promotion: reason=arm_disabled use_robot_arm=false arm_active=false tof_topic=/tof/front/range tof_range=nan tof_age_sec=inf free_readings=0/5 lidar_topic=/scan lidar_min_range=0.422 lidar_angle=-0.258 lidar_age_sec=0.062 lidar_object_readings=0/5 report_reason=inflated_or_non_lethal_local_cost cost=99
[INFO] [1783788048.769548544] [coverage_follow_path_executor_node]: [DYNAMIC_DETECT] rejected: inflated/non-lethal cost; rejected inflated local cost; cost=99 threshold=100
[WARN] [1783788049.570038365] [coverage_follow_path_executor_node]: [ARM_DETECT] rejected inflated local cost promotion: reason=arm_disabled use_robot_arm=false arm_active=false tof_topic=/tof/front/range tof_range=nan tof_age_sec=inf free_readings=0/5 lidar_topic=/scan lidar_min_range=0.422 lidar_angle=-0.275 lidar_age_sec=0.049 lidar_object_readings=0/5 report_reason=inflated_or_non_lethal_local_cost cost=99
[INFO] [1783788049.774831412] [coverage_follow_path_executor_node]: [DYNAMIC_DETECT] rejected: inflated/non-lethal cost; rejected inflated local cost; cost=99 threshold=100
[INFO] [1783788050.352192632] [coverage_follow_path_executor_node]: Ignoring /coverage_path update because active coverage path is frozen.
[WARN] [1783788050.573958122] [coverage_follow_path_executor_node]: [ARM_DETECT] rejected inflated local cost promotion: reason=arm_disabled use_robot_arm=false arm_active=false tof_topic=/tof/front/range tof_range=nan tof_age_sec=inf free_readings=0/5 lidar_topic=/scan lidar_min_range=0.422 lidar_angle=-0.267 lidar_age_sec=0.056 lidar_object_readings=0/5 report_reason=inflated_or_non_lethal_local_cost cost=99
[INFO] [1783788050.982958864] [coverage_follow_path_executor_node]: [DYNAMIC_DETECT] rejected: inflated/non-lethal cost; rejected inflated local cost; cost=99 threshold=100
[WARN] [1783788051.773130063] [coverage_follow_path_executor_node]: [ARM_DETECT] rejected inflated local cost promotion: reason=arm_disabled use_robot_arm=false arm_active=false tof_topic=/tof/front/range tof_range=nan tof_age_sec=inf free_readings=0/5 lidar_topic=/scan lidar_min_range=0.419 lidar_angle=-0.284 lidar_age_sec=0.058 lidar_object_readings=0/5 report_reason=inflated_or_non_lethal_local_cost cost=99
[INFO] [1783788051.987920286] [coverage_follow_path_executor_node]: [DYNAMIC_DETECT] rejected: inflated/non-lethal cost; rejected inflated local cost; cost=99 threshold=100
[WARN] [1783788052.984828066] [coverage_follow_path_executor_node]: [ARM_DETECT] rejected inflated local cost promotion: reason=arm_disabled use_robot_arm=false arm_active=false tof_topic=/tof/front/range tof_range=nan tof_age_sec=inf free_readings=0/5 lidar_topic=/scan lidar_min_range=0.420 lidar_angle=-0.275 lidar_age_sec=0.072 lidar_object_readings=0/5 report_reason=inflated_or_non_lethal_local_cost cost=99
[INFO] [1783788052.989233413] [coverage_follow_path_executor_node]: Coverage FollowPath status: SKIPPING_DYNAMIC_OBSTACLE
[WARN] [1783788052.990395222] [coverage_follow_path_executor_node]: [STUCK_SKIP] robot appears stuck; skipping current coverage points nearest_index=0 blocked_end_index=9 no_progress_sec=10.2 moved=0.000m
[INFO] [1783788053.007899966] [coverage_follow_path_executor_node]: [DYNAMIC_REJOIN] searching original path from index=10 max_distance=5.00m
[INFO] [1783788053.013392328] [coverage_follow_path_executor_node]: [DYNAMIC_REJOIN] candidate index=10 distance_from_block=0.050 inside_local_costmap=true static_safe=true global_safe=true planner_allowed=true static_reason=static_reference_free global_reason=global_safe local_reason=local_corridor_clear
[INFO] [1783788053.016400239] [coverage_follow_path_executor_node]: [DYNAMIC_REJOIN] candidate index=11 distance_from_block=0.100 inside_local_costmap=true static_safe=true global_safe=true planner_allowed=true static_reason=static_reference_free global_reason=global_safe local_reason=local_corridor_clear
[INFO] [1783788053.019745334] [coverage_follow_path_executor_node]: [DYNAMIC_REJOIN] candidate index=12 distance_from_block=0.150 inside_local_costmap=true static_safe=true global_safe=true planner_allowed=true static_reason=static_reference_free global_reason=global_safe local_reason=local_corridor_clear
[INFO] [1783788053.022616634] [coverage_follow_path_executor_node]: [DYNAMIC_REJOIN] candidate index=13 distance_from_block=0.200 inside_local_costmap=true static_safe=true global_safe=true planner_allowed=true static_reason=static_reference_free global_reason=global_safe local_reason=local_corridor_clear
[INFO] [1783788053.025179381] [coverage_follow_path_executor_node]: [DYNAMIC_REJOIN] candidate index=14 distance_from_block=0.250 inside_local_costmap=true static_safe=true global_safe=true planner_allowed=true static_reason=static_reference_free global_reason=global_safe local_reason=local_corridor_clear
[INFO] [1783788053.028025756] [coverage_follow_path_executor_node]: [DYNAMIC_REJOIN] candidate index=15 distance_from_block=0.300 inside_local_costmap=true static_safe=true global_safe=true planner_allowed=true static_reason=static_reference_free global_reason=global_safe local_reason=local_corridor_clear
[INFO] [1783788053.031330499] [coverage_follow_path_executor_node]: [DYNAMIC_REJOIN] candidate index=16 distance_from_block=0.350 inside_local_costmap=true static_safe=true global_safe=true planner_allowed=true static_reason=static_reference_free global_reason=global_safe local_reason=local_corridor_clear
[INFO] [1783788053.034673834] [coverage_follow_path_executor_node]: [DYNAMIC_REJOIN] candidate index=17 distance_from_block=0.400 inside_local_costmap=true static_safe=true global_safe=true planner_allowed=true static_reason=static_reference_free global_reason=global_safe local_reason=local_corridor_clear
[INFO] [1783788053.039291274] [coverage_follow_path_executor_node]: [DYNAMIC_REJOIN] candidate index=18 distance_from_block=0.450 inside_local_costmap=true static_safe=true global_safe=true planner_allowed=true static_reason=static_reference_free global_reason=global_safe local_reason=local_corridor_clear
[INFO] [1783788053.042858849] [coverage_follow_path_executor_node]: [DYNAMIC_REJOIN] candidate index=19 distance_from_block=0.500 inside_local_costmap=true static_safe=true global_safe=true planner_allowed=true static_reason=static_reference_free global_reason=global_safe local_reason=local_corridor_clear
[INFO] [1783788053.046150722] [coverage_follow_path_executor_node]: [DYNAMIC_REJOIN] candidate index=20 distance_from_block=0.550 inside_local_costmap=true static_safe=true global_safe=true planner_allowed=true static_reason=static_reference_free global_reason=global_safe local_reason=local_corridor_clear
[INFO] [1783788053.049628557] [coverage_follow_path_executor_node]: [DYNAMIC_REJOIN] candidate index=21 distance_from_block=0.600 inside_local_costmap=true static_safe=true global_safe=true planner_allowed=true static_reason=static_reference_free global_reason=global_safe local_reason=local_corridor_clear
[INFO] [1783788053.052636764] [coverage_follow_path_executor_node]: [DYNAMIC_REJOIN] candidate index=22 distance_from_block=0.650 inside_local_costmap=true static_safe=true global_safe=true planner_allowed=true static_reason=static_reference_free global_reason=global_safe local_reason=local_corridor_clear
[INFO] [1783788053.055214900] [coverage_follow_path_executor_node]: [DYNAMIC_REJOIN] candidate index=23 distance_from_block=0.700 inside_local_costmap=true static_safe=true global_safe=true planner_allowed=true static_reason=static_reference_free global_reason=global_safe local_reason=local_corridor_clear
[INFO] [1783788053.059989135] [coverage_follow_path_executor_node]: [DYNAMIC_REJOIN] candidate index=24 distance_from_block=0.750 inside_local_costmap=true static_safe=true global_safe=true planner_allowed=true static_reason=static_reference_free global_reason=global_safe local_reason=local_corridor_clear
[INFO] [1783788053.063011435] [coverage_follow_path_executor_node]: [DYNAMIC_REJOIN] candidate index=25 distance_from_block=0.800 inside_local_costmap=true static_safe=true global_safe=true planner_allowed=true static_reason=static_reference_free global_reason=global_safe local_reason=local_corridor_clear
[INFO] [1783788053.065285535] [coverage_follow_path_executor_node]: [DYNAMIC_REJOIN] candidate index=26 distance_from_block=0.850 inside_local_costmap=true static_safe=true global_safe=true planner_allowed=true static_reason=static_reference_free global_reason=global_safe local_reason=local_corridor_clear
[INFO] [1783788053.067795634] [coverage_follow_path_executor_node]: [DYNAMIC_REJOIN] candidate index=27 distance_from_block=0.900 inside_local_costmap=true static_safe=true global_safe=true planner_allowed=true static_reason=static_reference_free global_reason=global_safe local_reason=local_corridor_clear
[INFO] [1783788053.070065012] [coverage_follow_path_executor_node]: [DYNAMIC_REJOIN] candidate index=28 distance_from_block=0.950 inside_local_costmap=true static_safe=true global_safe=true planner_allowed=true static_reason=static_reference_free global_reason=global_safe local_reason=local_corridor_clear
[INFO] [1783788053.078742654] [coverage_follow_path_executor_node]: [DYNAMIC_REJOIN] candidate index=29 distance_from_block=1.000 inside_local_costmap=true static_safe=true global_safe=true planner_allowed=true static_reason=static_reference_free global_reason=global_safe local_reason=local_corridor_clear
[INFO] [1783788053.085326714] [coverage_follow_path_executor_node]: [DYNAMIC_REJOIN] candidate index=30 distance_from_block=1.403 inside_local_costmap=true static_safe=true global_safe=true planner_allowed=false static_reason=static_reference_free global_reason=global_safe local_reason=local_lethal_cell_in_robot_corridor
[INFO] [1783788053.090871354] [coverage_follow_path_executor_node]: [DYNAMIC_REJOIN] candidate index=31 distance_from_block=1.453 inside_local_costmap=true static_safe=true global_safe=true planner_allowed=false static_reason=static_reference_free global_reason=global_safe local_reason=local_lethal_cell_in_robot_corridor
[INFO] [1783788053.094105412] [coverage_follow_path_executor_node]: [DYNAMIC_REJOIN] candidate index=32 distance_from_block=1.503 inside_local_costmap=true static_safe=true global_safe=true planner_allowed=false static_reason=static_reference_free global_reason=global_safe local_reason=local_lethal_cell_in_robot_corridor
[INFO] [1783788053.098426169] [coverage_follow_path_executor_node]: [DYNAMIC_REJOIN] candidate index=33 distance_from_block=1.553 inside_local_costmap=true static_safe=true global_safe=true planner_allowed=false static_reason=static_reference_free global_reason=global_safe local_reason=local_lethal_cell_in_robot_corridor
[INFO] [1783788053.101340950] [coverage_follow_path_executor_node]: [DYNAMIC_REJOIN] candidate index=34 distance_from_block=1.603 inside_local_costmap=true static_safe=true global_safe=true planner_allowed=true static_reason=static_reference_free global_reason=global_safe local_reason=local_corridor_clear
[INFO] [1783788053.107017367] [coverage_follow_path_executor_node]: [DYNAMIC_REJOIN] candidate index=35 distance_from_block=1.653 inside_local_costmap=true static_safe=true global_safe=true planner_allowed=true static_reason=static_reference_free global_reason=global_safe local_reason=local_corridor_clear
[INFO] [1783788053.110376276] [coverage_follow_path_executor_node]: [DYNAMIC_REJOIN] candidate index=36 distance_from_block=1.703 inside_local_costmap=true static_safe=true global_safe=true planner_allowed=true static_reason=static_reference_free global_reason=global_safe local_reason=local_corridor_clear
[INFO] [1783788053.113904926] [coverage_follow_path_executor_node]: [DYNAMIC_REJOIN] candidate index=37 distance_from_block=1.753 inside_local_costmap=true static_safe=true global_safe=true planner_allowed=true static_reason=static_reference_free global_reason=global_safe local_reason=local_corridor_clear
[INFO] [1783788053.120279005] [coverage_follow_path_executor_node]: [DYNAMIC_REJOIN] candidate index=38 distance_from_block=1.803 inside_local_costmap=true static_safe=true global_safe=true planner_allowed=true static_reason=static_reference_free global_reason=global_safe local_reason=local_corridor_clear
[INFO] [1783788053.123407249] [coverage_follow_path_executor_node]: [DYNAMIC_REJOIN] candidate index=39 distance_from_block=1.853 inside_local_costmap=true static_safe=true global_safe=true planner_allowed=true static_reason=static_reference_free global_reason=global_safe local_reason=local_corridor_clear
[INFO] [1783788053.127038676] [coverage_follow_path_executor_node]: [DYNAMIC_REJOIN] candidate index=40 distance_from_block=1.903 inside_local_costmap=true static_safe=true global_safe=true planner_allowed=true static_reason=static_reference_free global_reason=global_safe local_reason=local_corridor_clear
[INFO] [1783788053.132194947] [coverage_follow_path_executor_node]: [DYNAMIC_REJOIN] candidate index=41 distance_from_block=1.953 inside_local_costmap=true static_safe=true global_safe=true planner_allowed=true static_reason=static_reference_free global_reason=global_safe local_reason=local_corridor_clear
[INFO] [1783788053.134866878] [coverage_follow_path_executor_node]: [DYNAMIC_REJOIN] candidate index=42 distance_from_block=2.003 inside_local_costmap=true static_safe=true global_safe=true planner_allowed=true static_reason=static_reference_free global_reason=global_safe local_reason=local_corridor_clear
[INFO] [1783788053.142178231] [coverage_follow_path_executor_node]: [DYNAMIC_REJOIN] candidate index=43 distance_from_block=2.053 inside_local_costmap=true static_safe=true global_safe=true planner_allowed=true static_reason=static_reference_free global_reason=global_safe local_reason=local_corridor_clear
[INFO] [1783788053.144851107] [coverage_follow_path_executor_node]: [DYNAMIC_REJOIN] candidate index=44 distance_from_block=2.103 inside_local_costmap=true static_safe=true global_safe=true planner_allowed=true static_reason=static_reference_free global_reason=global_safe local_reason=local_corridor_clear
[INFO] [1783788053.147913906] [coverage_follow_path_executor_node]: [DYNAMIC_REJOIN] candidate index=45 distance_from_block=2.153 inside_local_costmap=true static_safe=true global_safe=true planner_allowed=true static_reason=static_reference_free global_reason=global_safe local_reason=local_corridor_clear
[INFO] [1783788053.154193598] [coverage_follow_path_executor_node]: [DYNAMIC_REJOIN] candidate index=46 distance_from_block=2.203 inside_local_costmap=true static_safe=true global_safe=true planner_allowed=true static_reason=static_reference_free global_reason=global_safe local_reason=local_corridor_clear
[INFO] [1783788053.157822098] [coverage_follow_path_executor_node]: [DYNAMIC_REJOIN] candidate index=47 distance_from_block=2.253 inside_local_costmap=true static_safe=true global_safe=true planner_allowed=true static_reason=static_reference_free global_reason=global_safe local_reason=local_corridor_clear
[INFO] [1783788053.160825361] [coverage_follow_path_executor_node]: [DYNAMIC_REJOIN] candidate index=48 distance_from_block=2.303 inside_local_costmap=true static_safe=true global_safe=true planner_allowed=true static_reason=static_reference_free global_reason=global_safe local_reason=local_corridor_clear
[INFO] [1783788053.163290627] [coverage_follow_path_executor_node]: [DYNAMIC_REJOIN] candidate index=49 distance_from_block=2.353 inside_local_costmap=true static_safe=true global_safe=true planner_allowed=false static_reason=static_reference_free global_reason=global_safe local_reason=local_lethal_cell_in_robot_corridor
[INFO] [1783788053.165927058] [coverage_follow_path_executor_node]: [DYNAMIC_REJOIN] candidate index=50 distance_from_block=2.403 inside_local_costmap=true static_safe=true global_safe=true planner_allowed=false static_reason=static_reference_free global_reason=global_safe local_reason=local_lethal_cell_in_robot_corridor
[INFO] [1783788053.168286621] [coverage_follow_path_executor_node]: [DYNAMIC_REJOIN] candidate index=51 distance_from_block=2.453 inside_local_costmap=true static_safe=true global_safe=true planner_allowed=false static_reason=static_reference_free global_reason=global_safe local_reason=local_lethal_cell_in_robot_corridor
[INFO] [1783788053.171589012] [coverage_follow_path_executor_node]: [DYNAMIC_REJOIN] candidate index=52 distance_from_block=2.503 inside_local_costmap=true static_safe=true global_safe=true planner_allowed=true static_reason=static_reference_free global_reason=global_safe local_reason=local_corridor_clear
[INFO] [1783788053.174179870] [coverage_follow_path_executor_node]: [DYNAMIC_REJOIN] candidate index=53 distance_from_block=2.553 inside_local_costmap=true static_safe=true global_safe=true planner_allowed=false static_reason=static_reference_free global_reason=global_safe local_reason=local_lethal_cell_in_robot_corridor
[INFO] [1783788053.176934967] [coverage_follow_path_executor_node]: [DYNAMIC_REJOIN] candidate index=54 distance_from_block=2.603 inside_local_costmap=true static_safe=true global_safe=true planner_allowed=false static_reason=static_reference_free global_reason=global_safe local_reason=local_lethal_cell_in_robot_corridor
[INFO] [1783788053.179755268] [coverage_follow_path_executor_node]: [DYNAMIC_REJOIN] candidate index=55 distance_from_block=2.653 inside_local_costmap=true static_safe=true global_safe=true planner_allowed=true static_reason=static_reference_free global_reason=global_safe local_reason=local_corridor_clear
[INFO] [1783788053.182992104] [coverage_follow_path_executor_node]: [DYNAMIC_REJOIN] candidate index=56 distance_from_block=2.703 inside_local_costmap=true static_safe=true global_safe=true planner_allowed=false static_reason=static_reference_free global_reason=global_safe local_reason=local_lethal_cell_in_robot_corridor
[INFO] [1783788053.185900460] [coverage_follow_path_executor_node]: [DYNAMIC_REJOIN] candidate index=57 distance_from_block=2.753 inside_local_costmap=true static_safe=true global_safe=true planner_allowed=false static_reason=static_reference_free global_reason=global_safe local_reason=local_lethal_cell_in_robot_corridor
[INFO] [1783788053.193227813] [coverage_follow_path_executor_node]: [DYNAMIC_REJOIN] candidate index=58 distance_from_block=2.803 inside_local_costmap=true static_safe=true global_safe=true planner_allowed=true static_reason=static_reference_free global_reason=global_safe local_reason=local_corridor_clear
[INFO] [1783788053.196680000] [coverage_follow_path_executor_node]: [DYNAMIC_REJOIN] candidate index=59 distance_from_block=2.853 inside_local_costmap=true static_safe=true global_safe=true planner_allowed=true static_reason=static_reference_free global_reason=global_safe local_reason=local_corridor_clear
[INFO] [1783788053.199892077] [coverage_follow_path_executor_node]: [DYNAMIC_REJOIN] candidate index=60 distance_from_block=2.903 inside_local_costmap=true static_safe=true global_safe=true planner_allowed=true static_reason=static_reference_free global_reason=global_safe local_reason=local_corridor_clear
[INFO] [1783788053.203299023] [coverage_follow_path_executor_node]: [DYNAMIC_REJOIN] candidate index=61 distance_from_block=2.953 inside_local_costmap=true static_safe=true global_safe=true planner_allowed=true static_reason=static_reference_free global_reason=global_safe local_reason=local_corridor_clear
[INFO] [1783788053.209026828] [coverage_follow_path_executor_node]: [DYNAMIC_REJOIN] candidate index=62 distance_from_block=3.003 inside_local_costmap=true static_safe=true global_safe=true planner_allowed=true static_reason=static_reference_free global_reason=global_safe local_reason=local_corridor_clear
[INFO] [1783788053.213506121] [coverage_follow_path_executor_node]: [DYNAMIC_REJOIN] candidate index=63 distance_from_block=3.053 inside_local_costmap=true static_safe=true global_safe=true planner_allowed=true static_reason=static_reference_free global_reason=global_safe local_reason=local_corridor_clear
[INFO] [1783788053.218421245] [coverage_follow_path_executor_node]: [DYNAMIC_REJOIN] candidate index=64 distance_from_block=3.103 inside_local_costmap=true static_safe=true global_safe=true planner_allowed=true static_reason=static_reference_free global_reason=global_safe local_reason=local_corridor_clear
[INFO] [1783788053.221170009] [coverage_follow_path_executor_node]: [DYNAMIC_REJOIN] candidate index=65 distance_from_block=3.153 inside_local_costmap=true static_safe=true global_safe=true planner_allowed=true static_reason=static_reference_free global_reason=global_safe local_reason=local_corridor_clear
[INFO] [1783788053.225251452] [coverage_follow_path_executor_node]: [DYNAMIC_REJOIN] candidate index=66 distance_from_block=3.203 inside_local_costmap=true static_safe=true global_safe=true planner_allowed=true static_reason=static_reference_free global_reason=global_safe local_reason=local_corridor_clear
[INFO] [1783788053.230406408] [coverage_follow_path_executor_node]: [DYNAMIC_REJOIN] candidate index=67 distance_from_block=3.253 inside_local_costmap=true static_safe=true global_safe=true planner_allowed=true static_reason=static_reference_free global_reason=global_safe local_reason=local_corridor_clear
[INFO] [1783788053.234610091] [coverage_follow_path_executor_node]: [DYNAMIC_REJOIN] candidate index=68 distance_from_block=3.303 inside_local_costmap=true static_safe=true global_safe=true planner_allowed=true static_reason=static_reference_free global_reason=global_safe local_reason=local_corridor_clear
[INFO] [1783788053.239434808] [coverage_follow_path_executor_node]: [DYNAMIC_REJOIN] candidate index=69 distance_from_block=3.353 inside_local_costmap=true static_safe=true global_safe=true planner_allowed=true static_reason=static_reference_free global_reason=global_safe local_reason=local_corridor_clear
[INFO] [1783788053.244780115] [coverage_follow_path_executor_node]: [DYNAMIC_REJOIN] candidate index=70 distance_from_block=3.403 inside_local_costmap=true static_safe=true global_safe=true planner_allowed=true static_reason=static_reference_free global_reason=global_safe local_reason=local_corridor_clear
[INFO] [1783788053.249015242] [coverage_follow_path_executor_node]: [DYNAMIC_REJOIN] candidate index=71 distance_from_block=3.453 inside_local_costmap=true static_safe=true global_safe=true planner_allowed=true static_reason=static_reference_free global_reason=global_safe local_reason=local_corridor_clear
[INFO] [1783788053.253182555] [coverage_follow_path_executor_node]: [DYNAMIC_REJOIN] candidate index=72 distance_from_block=3.503 inside_local_costmap=true static_safe=true global_safe=true planner_allowed=true static_reason=static_reference_free global_reason=global_safe local_reason=local_corridor_clear
[INFO] [1783788053.258599899] [coverage_follow_path_executor_node]: [DYNAMIC_REJOIN] candidate index=73 distance_from_block=3.553 inside_local_costmap=true static_safe=true global_safe=true planner_allowed=true static_reason=static_reference_free global_reason=global_safe local_reason=local_corridor_clear
[INFO] [1783788053.262998266] [coverage_follow_path_executor_node]: [DYNAMIC_REJOIN] candidate index=74 distance_from_block=3.603 inside_local_costmap=true static_safe=true global_safe=true planner_allowed=true static_reason=static_reference_free global_reason=global_safe local_reason=local_corridor_clear
[INFO] [1783788053.266200972] [coverage_follow_path_executor_node]: [DYNAMIC_REJOIN] candidate index=75 distance_from_block=3.653 inside_local_costmap=true static_safe=true global_safe=true planner_allowed=true static_reason=static_reference_free global_reason=global_safe local_reason=local_corridor_clear
[INFO] [1783788053.271016004] [coverage_follow_path_executor_node]: [DYNAMIC_REJOIN] candidate index=76 distance_from_block=3.703 inside_local_costmap=true static_safe=true global_safe=true planner_allowed=true static_reason=static_reference_free global_reason=global_safe local_reason=local_corridor_clear
[INFO] [1783788053.275213669] [coverage_follow_path_executor_node]: [DYNAMIC_REJOIN] candidate index=77 distance_from_block=3.753 inside_local_costmap=true static_safe=true global_safe=true planner_allowed=true static_reason=static_reference_free global_reason=global_safe local_reason=local_corridor_clear
[INFO] [1783788053.285248212] [coverage_follow_path_executor_node]: [DYNAMIC_REJOIN] candidate index=78 distance_from_block=3.803 inside_local_costmap=true static_safe=true global_safe=true planner_allowed=true static_reason=static_reference_free global_reason=global_safe local_reason=local_corridor_clear
[INFO] [1783788053.295003164] [coverage_follow_path_executor_node]: [DYNAMIC_REJOIN] candidate index=79 distance_from_block=3.853 inside_local_costmap=true static_safe=true global_safe=true planner_allowed=true static_reason=static_reference_free global_reason=global_safe local_reason=local_corridor_clear
[INFO] [1783788053.302064703] [coverage_follow_path_executor_node]: [DYNAMIC_REJOIN] candidate index=80 distance_from_block=3.903 inside_local_costmap=true static_safe=true global_safe=true planner_allowed=true static_reason=static_reference_free global_reason=global_safe local_reason=local_corridor_clear
[INFO] [1783788053.307185215] [coverage_follow_path_executor_node]: [DYNAMIC_REJOIN] candidate index=81 distance_from_block=3.953 inside_local_costmap=true static_safe=true global_safe=true planner_allowed=true static_reason=static_reference_free global_reason=global_safe local_reason=local_corridor_clear
[INFO] [1783788053.314345032] [coverage_follow_path_executor_node]: [DYNAMIC_REJOIN] candidate index=82 distance_from_block=4.003 inside_local_costmap=true static_safe=true global_safe=true planner_allowed=true static_reason=static_reference_free global_reason=global_safe local_reason=local_corridor_clear
[INFO] [1783788053.317208203] [coverage_follow_path_executor_node]: [DYNAMIC_REJOIN] candidate index=83 distance_from_block=4.053 inside_local_costmap=true static_safe=true global_safe=true planner_allowed=true static_reason=static_reference_free global_reason=global_safe local_reason=local_corridor_clear
[INFO] [1783788053.325244163] [coverage_follow_path_executor_node]: [DYNAMIC_REJOIN] candidate index=84 distance_from_block=4.103 inside_local_costmap=true static_safe=true global_safe=true planner_allowed=true static_reason=static_reference_free global_reason=global_safe local_reason=local_corridor_clear
[INFO] [1783788053.330647507] [coverage_follow_path_executor_node]: [DYNAMIC_REJOIN] candidate index=85 distance_from_block=4.153 inside_local_costmap=true static_safe=true global_safe=true planner_allowed=true static_reason=static_reference_free global_reason=global_safe local_reason=local_corridor_clear
[INFO] [1783788053.338716578] [coverage_follow_path_executor_node]: [DYNAMIC_REJOIN] candidate index=86 distance_from_block=4.436 inside_local_costmap=true static_safe=true global_safe=true planner_allowed=true static_reason=static_reference_free global_reason=global_safe local_reason=local_corridor_clear
[INFO] [1783788053.343237297] [coverage_follow_path_executor_node]: [DYNAMIC_REJOIN] candidate index=87 distance_from_block=4.486 inside_local_costmap=true static_safe=true global_safe=true planner_allowed=true static_reason=static_reference_free global_reason=global_safe local_reason=local_corridor_clear
[INFO] [1783788053.348197717] [coverage_follow_path_executor_node]: [DYNAMIC_REJOIN] candidate index=88 distance_from_block=4.536 inside_local_costmap=true static_safe=true global_safe=true planner_allowed=true static_reason=static_reference_free global_reason=global_safe local_reason=local_corridor_clear
[INFO] [1783788053.352481677] [coverage_follow_path_executor_node]: [DYNAMIC_REJOIN] candidate index=89 distance_from_block=4.586 inside_local_costmap=true static_safe=true global_safe=true planner_allowed=true static_reason=static_reference_free global_reason=global_safe local_reason=local_corridor_clear
[INFO] [1783788053.356141382] [coverage_follow_path_executor_node]: [DYNAMIC_REJOIN] candidate index=90 distance_from_block=4.636 inside_local_costmap=true static_safe=true global_safe=true planner_allowed=true static_reason=static_reference_free global_reason=global_safe local_reason=local_corridor_clear
[INFO] [1783788053.359697142] [coverage_follow_path_executor_node]: [DYNAMIC_REJOIN] candidate index=91 distance_from_block=4.686 inside_local_costmap=true static_safe=true global_safe=true planner_allowed=true static_reason=static_reference_free global_reason=global_safe local_reason=local_corridor_clear
[INFO] [1783788053.363242828] [coverage_follow_path_executor_node]: [DYNAMIC_REJOIN] candidate index=92 distance_from_block=4.736 inside_local_costmap=true static_safe=true global_safe=true planner_allowed=true static_reason=static_reference_free global_reason=global_safe local_reason=local_corridor_clear
[INFO] [1783788053.367612584] [coverage_follow_path_executor_node]: [DYNAMIC_REJOIN] candidate index=93 distance_from_block=4.786 inside_local_costmap=true static_safe=true global_safe=true planner_allowed=true static_reason=static_reference_free global_reason=global_safe local_reason=local_corridor_clear
[INFO] [1783788053.374398273] [coverage_follow_path_executor_node]: [DYNAMIC_REJOIN] candidate index=94 distance_from_block=4.836 inside_local_costmap=true static_safe=true global_safe=true planner_allowed=true static_reason=static_reference_free global_reason=global_safe local_reason=local_corridor_clear
[INFO] [1783788053.378643456] [coverage_follow_path_executor_node]: [DYNAMIC_REJOIN] candidate index=95 distance_from_block=4.886 inside_local_costmap=true static_safe=true global_safe=true planner_allowed=true static_reason=static_reference_free global_reason=global_safe local_reason=local_corridor_clear
[INFO] [1783788053.383536524] [coverage_follow_path_executor_node]: [DYNAMIC_REJOIN] candidate index=96 distance_from_block=4.936 inside_local_costmap=true static_safe=true global_safe=true planner_allowed=true static_reason=static_reference_free global_reason=global_safe local_reason=local_corridor_clear
[INFO] [1783788053.387743078] [coverage_follow_path_executor_node]: [DYNAMIC_REJOIN] candidate index=97 distance_from_block=4.986 inside_local_costmap=true static_safe=true global_safe=true planner_allowed=true static_reason=static_reference_free global_reason=global_safe local_reason=local_corridor_clear
[INFO] [1783788053.390025770] [coverage_follow_path_executor_node]: [DYNAMIC_CONNECTOR] requesting Nav2 ComputePathToPose connector rejoin_index=10
[INFO] [1783788053.430230165] [coverage_follow_path_executor_node]: [DYNAMIC_CONNECTOR] Nav2 connector result status=4 error_code=0 error_msg=
[INFO] [1783788053.434003406] [coverage_follow_path_executor_node]: [DYNAMIC_CONNECTOR] Nav2 connector poses=18 length=0.453
[INFO] [1783788053.747339252] [coverage_follow_path_executor_node]: [DYNAMIC_VALIDATE] candidate valid before cancel
[INFO] [1783788053.748464469] [coverage_follow_path_executor_node]: [DYNAMIC_CONNECTOR] planner connector accepted poses=18 length=0.453
[WARN] [1783788053.750472144] [coverage_follow_path_executor_node]: [DYNAMIC_SKIP] skipped segment recorded segment_id=1 reason=ROBOT_STUCK_NO_PROGRESS poses=10 distance=0.600 rejoin_index=10 max_cost=0
[INFO] [1783788053.753809795] [coverage_follow_path_executor_node]: [DYNAMIC_SKIP] canceling current FollowPath to send dynamic bypass
[INFO] [1783788053.761119592] [coverage_follow_path_executor_node]: [DYNAMIC_SKIP] sending rejoin FollowPath remaining_poses=194 remaining_distance=10.969
[INFO] [1783788053.762093958] [coverage_follow_path_executor_node]: Coverage FollowPath status: WAITING_FOR_NAV2
[INFO] [1783788053.841862102] [coverage_follow_path_executor_node]: Coverage FollowPath status: EXECUTING
[INFO] [1783788053.843323002] [coverage_follow_path_executor_node]: Sending final frozen path to Nav2 FollowPath: reason=dynamic_obstacle_bypass_rejoin action=/follow_path controller_id=FollowPath goal_checker_id=goal_checker poses=194 path_length=10.97m first=(x=0.073 y=-0.016 yaw=-0.10) last=(x=-1.702 y=-0.041 yaw=3.14) robot=(x=0.054 y=-0.028 yaw=-0.04) start_index=0. This is FollowPath, not NavigateThroughPoses.
[INFO] [1783788053.866546869] [coverage_follow_path_executor_node]: FollowPath goal accepted by Nav2
[INFO] [1783788053.867768141] [coverage_follow_path_executor_node]: FollowPath result: status=5 error_code=0 NONE error_msg=
[INFO] [1783788053.869015302] [coverage_follow_path_executor_node]: [DYNAMIC_SKIP] ignored stale FollowPath result from a previous goal
[INFO] [1783788054.015540493] [coverage_follow_path_executor_node]: [DYNAMIC_DETECT] rejected: inflated/non-lethal cost; rejected inflated local cost; cost=99 threshold=100
[WARN] [1783788054.020817616] [coverage_follow_path_executor_node]: [ARM_DETECT] rejected inflated local cost promotion: reason=arm_disabled use_robot_arm=false arm_active=false tof_topic=/tof/front/range tof_range=nan tof_age_sec=inf free_readings=0/5 lidar_topic=/scan lidar_min_range=0.424 lidar_angle=-0.267 lidar_age_sec=0.102 lidar_object_readings=0/5 report_reason=inflated_or_non_lethal_local_cost cost=99
[INFO] [1783788055.278456190] [coverage_follow_path_executor_node]: [DYNAMIC_DETECT] rejected: inflated/non-lethal cost; rejected inflated local cost; cost=99 threshold=100
[WARN] [1783788055.280164478] [coverage_follow_path_executor_node]: [ARM_DETECT] rejected inflated local cost promotion: reason=arm_disabled use_robot_arm=false arm_active=false tof_topic=/tof/front/range tof_range=nan tof_age_sec=inf free_readings=0/5 lidar_topic=/scan lidar_min_range=0.426 lidar_angle=-0.258 lidar_age_sec=0.161 lidar_object_readings=0/5 report_reason=inflated_or_non_lethal_local_cost cost=99
[INFO] [1783788055.422260382] [coverage_follow_path_executor_node]: Ignoring /coverage_path update because active coverage path is frozen.
[INFO] [1783788056.295829977] [coverage_follow_path_executor_node]: [DYNAMIC_DETECT] rejected: inflated/non-lethal cost; rejected inflated local cost; cost=99 threshold=100
[WARN] [1783788056.309853761] [coverage_follow_path_executor_node]: [ARM_DETECT] rejected inflated local cost promotion: reason=arm_disabled use_robot_arm=false arm_active=false tof_topic=/tof/front/range tof_range=nan tof_age_sec=inf free_readings=0/5 lidar_topic=/scan lidar_min_range=0.426 lidar_angle=-0.267 lidar_age_sec=0.359 lidar_object_readings=0/5 report_reason=inflated_or_non_lethal_local_cost cost=99
[INFO] [1783788057.489113632] [coverage_follow_path_executor_node]: [DYNAMIC_DETECT] rejected: inflated/non-lethal cost; rejected inflated local cost; cost=99 threshold=100
[WARN] [1783788057.490496406] [coverage_follow_path_executor_node]: [ARM_DETECT] rejected inflated local cost promotion: reason=arm_disabled use_robot_arm=false arm_active=false tof_topic=/tof/front/range tof_range=nan tof_age_sec=inf free_readings=0/5 lidar_topic=/scan lidar_min_range=0.425 lidar_angle=-0.267 lidar_age_sec=0.157 lidar_object_readings=0/5 report_reason=inflated_or_non_lethal_local_cost cost=99
[INFO] [1783788058.600217002] [coverage_follow_path_executor_node]: [DYNAMIC_DETECT] rejected: inflated/non-lethal cost; rejected inflated local cost; cost=99 threshold=100
[WARN] [1783788058.601575284] [coverage_follow_path_executor_node]: [ARM_DETECT] rejected inflated local cost promotion: reason=arm_disabled use_robot_arm=false arm_active=false tof_topic=/tof/front/range tof_range=nan tof_age_sec=inf free_readings=0/5 lidar_topic=/scan lidar_min_range=0.426 lidar_angle=-0.275 lidar_age_sec=0.093 lidar_object_readings=0/5 report_reason=inflated_or_non_lethal_local_cost cost=99
[INFO] [1783788059.797323409] [coverage_follow_path_executor_node]: [DYNAMIC_DETECT] rejected: inflated/non-lethal cost; rejected inflated local cost; cost=99 threshold=100
[WARN] [1783788059.798838082] [coverage_follow_path_executor_node]: [ARM_DETECT] rejected inflated local cost promotion: reason=arm_disabled use_robot_arm=false arm_active=false tof_topic=/tof/front/range tof_range=nan tof_age_sec=inf free_readings=0/5 lidar_topic=/scan lidar_min_range=0.425 lidar_angle=-0.249 lidar_age_sec=0.097 lidar_object_readings=1/5 report_reason=inflated_or_non_lethal_local_cost cost=99
[INFO] [1783788060.802673724] [coverage_follow_path_executor_node]: [DYNAMIC_DETECT] rejected: inflated/non-lethal cost; rejected inflated local cost; cost=99 threshold=100
[WARN] [1783788060.803688658] [coverage_follow_path_executor_node]: [ARM_DETECT] rejected inflated local cost promotion: reason=arm_disabled use_robot_arm=false arm_active=false tof_topic=/tof/front/range tof_range=nan tof_age_sec=inf free_readings=0/5 lidar_topic=/scan lidar_min_range=0.426 lidar_angle=-0.267 lidar_age_sec=0.104 lidar_object_readings=0/5 report_reason=inflated_or_non_lethal_local_cost cost=99
[INFO] [1783788061.360771156] [coverage_follow_path_executor_node]: Ignoring /coverage_path update because active coverage path is frozen.
[INFO] [1783788062.011508413] [coverage_follow_path_executor_node]: [DYNAMIC_DETECT] rejected: inflated/non-lethal cost; rejected inflated local cost; cost=99 threshold=100
[WARN] [1783788062.013252754] [coverage_follow_path_executor_node]: [ARM_DETECT] rejected inflated local cost promotion: reason=arm_disabled use_robot_arm=false arm_active=false tof_topic=/tof/front/range tof_range=nan tof_age_sec=inf free_readings=0/5 lidar_topic=/scan lidar_min_range=0.426 lidar_angle=-0.267 lidar_age_sec=0.114 lidar_object_readings=0/5 report_reason=inflated_or_non_lethal_local_cost cost=99
[INFO] [1783788063.011586039] [coverage_follow_path_executor_node]: [DYNAMIC_DETECT] rejected: inflated/non-lethal cost; rejected inflated local cost; cost=99 threshold=100
[WARN] [1783788063.192029891] [coverage_follow_path_executor_node]: [ARM_DETECT] rejected inflated local cost promotion: reason=arm_disabled use_robot_arm=false arm_active=false tof_topic=/tof/front/range tof_range=nan tof_age_sec=inf free_readings=0/5 lidar_topic=/scan lidar_min_range=0.426 lidar_angle=-0.267 lidar_age_sec=0.096 lidar_object_readings=0/5 report_reason=inflated_or_non_lethal_local_cost cost=99
[INFO] [1783788064.199717247] [coverage_follow_path_executor_node]: [DYNAMIC_DETECT] rejected: inflated/non-lethal cost; rejected inflated local cost; cost=99 threshold=100
[WARN] [1783788064.202208004] [coverage_follow_path_executor_node]: [ARM_DETECT] rejected inflated local cost promotion: reason=arm_disabled use_robot_arm=false arm_active=false tof_topic=/tof/front/range tof_range=nan tof_age_sec=inf free_readings=0/5 lidar_topic=/scan lidar_min_range=0.425 lidar_angle=-0.258 lidar_age_sec=0.107 lidar_object_readings=0/5 report_reason=inflated_or_non_lethal_local_cost cost=99
[INFO] [1783788065.398410147] [coverage_follow_path_executor_node]: [DYNAMIC_DETECT] rejected: inflated/non-lethal cost; rejected inflated local cost; cost=99 threshold=100
[WARN] [1783788065.402335481] [coverage_follow_path_executor_node]: [ARM_DETECT] rejected inflated local cost promotion: reason=arm_disabled use_robot_arm=false arm_active=false tof_topic=/tof/front/range tof_range=nan tof_age_sec=inf free_readings=0/5 lidar_topic=/scan lidar_min_range=0.426 lidar_angle=-0.249 lidar_age_sec=0.107 lidar_object_readings=1/5 report_reason=inflated_or_non_lethal_local_cost cost=99
[INFO] [1783788066.402110270] [coverage_follow_path_executor_node]: [DYNAMIC_DETECT] rejected: inflated/non-lethal cost; rejected inflated local cost; cost=99 threshold=100
[WARN] [1783788066.403208415] [coverage_follow_path_executor_node]: [ARM_DETECT] rejected inflated local cost promotion: reason=arm_disabled use_robot_arm=false arm_active=false tof_topic=/tof/front/range tof_range=nan tof_age_sec=inf free_readings=0/5 lidar_topic=/scan lidar_min_range=0.426 lidar_angle=-0.258 lidar_age_sec=0.109 lidar_object_readings=0/5 report_reason=inflated_or_non_lethal_local_cost cost=99
[INFO] [1783788067.346414414] [coverage_follow_path_executor_node]: Ignoring /coverage_path update because active coverage path is frozen.
[INFO] [1783788067.598455786] [coverage_follow_path_executor_node]: [DYNAMIC_DETECT] rejected: inflated/non-lethal cost; rejected inflated local cost; cost=99 threshold=100
[WARN] [1783788067.599595735] [coverage_follow_path_executor_node]: [ARM_DETECT] rejected inflated local cost promotion: reason=arm_disabled use_robot_arm=false arm_active=false tof_topic=/tof/front/range tof_range=nan tof_age_sec=inf free_readings=0/5 lidar_topic=/scan lidar_min_range=0.426 lidar_angle=-0.249 lidar_age_sec=0.112 lidar_object_readings=2/5 report_reason=inflated_or_non_lethal_local_cost cost=99
[INFO] [1783788068.202694290] [coverage_follow_path_executor_node]: Coverage FollowPath status: SKIPPING_DYNAMIC_OBSTACLE
[WARN] [1783788068.205130171] [coverage_follow_path_executor_node]: [STUCK_SKIP] robot appears stuck; skipping current coverage points nearest_index=0 blocked_end_index=20 no_progress_sec=10.2 moved=0.000m
[WARN] [1783788068.209984652] [coverage_follow_path_executor_node]: [DYNAMIC_SKIP] refining temporary path against frozen original path active_rejoin_index=17 original_rejoin_index=10 projected_block_start=10 projected_block_end=10
[INFO] [1783788068.237691612] [coverage_follow_path_executor_node]: [DYNAMIC_REJOIN] searching original path from index=11 max_distance=5.00m
[INFO] [1783788068.244817632] [coverage_follow_path_executor_node]: [DYNAMIC_REJOIN] candidate index=11 distance_from_block=0.050 inside_local_costmap=true static_safe=true global_safe=true planner_allowed=true static_reason=static_reference_free global_reason=global_safe local_reason=local_corridor_clear
[INFO] [1783788068.258036093] [coverage_follow_path_executor_node]: [DYNAMIC_REJOIN] candidate index=12 distance_from_block=0.100 inside_local_costmap=true static_safe=true global_safe=true planner_allowed=true static_reason=static_reference_free global_reason=global_safe local_reason=local_corridor_clear
[INFO] [1783788068.265579157] [coverage_follow_path_executor_node]: [DYNAMIC_REJOIN] candidate index=13 distance_from_block=0.150 inside_local_costmap=true static_safe=true global_safe=true planner_allowed=true static_reason=static_reference_free global_reason=global_safe local_reason=local_corridor_clear
[INFO] [1783788068.272562629] [coverage_follow_path_executor_node]: [DYNAMIC_REJOIN] candidate index=14 distance_from_block=0.200 inside_local_costmap=true static_safe=true global_safe=true planner_allowed=true static_reason=static_reference_free global_reason=global_safe local_reason=local_corridor_clear
[INFO] [1783788068.286853836] [coverage_follow_path_executor_node]: [DYNAMIC_REJOIN] candidate index=15 distance_from_block=0.250 inside_local_costmap=true static_safe=true global_safe=true planner_allowed=true static_reason=static_reference_free global_reason=global_safe local_reason=local_corridor_clear
[INFO] [1783788068.290296268] [coverage_follow_path_executor_node]: [DYNAMIC_REJOIN] candidate index=16 distance_from_block=0.300 inside_local_costmap=true static_safe=true global_safe=true planner_allowed=true static_reason=static_reference_free global_reason=global_safe local_reason=local_corridor_clear
[INFO] [1783788068.298133290] [coverage_follow_path_executor_node]: [DYNAMIC_REJOIN] candidate index=17 distance_from_block=0.350 inside_local_costmap=true static_safe=true global_safe=true planner_allowed=true static_reason=static_reference_free global_reason=global_safe local_reason=local_corridor_clear
[INFO] [1783788068.300894321] [coverage_follow_path_executor_node]: [DYNAMIC_REJOIN] candidate index=18 distance_from_block=0.400 inside_local_costmap=true static_safe=true global_safe=true planner_allowed=true static_reason=static_reference_free global_reason=global_safe local_reason=local_corridor_clear
[INFO] [1783788068.303935306] [coverage_follow_path_executor_node]: [DYNAMIC_REJOIN] candidate index=19 distance_from_block=0.450 inside_local_costmap=true static_safe=true global_safe=true planner_allowed=true static_reason=static_reference_free global_reason=global_safe local_reason=local_corridor_clear
[INFO] [1783788068.307065519] [coverage_follow_path_executor_node]: [DYNAMIC_REJOIN] candidate index=20 distance_from_block=0.500 inside_local_costmap=true static_safe=true global_safe=true planner_allowed=true static_reason=static_reference_free global_reason=global_safe local_reason=local_corridor_clear
[INFO] [1783788068.314804635] [coverage_follow_path_executor_node]: [DYNAMIC_REJOIN] candidate index=21 distance_from_block=0.550 inside_local_costmap=true static_safe=true global_safe=true planner_allowed=true static_reason=static_reference_free global_reason=global_safe local_reason=local_corridor_clear
[INFO] [1783788068.317692082] [coverage_follow_path_executor_node]: [DYNAMIC_REJOIN] candidate index=22 distance_from_block=0.600 inside_local_costmap=true static_safe=true global_safe=true planner_allowed=true static_reason=static_reference_free global_reason=global_safe local_reason=local_corridor_clear
[INFO] [1783788068.320896650] [coverage_follow_path_executor_node]: [DYNAMIC_REJOIN] candidate index=23 distance_from_block=0.650 inside_local_costmap=true static_safe=true global_safe=true planner_allowed=true static_reason=static_reference_free global_reason=global_safe local_reason=local_corridor_clear
[INFO] [1783788068.324323411] [coverage_follow_path_executor_node]: [DYNAMIC_REJOIN] candidate index=24 distance_from_block=0.700 inside_local_costmap=true static_safe=true global_safe=true planner_allowed=true static_reason=static_reference_free global_reason=global_safe local_reason=local_corridor_clear
[INFO] [1783788068.327135671] [coverage_follow_path_executor_node]: [DYNAMIC_REJOIN] candidate index=25 distance_from_block=0.750 inside_local_costmap=true static_safe=true global_safe=true planner_allowed=true static_reason=static_reference_free global_reason=global_safe local_reason=local_corridor_clear
[INFO] [1783788068.329821756] [coverage_follow_path_executor_node]: [DYNAMIC_REJOIN] candidate index=26 distance_from_block=0.800 inside_local_costmap=true static_safe=true global_safe=true planner_allowed=true static_reason=static_reference_free global_reason=global_safe local_reason=local_corridor_clear
[INFO] [1783788068.335489678] [coverage_follow_path_executor_node]: [DYNAMIC_REJOIN] candidate index=27 distance_from_block=0.850 inside_local_costmap=true static_safe=true global_safe=true planner_allowed=true static_reason=static_reference_free global_reason=global_safe local_reason=local_corridor_clear
[INFO] [1783788068.338612065] [coverage_follow_path_executor_node]: [DYNAMIC_REJOIN] candidate index=28 distance_from_block=0.900 inside_local_costmap=true static_safe=true global_safe=true planner_allowed=true static_reason=static_reference_free global_reason=global_safe local_reason=local_corridor_clear
[INFO] [1783788068.341325920] [coverage_follow_path_executor_node]: [DYNAMIC_REJOIN] candidate index=29 distance_from_block=0.950 inside_local_costmap=true static_safe=true global_safe=true planner_allowed=true static_reason=static_reference_free global_reason=global_safe local_reason=local_corridor_clear
[INFO] [1783788068.344084361] [coverage_follow_path_executor_node]: [DYNAMIC_REJOIN] candidate index=30 distance_from_block=1.353 inside_local_costmap=true static_safe=true global_safe=true planner_allowed=false static_reason=static_reference_free global_reason=global_safe local_reason=local_lethal_cell_in_robot_corridor
[INFO] [1783788068.349134451] [coverage_follow_path_executor_node]: [DYNAMIC_REJOIN] candidate index=31 distance_from_block=1.403 inside_local_costmap=true static_safe=true global_safe=true planner_allowed=false static_reason=static_reference_free global_reason=global_safe local_reason=local_lethal_cell_in_robot_corridor
[INFO] [1783788068.352607705] [coverage_follow_path_executor_node]: [DYNAMIC_REJOIN] candidate index=32 distance_from_block=1.453 inside_local_costmap=true static_safe=true global_safe=true planner_allowed=false static_reason=static_reference_free global_reason=global_safe local_reason=local_lethal_cell_in_robot_corridor
[INFO] [1783788068.356148690] [coverage_follow_path_executor_node]: [DYNAMIC_REJOIN] candidate index=33 distance_from_block=1.503 inside_local_costmap=true static_safe=true global_safe=true planner_allowed=false static_reason=static_reference_free global_reason=global_safe local_reason=local_lethal_cell_in_robot_corridor
[INFO] [1783788068.363014516] [coverage_follow_path_executor_node]: [DYNAMIC_REJOIN] candidate index=34 distance_from_block=1.553 inside_local_costmap=true static_safe=true global_safe=true planner_allowed=true static_reason=static_reference_free global_reason=global_safe local_reason=local_corridor_clear
[INFO] [1783788068.372654675] [coverage_follow_path_executor_node]: [DYNAMIC_REJOIN] candidate index=35 distance_from_block=1.603 inside_local_costmap=true static_safe=true global_safe=true planner_allowed=true static_reason=static_reference_free global_reason=global_safe local_reason=local_corridor_clear
[INFO] [1783788068.375424994] [coverage_follow_path_executor_node]: [DYNAMIC_REJOIN] candidate index=36 distance_from_block=1.653 inside_local_costmap=true static_safe=true global_safe=true planner_allowed=true static_reason=static_reference_free global_reason=global_safe local_reason=local_corridor_clear
[INFO] [1783788068.396772196] [coverage_follow_path_executor_node]: [DYNAMIC_REJOIN] candidate index=37 distance_from_block=1.703 inside_local_costmap=true static_safe=true global_safe=true planner_allowed=true static_reason=static_reference_free global_reason=global_safe local_reason=local_corridor_clear
[INFO] [1783788068.409363944] [coverage_follow_path_executor_node]: [DYNAMIC_REJOIN] candidate index=38 distance_from_block=1.753 inside_local_costmap=true static_safe=true global_safe=true planner_allowed=true static_reason=static_reference_free global_reason=global_safe local_reason=local_corridor_clear
[INFO] [1783788068.425293965] [coverage_follow_path_executor_node]: [DYNAMIC_REJOIN] candidate index=39 distance_from_block=1.803 inside_local_costmap=true static_safe=true global_safe=true planner_allowed=true static_reason=static_reference_free global_reason=global_safe local_reason=local_corridor_clear
[INFO] [1783788068.428485194] [coverage_follow_path_executor_node]: [DYNAMIC_REJOIN] candidate index=40 distance_from_block=1.853 inside_local_costmap=true static_safe=true global_safe=true planner_allowed=true static_reason=static_reference_free global_reason=global_safe local_reason=local_corridor_clear
[INFO] [1783788068.445240532] [coverage_follow_path_executor_node]: [DYNAMIC_REJOIN] candidate index=41 distance_from_block=1.903 inside_local_costmap=true static_safe=true global_safe=true planner_allowed=true static_reason=static_reference_free global_reason=global_safe local_reason=local_corridor_clear
[INFO] [1783788068.448867805] [coverage_follow_path_executor_node]: [DYNAMIC_REJOIN] candidate index=42 distance_from_block=1.953 inside_local_costmap=true static_safe=true global_safe=true planner_allowed=true static_reason=static_reference_free global_reason=global_safe local_reason=local_corridor_clear
[INFO] [1783788068.452191462] [coverage_follow_path_executor_node]: [DYNAMIC_REJOIN] candidate index=43 distance_from_block=2.003 inside_local_costmap=true static_safe=true global_safe=true planner_allowed=true static_reason=static_reference_free global_reason=global_safe local_reason=local_corridor_clear
[INFO] [1783788068.455500706] [coverage_follow_path_executor_node]: [DYNAMIC_REJOIN] candidate index=44 distance_from_block=2.053 inside_local_costmap=true static_safe=true global_safe=true planner_allowed=true static_reason=static_reference_free global_reason=global_safe local_reason=local_corridor_clear
[INFO] [1783788068.483282131] [coverage_follow_path_executor_node]: [DYNAMIC_REJOIN] candidate index=45 distance_from_block=2.103 inside_local_costmap=true static_safe=true global_safe=true planner_allowed=true static_reason=static_reference_free global_reason=global_safe local_reason=local_corridor_clear
[INFO] [1783788068.487676278] [coverage_follow_path_executor_node]: [DYNAMIC_REJOIN] candidate index=46 distance_from_block=2.153 inside_local_costmap=true static_safe=true global_safe=true planner_allowed=true static_reason=static_reference_free global_reason=global_safe local_reason=local_corridor_clear
[INFO] [1783788068.504407676] [coverage_follow_path_executor_node]: [DYNAMIC_REJOIN] candidate index=47 distance_from_block=2.203 inside_local_costmap=true static_safe=true global_safe=true planner_allowed=true static_reason=static_reference_free global_reason=global_safe local_reason=local_corridor_clear
[INFO] [1783788068.512283217] [coverage_follow_path_executor_node]: [DYNAMIC_REJOIN] candidate index=48 distance_from_block=2.253 inside_local_costmap=true static_safe=true global_safe=true planner_allowed=true static_reason=static_reference_free global_reason=global_safe local_reason=local_corridor_clear
[INFO] [1783788068.524094956] [coverage_follow_path_executor_node]: [DYNAMIC_REJOIN] candidate index=49 distance_from_block=2.303 inside_local_costmap=true static_safe=true global_safe=true planner_allowed=false static_reason=static_reference_free global_reason=global_safe local_reason=local_lethal_cell_in_robot_corridor
[INFO] [1783788068.527036258] [coverage_follow_path_executor_node]: [DYNAMIC_REJOIN] candidate index=50 distance_from_block=2.353 inside_local_costmap=true static_safe=true global_safe=true planner_allowed=false static_reason=static_reference_free global_reason=global_safe local_reason=local_lethal_cell_in_robot_corridor
[INFO] [1783788068.530626640] [coverage_follow_path_executor_node]: [DYNAMIC_REJOIN] candidate index=51 distance_from_block=2.403 inside_local_costmap=true static_safe=true global_safe=true planner_allowed=false static_reason=static_reference_free global_reason=global_safe local_reason=local_lethal_cell_in_robot_corridor
[INFO] [1783788068.536179321] [coverage_follow_path_executor_node]: [DYNAMIC_REJOIN] candidate index=52 distance_from_block=2.453 inside_local_costmap=true static_safe=true global_safe=true planner_allowed=true static_reason=static_reference_free global_reason=global_safe local_reason=local_corridor_clear
[INFO] [1783788068.538853565] [coverage_follow_path_executor_node]: [DYNAMIC_REJOIN] candidate index=53 distance_from_block=2.503 inside_local_costmap=true static_safe=true global_safe=true planner_allowed=false static_reason=static_reference_free global_reason=global_safe local_reason=local_lethal_cell_in_robot_corridor
[INFO] [1783788068.541506367] [coverage_follow_path_executor_node]: [DYNAMIC_REJOIN] candidate index=54 distance_from_block=2.553 inside_local_costmap=true static_safe=true global_safe=true planner_allowed=false static_reason=static_reference_free global_reason=global_safe local_reason=local_lethal_cell_in_robot_corridor
[INFO] [1783788068.545128497] [coverage_follow_path_executor_node]: [DYNAMIC_REJOIN] candidate index=55 distance_from_block=2.603 inside_local_costmap=true static_safe=true global_safe=true planner_allowed=true static_reason=static_reference_free global_reason=global_safe local_reason=local_corridor_clear
[INFO] [1783788068.551852570] [coverage_follow_path_executor_node]: [DYNAMIC_REJOIN] candidate index=56 distance_from_block=2.653 inside_local_costmap=true static_safe=true global_safe=true planner_allowed=false static_reason=static_reference_free global_reason=global_safe local_reason=local_lethal_cell_in_robot_corridor
[INFO] [1783788068.554292169] [coverage_follow_path_executor_node]: [DYNAMIC_REJOIN] candidate index=57 distance_from_block=2.703 inside_local_costmap=true static_safe=true global_safe=true planner_allowed=false static_reason=static_reference_free global_reason=global_safe local_reason=local_lethal_cell_in_robot_corridor
[INFO] [1783788068.557466748] [coverage_follow_path_executor_node]: [DYNAMIC_REJOIN] candidate index=58 distance_from_block=2.753 inside_local_costmap=true static_safe=true global_safe=true planner_allowed=true static_reason=static_reference_free global_reason=global_safe local_reason=local_corridor_clear
[INFO] [1783788068.585905337] [coverage_follow_path_executor_node]: [DYNAMIC_REJOIN] candidate index=59 distance_from_block=2.803 inside_local_costmap=true static_safe=true global_safe=true planner_allowed=true static_reason=static_reference_free global_reason=global_safe local_reason=local_corridor_clear
[INFO] [1783788068.601629555] [coverage_follow_path_executor_node]: [DYNAMIC_REJOIN] candidate index=60 distance_from_block=2.853 inside_local_costmap=true static_safe=true global_safe=true planner_allowed=true static_reason=static_reference_free global_reason=global_safe local_reason=local_corridor_clear
[INFO] [1783788068.629851242] [coverage_follow_path_executor_node]: [DYNAMIC_REJOIN] candidate index=61 distance_from_block=2.903 inside_local_costmap=true static_safe=true global_safe=true planner_allowed=true static_reason=static_reference_free global_reason=global_safe local_reason=local_corridor_clear
[INFO] [1783788068.633944900] [coverage_follow_path_executor_node]: [DYNAMIC_REJOIN] candidate index=62 distance_from_block=2.953 inside_local_costmap=true static_safe=true global_safe=true planner_allowed=true static_reason=static_reference_free global_reason=global_safe local_reason=local_corridor_clear
[INFO] [1783788068.650065941] [coverage_follow_path_executor_node]: [DYNAMIC_REJOIN] candidate index=63 distance_from_block=3.003 inside_local_costmap=true static_safe=true global_safe=true planner_allowed=true static_reason=static_reference_free global_reason=global_safe local_reason=local_corridor_clear
[INFO] [1783788068.666021474] [coverage_follow_path_executor_node]: [DYNAMIC_REJOIN] candidate index=64 distance_from_block=3.053 inside_local_costmap=true static_safe=true global_safe=true planner_allowed=true static_reason=static_reference_free global_reason=global_safe local_reason=local_corridor_clear
[INFO] [1783788068.683220256] [coverage_follow_path_executor_node]: [DYNAMIC_REJOIN] candidate index=65 distance_from_block=3.103 inside_local_costmap=true static_safe=true global_safe=true planner_allowed=true static_reason=static_reference_free global_reason=global_safe local_reason=local_corridor_clear
[INFO] [1783788068.693890999] [coverage_follow_path_executor_node]: [DYNAMIC_REJOIN] candidate index=66 distance_from_block=3.153 inside_local_costmap=true static_safe=true global_safe=true planner_allowed=true static_reason=static_reference_free global_reason=global_safe local_reason=local_corridor_clear
[INFO] [1783788068.701333290] [coverage_follow_path_executor_node]: [DYNAMIC_REJOIN] candidate index=67 distance_from_block=3.203 inside_local_costmap=true static_safe=true global_safe=true planner_allowed=true static_reason=static_reference_free global_reason=global_safe local_reason=local_corridor_clear
[INFO] [1783788068.709322092] [coverage_follow_path_executor_node]: [DYNAMIC_REJOIN] candidate index=68 distance_from_block=3.253 inside_local_costmap=true static_safe=true global_safe=true planner_allowed=true static_reason=static_reference_free global_reason=global_safe local_reason=local_corridor_clear
[INFO] [1783788068.725244268] [coverage_follow_path_executor_node]: [DYNAMIC_REJOIN] candidate index=69 distance_from_block=3.303 inside_local_costmap=true static_safe=true global_safe=true planner_allowed=true static_reason=static_reference_free global_reason=global_safe local_reason=local_corridor_clear
[INFO] [1783788068.734834679] [coverage_follow_path_executor_node]: [DYNAMIC_REJOIN] candidate index=70 distance_from_block=3.353 inside_local_costmap=true static_safe=true global_safe=true planner_allowed=true static_reason=static_reference_free global_reason=global_safe local_reason=local_corridor_clear
[INFO] [1783788068.749740832] [coverage_follow_path_executor_node]: [DYNAMIC_REJOIN] candidate index=71 distance_from_block=3.403 inside_local_costmap=true static_safe=true global_safe=true planner_allowed=true static_reason=static_reference_free global_reason=global_safe local_reason=local_corridor_clear
[INFO] [1783788068.760094343] [coverage_follow_path_executor_node]: [DYNAMIC_REJOIN] candidate index=72 distance_from_block=3.453 inside_local_costmap=true static_safe=true global_safe=true planner_allowed=true static_reason=static_reference_free global_reason=global_safe local_reason=local_corridor_clear
[INFO] [1783788068.775748610] [coverage_follow_path_executor_node]: [DYNAMIC_REJOIN] candidate index=73 distance_from_block=3.503 inside_local_costmap=true static_safe=true global_safe=true planner_allowed=true static_reason=static_reference_free global_reason=global_safe local_reason=local_corridor_clear
[INFO] [1783788068.790605792] [coverage_follow_path_executor_node]: [DYNAMIC_REJOIN] candidate index=74 distance_from_block=3.553 inside_local_costmap=true static_safe=true global_safe=true planner_allowed=true static_reason=static_reference_free global_reason=global_safe local_reason=local_corridor_clear
[INFO] [1783788068.798482868] [coverage_follow_path_executor_node]: [DYNAMIC_REJOIN] candidate index=75 distance_from_block=3.603 inside_local_costmap=true static_safe=true global_safe=true planner_allowed=true static_reason=static_reference_free global_reason=global_safe local_reason=local_corridor_clear
[INFO] [1783788068.810370996] [coverage_follow_path_executor_node]: [DYNAMIC_REJOIN] candidate index=76 distance_from_block=3.653 inside_local_costmap=true static_safe=true global_safe=true planner_allowed=true static_reason=static_reference_free global_reason=global_safe local_reason=local_corridor_clear
[INFO] [1783788068.827149405] [coverage_follow_path_executor_node]: [DYNAMIC_REJOIN] candidate index=77 distance_from_block=3.703 inside_local_costmap=true static_safe=true global_safe=true planner_allowed=true static_reason=static_reference_free global_reason=global_safe local_reason=local_corridor_clear
[INFO] [1783788068.843502352] [coverage_follow_path_executor_node]: [DYNAMIC_REJOIN] candidate index=78 distance_from_block=3.753 inside_local_costmap=true static_safe=true global_safe=true planner_allowed=true static_reason=static_reference_free global_reason=global_safe local_reason=local_corridor_clear
[INFO] [1783788068.850098031] [coverage_follow_path_executor_node]: [DYNAMIC_REJOIN] candidate index=79 distance_from_block=3.803 inside_local_costmap=true static_safe=true global_safe=true planner_allowed=true static_reason=static_reference_free global_reason=global_safe local_reason=local_corridor_clear
[INFO] [1783788068.855800716] [coverage_follow_path_executor_node]: [DYNAMIC_REJOIN] candidate index=80 distance_from_block=3.853 inside_local_costmap=true static_safe=true global_safe=true planner_allowed=true static_reason=static_reference_free global_reason=global_safe local_reason=local_corridor_clear
[INFO] [1783788068.862632908] [coverage_follow_path_executor_node]: [DYNAMIC_REJOIN] candidate index=81 distance_from_block=3.903 inside_local_costmap=true static_safe=true global_safe=true planner_allowed=true static_reason=static_reference_free global_reason=global_safe local_reason=local_corridor_clear
[INFO] [1783788068.867040893] [coverage_follow_path_executor_node]: [DYNAMIC_REJOIN] candidate index=82 distance_from_block=3.953 inside_local_costmap=true static_safe=true global_safe=true planner_allowed=true static_reason=static_reference_free global_reason=global_safe local_reason=local_corridor_clear
[INFO] [1783788068.872167705] [coverage_follow_path_executor_node]: [DYNAMIC_REJOIN] candidate index=83 distance_from_block=4.003 inside_local_costmap=true static_safe=true global_safe=true planner_allowed=true static_reason=static_reference_free global_reason=global_safe local_reason=local_corridor_clear
[INFO] [1783788068.874784708] [coverage_follow_path_executor_node]: [DYNAMIC_REJOIN] candidate index=84 distance_from_block=4.053 inside_local_costmap=true static_safe=true global_safe=true planner_allowed=true static_reason=static_reference_free global_reason=global_safe local_reason=local_corridor_clear
[INFO] [1783788068.877975326] [coverage_follow_path_executor_node]: [DYNAMIC_REJOIN] candidate index=85 distance_from_block=4.103 inside_local_costmap=true static_safe=true global_safe=true planner_allowed=true static_reason=static_reference_free global_reason=global_safe local_reason=local_corridor_clear
[INFO] [1783788068.881016644] [coverage_follow_path_executor_node]: [DYNAMIC_REJOIN] candidate index=86 distance_from_block=4.386 inside_local_costmap=true static_safe=true global_safe=true planner_allowed=true static_reason=static_reference_free global_reason=global_safe local_reason=local_corridor_clear
[INFO] [1783788068.896130171] [coverage_follow_path_executor_node]: [DYNAMIC_REJOIN] candidate index=87 distance_from_block=4.436 inside_local_costmap=true static_safe=true global_safe=true planner_allowed=true static_reason=static_reference_free global_reason=global_safe local_reason=local_corridor_clear
[INFO] [1783788068.917367720] [coverage_follow_path_executor_node]: [DYNAMIC_REJOIN] candidate index=88 distance_from_block=4.486 inside_local_costmap=true static_safe=true global_safe=true planner_allowed=true static_reason=static_reference_free global_reason=global_safe local_reason=local_corridor_clear
[INFO] [1783788068.925692958] [coverage_follow_path_executor_node]: [DYNAMIC_REJOIN] candidate index=89 distance_from_block=4.536 inside_local_costmap=true static_safe=true global_safe=true planner_allowed=true static_reason=static_reference_free global_reason=global_safe local_reason=local_corridor_clear
[INFO] [1783788068.941047310] [coverage_follow_path_executor_node]: [DYNAMIC_REJOIN] candidate index=90 distance_from_block=4.586 inside_local_costmap=true static_safe=true global_safe=true planner_allowed=true static_reason=static_reference_free global_reason=global_safe local_reason=local_corridor_clear
[INFO] [1783788068.944727236] [coverage_follow_path_executor_node]: [DYNAMIC_REJOIN] candidate index=91 distance_from_block=4.636 inside_local_costmap=true static_safe=true global_safe=true planner_allowed=true static_reason=static_reference_free global_reason=global_safe local_reason=local_corridor_clear
[INFO] [1783788068.950907813] [coverage_follow_path_executor_node]: [DYNAMIC_REJOIN] candidate index=92 distance_from_block=4.686 inside_local_costmap=true static_safe=true global_safe=true planner_allowed=true static_reason=static_reference_free global_reason=global_safe local_reason=local_corridor_clear
[INFO] [1783788068.953486778] [coverage_follow_path_executor_node]: [DYNAMIC_REJOIN] candidate index=93 distance_from_block=4.736 inside_local_costmap=true static_safe=true global_safe=true planner_allowed=true static_reason=static_reference_free global_reason=global_safe local_reason=local_corridor_clear
[INFO] [1783788068.956597214] [coverage_follow_path_executor_node]: [DYNAMIC_REJOIN] candidate index=94 distance_from_block=4.786 inside_local_costmap=true static_safe=true global_safe=true planner_allowed=true static_reason=static_reference_free global_reason=global_safe local_reason=local_corridor_clear
[INFO] [1783788068.959218047] [coverage_follow_path_executor_node]: [DYNAMIC_REJOIN] candidate index=95 distance_from_block=4.836 inside_local_costmap=true static_safe=true global_safe=true planner_allowed=true static_reason=static_reference_free global_reason=global_safe local_reason=local_corridor_clear
[INFO] [1783788068.962121478] [coverage_follow_path_executor_node]: [DYNAMIC_REJOIN] candidate index=96 distance_from_block=4.886 inside_local_costmap=true static_safe=true global_safe=true planner_allowed=true static_reason=static_reference_free global_reason=global_safe local_reason=local_corridor_clear
[INFO] [1783788068.965198410] [coverage_follow_path_executor_node]: [DYNAMIC_REJOIN] candidate index=97 distance_from_block=4.936 inside_local_costmap=true static_safe=true global_safe=true planner_allowed=true static_reason=static_reference_free global_reason=global_safe local_reason=local_corridor_clear
[INFO] [1783788068.968172162] [coverage_follow_path_executor_node]: [DYNAMIC_CONNECTOR] requesting Nav2 ComputePathToPose connector rejoin_index=11
[INFO] [1783788069.036611889] [coverage_follow_path_executor_node]: [DYNAMIC_CONNECTOR] Nav2 connector result status=4 error_code=0 error_msg=
[INFO] [1783788069.037912413] [coverage_follow_path_executor_node]: [DYNAMIC_CONNECTOR] Nav2 connector poses=21 length=0.521
[INFO] [1783788069.376551152] [coverage_follow_path_executor_node]: [DYNAMIC_VALIDATE] candidate valid before cancel
[INFO] [1783788069.378456296] [coverage_follow_path_executor_node]: [DYNAMIC_CONNECTOR] planner connector accepted poses=21 length=0.521
[WARN] [1783788069.381201264] [coverage_follow_path_executor_node]: [DYNAMIC_SKIP] skipped segment recorded segment_id=2 reason=ROBOT_STUCK_NO_PROGRESS poses=1 distance=0.000 rejoin_index=11 max_cost=0
[INFO] [1783788069.386901799] [coverage_follow_path_executor_node]: [DYNAMIC_SKIP] canceling current FollowPath to send dynamic bypass
[INFO] [1783788069.414134906] [coverage_follow_path_executor_node]: [DYNAMIC_SKIP] sending rejoin FollowPath remaining_poses=196 remaining_distance=10.987
[INFO] [1783788069.416983851] [coverage_follow_path_executor_node]: Coverage FollowPath status: WAITING_FOR_NAV2
[INFO] [1783788069.479512687] [coverage_follow_path_executor_node]: Coverage FollowPath status: EXECUTING
[INFO] [1783788069.482450863] [coverage_follow_path_executor_node]: Sending final frozen path to Nav2 FollowPath: reason=dynamic_obstacle_bypass_rejoin action=/follow_path controller_id=FollowPath goal_checker_id=goal_checker poses=196 path_length=10.99m first=(x=0.073 y=-0.016 yaw=-0.00) last=(x=-1.702 y=-0.041 yaw=3.14) robot=(x=0.054 y=-0.028 yaw=-0.04) start_index=0. This is FollowPath, not NavigateThroughPoses.
[INFO] [1783788069.490673631] [coverage_follow_path_executor_node]: FollowPath result: status=5 error_code=0 NONE error_msg=
[INFO] [1783788069.492215910] [coverage_follow_path_executor_node]: [DYNAMIC_SKIP] ignored terminal FollowPath result from pre-skip goal
[INFO] [1783788069.521724684] [coverage_follow_path_executor_node]: FollowPath goal accepted by Nav2
[INFO] [1783788069.592757339] [coverage_follow_path_executor_node]: [DYNAMIC_DETECT] rejected: inflated/non-lethal cost; rejected inflated local cost; cost=99 threshold=100
[WARN] [1783788069.594098898] [coverage_follow_path_executor_node]: [ARM_DETECT] rejected inflated local cost promotion: reason=arm_disabled use_robot_arm=false arm_active=false tof_topic=/tof/front/range tof_range=nan tof_age_sec=inf free_readings=0/5 lidar_topic=/scan lidar_min_range=0.426 lidar_angle=-0.275 lidar_age_sec=0.089 lidar_object_readings=0/5 report_reason=inflated_or_non_lethal_local_cost cost=99
[INFO] [1783788070.607271499] [coverage_follow_path_executor_node]: [DYNAMIC_DETECT] rejected: inflated/non-lethal cost; rejected inflated local cost; cost=99 threshold=100
[WARN] [1783788070.609554770] [coverage_follow_path_executor_node]: [ARM_DETECT] rejected inflated local cost promotion: reason=arm_disabled use_robot_arm=false arm_active=false tof_topic=/tof/front/range tof_range=nan tof_age_sec=inf free_readings=0/5 lidar_topic=/scan lidar_min_range=0.426 lidar_angle=-0.267 lidar_age_sec=0.304 lidar_object_readings=0/5 report_reason=inflated_or_non_lethal_local_cost cost=99
[INFO] [1783788071.639822469] [coverage_follow_path_executor_node]: [DYNAMIC_DETECT] rejected: inflated/non-lethal cost; rejected inflated local cost; cost=99 threshold=100
[WARN] [1783788071.644936098] [coverage_follow_path_executor_node]: [ARM_DETECT] rejected inflated local cost promotion: reason=arm_disabled use_robot_arm=false arm_active=false tof_topic=/tof/front/range tof_range=nan tof_age_sec=inf free_readings=0/5 lidar_topic=/scan lidar_min_range=0.426 lidar_angle=-0.267 lidar_age_sec=0.127 lidar_object_readings=0/5 report_reason=inflated_or_non_lethal_local_cost cost=99
[INFO] [1783788072.367102543] [coverage_follow_path_executor_node]: Ignoring /coverage_path update because active coverage path is frozen.
[INFO] [1783788072.824643852] [coverage_follow_path_executor_node]: [DYNAMIC_DETECT] rejected: inflated/non-lethal cost; rejected inflated local cost; cost=99 threshold=100
[WARN] [1783788072.825876620] [coverage_follow_path_executor_node]: [ARM_DETECT] rejected inflated local cost promotion: reason=arm_disabled use_robot_arm=false arm_active=false tof_topic=/tof/front/range tof_range=nan tof_age_sec=inf free_readings=0/5 lidar_topic=/scan lidar_min_range=0.426 lidar_angle=-0.267 lidar_age_sec=0.150 lidar_object_readings=0/5 report_reason=inflated_or_non_lethal_local_cost cost=99
[INFO] [1783788074.003705365] [coverage_follow_path_executor_node]: [DYNAMIC_DETECT] rejected: inflated/non-lethal cost; rejected inflated local cost; cost=99 threshold=100
[WARN] [1783788074.004635658] [coverage_follow_path_executor_node]: [ARM_DETECT] rejected inflated local cost promotion: reason=arm_disabled use_robot_arm=false arm_active=false tof_topic=/tof/front/range tof_range=nan tof_age_sec=inf free_readings=0/5 lidar_topic=/scan lidar_min_range=0.426 lidar_angle=-0.258 lidar_age_sec=0.128 lidar_object_readings=0/5 report_reason=inflated_or_non_lethal_local_cost cost=99
[INFO] [1783788075.012998277] [coverage_follow_path_executor_node]: [DYNAMIC_DETECT] rejected: inflated/non-lethal cost; rejected inflated local cost; cost=99 threshold=100
[WARN] [1783788075.014968388] [coverage_follow_path_executor_node]: [ARM_DETECT] rejected inflated local cost promotion: reason=arm_disabled use_robot_arm=false arm_active=false tof_topic=/tof/front/range tof_range=nan tof_age_sec=inf free_readings=0/5 lidar_topic=/scan lidar_min_range=0.427 lidar_angle=-0.267 lidar_age_sec=0.139 lidar_object_readings=0/5 report_reason=inflated_or_non_lethal_local_cost cost=99
[INFO] [1783788076.192069784] [coverage_follow_path_executor_node]: [DYNAMIC_DETECT] rejected: inflated/non-lethal cost; rejected inflated local cost; cost=99 threshold=100
[WARN] [1783788076.193047411] [coverage_follow_path_executor_node]: [ARM_DETECT] rejected inflated local cost promotion: reason=arm_disabled use_robot_arm=false arm_active=false tof_topic=/tof/front/range tof_range=nan tof_age_sec=inf free_readings=0/5 lidar_topic=/scan lidar_min_range=0.426 lidar_angle=-0.267 lidar_age_sec=0.118 lidar_object_readings=0/5 report_reason=inflated_or_non_lethal_local_cost cost=99
[INFO] [1783788077.193483181] [coverage_follow_path_executor_node]: [DYNAMIC_DETECT] rejected: inflated/non-lethal cost; rejected inflated local cost; cost=99 threshold=100
[WARN] [1783788077.198467249] [coverage_follow_path_executor_node]: [ARM_DETECT] rejected inflated local cost promotion: reason=arm_disabled use_robot_arm=false arm_active=false tof_topic=/tof/front/range tof_range=nan tof_age_sec=inf free_readings=0/5 lidar_topic=/scan lidar_min_range=0.426 lidar_angle=-0.258 lidar_age_sec=0.119 lidar_object_readings=0/5 report_reason=inflated_or_non_lethal_local_cost cost=99
[INFO] [1783788078.194307548] [coverage_follow_path_executor_node]: [DYNAMIC_DETECT] rejected: inflated/non-lethal cost; rejected inflated local cost; cost=99 threshold=100
[INFO] [1783788078.367000451] [coverage_follow_path_executor_node]: Ignoring /coverage_path update because active coverage path is frozen.
[WARN] [1783788078.401703381] [coverage_follow_path_executor_node]: [ARM_DETECT] rejected inflated local cost promotion: reason=arm_disabled use_robot_arm=false arm_active=false tof_topic=/tof/front/range tof_range=nan tof_age_sec=inf free_readings=0/5 lidar_topic=/scan lidar_min_range=0.426 lidar_angle=-0.258 lidar_age_sec=0.133 lidar_object_readings=0/5 report_reason=inflated_or_non_lethal_local_cost cost=99
[INFO] [1783788079.198668463] [coverage_follow_path_executor_node]: [DYNAMIC_DETECT] rejected: inflated/non-lethal cost; rejected inflated local cost; cost=99 threshold=100
[WARN] [1783788079.601055714] [coverage_follow_path_executor_node]: [ARM_DETECT] rejected inflated local cost promotion: reason=arm_disabled use_robot_arm=false arm_active=false tof_topic=/tof/front/range tof_range=nan tof_age_sec=inf free_readings=0/5 lidar_topic=/scan lidar_min_range=0.426 lidar_angle=-0.267 lidar_age_sec=0.135 lidar_object_readings=0/5 report_reason=inflated_or_non_lethal_local_cost cost=99
[INFO] [1783788080.393386272] [coverage_follow_path_executor_node]: [DYNAMIC_DETECT] rejected: inflated/non-lethal cost; rejected inflated local cost; cost=99 threshold=100
[WARN] [1783788080.635954427] [coverage_follow_path_executor_node]: [ARM_DETECT] rejected inflated local cost promotion: reason=arm_disabled use_robot_arm=false arm_active=false tof_topic=/tof/front/range tof_range=nan tof_age_sec=inf free_readings=0/5 lidar_topic=/scan lidar_min_range=0.426 lidar_angle=-0.258 lidar_age_sec=0.164 lidar_object_readings=0/5 report_reason=inflated_or_non_lethal_local_cost cost=99
[INFO] [1783788081.476177515] [coverage_follow_path_executor_node]: [DYNAMIC_DETECT] rejected: inflated/non-lethal cost; rejected inflated local cost; cost=99 threshold=100
[WARN] [1783788081.794107845] [coverage_follow_path_executor_node]: [ARM_DETECT] rejected inflated local cost promotion: reason=arm_disabled use_robot_arm=false arm_active=false tof_topic=/tof/front/range tof_range=nan tof_age_sec=inf free_readings=0/5 lidar_topic=/scan lidar_min_range=0.427 lidar_angle=-0.258 lidar_age_sec=0.126 lidar_object_readings=0/5 report_reason=inflated_or_non_lethal_local_cost cost=99
[INFO] [1783788082.594911380] [coverage_follow_path_executor_node]: [DYNAMIC_DETECT] rejected: inflated/non-lethal cost; rejected inflated local cost; cost=99 threshold=100
[WARN] [1783788083.004853623] [coverage_follow_path_executor_node]: [ARM_DETECT] rejected inflated local cost promotion: reason=arm_disabled use_robot_arm=false arm_active=false tof_topic=/tof/front/range tof_range=nan tof_age_sec=inf free_readings=0/5 lidar_topic=/scan lidar_min_range=0.426 lidar_angle=-0.275 lidar_age_sec=0.044 lidar_object_readings=0/5 report_reason=inflated_or_non_lethal_local_cost cost=99
[INFO] [1783788083.596995553] [coverage_follow_path_executor_node]: [DYNAMIC_DETECT] rejected: inflated/non-lethal cost; rejected inflated local cost; cost=99 threshold=100
[INFO] [1783788083.807457176] [coverage_follow_path_executor_node]: Coverage FollowPath status: SKIPPING_DYNAMIC_OBSTACLE
[WARN] [1783788083.811052957] [coverage_follow_path_executor_node]: [STUCK_SKIP] robot appears stuck; skipping current coverage points nearest_index=0 blocked_end_index=22 no_progress_sec=10.2 moved=0.000m
[WARN] [1783788083.818635134] [coverage_follow_path_executor_node]: [DYNAMIC_SKIP] refining temporary path against frozen original path active_rejoin_index=20 original_rejoin_index=11 projected_block_start=11 projected_block_end=11
[INFO] [1783788083.848135199] [coverage_follow_path_executor_node]: [DYNAMIC_REJOIN] searching original path from index=12 max_distance=5.00m
[INFO] [1783788083.851906828] [coverage_follow_path_executor_node]: [DYNAMIC_REJOIN] candidate index=12 distance_from_block=0.050 inside_local_costmap=true static_safe=true global_safe=true planner_allowed=true static_reason=static_reference_free global_reason=global_safe local_reason=local_corridor_clear
[INFO] [1783788083.855383372] [coverage_follow_path_executor_node]: [DYNAMIC_REJOIN] candidate index=13 distance_from_block=0.100 inside_local_costmap=true static_safe=true global_safe=true planner_allowed=true static_reason=static_reference_free global_reason=global_safe local_reason=local_corridor_clear
[INFO] [1783788083.858704554] [coverage_follow_path_executor_node]: [DYNAMIC_REJOIN] candidate index=14 distance_from_block=0.150 inside_local_costmap=true static_safe=true global_safe=true planner_allowed=true static_reason=static_reference_free global_reason=global_safe local_reason=local_corridor_clear
[INFO] [1783788083.875075935] [coverage_follow_path_executor_node]: [DYNAMIC_REJOIN] candidate index=15 distance_from_block=0.200 inside_local_costmap=true static_safe=true global_safe=true planner_allowed=true static_reason=static_reference_free global_reason=global_safe local_reason=local_corridor_clear
[INFO] [1783788083.887468507] [coverage_follow_path_executor_node]: [DYNAMIC_REJOIN] candidate index=16 distance_from_block=0.250 inside_local_costmap=true static_safe=true global_safe=true planner_allowed=true static_reason=static_reference_free global_reason=global_safe local_reason=local_corridor_clear
[INFO] [1783788083.891346789] [coverage_follow_path_executor_node]: [DYNAMIC_REJOIN] candidate index=17 distance_from_block=0.300 inside_local_costmap=true static_safe=true global_safe=true planner_allowed=true static_reason=static_reference_free global_reason=global_safe local_reason=local_corridor_clear
[INFO] [1783788083.895226792] [coverage_follow_path_executor_node]: [DYNAMIC_REJOIN] candidate index=18 distance_from_block=0.350 inside_local_costmap=true static_safe=true global_safe=true planner_allowed=true static_reason=static_reference_free global_reason=global_safe local_reason=local_corridor_clear
[INFO] [1783788083.899787535] [coverage_follow_path_executor_node]: [DYNAMIC_REJOIN] candidate index=19 distance_from_block=0.400 inside_local_costmap=true static_safe=true global_safe=true planner_allowed=true static_reason=static_reference_free global_reason=global_safe local_reason=local_corridor_clear
[INFO] [1783788083.903253142] [coverage_follow_path_executor_node]: [DYNAMIC_REJOIN] candidate index=20 distance_from_block=0.450 inside_local_costmap=true static_safe=true global_safe=true planner_allowed=true static_reason=static_reference_free global_reason=global_safe local_reason=local_corridor_clear
[INFO] [1783788083.906497911] [coverage_follow_path_executor_node]: [DYNAMIC_REJOIN] candidate index=21 distance_from_block=0.500 inside_local_costmap=true static_safe=true global_safe=true planner_allowed=true static_reason=static_reference_free global_reason=global_safe local_reason=local_corridor_clear
[INFO] [1783788083.911486116] [coverage_follow_path_executor_node]: [DYNAMIC_REJOIN] candidate index=22 distance_from_block=0.550 inside_local_costmap=true static_safe=true global_safe=true planner_allowed=true static_reason=static_reference_free global_reason=global_safe local_reason=local_corridor_clear
[INFO] [1783788083.915866477] [coverage_follow_path_executor_node]: [DYNAMIC_REJOIN] candidate index=23 distance_from_block=0.600 inside_local_costmap=true static_safe=true global_safe=true planner_allowed=true static_reason=static_reference_free global_reason=global_safe local_reason=local_corridor_clear
[INFO] [1783788083.920616485] [coverage_follow_path_executor_node]: [DYNAMIC_REJOIN] candidate index=24 distance_from_block=0.650 inside_local_costmap=true static_safe=true global_safe=true planner_allowed=true static_reason=static_reference_free global_reason=global_safe local_reason=local_corridor_clear
[INFO] [1783788083.923676838] [coverage_follow_path_executor_node]: [DYNAMIC_REJOIN] candidate index=25 distance_from_block=0.700 inside_local_costmap=true static_safe=true global_safe=true planner_allowed=true static_reason=static_reference_free global_reason=global_safe local_reason=local_corridor_clear
[INFO] [1783788083.926459262] [coverage_follow_path_executor_node]: [DYNAMIC_REJOIN] candidate index=26 distance_from_block=0.750 inside_local_costmap=true static_safe=true global_safe=true planner_allowed=true static_reason=static_reference_free global_reason=global_safe local_reason=local_corridor_clear
[INFO] [1783788083.929560218] [coverage_follow_path_executor_node]: [DYNAMIC_REJOIN] candidate index=27 distance_from_block=0.800 inside_local_costmap=true static_safe=true global_safe=true planner_allowed=true static_reason=static_reference_free global_reason=global_safe local_reason=local_corridor_clear
[INFO] [1783788083.933841292] [coverage_follow_path_executor_node]: [DYNAMIC_REJOIN] candidate index=28 distance_from_block=0.850 inside_local_costmap=true static_safe=true global_safe=true planner_allowed=true static_reason=static_reference_free global_reason=global_safe local_reason=local_corridor_clear
[INFO] [1783788083.939251184] [coverage_follow_path_executor_node]: [DYNAMIC_REJOIN] candidate index=29 distance_from_block=0.900 inside_local_costmap=true static_safe=true global_safe=true planner_allowed=true static_reason=static_reference_free global_reason=global_safe local_reason=local_corridor_clear
[INFO] [1783788083.942068881] [coverage_follow_path_executor_node]: [DYNAMIC_REJOIN] candidate index=30 distance_from_block=1.303 inside_local_costmap=true static_safe=true global_safe=true planner_allowed=false static_reason=static_reference_free global_reason=global_safe local_reason=local_lethal_cell_in_robot_corridor
[INFO] [1783788083.944788863] [coverage_follow_path_executor_node]: [DYNAMIC_REJOIN] candidate index=31 distance_from_block=1.353 inside_local_costmap=true static_safe=true global_safe=true planner_allowed=false static_reason=static_reference_free global_reason=global_safe local_reason=local_lethal_cell_in_robot_corridor
[INFO] [1783788083.947552854] [coverage_follow_path_executor_node]: [DYNAMIC_REJOIN] candidate index=32 distance_from_block=1.403 inside_local_costmap=true static_safe=true global_safe=true planner_allowed=false static_reason=static_reference_free global_reason=global_safe local_reason=local_lethal_cell_in_robot_corridor
[INFO] [1783788083.950787297] [coverage_follow_path_executor_node]: [DYNAMIC_REJOIN] candidate index=33 distance_from_block=1.453 inside_local_costmap=true static_safe=true global_safe=true planner_allowed=false static_reason=static_reference_free global_reason=global_safe local_reason=local_lethal_cell_in_robot_corridor
[INFO] [1783788083.954826307] [coverage_follow_path_executor_node]: [DYNAMIC_REJOIN] candidate index=34 distance_from_block=1.503 inside_local_costmap=true static_safe=true global_safe=true planner_allowed=true static_reason=static_reference_free global_reason=global_safe local_reason=local_corridor_clear
[INFO] [1783788083.958485176] [coverage_follow_path_executor_node]: [DYNAMIC_REJOIN] candidate index=35 distance_from_block=1.553 inside_local_costmap=true static_safe=true global_safe=true planner_allowed=true static_reason=static_reference_free global_reason=global_safe local_reason=local_corridor_clear
[INFO] [1783788083.961850959] [coverage_follow_path_executor_node]: [DYNAMIC_REJOIN] candidate index=36 distance_from_block=1.603 inside_local_costmap=true static_safe=true global_safe=true planner_allowed=true static_reason=static_reference_free global_reason=global_safe local_reason=local_corridor_clear
[INFO] [1783788083.964993518] [coverage_follow_path_executor_node]: [DYNAMIC_REJOIN] candidate index=37 distance_from_block=1.653 inside_local_costmap=true static_safe=true global_safe=true planner_allowed=true static_reason=static_reference_free global_reason=global_safe local_reason=local_corridor_clear
[INFO] [1783788083.987598271] [coverage_follow_path_executor_node]: [DYNAMIC_REJOIN] candidate index=38 distance_from_block=1.703 inside_local_costmap=true static_safe=true global_safe=true planner_allowed=true static_reason=static_reference_free global_reason=global_safe local_reason=local_corridor_clear
[INFO] [1783788083.995744284] [coverage_follow_path_executor_node]: [DYNAMIC_REJOIN] candidate index=39 distance_from_block=1.753 inside_local_costmap=true static_safe=true global_safe=true planner_allowed=true static_reason=static_reference_free global_reason=global_safe local_reason=local_corridor_clear
[INFO] [1783788083.999495685] [coverage_follow_path_executor_node]: [DYNAMIC_REJOIN] candidate index=40 distance_from_block=1.803 inside_local_costmap=true static_safe=true global_safe=true planner_allowed=true static_reason=static_reference_free global_reason=global_safe local_reason=local_corridor_clear
[INFO] [1783788084.002964815] [coverage_follow_path_executor_node]: [DYNAMIC_REJOIN] candidate index=41 distance_from_block=1.853 inside_local_costmap=true static_safe=true global_safe=true planner_allowed=true static_reason=static_reference_free global_reason=global_safe local_reason=local_corridor_clear
[INFO] [1783788084.010500327] [coverage_follow_path_executor_node]: [DYNAMIC_REJOIN] candidate index=42 distance_from_block=1.903 inside_local_costmap=true static_safe=true global_safe=true planner_allowed=true static_reason=static_reference_free global_reason=global_safe local_reason=local_corridor_clear
[INFO] [1783788084.024658247] [coverage_follow_path_executor_node]: [DYNAMIC_REJOIN] candidate index=43 distance_from_block=1.953 inside_local_costmap=true static_safe=true global_safe=true planner_allowed=true static_reason=static_reference_free global_reason=global_safe local_reason=local_corridor_clear
[INFO] [1783788084.029659504] [coverage_follow_path_executor_node]: [DYNAMIC_REJOIN] candidate index=44 distance_from_block=2.003 inside_local_costmap=true static_safe=true global_safe=true planner_allowed=true static_reason=static_reference_free global_reason=global_safe local_reason=local_corridor_clear
[INFO] [1783788084.032570315] [coverage_follow_path_executor_node]: [DYNAMIC_REJOIN] candidate index=45 distance_from_block=2.053 inside_local_costmap=true static_safe=true global_safe=true planner_allowed=true static_reason=static_reference_free global_reason=global_safe local_reason=local_corridor_clear
[INFO] [1783788084.045190253] [coverage_follow_path_executor_node]: [DYNAMIC_REJOIN] candidate index=46 distance_from_block=2.103 inside_local_costmap=true static_safe=true global_safe=true planner_allowed=true static_reason=static_reference_free global_reason=global_safe local_reason=local_corridor_clear
[INFO] [1783788084.048601560] [coverage_follow_path_executor_node]: [DYNAMIC_REJOIN] candidate index=47 distance_from_block=2.153 inside_local_costmap=true static_safe=true global_safe=true planner_allowed=true static_reason=static_reference_free global_reason=global_safe local_reason=local_corridor_clear
[INFO] [1783788084.052068443] [coverage_follow_path_executor_node]: [DYNAMIC_REJOIN] candidate index=48 distance_from_block=2.203 inside_local_costmap=true static_safe=true global_safe=true planner_allowed=true static_reason=static_reference_free global_reason=global_safe local_reason=local_corridor_clear
[INFO] [1783788084.054703578] [coverage_follow_path_executor_node]: [DYNAMIC_REJOIN] candidate index=49 distance_from_block=2.253 inside_local_costmap=true static_safe=true global_safe=true planner_allowed=false static_reason=static_reference_free global_reason=global_safe local_reason=local_lethal_cell_in_robot_corridor
[INFO] [1783788084.058558121] [coverage_follow_path_executor_node]: [DYNAMIC_REJOIN] candidate index=50 distance_from_block=2.303 inside_local_costmap=true static_safe=true global_safe=true planner_allowed=false static_reason=static_reference_free global_reason=global_safe local_reason=local_lethal_cell_in_robot_corridor
[INFO] [1783788084.063703064] [coverage_follow_path_executor_node]: [DYNAMIC_REJOIN] candidate index=51 distance_from_block=2.353 inside_local_costmap=true static_safe=true global_safe=true planner_allowed=false static_reason=static_reference_free global_reason=global_safe local_reason=local_lethal_cell_in_robot_corridor
[INFO] [1783788084.067310449] [coverage_follow_path_executor_node]: [DYNAMIC_REJOIN] candidate index=52 distance_from_block=2.403 inside_local_costmap=true static_safe=true global_safe=true planner_allowed=true static_reason=static_reference_free global_reason=global_safe local_reason=local_corridor_clear
[INFO] [1783788084.071925656] [coverage_follow_path_executor_node]: [DYNAMIC_REJOIN] candidate index=53 distance_from_block=2.453 inside_local_costmap=true static_safe=true global_safe=true planner_allowed=false static_reason=static_reference_free global_reason=global_safe local_reason=local_lethal_cell_in_robot_corridor
[INFO] [1783788084.091837908] [coverage_follow_path_executor_node]: [DYNAMIC_REJOIN] candidate index=54 distance_from_block=2.503 inside_local_costmap=true static_safe=true global_safe=true planner_allowed=false static_reason=static_reference_free global_reason=global_safe local_reason=local_lethal_cell_in_robot_corridor
[INFO] [1783788084.101680820] [coverage_follow_path_executor_node]: [DYNAMIC_REJOIN] candidate index=55 distance_from_block=2.553 inside_local_costmap=true static_safe=true global_safe=true planner_allowed=true static_reason=static_reference_free global_reason=global_safe local_reason=local_corridor_clear
[INFO] [1783788084.105097012] [coverage_follow_path_executor_node]: [DYNAMIC_REJOIN] candidate index=56 distance_from_block=2.603 inside_local_costmap=true static_safe=true global_safe=true planner_allowed=false static_reason=static_reference_free global_reason=global_safe local_reason=local_lethal_cell_in_robot_corridor
[INFO] [1783788084.110810093] [coverage_follow_path_executor_node]: [DYNAMIC_REJOIN] candidate index=57 distance_from_block=2.653 inside_local_costmap=true static_safe=true global_safe=true planner_allowed=false static_reason=static_reference_free global_reason=global_safe local_reason=local_lethal_cell_in_robot_corridor
[INFO] [1783788084.113753162] [coverage_follow_path_executor_node]: [DYNAMIC_REJOIN] candidate index=58 distance_from_block=2.703 inside_local_costmap=true static_safe=true global_safe=true planner_allowed=true static_reason=static_reference_free global_reason=global_safe local_reason=local_corridor_clear
[INFO] [1783788084.116839380] [coverage_follow_path_executor_node]: [DYNAMIC_REJOIN] candidate index=59 distance_from_block=2.753 inside_local_costmap=true static_safe=true global_safe=true planner_allowed=true static_reason=static_reference_free global_reason=global_safe local_reason=local_corridor_clear
[INFO] [1783788084.120189578] [coverage_follow_path_executor_node]: [DYNAMIC_REJOIN] candidate index=60 distance_from_block=2.803 inside_local_costmap=true static_safe=true global_safe=true planner_allowed=true static_reason=static_reference_free global_reason=global_safe local_reason=local_corridor_clear
[INFO] [1783788084.123611082] [coverage_follow_path_executor_node]: [DYNAMIC_REJOIN] candidate index=61 distance_from_block=2.853 inside_local_costmap=true static_safe=true global_safe=true planner_allowed=true static_reason=static_reference_free global_reason=global_safe local_reason=local_corridor_clear
[INFO] [1783788084.127441492] [coverage_follow_path_executor_node]: [DYNAMIC_REJOIN] candidate index=62 distance_from_block=2.903 inside_local_costmap=true static_safe=true global_safe=true planner_allowed=true static_reason=static_reference_free global_reason=global_safe local_reason=local_corridor_clear
[INFO] [1783788084.131884438] [coverage_follow_path_executor_node]: [DYNAMIC_REJOIN] candidate index=63 distance_from_block=2.953 inside_local_costmap=true static_safe=true global_safe=true planner_allowed=true static_reason=static_reference_free global_reason=global_safe local_reason=local_corridor_clear
[INFO] [1783788084.137387375] [coverage_follow_path_executor_node]: [DYNAMIC_REJOIN] candidate index=64 distance_from_block=3.003 inside_local_costmap=true static_safe=true global_safe=true planner_allowed=true static_reason=static_reference_free global_reason=global_safe local_reason=local_corridor_clear
[INFO] [1783788084.141130656] [coverage_follow_path_executor_node]: [DYNAMIC_REJOIN] candidate index=65 distance_from_block=3.053 inside_local_costmap=true static_safe=true global_safe=true planner_allowed=true static_reason=static_reference_free global_reason=global_safe local_reason=local_corridor_clear
[INFO] [1783788084.143943381] [coverage_follow_path_executor_node]: [DYNAMIC_REJOIN] candidate index=66 distance_from_block=3.103 inside_local_costmap=true static_safe=true global_safe=true planner_allowed=true static_reason=static_reference_free global_reason=global_safe local_reason=local_corridor_clear
[INFO] [1783788084.150664782] [coverage_follow_path_executor_node]: [DYNAMIC_REJOIN] candidate index=67 distance_from_block=3.153 inside_local_costmap=true static_safe=true global_safe=true planner_allowed=true static_reason=static_reference_free global_reason=global_safe local_reason=local_corridor_clear
[INFO] [1783788084.154726120] [coverage_follow_path_executor_node]: [DYNAMIC_REJOIN] candidate index=68 distance_from_block=3.203 inside_local_costmap=true static_safe=true global_safe=true planner_allowed=true static_reason=static_reference_free global_reason=global_safe local_reason=local_corridor_clear
[INFO] [1783788084.159297132] [coverage_follow_path_executor_node]: [DYNAMIC_REJOIN] candidate index=69 distance_from_block=3.253 inside_local_costmap=true static_safe=true global_safe=true planner_allowed=true static_reason=static_reference_free global_reason=global_safe local_reason=local_corridor_clear
[INFO] [1783788084.161695214] [coverage_follow_path_executor_node]: [DYNAMIC_REJOIN] candidate index=70 distance_from_block=3.303 inside_local_costmap=true static_safe=true global_safe=true planner_allowed=true static_reason=static_reference_free global_reason=global_safe local_reason=local_corridor_clear
[INFO] [1783788084.165177495] [coverage_follow_path_executor_node]: [DYNAMIC_REJOIN] candidate index=71 distance_from_block=3.353 inside_local_costmap=true static_safe=true global_safe=true planner_allowed=true static_reason=static_reference_free global_reason=global_safe local_reason=local_corridor_clear
[INFO] [1783788084.167579797] [coverage_follow_path_executor_node]: [DYNAMIC_REJOIN] candidate index=72 distance_from_block=3.403 inside_local_costmap=true static_safe=true global_safe=true planner_allowed=true static_reason=static_reference_free global_reason=global_safe local_reason=local_corridor_clear
[INFO] [1783788084.170308928] [coverage_follow_path_executor_node]: [DYNAMIC_REJOIN] candidate index=73 distance_from_block=3.453 inside_local_costmap=true static_safe=true global_safe=true planner_allowed=true static_reason=static_reference_free global_reason=global_safe local_reason=local_corridor_clear
[INFO] [1783788084.173447168] [coverage_follow_path_executor_node]: [DYNAMIC_REJOIN] candidate index=74 distance_from_block=3.503 inside_local_costmap=true static_safe=true global_safe=true planner_allowed=true static_reason=static_reference_free global_reason=global_safe local_reason=local_corridor_clear
[INFO] [1783788084.180108607] [coverage_follow_path_executor_node]: [DYNAMIC_REJOIN] candidate index=75 distance_from_block=3.553 inside_local_costmap=true static_safe=true global_safe=true planner_allowed=true static_reason=static_reference_free global_reason=global_safe local_reason=local_corridor_clear
[INFO] [1783788084.184479988] [coverage_follow_path_executor_node]: [DYNAMIC_REJOIN] candidate index=76 distance_from_block=3.603 inside_local_costmap=true static_safe=true global_safe=true planner_allowed=true static_reason=static_reference_free global_reason=global_safe local_reason=local_corridor_clear
[INFO] [1783788084.188505477] [coverage_follow_path_executor_node]: [DYNAMIC_REJOIN] candidate index=77 distance_from_block=3.653 inside_local_costmap=true static_safe=true global_safe=true planner_allowed=true static_reason=static_reference_free global_reason=global_safe local_reason=local_corridor_clear
[INFO] [1783788084.191711545] [coverage_follow_path_executor_node]: [DYNAMIC_REJOIN] candidate index=78 distance_from_block=3.703 inside_local_costmap=true static_safe=true global_safe=true planner_allowed=true static_reason=static_reference_free global_reason=global_safe local_reason=local_corridor_clear
[INFO] [1783788084.195017345] [coverage_follow_path_executor_node]: [DYNAMIC_REJOIN] candidate index=79 distance_from_block=3.753 inside_local_costmap=true static_safe=true global_safe=true planner_allowed=true static_reason=static_reference_free global_reason=global_safe local_reason=local_corridor_clear
[INFO] [1783788084.198568748] [coverage_follow_path_executor_node]: [DYNAMIC_REJOIN] candidate index=80 distance_from_block=3.803 inside_local_costmap=true static_safe=true global_safe=true planner_allowed=true static_reason=static_reference_free global_reason=global_safe local_reason=local_corridor_clear
[INFO] [1783788084.201624745] [coverage_follow_path_executor_node]: [DYNAMIC_REJOIN] candidate index=81 distance_from_block=3.853 inside_local_costmap=true static_safe=true global_safe=true planner_allowed=true static_reason=static_reference_free global_reason=global_safe local_reason=local_corridor_clear
[INFO] [1783788084.205276121] [coverage_follow_path_executor_node]: [DYNAMIC_REJOIN] candidate index=82 distance_from_block=3.903 inside_local_costmap=true static_safe=true global_safe=true planner_allowed=true static_reason=static_reference_free global_reason=global_safe local_reason=local_corridor_clear
[INFO] [1783788084.213604535] [coverage_follow_path_executor_node]: [DYNAMIC_REJOIN] candidate index=83 distance_from_block=3.953 inside_local_costmap=true static_safe=true global_safe=true planner_allowed=true static_reason=static_reference_free global_reason=global_safe local_reason=local_corridor_clear
[INFO] [1783788084.218065321] [coverage_follow_path_executor_node]: [DYNAMIC_REJOIN] candidate index=84 distance_from_block=4.003 inside_local_costmap=true static_safe=true global_safe=true planner_allowed=true static_reason=static_reference_free global_reason=global_safe local_reason=local_corridor_clear
[INFO] [1783788084.220711116] [coverage_follow_path_executor_node]: [DYNAMIC_REJOIN] candidate index=85 distance_from_block=4.053 inside_local_costmap=true static_safe=true global_safe=true planner_allowed=true static_reason=static_reference_free global_reason=global_safe local_reason=local_corridor_clear
[INFO] [1783788084.223713277] [coverage_follow_path_executor_node]: [DYNAMIC_REJOIN] candidate index=86 distance_from_block=4.336 inside_local_costmap=true static_safe=true global_safe=true planner_allowed=true static_reason=static_reference_free global_reason=global_safe local_reason=local_corridor_clear
[INFO] [1783788084.227146866] [coverage_follow_path_executor_node]: [DYNAMIC_REJOIN] candidate index=87 distance_from_block=4.386 inside_local_costmap=true static_safe=true global_safe=true planner_allowed=true static_reason=static_reference_free global_reason=global_safe local_reason=local_corridor_clear
[INFO] [1783788084.231168044] [coverage_follow_path_executor_node]: [DYNAMIC_REJOIN] candidate index=88 distance_from_block=4.436 inside_local_costmap=true static_safe=true global_safe=true planner_allowed=true static_reason=static_reference_free global_reason=global_safe local_reason=local_corridor_clear
[INFO] [1783788084.234373945] [coverage_follow_path_executor_node]: [DYNAMIC_REJOIN] candidate index=89 distance_from_block=4.486 inside_local_costmap=true static_safe=true global_safe=true planner_allowed=true static_reason=static_reference_free global_reason=global_safe local_reason=local_corridor_clear
[INFO] [1783788084.238700927] [coverage_follow_path_executor_node]: [DYNAMIC_REJOIN] candidate index=90 distance_from_block=4.536 inside_local_costmap=true static_safe=true global_safe=true planner_allowed=true static_reason=static_reference_free global_reason=global_safe local_reason=local_corridor_clear
[INFO] [1783788084.241254651] [coverage_follow_path_executor_node]: [DYNAMIC_REJOIN] candidate index=91 distance_from_block=4.586 inside_local_costmap=true static_safe=true global_safe=true planner_allowed=true static_reason=static_reference_free global_reason=global_safe local_reason=local_corridor_clear
[INFO] [1783788084.244573332] [coverage_follow_path_executor_node]: [DYNAMIC_REJOIN] candidate index=92 distance_from_block=4.636 inside_local_costmap=true static_safe=true global_safe=true planner_allowed=true static_reason=static_reference_free global_reason=global_safe local_reason=local_corridor_clear
[INFO] [1783788084.248781206] [coverage_follow_path_executor_node]: [DYNAMIC_REJOIN] candidate index=93 distance_from_block=4.686 inside_local_costmap=true static_safe=true global_safe=true planner_allowed=true static_reason=static_reference_free global_reason=global_safe local_reason=local_corridor_clear
[INFO] [1783788084.251708396] [coverage_follow_path_executor_node]: [DYNAMIC_REJOIN] candidate index=94 distance_from_block=4.736 inside_local_costmap=true static_safe=true global_safe=true planner_allowed=true static_reason=static_reference_free global_reason=global_safe local_reason=local_corridor_clear
[INFO] [1783788084.254908689] [coverage_follow_path_executor_node]: [DYNAMIC_REJOIN] candidate index=95 distance_from_block=4.786 inside_local_costmap=true static_safe=true global_safe=true planner_allowed=true static_reason=static_reference_free global_reason=global_safe local_reason=local_corridor_clear
[INFO] [1783788084.260665298] [coverage_follow_path_executor_node]: [DYNAMIC_REJOIN] candidate index=96 distance_from_block=4.836 inside_local_costmap=true static_safe=true global_safe=true planner_allowed=true static_reason=static_reference_free global_reason=global_safe local_reason=local_corridor_clear
[INFO] [1783788084.263761935] [coverage_follow_path_executor_node]: [DYNAMIC_REJOIN] candidate index=97 distance_from_block=4.886 inside_local_costmap=true static_safe=true global_safe=true planner_allowed=true static_reason=static_reference_free global_reason=global_safe local_reason=local_corridor_clear
[INFO] [1783788084.266823095] [coverage_follow_path_executor_node]: [DYNAMIC_CONNECTOR] requesting Nav2 ComputePathToPose connector rejoin_index=12
[INFO] [1783788084.304744516] [coverage_follow_path_executor_node]: [DYNAMIC_CONNECTOR] Nav2 connector result status=4 error_code=0 error_msg=
[INFO] [1783788084.306369518] [coverage_follow_path_executor_node]: [DYNAMIC_CONNECTOR] Nav2 connector poses=20 length=0.565
[INFO] [1783788084.497178155] [coverage_follow_path_executor_node]: [DYNAMIC_CONNECTOR] refined connector away from local obstacle moved_points=2 max_step=0.037 tracking_radius=0.270
[INFO] [1783788084.615020876] [coverage_follow_path_executor_node]: [DYNAMIC_VALIDATE] candidate valid before cancel
[INFO] [1783788084.616498526] [coverage_follow_path_executor_node]: [DYNAMIC_CONNECTOR] p