[INFO] [1783787346.005630728] [coverage_follow_path_executor_node]: Coverage FollowPath executor started: action=/follow_path controller_id=FollowPath smoother_action=/smooth_path smoother_id=simple_smoother path=/coverage_path raw=/coverage_path_raw smoothed=/coverage_smoothed_path active=/coverage_active_path costmap=/global_costmap/costmap. This mode uses FollowPath, not NavigateThroughPoses. dynamic_obstacle_skip=true local_costmap=/local_costmap/costmap static_map=/map
[INFO] [1783787346.006297968] [coverage_follow_path_executor_node]: Loaded dynamic obstacle parameters: dynamic_rejoin_max_search_distance_m=5.00 dynamic_progress_search_forward_m=1.00 dynamic_max_rejoin_candidates=100 dynamic_rejoin_min_clearance_m=0.03 dynamic_collision_check_radius_m=0.23 dynamic_connector_goal_tolerance_m=0.15 dynamic_skip_replan_cooldown_sec=3.00 dynamic_skip_max_consecutive_failures=5
[INFO] [1783787346.029117467] [coverage_follow_path_executor_node]: [COVERAGE_ARM] IDLE use_robot_arm=false inflated_promotion=true front_lidar_threshold_m=0.50 front_tof_clear_threshold_m=0.50
[INFO] [1783787348.192394830] [coverage_follow_path_executor_node]: Static map received for dynamic obstacle reference: topic=/map frame=map size=155x117 resolution=0.050 occupied_threshold=50
[INFO] [1783787350.824275560] [coverage_follow_path_executor_node]: Local costmap received for dynamic obstacle skip: topic=/local_costmap/costmap frame=odom size=100x100 resolution=0.050 threshold=100 detection_radius=0.230m unknown_blocked=true
[INFO] [1783787353.818764108] [coverage_follow_path_executor_node]: Global costmap received for FollowPath validation: topic=/global_costmap/costmap frame=map size=155x117 resolution=0.050 max_allowed_nav_cost=85 unknown_blocked=true
[INFO] [1783787355.360069691] [coverage_follow_path_executor_node]: Coverage FollowPath status: IDLE
[INFO] [1783787355.364709383] [coverage_follow_path_executor_node]: Coverage path frozen: frame_id=map poses=112 path_length=7.26m first=(x=-0.002 y=0.009 yaw=-0.24) last=(x=-0.502 y=-1.041 yaw=0.00)
[INFO] [1783787355.366165749] [coverage_follow_path_executor_node]: Path is frozen from the first executable /coverage_path. Later updates will not replace the active coverage path without reset.
[INFO] [1783787355.373395030] [coverage_follow_path_executor_node]: Ignoring /coverage_path update because the first valid coverage path is already cached. Call /reset_coverage_follow_path to accept a new path.
[INFO] [1783787361.329147270] [coverage_follow_path_executor_node]: Ignoring /coverage_path update because the first valid coverage path is already cached. Call /reset_coverage_follow_path to accept a new path.
[INFO] [1783787365.295456733] [coverage_follow_path_executor_node]: Coverage FollowPath validation passed
[INFO] [1783787367.328611961] [coverage_follow_path_executor_node]: Ignoring /coverage_path update because the first valid coverage path is already cached. Call /reset_coverage_follow_path to accept a new path.
[INFO] [1783787373.329462925] [coverage_follow_path_executor_node]: Ignoring /coverage_path update because the first valid coverage path is already cached. Call /reset_coverage_follow_path to accept a new path.
[INFO] [1783787373.970241194] [coverage_follow_path_executor_node]: Coverage home pose recorded at x=0.004 y=0.020
[INFO] [1783787373.971909463] [coverage_follow_path_executor_node]: Coverage FollowPath status: VALIDATING
[INFO] [1783787373.986611994] [coverage_follow_path_executor_node]: Coverage FollowPath status: SMOOTHING
[WARN] [1783787373.997994466] [coverage_follow_path_executor_node]: Keeping original sharp turn at index=32; rounded turn was invalid
[INFO] [1783787374.023266246] [coverage_follow_path_executor_node]: Coverage turn smoothing completed: rounded_turns=0 poses_before=112 poses_after=112 preserve_strip_lines=true
[INFO] [1783787374.049651454] [coverage_follow_path_executor_node]: Requesting Nav2 SmoothPath before FollowPath: action=/smooth_path smoother_id=simple_smoother poses=112 raw_length=7.26m custom_length=7.26m
[INFO] [1783787374.096752099] [coverage_follow_path_executor_node]: SmoothPath goal accepted by Nav2
[WARN] [1783787374.157426083] [coverage_follow_path_executor_node]: SmoothPath failed: status=6 error_code=503 SMOOTHED_PATH_IN_COLLISION error_msg=
[WARN] [1783787374.158413987] [coverage_follow_path_executor_node]: Falling back to custom/raw coverage path after smoothing failure
[INFO] [1783787374.159537561] [coverage_follow_path_executor_node]: Coverage FollowPath status: WAITING_FOR_NAV2
[INFO] [1783787374.198903009] [coverage_follow_path_executor_node]: Coverage FollowPath status: EXECUTING
[INFO] [1783787374.200760794] [coverage_follow_path_executor_node]: Sending final frozen path to Nav2 FollowPath: reason=smoothing_fallback action=/follow_path controller_id=FollowPath goal_checker_id=goal_checker poses=112 path_length=7.26m first=(x=-0.002 y=0.009 yaw=-0.24) last=(x=-0.502 y=-1.041 yaw=0.00) robot=(x=0.004 y=0.020 yaw=0.03) start_index=0. This is FollowPath, not NavigateThroughPoses.
[INFO] [1783787374.209694038] [coverage_follow_path_executor_node]: FollowPath goal accepted by Nav2
[INFO] [1783787374.330078654] [coverage_follow_path_executor_node]: Ignoring /coverage_path update because active coverage path is frozen.
[INFO] [1783787374.382514460] [coverage_follow_path_executor_node]: [DYNAMIC_DETECT] rejected: inflated/non-lethal cost; rejected inflated local cost; cost=69 threshold=100
[WARN] [1783787374.383577226] [coverage_follow_path_executor_node]: [ARM_DETECT] rejected inflated local cost promotion: reason=arm_disabled use_robot_arm=false arm_active=false tof_topic=/tof/front/range tof_range=nan tof_age_sec=inf free_readings=0/5 lidar_topic=/scan lidar_min_range=1.576 lidar_angle=0.135 lidar_age_sec=0.023 lidar_object_readings=0/5 report_reason=inflated_or_non_lethal_local_cost cost=69
[INFO] [1783787375.580700166] [coverage_follow_path_executor_node]: [DYNAMIC_DETECT] rejected: inflated/non-lethal cost; rejected inflated local cost; cost=69 threshold=100
[WARN] [1783787375.581730547] [coverage_follow_path_executor_node]: [ARM_DETECT] rejected inflated local cost promotion: reason=arm_disabled use_robot_arm=false arm_active=false tof_topic=/tof/front/range tof_range=nan tof_age_sec=inf free_readings=0/5 lidar_topic=/scan lidar_min_range=1.589 lidar_angle=0.127 lidar_age_sec=0.023 lidar_object_readings=0/5 report_reason=inflated_or_non_lethal_local_cost cost=69
[INFO] [1783787376.582665917] [coverage_follow_path_executor_node]: [DYNAMIC_DETECT] rejected: inflated/non-lethal cost; rejected inflated local cost; cost=69 threshold=100
[WARN] [1783787376.583926921] [coverage_follow_path_executor_node]: [ARM_DETECT] rejected inflated local cost promotion: reason=arm_disabled use_robot_arm=false arm_active=false tof_topic=/tof/front/range tof_range=nan tof_age_sec=inf free_readings=0/5 lidar_topic=/scan lidar_min_range=1.582 lidar_angle=0.135 lidar_age_sec=0.022 lidar_object_readings=0/5 report_reason=inflated_or_non_lethal_local_cost cost=69
[INFO] [1783787377.780862716] [coverage_follow_path_executor_node]: [DYNAMIC_DETECT] rejected: inflated/non-lethal cost; rejected inflated local cost; cost=69 threshold=100
[WARN] [1783787377.781815922] [coverage_follow_path_executor_node]: [ARM_DETECT] rejected inflated local cost promotion: reason=arm_disabled use_robot_arm=false arm_active=false tof_topic=/tof/front/range tof_range=nan tof_age_sec=inf free_readings=0/5 lidar_topic=/scan lidar_min_range=1.589 lidar_angle=0.127 lidar_age_sec=0.022 lidar_object_readings=0/5 report_reason=inflated_or_non_lethal_local_cost cost=69
[INFO] [1783787378.990849853] [coverage_follow_path_executor_node]: [DYNAMIC_DETECT] rejected: inflated/non-lethal cost; rejected inflated local cost; cost=69 threshold=100
[WARN] [1783787378.992686219] [coverage_follow_path_executor_node]: [ARM_DETECT] rejected inflated local cost promotion: reason=arm_disabled use_robot_arm=false arm_active=false tof_topic=/tof/front/range tof_range=nan tof_age_sec=inf free_readings=0/5 lidar_topic=/scan lidar_min_range=1.575 lidar_angle=0.135 lidar_age_sec=0.034 lidar_object_readings=0/5 report_reason=inflated_or_non_lethal_local_cost cost=69
[INFO] [1783787380.180829241] [coverage_follow_path_executor_node]: [DYNAMIC_DETECT] rejected: inflated/non-lethal cost; rejected inflated local cost; cost=69 threshold=100
[WARN] [1783787380.181752267] [coverage_follow_path_executor_node]: [ARM_DETECT] rejected inflated local cost promotion: reason=arm_disabled use_robot_arm=false arm_active=false tof_topic=/tof/front/range tof_range=nan tof_age_sec=inf free_readings=0/5 lidar_topic=/scan lidar_min_range=1.587 lidar_angle=0.135 lidar_age_sec=0.025 lidar_object_readings=0/5 report_reason=inflated_or_non_lethal_local_cost cost=69
[INFO] [1783787380.327191552] [coverage_follow_path_executor_node]: Ignoring /coverage_path update because active coverage path is frozen.
[INFO] [1783787381.181035193] [coverage_follow_path_executor_node]: [DYNAMIC_DETECT] rejected: inflated/non-lethal cost; rejected inflated local cost; cost=69 threshold=100
[WARN] [1783787381.182031378] [coverage_follow_path_executor_node]: [ARM_DETECT] rejected inflated local cost promotion: reason=arm_disabled use_robot_arm=false arm_active=false tof_topic=/tof/front/range tof_range=nan tof_age_sec=inf free_readings=0/5 lidar_topic=/scan lidar_min_range=1.575 lidar_angle=0.135 lidar_age_sec=0.024 lidar_object_readings=0/5 report_reason=inflated_or_non_lethal_local_cost cost=69
[INFO] [1783787382.181719630] [coverage_follow_path_executor_node]: [DYNAMIC_DETECT] rejected: inflated/non-lethal cost; rejected inflated local cost; cost=69 threshold=100
[WARN] [1783787382.183013654] [coverage_follow_path_executor_node]: [ARM_DETECT] rejected inflated local cost promotion: reason=arm_disabled use_robot_arm=false arm_active=false tof_topic=/tof/front/range tof_range=nan tof_age_sec=inf free_readings=0/5 lidar_topic=/scan lidar_min_range=1.589 lidar_angle=0.144 lidar_age_sec=0.029 lidar_object_readings=0/5 report_reason=inflated_or_non_lethal_local_cost cost=69
[INFO] [1783787383.181747317] [coverage_follow_path_executor_node]: [DYNAMIC_DETECT] rejected: inflated/non-lethal cost; rejected inflated local cost; cost=69 threshold=100
[WARN] [1783787383.382163711] [coverage_follow_path_executor_node]: [ARM_DETECT] rejected inflated local cost promotion: reason=arm_disabled use_robot_arm=false arm_active=false tof_topic=/tof/front/range tof_range=nan tof_age_sec=inf free_readings=0/5 lidar_topic=/scan lidar_min_range=1.589 lidar_angle=0.153 lidar_age_sec=0.028 lidar_object_readings=0/5 report_reason=inflated_or_non_lethal_local_cost cost=69
[INFO] [1783787384.185243458] [coverage_follow_path_executor_node]: [DYNAMIC_DETECT] rejected: inflated/non-lethal cost; rejected inflated local cost; cost=69 threshold=100
[WARN] [1783787384.401712596] [coverage_follow_path_executor_node]: [ARM_DETECT] rejected inflated local cost promotion: reason=arm_disabled use_robot_arm=false arm_active=false tof_topic=/tof/front/range tof_range=nan tof_age_sec=inf free_readings=0/5 lidar_topic=/scan lidar_min_range=1.583 lidar_angle=0.153 lidar_age_sec=0.048 lidar_object_readings=0/5 report_reason=inflated_or_non_lethal_local_cost cost=69
[INFO] [1783787385.351552146] [coverage_follow_path_executor_node]: Ignoring /coverage_path update because active coverage path is frozen.
[INFO] [1783787385.390450165] [coverage_follow_path_executor_node]: [DYNAMIC_DETECT] rejected: inflated/non-lethal cost; rejected inflated local cost; cost=69 threshold=100
[WARN] [1783787385.599090185] [coverage_follow_path_executor_node]: [ARM_DETECT] rejected inflated local cost promotion: reason=arm_disabled use_robot_arm=false arm_active=false tof_topic=/tof/front/range tof_range=nan tof_age_sec=inf free_readings=0/5 lidar_topic=/scan lidar_min_range=1.576 lidar_angle=0.153 lidar_age_sec=0.043 lidar_object_readings=0/5 report_reason=inflated_or_non_lethal_local_cost cost=69
[INFO] [1783787386.581810175] [coverage_follow_path_executor_node]: [DYNAMIC_DETECT] rejected: inflated/non-lethal cost; rejected inflated local cost; cost=69 threshold=100
[WARN] [1783787386.783150434] [coverage_follow_path_executor_node]: [ARM_DETECT] rejected inflated local cost promotion: reason=arm_disabled use_robot_arm=false arm_active=false tof_topic=/tof/front/range tof_range=nan tof_age_sec=inf free_readings=0/5 lidar_topic=/scan lidar_min_range=1.575 lidar_angle=0.153 lidar_age_sec=0.034 lidar_object_readings=0/5 report_reason=inflated_or_non_lethal_local_cost cost=69
[INFO] [1783787387.584010978] [coverage_follow_path_executor_node]: [DYNAMIC_DETECT] rejected: inflated/non-lethal cost; rejected inflated local cost; cost=69 threshold=100
[WARN] [1783787387.783293494] [coverage_follow_path_executor_node]: [ARM_DETECT] rejected inflated local cost promotion: reason=arm_disabled use_robot_arm=false arm_active=false tof_topic=/tof/front/range tof_range=nan tof_age_sec=inf free_readings=0/5 lidar_topic=/scan lidar_min_range=1.588 lidar_angle=0.144 lidar_age_sec=0.032 lidar_object_readings=0/5 report_reason=inflated_or_non_lethal_local_cost cost=69
[INFO] [1783787388.394149144] [coverage_follow_path_executor_node]: Coverage FollowPath status: SKIPPING_DYNAMIC_OBSTACLE
[WARN] [1783787388.395267450] [coverage_follow_path_executor_node]: [STUCK_SKIP] robot appears stuck; skipping current coverage points nearest_index=0 blocked_end_index=9 no_progress_sec=10.0 moved=0.005m
[INFO] [1783787388.408315160] [coverage_follow_path_executor_node]: [DYNAMIC_REJOIN] searching original path from index=10 max_distance=5.00m
[INFO] [1783787388.410528496] [coverage_follow_path_executor_node]: [DYNAMIC_REJOIN] candidate index=10 distance_from_block=0.050 inside_local_costmap=true static_safe=true global_safe=true planner_allowed=true static_reason=static_reference_free global_reason=global_safe local_reason=local_corridor_clear
[INFO] [1783787388.414439151] [coverage_follow_path_executor_node]: [DYNAMIC_REJOIN] candidate index=11 distance_from_block=0.100 inside_local_costmap=true static_safe=true global_safe=true planner_allowed=true static_reason=static_reference_free global_reason=global_safe local_reason=local_corridor_clear
[INFO] [1783787388.417566278] [coverage_follow_path_executor_node]: [DYNAMIC_REJOIN] candidate index=12 distance_from_block=0.150 inside_local_costmap=true static_safe=true global_safe=true planner_allowed=true static_reason=static_reference_free global_reason=global_safe local_reason=local_corridor_clear
[INFO] [1783787388.420557475] [coverage_follow_path_executor_node]: [DYNAMIC_REJOIN] candidate index=13 distance_from_block=0.200 inside_local_costmap=true static_safe=true global_safe=true planner_allowed=true static_reason=static_reference_free global_reason=global_safe local_reason=local_corridor_clear
[INFO] [1783787388.423721635] [coverage_follow_path_executor_node]: [DYNAMIC_REJOIN] candidate index=14 distance_from_block=0.250 inside_local_costmap=true static_safe=true global_safe=true planner_allowed=true static_reason=static_reference_free global_reason=global_safe local_reason=local_corridor_clear
[INFO] [1783787388.427601774] [coverage_follow_path_executor_node]: [DYNAMIC_REJOIN] candidate index=15 distance_from_block=0.300 inside_local_costmap=true static_safe=true global_safe=true planner_allowed=true static_reason=static_reference_free global_reason=global_safe local_reason=local_corridor_clear
[INFO] [1783787388.431278991] [coverage_follow_path_executor_node]: [DYNAMIC_REJOIN] candidate index=16 distance_from_block=0.350 inside_local_costmap=true static_safe=true global_safe=true planner_allowed=true static_reason=static_reference_free global_reason=global_safe local_reason=local_corridor_clear
[INFO] [1783787388.434584932] [coverage_follow_path_executor_node]: [DYNAMIC_REJOIN] candidate index=17 distance_from_block=0.400 inside_local_costmap=true static_safe=true global_safe=true planner_allowed=true static_reason=static_reference_free global_reason=global_safe local_reason=local_corridor_clear
[INFO] [1783787388.442340655] [coverage_follow_path_executor_node]: [DYNAMIC_REJOIN] candidate index=18 distance_from_block=0.450 inside_local_costmap=true static_safe=true global_safe=true planner_allowed=true static_reason=static_reference_free global_reason=global_safe local_reason=local_corridor_clear
[INFO] [1783787388.444475500] [coverage_follow_path_executor_node]: [DYNAMIC_REJOIN] candidate index=19 distance_from_block=0.500 inside_local_costmap=true static_safe=true global_safe=true planner_allowed=true static_reason=static_reference_free global_reason=global_safe local_reason=local_corridor_clear
[INFO] [1783787388.446724684] [coverage_follow_path_executor_node]: [DYNAMIC_REJOIN] candidate index=20 distance_from_block=0.550 inside_local_costmap=true static_safe=true global_safe=true planner_allowed=true static_reason=static_reference_free global_reason=global_safe local_reason=local_corridor_clear
[INFO] [1783787388.454806816] [coverage_follow_path_executor_node]: [DYNAMIC_REJOIN] candidate index=21 distance_from_block=0.600 inside_local_costmap=true static_safe=true global_safe=true planner_allowed=true static_reason=static_reference_free global_reason=global_safe local_reason=local_corridor_clear
[INFO] [1783787388.460511130] [coverage_follow_path_executor_node]: [DYNAMIC_REJOIN] candidate index=22 distance_from_block=0.650 inside_local_costmap=true static_safe=true global_safe=true planner_allowed=true static_reason=static_reference_free global_reason=global_safe local_reason=local_corridor_clear
[INFO] [1783787388.465272193] [coverage_follow_path_executor_node]: [DYNAMIC_REJOIN] candidate index=23 distance_from_block=0.700 inside_local_costmap=true static_safe=true global_safe=true planner_allowed=true static_reason=static_reference_free global_reason=global_safe local_reason=local_corridor_clear
[INFO] [1783787388.470589437] [coverage_follow_path_executor_node]: [DYNAMIC_REJOIN] candidate index=24 distance_from_block=0.750 inside_local_costmap=true static_safe=true global_safe=true planner_allowed=true static_reason=static_reference_free global_reason=global_safe local_reason=local_corridor_clear
[INFO] [1783787388.477451774] [coverage_follow_path_executor_node]: [DYNAMIC_REJOIN] candidate index=25 distance_from_block=0.800 inside_local_costmap=true static_safe=true global_safe=true planner_allowed=true static_reason=static_reference_free global_reason=global_safe local_reason=local_corridor_clear
[INFO] [1783787388.479819298] [coverage_follow_path_executor_node]: [DYNAMIC_REJOIN] candidate index=26 distance_from_block=0.850 inside_local_costmap=true static_safe=true global_safe=true planner_allowed=true static_reason=static_reference_free global_reason=global_safe local_reason=local_corridor_clear
[INFO] [1783787388.483190287] [coverage_follow_path_executor_node]: [DYNAMIC_REJOIN] candidate index=27 distance_from_block=0.900 inside_local_costmap=true static_safe=true global_safe=true planner_allowed=true static_reason=static_reference_free global_reason=global_safe local_reason=local_corridor_clear
[INFO] [1783787388.488584338] [coverage_follow_path_executor_node]: [DYNAMIC_REJOIN] candidate index=28 distance_from_block=0.950 inside_local_costmap=true static_safe=true global_safe=true planner_allowed=true static_reason=static_reference_free global_reason=global_safe local_reason=local_corridor_clear
[INFO] [1783787388.498735174] [coverage_follow_path_executor_node]: [DYNAMIC_REJOIN] candidate index=29 distance_from_block=1.000 inside_local_costmap=true static_safe=true global_safe=true planner_allowed=true static_reason=static_reference_free global_reason=global_safe local_reason=local_corridor_clear
[INFO] [1783787388.500705962] [coverage_follow_path_executor_node]: [DYNAMIC_REJOIN] candidate index=30 distance_from_block=1.050 inside_local_costmap=true static_safe=true global_safe=true planner_allowed=true static_reason=static_reference_free global_reason=global_safe local_reason=local_corridor_clear
[INFO] [1783787388.503990999] [coverage_follow_path_executor_node]: [DYNAMIC_REJOIN] candidate index=31 distance_from_block=1.100 inside_local_costmap=true static_safe=true global_safe=true planner_allowed=true static_reason=static_reference_free global_reason=global_safe local_reason=local_corridor_clear
[INFO] [1783787388.507671881] [coverage_follow_path_executor_node]: [DYNAMIC_REJOIN] candidate index=32 distance_from_block=1.150 inside_local_costmap=true static_safe=true global_safe=true planner_allowed=true static_reason=static_reference_free global_reason=global_safe local_reason=local_corridor_clear
[INFO] [1783787388.510594308] [coverage_follow_path_executor_node]: [DYNAMIC_REJOIN] candidate index=33 distance_from_block=1.553 inside_local_costmap=true static_safe=true global_safe=true planner_allowed=true static_reason=static_reference_free global_reason=global_safe local_reason=local_corridor_clear
[INFO] [1783787388.513144071] [coverage_follow_path_executor_node]: [DYNAMIC_REJOIN] candidate index=34 distance_from_block=1.603 inside_local_costmap=true static_safe=true global_safe=true planner_allowed=true static_reason=static_reference_free global_reason=global_safe local_reason=local_corridor_clear
[INFO] [1783787388.518367122] [coverage_follow_path_executor_node]: [DYNAMIC_REJOIN] candidate index=35 distance_from_block=1.653 inside_local_costmap=true static_safe=true global_safe=true planner_allowed=true static_reason=static_reference_free global_reason=global_safe local_reason=local_corridor_clear
[INFO] [1783787388.522572929] [coverage_follow_path_executor_node]: [DYNAMIC_REJOIN] candidate index=36 distance_from_block=1.703 inside_local_costmap=true static_safe=true global_safe=true planner_allowed=true static_reason=static_reference_free global_reason=global_safe local_reason=local_corridor_clear
[INFO] [1783787388.529816300] [coverage_follow_path_executor_node]: [DYNAMIC_REJOIN] candidate index=37 distance_from_block=1.753 inside_local_costmap=true static_safe=true global_safe=true planner_allowed=true static_reason=static_reference_free global_reason=global_safe local_reason=local_corridor_clear
[INFO] [1783787388.532061670] [coverage_follow_path_executor_node]: [DYNAMIC_REJOIN] candidate index=38 distance_from_block=1.803 inside_local_costmap=true static_safe=true global_safe=true planner_allowed=true static_reason=static_reference_free global_reason=global_safe local_reason=local_corridor_clear
[INFO] [1783787388.534274043] [coverage_follow_path_executor_node]: [DYNAMIC_REJOIN] candidate index=39 distance_from_block=1.853 inside_local_costmap=true static_safe=true global_safe=true planner_allowed=true static_reason=static_reference_free global_reason=global_safe local_reason=local_corridor_clear
[INFO] [1783787388.542332975] [coverage_follow_path_executor_node]: [DYNAMIC_REJOIN] candidate index=40 distance_from_block=1.903 inside_local_costmap=true static_safe=true global_safe=true planner_allowed=true static_reason=static_reference_free global_reason=global_safe local_reason=local_corridor_clear
[INFO] [1783787388.558510645] [coverage_follow_path_executor_node]: [DYNAMIC_REJOIN] candidate index=41 distance_from_block=1.953 inside_local_costmap=true static_safe=true global_safe=true planner_allowed=true static_reason=static_reference_free global_reason=global_safe local_reason=local_corridor_clear
[INFO] [1783787388.563439375] [coverage_follow_path_executor_node]: [DYNAMIC_REJOIN] candidate index=42 distance_from_block=2.003 inside_local_costmap=true static_safe=true global_safe=true planner_allowed=true static_reason=static_reference_free global_reason=global_safe local_reason=local_corridor_clear
[INFO] [1783787388.567022231] [coverage_follow_path_executor_node]: [DYNAMIC_REJOIN] candidate index=43 distance_from_block=2.053 inside_local_costmap=true static_safe=true global_safe=true planner_allowed=true static_reason=static_reference_free global_reason=global_safe local_reason=local_corridor_clear
[INFO] [1783787388.570177892] [coverage_follow_path_executor_node]: [DYNAMIC_REJOIN] candidate index=44 distance_from_block=2.103 inside_local_costmap=true static_safe=true global_safe=true planner_allowed=true static_reason=static_reference_free global_reason=global_safe local_reason=local_corridor_clear
[INFO] [1783787388.573956375] [coverage_follow_path_executor_node]: [DYNAMIC_REJOIN] candidate index=45 distance_from_block=2.153 inside_local_costmap=true static_safe=true global_safe=true planner_allowed=true static_reason=static_reference_free global_reason=global_safe local_reason=local_corridor_clear
[INFO] [1783787388.577096131] [coverage_follow_path_executor_node]: [DYNAMIC_REJOIN] candidate index=46 distance_from_block=2.203 inside_local_costmap=true static_safe=true global_safe=true planner_allowed=true static_reason=static_reference_free global_reason=global_safe local_reason=local_corridor_clear
[INFO] [1783787388.580082088] [coverage_follow_path_executor_node]: [DYNAMIC_REJOIN] candidate index=47 distance_from_block=2.253 inside_local_costmap=true static_safe=true global_safe=true planner_allowed=true static_reason=static_reference_free global_reason=global_safe local_reason=local_corridor_clear
[INFO] [1783787388.583279671] [coverage_follow_path_executor_node]: [DYNAMIC_REJOIN] candidate index=48 distance_from_block=2.303 inside_local_costmap=true static_safe=true global_safe=true planner_allowed=true static_reason=static_reference_free global_reason=global_safe local_reason=local_corridor_clear
[INFO] [1783787388.588133964] [coverage_follow_path_executor_node]: [DYNAMIC_REJOIN] candidate index=49 distance_from_block=2.353 inside_local_costmap=true static_safe=true global_safe=true planner_allowed=true static_reason=static_reference_free global_reason=global_safe local_reason=local_corridor_clear
[INFO] [1783787388.591585612] [coverage_follow_path_executor_node]: [DYNAMIC_REJOIN] candidate index=50 distance_from_block=2.403 inside_local_costmap=true static_safe=true global_safe=true planner_allowed=true static_reason=static_reference_free global_reason=global_safe local_reason=local_corridor_clear
[INFO] [1783787388.593514183] [coverage_follow_path_executor_node]: [DYNAMIC_REJOIN] candidate index=51 distance_from_block=2.453 inside_local_costmap=true static_safe=true global_safe=true planner_allowed=true static_reason=static_reference_free global_reason=global_safe local_reason=local_corridor_clear
[INFO] [1783787388.595704485] [coverage_follow_path_executor_node]: [DYNAMIC_REJOIN] candidate index=52 distance_from_block=2.503 inside_local_costmap=true static_safe=true global_safe=true planner_allowed=true static_reason=static_reference_free global_reason=global_safe local_reason=local_corridor_clear
[INFO] [1783787388.599140227] [coverage_follow_path_executor_node]: [DYNAMIC_REJOIN] candidate index=53 distance_from_block=2.553 inside_local_costmap=true static_safe=true global_safe=true planner_allowed=true static_reason=static_reference_free global_reason=global_safe local_reason=local_corridor_clear
[INFO] [1783787388.601130810] [coverage_follow_path_executor_node]: [DYNAMIC_REJOIN] candidate index=54 distance_from_block=2.603 inside_local_costmap=true static_safe=true global_safe=true planner_allowed=true static_reason=static_reference_free global_reason=global_safe local_reason=local_corridor_clear
[INFO] [1783787388.603359830] [coverage_follow_path_executor_node]: [DYNAMIC_REJOIN] candidate index=55 distance_from_block=2.653 inside_local_costmap=true static_safe=true global_safe=true planner_allowed=true static_reason=static_reference_free global_reason=global_safe local_reason=local_corridor_clear
[INFO] [1783787388.607119204] [coverage_follow_path_executor_node]: [DYNAMIC_REJOIN] candidate index=56 distance_from_block=2.703 inside_local_costmap=true static_safe=true global_safe=true planner_allowed=true static_reason=static_reference_free global_reason=global_safe local_reason=local_corridor_clear
[INFO] [1783787388.610228426] [coverage_follow_path_executor_node]: [DYNAMIC_REJOIN] candidate index=57 distance_from_block=2.753 inside_local_costmap=true static_safe=true global_safe=true planner_allowed=true static_reason=static_reference_free global_reason=global_safe local_reason=local_corridor_clear
[INFO] [1783787388.616083704] [coverage_follow_path_executor_node]: [DYNAMIC_REJOIN] candidate index=58 distance_from_block=2.803 inside_local_costmap=true static_safe=true global_safe=true planner_allowed=true static_reason=static_reference_free global_reason=global_safe local_reason=local_corridor_clear
[INFO] [1783787388.619293600] [coverage_follow_path_executor_node]: [DYNAMIC_REJOIN] candidate index=59 distance_from_block=3.275 inside_local_costmap=true static_safe=true global_safe=true planner_allowed=true static_reason=static_reference_free global_reason=global_safe local_reason=local_corridor_clear
[INFO] [1783787388.622842164] [coverage_follow_path_executor_node]: [DYNAMIC_REJOIN] candidate index=60 distance_from_block=3.325 inside_local_costmap=true static_safe=true global_safe=true planner_allowed=true static_reason=static_reference_free global_reason=global_safe local_reason=local_corridor_clear
[INFO] [1783787388.626536360] [coverage_follow_path_executor_node]: [DYNAMIC_REJOIN] candidate index=61 distance_from_block=3.375 inside_local_costmap=true static_safe=true global_safe=true planner_allowed=true static_reason=static_reference_free global_reason=global_safe local_reason=local_corridor_clear
[INFO] [1783787388.629623232] [coverage_follow_path_executor_node]: [DYNAMIC_REJOIN] candidate index=62 distance_from_block=3.425 inside_local_costmap=true static_safe=true global_safe=true planner_allowed=true static_reason=static_reference_free global_reason=global_safe local_reason=local_corridor_clear
[INFO] [1783787388.631920467] [coverage_follow_path_executor_node]: [DYNAMIC_REJOIN] candidate index=63 distance_from_block=3.475 inside_local_costmap=true static_safe=true global_safe=true planner_allowed=true static_reason=static_reference_free global_reason=global_safe local_reason=local_corridor_clear
[INFO] [1783787388.634879075] [coverage_follow_path_executor_node]: [DYNAMIC_REJOIN] candidate index=64 distance_from_block=3.525 inside_local_costmap=true static_safe=true global_safe=true planner_allowed=true static_reason=static_reference_free global_reason=global_safe local_reason=local_corridor_clear
[INFO] [1783787388.638824466] [coverage_follow_path_executor_node]: [DYNAMIC_REJOIN] candidate index=65 distance_from_block=3.575 inside_local_costmap=true static_safe=true global_safe=true planner_allowed=true static_reason=static_reference_free global_reason=global_safe local_reason=local_corridor_clear
[INFO] [1783787388.642310851] [coverage_follow_path_executor_node]: [DYNAMIC_REJOIN] candidate index=66 distance_from_block=3.625 inside_local_costmap=true static_safe=true global_safe=true planner_allowed=false static_reason=static_reference_free global_reason=global_safe local_reason=local_lethal_cell_in_robot_corridor
[INFO] [1783787388.645742594] [coverage_follow_path_executor_node]: [DYNAMIC_REJOIN] candidate index=67 distance_from_block=3.875 inside_local_costmap=true static_safe=true global_safe=true planner_allowed=true static_reason=static_reference_free global_reason=global_safe local_reason=local_corridor_clear
[INFO] [1783787388.650607609] [coverage_follow_path_executor_node]: [DYNAMIC_REJOIN] candidate index=68 distance_from_block=3.925 inside_local_costmap=true static_safe=true global_safe=true planner_allowed=true static_reason=static_reference_free global_reason=global_safe local_reason=local_corridor_clear
[INFO] [1783787388.656296109] [coverage_follow_path_executor_node]: [DYNAMIC_REJOIN] candidate index=69 distance_from_block=3.975 inside_local_costmap=true static_safe=true global_safe=true planner_allowed=true static_reason=static_reference_free global_reason=global_safe local_reason=local_corridor_clear
[INFO] [1783787388.676255762] [coverage_follow_path_executor_node]: [DYNAMIC_REJOIN] candidate index=70 distance_from_block=4.025 inside_local_costmap=true static_safe=true global_safe=true planner_allowed=true static_reason=static_reference_free global_reason=global_safe local_reason=local_corridor_clear
[INFO] [1783787388.679957587] [coverage_follow_path_executor_node]: [DYNAMIC_REJOIN] candidate index=71 distance_from_block=4.075 inside_local_costmap=true static_safe=true global_safe=true planner_allowed=true static_reason=static_reference_free global_reason=global_safe local_reason=local_corridor_clear
[INFO] [1783787388.683994839] [coverage_follow_path_executor_node]: [DYNAMIC_REJOIN] candidate index=72 distance_from_block=4.125 inside_local_costmap=true static_safe=true global_safe=true planner_allowed=true static_reason=static_reference_free global_reason=global_safe local_reason=local_corridor_clear
[INFO] [1783787388.687966227] [coverage_follow_path_executor_node]: [DYNAMIC_REJOIN] candidate index=73 distance_from_block=4.175 inside_local_costmap=true static_safe=true global_safe=true planner_allowed=true static_reason=static_reference_free global_reason=global_safe local_reason=local_corridor_clear
[INFO] [1783787388.690996698] [coverage_follow_path_executor_node]: [DYNAMIC_REJOIN] candidate index=74 distance_from_block=4.225 inside_local_costmap=true static_safe=true global_safe=true planner_allowed=true static_reason=static_reference_free global_reason=global_safe local_reason=local_corridor_clear
[INFO] [1783787388.694659046] [coverage_follow_path_executor_node]: [DYNAMIC_REJOIN] candidate index=75 distance_from_block=4.275 inside_local_costmap=true static_safe=true global_safe=true planner_allowed=true static_reason=static_reference_free global_reason=global_safe local_reason=local_corridor_clear
[INFO] [1783787388.697604359] [coverage_follow_path_executor_node]: [DYNAMIC_REJOIN] candidate index=76 distance_from_block=4.325 inside_local_costmap=true static_safe=true global_safe=true planner_allowed=true static_reason=static_reference_free global_reason=global_safe local_reason=local_corridor_clear
[INFO] [1783787388.701058951] [coverage_follow_path_executor_node]: [DYNAMIC_REJOIN] candidate index=77 distance_from_block=4.375 inside_local_costmap=true static_safe=true global_safe=true planner_allowed=true static_reason=static_reference_free global_reason=global_safe local_reason=local_corridor_clear
[INFO] [1783787388.703736960] [coverage_follow_path_executor_node]: [DYNAMIC_REJOIN] candidate index=78 distance_from_block=4.425 inside_local_costmap=true static_safe=true global_safe=true planner_allowed=true static_reason=static_reference_free global_reason=global_safe local_reason=local_corridor_clear
[INFO] [1783787388.707309780] [coverage_follow_path_executor_node]: [DYNAMIC_REJOIN] candidate index=79 distance_from_block=4.625 inside_local_costmap=true static_safe=true global_safe=true planner_allowed=true static_reason=static_reference_free global_reason=global_safe local_reason=local_corridor_clear
[INFO] [1783787388.712088637] [coverage_follow_path_executor_node]: [DYNAMIC_REJOIN] candidate index=80 distance_from_block=4.675 inside_local_costmap=true static_safe=true global_safe=true planner_allowed=true static_reason=static_reference_free global_reason=global_safe local_reason=local_corridor_clear
[INFO] [1783787388.715994014] [coverage_follow_path_executor_node]: [DYNAMIC_REJOIN] candidate index=81 distance_from_block=4.725 inside_local_costmap=true static_safe=true global_safe=true planner_allowed=true static_reason=static_reference_free global_reason=global_safe local_reason=local_corridor_clear
[INFO] [1783787388.718596624] [coverage_follow_path_executor_node]: [DYNAMIC_REJOIN] candidate index=82 distance_from_block=4.775 inside_local_costmap=true static_safe=true global_safe=true planner_allowed=true static_reason=static_reference_free global_reason=global_safe local_reason=local_corridor_clear
[INFO] [1783787388.722463486] [coverage_follow_path_executor_node]: [DYNAMIC_REJOIN] candidate index=83 distance_from_block=4.825 inside_local_costmap=true static_safe=true global_safe=true planner_allowed=true static_reason=static_reference_free global_reason=global_safe local_reason=local_corridor_clear
[INFO] [1783787388.725577152] [coverage_follow_path_executor_node]: [DYNAMIC_REJOIN] candidate index=84 distance_from_block=4.875 inside_local_costmap=true static_safe=true global_safe=true planner_allowed=true static_reason=static_reference_free global_reason=global_safe local_reason=local_corridor_clear
[INFO] [1783787388.727906235] [coverage_follow_path_executor_node]: [DYNAMIC_REJOIN] candidate index=85 distance_from_block=4.925 inside_local_costmap=true static_safe=true global_safe=true planner_allowed=true static_reason=static_reference_free global_reason=global_safe local_reason=local_corridor_clear
[INFO] [1783787388.729998955] [coverage_follow_path_executor_node]: [DYNAMIC_REJOIN] candidate index=86 distance_from_block=4.975 inside_local_costmap=true static_safe=true global_safe=true planner_allowed=true static_reason=static_reference_free global_reason=global_safe local_reason=local_corridor_clear
[INFO] [1783787388.732089638] [coverage_follow_path_executor_node]: [DYNAMIC_CONNECTOR] requesting Nav2 ComputePathToPose connector rejoin_index=10
[INFO] [1783787388.752616230] [coverage_follow_path_executor_node]: [DYNAMIC_CONNECTOR] Nav2 connector result status=4 error_code=0 error_msg=
[INFO] [1783787388.754075759] [coverage_follow_path_executor_node]: [DYNAMIC_CONNECTOR] Nav2 connector poses=26 length=0.706
[INFO] [1783787389.067620833] [coverage_follow_path_executor_node]: [DYNAMIC_VALIDATE] candidate valid before cancel
[INFO] [1783787389.068778302] [coverage_follow_path_executor_node]: [DYNAMIC_CONNECTOR] planner connector accepted poses=26 length=0.706
[WARN] [1783787389.071446610] [coverage_follow_path_executor_node]: [DYNAMIC_SKIP] skipped segment recorded segment_id=1 reason=ROBOT_STUCK_NO_PROGRESS poses=10 distance=0.606 rejoin_index=10 max_cost=0
[INFO] [1783787389.077704422] [coverage_follow_path_executor_node]: [DYNAMIC_SKIP] canceling current FollowPath to send dynamic bypass
[INFO] [1783787389.091100936] [coverage_follow_path_executor_node]: [DYNAMIC_SKIP] sending rejoin FollowPath remaining_poses=127 remaining_distance=7.314
[INFO] [1783787389.092271940] [coverage_follow_path_executor_node]: Coverage FollowPath status: WAITING_FOR_NAV2
[INFO] [1783787389.125918901] [coverage_follow_path_executor_node]: Coverage FollowPath status: EXECUTING
[INFO] [1783787389.127037651] [coverage_follow_path_executor_node]: Sending final frozen path to Nav2 FollowPath: reason=dynamic_obstacle_bypass_rejoin action=/follow_path controller_id=FollowPath goal_checker_id=goal_checker poses=127 path_length=7.31m first=(x=0.023 y=0.034 yaw=0.00) last=(x=-0.502 y=-1.041 yaw=0.00) robot=(x=0.009 y=0.021 yaw=-0.00) start_index=0. This is FollowPath, not NavigateThroughPoses.
[INFO] [1783787389.134851539] [coverage_follow_path_executor_node]: FollowPath result: status=5 error_code=0 NONE error_msg=
[INFO] [1783787389.135790513] [coverage_follow_path_executor_node]: [DYNAMIC_SKIP] ignored terminal FollowPath result from pre-skip goal
[INFO] [1783787389.140407853] [coverage_follow_path_executor_node]: FollowPath goal accepted by Nav2
[INFO] [1783787391.327703820] [coverage_follow_path_executor_node]: Ignoring /coverage_path update because active coverage path is frozen.
[INFO] [1783787396.330271287] [coverage_follow_path_executor_node]: Ignoring /coverage_path update because active coverage path is frozen.
[INFO] [1783787402.329691288] [coverage_follow_path_executor_node]: Ignoring /coverage_path update because active coverage path is frozen.
[INFO] [1783787403.208764254] [coverage_follow_path_executor_node]: Coverage FollowPath status: SKIPPING_DYNAMIC_OBSTACLE
[WARN] [1783787403.209704363] [coverage_follow_path_executor_node]: [STUCK_SKIP] robot appears stuck; skipping current coverage points nearest_index=0 blocked_end_index=23 no_progress_sec=10.0 moved=0.000m
[WARN] [1783787403.214152898] [coverage_follow_path_executor_node]: [DYNAMIC_SKIP] refining temporary path against frozen original path active_rejoin_index=25 original_rejoin_index=10 projected_block_start=10 projected_block_end=10
[INFO] [1783787403.231431573] [coverage_follow_path_executor_node]: [DYNAMIC_REJOIN] searching original path from index=11 max_distance=5.00m
[INFO] [1783787403.237077914] [coverage_follow_path_executor_node]: [DYNAMIC_REJOIN] candidate index=11 distance_from_block=0.050 inside_local_costmap=true static_safe=true global_safe=true planner_allowed=true static_reason=static_reference_free global_reason=global_safe local_reason=local_corridor_clear
[INFO] [1783787403.243458014] [coverage_follow_path_executor_node]: [DYNAMIC_REJOIN] candidate index=12 distance_from_block=0.100 inside_local_costmap=true static_safe=true global_safe=true planner_allowed=true static_reason=static_reference_free global_reason=global_safe local_reason=local_corridor_clear
[INFO] [1783787403.245644684] [coverage_follow_path_executor_node]: [DYNAMIC_REJOIN] candidate index=13 distance_from_block=0.150 inside_local_costmap=true static_safe=true global_safe=true planner_allowed=true static_reason=static_reference_free global_reason=global_safe local_reason=local_corridor_clear
[INFO] [1783787403.247588341] [coverage_follow_path_executor_node]: [DYNAMIC_REJOIN] candidate index=14 distance_from_block=0.200 inside_local_costmap=true static_safe=true global_safe=true planner_allowed=true static_reason=static_reference_free global_reason=global_safe local_reason=local_corridor_clear
[INFO] [1783787403.250422594] [coverage_follow_path_executor_node]: [DYNAMIC_REJOIN] candidate index=15 distance_from_block=0.250 inside_local_costmap=true static_safe=true global_safe=true planner_allowed=true static_reason=static_reference_free global_reason=global_safe local_reason=local_corridor_clear
[INFO] [1783787403.256933700] [coverage_follow_path_executor_node]: [DYNAMIC_REJOIN] candidate index=16 distance_from_block=0.300 inside_local_costmap=true static_safe=true global_safe=true planner_allowed=true static_reason=static_reference_free global_reason=global_safe local_reason=local_corridor_clear
[INFO] [1783787403.260106770] [coverage_follow_path_executor_node]: [DYNAMIC_REJOIN] candidate index=17 distance_from_block=0.350 inside_local_costmap=true static_safe=true global_safe=true planner_allowed=true static_reason=static_reference_free global_reason=global_safe local_reason=local_corridor_clear
[INFO] [1783787403.267354729] [coverage_follow_path_executor_node]: [DYNAMIC_REJOIN] candidate index=18 distance_from_block=0.400 inside_local_costmap=true static_safe=true global_safe=true planner_allowed=true static_reason=static_reference_free global_reason=global_safe local_reason=local_corridor_clear
[INFO] [1783787403.270479230] [coverage_follow_path_executor_node]: [DYNAMIC_REJOIN] candidate index=19 distance_from_block=0.450 inside_local_costmap=true static_safe=true global_safe=true planner_allowed=true static_reason=static_reference_free global_reason=global_safe local_reason=local_corridor_clear
[INFO] [1783787403.273719201] [coverage_follow_path_executor_node]: [DYNAMIC_REJOIN] candidate index=20 distance_from_block=0.500 inside_local_costmap=true static_safe=true global_safe=true planner_allowed=true static_reason=static_reference_free global_reason=global_safe local_reason=local_corridor_clear
[INFO] [1783787403.278628746] [coverage_follow_path_executor_node]: [DYNAMIC_REJOIN] candidate index=21 distance_from_block=0.550 inside_local_costmap=true static_safe=true global_safe=true planner_allowed=true static_reason=static_reference_free global_reason=global_safe local_reason=local_corridor_clear
[INFO] [1783787403.282137449] [coverage_follow_path_executor_node]: [DYNAMIC_REJOIN] candidate index=22 distance_from_block=0.600 inside_local_costmap=true static_safe=true global_safe=true planner_allowed=true static_reason=static_reference_free global_reason=global_safe local_reason=local_corridor_clear
[INFO] [1783787403.283916345] [coverage_follow_path_executor_node]: [DYNAMIC_REJOIN] candidate index=23 distance_from_block=0.650 inside_local_costmap=true static_safe=true global_safe=true planner_allowed=true static_reason=static_reference_free global_reason=global_safe local_reason=local_corridor_clear
[INFO] [1783787403.290274226] [coverage_follow_path_executor_node]: [DYNAMIC_REJOIN] candidate index=24 distance_from_block=0.700 inside_local_costmap=true static_safe=true global_safe=true planner_allowed=true static_reason=static_reference_free global_reason=global_safe local_reason=local_corridor_clear
[INFO] [1783787403.293768098] [coverage_follow_path_executor_node]: [DYNAMIC_REJOIN] candidate index=25 distance_from_block=0.750 inside_local_costmap=true static_safe=true global_safe=true planner_allowed=true static_reason=static_reference_free global_reason=global_safe local_reason=local_corridor_clear
[INFO] [1783787403.296651512] [coverage_follow_path_executor_node]: [DYNAMIC_REJOIN] candidate index=26 distance_from_block=0.800 inside_local_costmap=true static_safe=true global_safe=true planner_allowed=true static_reason=static_reference_free global_reason=global_safe local_reason=local_corridor_clear
[INFO] [1783787403.299218903] [coverage_follow_path_executor_node]: [DYNAMIC_REJOIN] candidate index=27 distance_from_block=0.850 inside_local_costmap=true static_safe=true global_safe=true planner_allowed=true static_reason=static_reference_free global_reason=global_safe local_reason=local_corridor_clear
[INFO] [1783787403.301022981] [coverage_follow_path_executor_node]: [DYNAMIC_REJOIN] candidate index=28 distance_from_block=0.900 inside_local_costmap=true static_safe=true global_safe=true planner_allowed=true static_reason=static_reference_free global_reason=global_safe local_reason=local_corridor_clear
[INFO] [1783787403.304295375] [coverage_follow_path_executor_node]: [DYNAMIC_REJOIN] candidate index=29 distance_from_block=0.950 inside_local_costmap=true static_safe=true global_safe=true planner_allowed=true static_reason=static_reference_free global_reason=global_safe local_reason=local_corridor_clear
[INFO] [1783787403.307488721] [coverage_follow_path_executor_node]: [DYNAMIC_REJOIN] candidate index=30 distance_from_block=1.000 inside_local_costmap=true static_safe=true global_safe=true planner_allowed=true static_reason=static_reference_free global_reason=global_safe local_reason=local_corridor_clear
[INFO] [1783787403.309650671] [coverage_follow_path_executor_node]: [DYNAMIC_REJOIN] candidate index=31 distance_from_block=1.050 inside_local_costmap=true static_safe=true global_safe=true planner_allowed=true static_reason=static_reference_free global_reason=global_safe local_reason=local_corridor_clear
[INFO] [1783787403.312232857] [coverage_follow_path_executor_node]: [DYNAMIC_REJOIN] candidate index=32 distance_from_block=1.100 inside_local_costmap=true static_safe=true global_safe=true planner_allowed=true static_reason=static_reference_free global_reason=global_safe local_reason=local_corridor_clear
[INFO] [1783787403.314799506] [coverage_follow_path_executor_node]: [DYNAMIC_REJOIN] candidate index=33 distance_from_block=1.503 inside_local_costmap=true static_safe=true global_safe=true planner_allowed=true static_reason=static_reference_free global_reason=global_safe local_reason=local_corridor_clear
[INFO] [1783787403.316927460] [coverage_follow_path_executor_node]: [DYNAMIC_REJOIN] candidate index=34 distance_from_block=1.553 inside_local_costmap=true static_safe=true global_safe=true planner_allowed=true static_reason=static_reference_free global_reason=global_safe local_reason=local_corridor_clear
[INFO] [1783787403.320078107] [coverage_follow_path_executor_node]: [DYNAMIC_REJOIN] candidate index=35 distance_from_block=1.603 inside_local_costmap=true static_safe=true global_safe=true planner_allowed=true static_reason=static_reference_free global_reason=global_safe local_reason=local_corridor_clear
[INFO] [1783787403.326783619] [coverage_follow_path_executor_node]: [DYNAMIC_REJOIN] candidate index=36 distance_from_block=1.653 inside_local_costmap=true static_safe=true global_safe=true planner_allowed=true static_reason=static_reference_free global_reason=global_safe local_reason=local_corridor_clear
[INFO] [1783787403.334761949] [coverage_follow_path_executor_node]: [DYNAMIC_REJOIN] candidate index=37 distance_from_block=1.703 inside_local_costmap=true static_safe=true global_safe=true planner_allowed=true static_reason=static_reference_free global_reason=global_safe local_reason=local_corridor_clear
[INFO] [1783787403.340260934] [coverage_follow_path_executor_node]: [DYNAMIC_REJOIN] candidate index=38 distance_from_block=1.753 inside_local_costmap=true static_safe=true global_safe=true planner_allowed=true static_reason=static_reference_free global_reason=global_safe local_reason=local_corridor_clear
[INFO] [1783787403.343026416] [coverage_follow_path_executor_node]: [DYNAMIC_REJOIN] candidate index=39 distance_from_block=1.803 inside_local_costmap=true static_safe=true global_safe=true planner_allowed=true static_reason=static_reference_free global_reason=global_safe local_reason=local_corridor_clear
[INFO] [1783787403.350281947] [coverage_follow_path_executor_node]: [DYNAMIC_REJOIN] candidate index=40 distance_from_block=1.853 inside_local_costmap=true static_safe=true global_safe=true planner_allowed=true static_reason=static_reference_free global_reason=global_safe local_reason=local_corridor_clear
[INFO] [1783787403.360318237] [coverage_follow_path_executor_node]: [DYNAMIC_REJOIN] candidate index=41 distance_from_block=1.903 inside_local_costmap=true static_safe=true global_safe=true planner_allowed=true static_reason=static_reference_free global_reason=global_safe local_reason=local_corridor_clear
[INFO] [1783787403.371584625] [coverage_follow_path_executor_node]: [DYNAMIC_REJOIN] candidate index=42 distance_from_block=1.953 inside_local_costmap=true static_safe=true global_safe=true planner_allowed=true static_reason=static_reference_free global_reason=global_safe local_reason=local_corridor_clear
[INFO] [1783787403.376653913] [coverage_follow_path_executor_node]: [DYNAMIC_REJOIN] candidate index=43 distance_from_block=2.003 inside_local_costmap=true static_safe=true global_safe=true planner_allowed=true static_reason=static_reference_free global_reason=global_safe local_reason=local_corridor_clear
[INFO] [1783787403.380793276] [coverage_follow_path_executor_node]: [DYNAMIC_REJOIN] candidate index=44 distance_from_block=2.053 inside_local_costmap=true static_safe=true global_safe=true planner_allowed=true static_reason=static_reference_free global_reason=global_safe local_reason=local_corridor_clear
[INFO] [1783787403.382833478] [coverage_follow_path_executor_node]: [DYNAMIC_REJOIN] candidate index=45 distance_from_block=2.103 inside_local_costmap=true static_safe=true global_safe=true planner_allowed=true static_reason=static_reference_free global_reason=global_safe local_reason=local_corridor_clear
[INFO] [1783787403.385365169] [coverage_follow_path_executor_node]: [DYNAMIC_REJOIN] candidate index=46 distance_from_block=2.153 inside_local_costmap=true static_safe=true global_safe=true planner_allowed=true static_reason=static_reference_free global_reason=global_safe local_reason=local_corridor_clear
[INFO] [1783787403.389732101] [coverage_follow_path_executor_node]: [DYNAMIC_REJOIN] candidate index=47 distance_from_block=2.203 inside_local_costmap=true static_safe=true global_safe=true planner_allowed=true static_reason=static_reference_free global_reason=global_safe local_reason=local_corridor_clear
[INFO] [1783787403.395533464] [coverage_follow_path_executor_node]: [DYNAMIC_REJOIN] candidate index=48 distance_from_block=2.253 inside_local_costmap=true static_safe=true global_safe=true planner_allowed=true static_reason=static_reference_free global_reason=global_safe local_reason=local_corridor_clear
[INFO] [1783787403.398734420] [coverage_follow_path_executor_node]: [DYNAMIC_REJOIN] candidate index=49 distance_from_block=2.303 inside_local_costmap=true static_safe=true global_safe=true planner_allowed=true static_reason=static_reference_free global_reason=global_safe local_reason=local_corridor_clear
[INFO] [1783787403.400624472] [coverage_follow_path_executor_node]: [DYNAMIC_REJOIN] candidate index=50 distance_from_block=2.353 inside_local_costmap=true static_safe=true global_safe=true planner_allowed=true static_reason=static_reference_free global_reason=global_safe local_reason=local_corridor_clear
[INFO] [1783787403.408320940] [coverage_follow_path_executor_node]: [DYNAMIC_REJOIN] candidate index=51 distance_from_block=2.403 inside_local_costmap=true static_safe=true global_safe=true planner_allowed=true static_reason=static_reference_free global_reason=global_safe local_reason=local_corridor_clear
[INFO] [1783787403.415109093] [coverage_follow_path_executor_node]: [DYNAMIC_REJOIN] candidate index=52 distance_from_block=2.453 inside_local_costmap=true static_safe=true global_safe=true planner_allowed=true static_reason=static_reference_free global_reason=global_safe local_reason=local_corridor_clear
[INFO] [1783787403.417424564] [coverage_follow_path_executor_node]: [DYNAMIC_REJOIN] candidate index=53 distance_from_block=2.503 inside_local_costmap=true static_safe=true global_safe=true planner_allowed=true static_reason=static_reference_free global_reason=global_safe local_reason=local_corridor_clear
[INFO] [1783787403.420277074] [coverage_follow_path_executor_node]: [DYNAMIC_REJOIN] candidate index=54 distance_from_block=2.553 inside_local_costmap=true static_safe=true global_safe=true planner_allowed=true static_reason=static_reference_free global_reason=global_safe local_reason=local_corridor_clear
[INFO] [1783787403.425928119] [coverage_follow_path_executor_node]: [DYNAMIC_REJOIN] candidate index=55 distance_from_block=2.603 inside_local_costmap=true static_safe=true global_safe=true planner_allowed=true static_reason=static_reference_free global_reason=global_safe local_reason=local_corridor_clear
[INFO] [1783787403.428541190] [coverage_follow_path_executor_node]: [DYNAMIC_REJOIN] candidate index=56 distance_from_block=2.653 inside_local_costmap=true static_safe=true global_safe=true planner_allowed=true static_reason=static_reference_free global_reason=global_safe local_reason=local_corridor_clear
[INFO] [1783787403.437021784] [coverage_follow_path_executor_node]: [DYNAMIC_REJOIN] candidate index=57 distance_from_block=2.703 inside_local_costmap=true static_safe=true global_safe=true planner_allowed=true static_reason=static_reference_free global_reason=global_safe local_reason=local_corridor_clear
[INFO] [1783787403.442646793] [coverage_follow_path_executor_node]: [DYNAMIC_REJOIN] candidate index=58 distance_from_block=2.753 inside_local_costmap=true static_safe=true global_safe=true planner_allowed=true static_reason=static_reference_free global_reason=global_safe local_reason=local_corridor_clear
[INFO] [1783787403.444958210] [coverage_follow_path_executor_node]: [DYNAMIC_REJOIN] candidate index=59 distance_from_block=3.225 inside_local_costmap=true static_safe=true global_safe=true planner_allowed=true static_reason=static_reference_free global_reason=global_safe local_reason=local_corridor_clear
[INFO] [1783787403.447090348] [coverage_follow_path_executor_node]: [DYNAMIC_REJOIN] candidate index=60 distance_from_block=3.275 inside_local_costmap=true static_safe=true global_safe=true planner_allowed=true static_reason=static_reference_free global_reason=global_safe local_reason=local_corridor_clear
[INFO] [1783787403.451765749] [coverage_follow_path_executor_node]: [DYNAMIC_REJOIN] candidate index=61 distance_from_block=3.325 inside_local_costmap=true static_safe=true global_safe=true planner_allowed=true static_reason=static_reference_free global_reason=global_safe local_reason=local_corridor_clear
[INFO] [1783787403.458167014] [coverage_follow_path_executor_node]: [DYNAMIC_REJOIN] candidate index=62 distance_from_block=3.375 inside_local_costmap=true static_safe=true global_safe=true planner_allowed=true static_reason=static_reference_free global_reason=global_safe local_reason=local_corridor_clear
[INFO] [1783787403.462654287] [coverage_follow_path_executor_node]: [DYNAMIC_REJOIN] candidate index=63 distance_from_block=3.425 inside_local_costmap=true static_safe=true global_safe=true planner_allowed=true static_reason=static_reference_free global_reason=global_safe local_reason=local_corridor_clear
[INFO] [1783787403.466294236] [coverage_follow_path_executor_node]: [DYNAMIC_REJOIN] candidate index=64 distance_from_block=3.475 inside_local_costmap=true static_safe=true global_safe=true planner_allowed=true static_reason=static_reference_free global_reason=global_safe local_reason=local_corridor_clear
[INFO] [1783787403.468852572] [coverage_follow_path_executor_node]: [DYNAMIC_REJOIN] candidate index=65 distance_from_block=3.525 inside_local_costmap=true static_safe=true global_safe=true planner_allowed=true static_reason=static_reference_free global_reason=global_safe local_reason=local_corridor_clear
[INFO] [1783787403.473630686] [coverage_follow_path_executor_node]: [DYNAMIC_REJOIN] candidate index=66 distance_from_block=3.575 inside_local_costmap=true static_safe=true global_safe=true planner_allowed=false static_reason=static_reference_free global_reason=global_safe local_reason=local_lethal_cell_in_robot_corridor
[INFO] [1783787403.477131945] [coverage_follow_path_executor_node]: [DYNAMIC_REJOIN] candidate index=67 distance_from_block=3.825 inside_local_costmap=true static_safe=true global_safe=true planner_allowed=true static_reason=static_reference_free global_reason=global_safe local_reason=local_corridor_clear
[INFO] [1783787403.479666265] [coverage_follow_path_executor_node]: [DYNAMIC_REJOIN] candidate index=68 distance_from_block=3.875 inside_local_costmap=true static_safe=true global_safe=true planner_allowed=true static_reason=static_reference_free global_reason=global_safe local_reason=local_corridor_clear
[INFO] [1783787403.482104836] [coverage_follow_path_executor_node]: [DYNAMIC_REJOIN] candidate index=69 distance_from_block=3.925 inside_local_costmap=true static_safe=true global_safe=true planner_allowed=true static_reason=static_reference_free global_reason=global_safe local_reason=local_corridor_clear
[INFO] [1783787403.486584442] [coverage_follow_path_executor_node]: [DYNAMIC_REJOIN] candidate index=70 distance_from_block=3.975 inside_local_costmap=true static_safe=true global_safe=true planner_allowed=true static_reason=static_reference_free global_reason=global_safe local_reason=local_corridor_clear
[INFO] [1783787403.493764425] [coverage_follow_path_executor_node]: [DYNAMIC_REJOIN] candidate index=71 distance_from_block=4.025 inside_local_costmap=true static_safe=true global_safe=true planner_allowed=true static_reason=static_reference_free global_reason=global_safe local_reason=local_corridor_clear
[INFO] [1783787403.496425084] [coverage_follow_path_executor_node]: [DYNAMIC_REJOIN] candidate index=72 distance_from_block=4.075 inside_local_costmap=true static_safe=true global_safe=true planner_allowed=true static_reason=static_reference_free global_reason=global_safe local_reason=local_corridor_clear
[INFO] [1783787403.498431124] [coverage_follow_path_executor_node]: [DYNAMIC_REJOIN] candidate index=73 distance_from_block=4.125 inside_local_costmap=true static_safe=true global_safe=true planner_allowed=true static_reason=static_reference_free global_reason=global_safe local_reason=local_corridor_clear
[INFO] [1783787403.500283327] [coverage_follow_path_executor_node]: [DYNAMIC_REJOIN] candidate index=74 distance_from_block=4.175 inside_local_costmap=true static_safe=true global_safe=true planner_allowed=true static_reason=static_reference_free global_reason=global_safe local_reason=local_corridor_clear
[INFO] [1783787403.502842366] [coverage_follow_path_executor_node]: [DYNAMIC_REJOIN] candidate index=75 distance_from_block=4.225 inside_local_costmap=true static_safe=true global_safe=true planner_allowed=true static_reason=static_reference_free global_reason=global_safe local_reason=local_corridor_clear
[INFO] [1783787403.505786442] [coverage_follow_path_executor_node]: [DYNAMIC_REJOIN] candidate index=76 distance_from_block=4.275 inside_local_costmap=true static_safe=true global_safe=true planner_allowed=true static_reason=static_reference_free global_reason=global_safe local_reason=local_corridor_clear
[INFO] [1783787403.508569311] [coverage_follow_path_executor_node]: [DYNAMIC_REJOIN] candidate index=77 distance_from_block=4.325 inside_local_costmap=true static_safe=true global_safe=true planner_allowed=true static_reason=static_reference_free global_reason=global_safe local_reason=local_corridor_clear
[INFO] [1783787403.510731094] [coverage_follow_path_executor_node]: [DYNAMIC_REJOIN] candidate index=78 distance_from_block=4.375 inside_local_costmap=true static_safe=true global_safe=true planner_allowed=true static_reason=static_reference_free global_reason=global_safe local_reason=local_corridor_clear
[INFO] [1783787403.513388994] [coverage_follow_path_executor_node]: [DYNAMIC_REJOIN] candidate index=79 distance_from_block=4.575 inside_local_costmap=true static_safe=true global_safe=true planner_allowed=true static_reason=static_reference_free global_reason=global_safe local_reason=local_corridor_clear
[INFO] [1783787403.518558864] [coverage_follow_path_executor_node]: [DYNAMIC_REJOIN] candidate index=80 distance_from_block=4.625 inside_local_costmap=true static_safe=true global_safe=true planner_allowed=true static_reason=static_reference_free global_reason=global_safe local_reason=local_corridor_clear
[INFO] [1783787403.521690643] [coverage_follow_path_executor_node]: [DYNAMIC_REJOIN] candidate index=81 distance_from_block=4.675 inside_local_costmap=true static_safe=true global_safe=true planner_allowed=true static_reason=static_reference_free global_reason=global_safe local_reason=local_corridor_clear
[INFO] [1783787403.525199031] [coverage_follow_path_executor_node]: [DYNAMIC_REJOIN] candidate index=82 distance_from_block=4.725 inside_local_costmap=true static_safe=true global_safe=true planner_allowed=true static_reason=static_reference_free global_reason=global_safe local_reason=local_corridor_clear
[INFO] [1783787403.527824583] [coverage_follow_path_executor_node]: [DYNAMIC_REJOIN] candidate index=83 distance_from_block=4.775 inside_local_costmap=true static_safe=true global_safe=true planner_allowed=true static_reason=static_reference_free global_reason=global_safe local_reason=local_corridor_clear
[INFO] [1783787403.530818431] [coverage_follow_path_executor_node]: [DYNAMIC_REJOIN] candidate index=84 distance_from_block=4.825 inside_local_costmap=true static_safe=true global_safe=true planner_allowed=true static_reason=static_reference_free global_reason=global_safe local_reason=local_corridor_clear
[INFO] [1783787403.534058920] [coverage_follow_path_executor_node]: [DYNAMIC_REJOIN] candidate index=85 distance_from_block=4.875 inside_local_costmap=true static_safe=true global_safe=true planner_allowed=true static_reason=static_reference_free global_reason=global_safe local_reason=local_corridor_clear
[INFO] [1783787403.537192976] [coverage_follow_path_executor_node]: [DYNAMIC_REJOIN] candidate index=86 distance_from_block=4.925 inside_local_costmap=true static_safe=true global_safe=true planner_allowed=true static_reason=static_reference_free global_reason=global_safe local_reason=local_corridor_clear
[INFO] [1783787403.541202537] [coverage_follow_path_executor_node]: [DYNAMIC_REJOIN] candidate index=87 distance_from_block=4.975 inside_local_costmap=true static_safe=true global_safe=true planner_allowed=true static_reason=static_reference_free global_reason=global_safe local_reason=local_corridor_clear
[INFO] [1783787403.544803306] [coverage_follow_path_executor_node]: [DYNAMIC_CONNECTOR] requesting Nav2 ComputePathToPose connector rejoin_index=11
[INFO] [1783787403.566934845] [coverage_follow_path_executor_node]: [DYNAMIC_CONNECTOR] Nav2 connector result status=4 error_code=0 error_msg=
[INFO] [1783787403.568389329] [coverage_follow_path_executor_node]: [DYNAMIC_CONNECTOR] Nav2 connector poses=28 length=0.756
[INFO] [1783787403.934396671] [coverage_follow_path_executor_node]: [DYNAMIC_VALIDATE] candidate valid before cancel
[INFO] [1783787403.935864079] [coverage_follow_path_executor_node]: [DYNAMIC_CONNECTOR] planner connector accepted poses=28 length=0.756
[WARN] [1783787403.939548784] [coverage_follow_path_executor_node]: [DYNAMIC_SKIP] skipped segment recorded segment_id=2 reason=ROBOT_STUCK_NO_PROGRESS poses=1 distance=0.000 rejoin_index=11 max_cost=0
[INFO] [1783787403.945559903] [coverage_follow_path_executor_node]: [DYNAMIC_SKIP] canceling current FollowPath to send dynamic bypass
[INFO] [1783787403.950506221] [coverage_follow_path_executor_node]: [DYNAMIC_SKIP] sending rejoin FollowPath remaining_poses=128 remaining_distance=7.314
[INFO] [1783787403.951417056] [coverage_follow_path_executor_node]: Coverage FollowPath status: WAITING_FOR_NAV2
[INFO] [1783787403.992630348] [coverage_follow_path_executor_node]: Coverage FollowPath status: EXECUTING
[INFO] [1783787403.993814414] [coverage_follow_path_executor_node]: Sending final frozen path to Nav2 FollowPath: reason=dynamic_obstacle_bypass_rejoin action=/follow_path controller_id=FollowPath goal_checker_id=goal_checker poses=128 path_length=7.31m first=(x=0.023 y=0.034 yaw=0.00) last=(x=-0.502 y=-1.041 yaw=0.00) robot=(x=0.009 y=0.021 yaw=-0.00) start_index=0. This is FollowPath, not NavigateThroughPoses.
[INFO] [1783787404.013166071] [coverage_follow_path_executor_node]: FollowPath goal accepted by Nav2
[INFO] [1783787404.034332438] [coverage_follow_path_executor_node]: FollowPath result: status=6 error_code=0 NONE error_msg=
[INFO] [1783787404.035105898] [coverage_follow_path_executor_node]: [DYNAMIC_SKIP] ignored stale FollowPath result from a previous goal
[INFO] [1783787407.383001694] [coverage_follow_path_executor_node]: Ignoring /coverage_path update because active coverage path is frozen.
[INFO] [1783787413.334676389] [coverage_follow_path_executor_node]: Ignoring /coverage_path update because active coverage path is frozen.
[INFO] [1783787418.032586969] [coverage_follow_path_executor_node]: Coverage FollowPath status: SKIPPING_DYNAMIC_OBSTACLE
[WARN] [1783787418.034630831] [coverage_follow_path_executor_node]: [STUCK_SKIP] robot appears stuck; skipping current coverage points nearest_index=0 blocked_end_index=23 no_progress_sec=10.0 moved=0.000m
[WARN] [1783787418.038329740] [coverage_follow_path_executor_node]: [DYNAMIC_SKIP] refining temporary path against frozen original path active_rejoin_index=27 original_rejoin_index=11 projected_block_start=11 projected_block_end=11
[INFO] [1783787418.052609702] [coverage_follow_path_executor_node]: [DYNAMIC_REJOIN] searching original path from index=12 max_distance=5.00m
[INFO] [1783787418.056040618] [coverage_follow_path_executor_node]: [DYNAMIC_REJOIN] candidate index=12 distance_from_block=0.050 inside_local_costmap=true static_safe=true global_safe=true planner_allowed=true static_reason=static_reference_free global_reason=global_safe local_reason=local_corridor_clear
[INFO] [1783787418.059362933] [coverage_follow_path_executor_node]: [DYNAMIC_REJOIN] candidate index=13 distance_from_block=0.100 inside_local_costmap=true static_safe=true global_safe=true planner_allowed=true static_reason=static_reference_free global_reason=global_safe local_reason=local_corridor_clear
[INFO] [1783787418.063411883] [coverage_follow_path_executor_node]: [DYNAMIC_REJOIN] candidate index=14 distance_from_block=0.150 inside_local_costmap=true static_safe=true global_safe=true planner_allowed=true static_reason=static_reference_free global_reason=global_safe local_reason=local_corridor_clear
[INFO] [1783787418.066118293] [coverage_follow_path_executor_node]: [DYNAMIC_REJOIN] candidate index=15 distance_from_block=0.200 inside_local_costmap=true static_safe=true global_safe=true planner_allowed=true static_reason=static_reference_free global_reason=global_safe local_reason=local_corridor_clear
[INFO] [1783787418.068676328] [coverage_follow_path_executor_node]: [DYNAMIC_REJOIN] candidate index=16 distance_from_block=0.250 inside_local_costmap=true static_safe=true global_safe=true planner_allowed=true static_reason=static_reference_free global_reason=global_safe local_reason=local_corridor_clear
[INFO] [1783787418.072393069] [coverage_follow_path_executor_node]: [DYNAMIC_REJOIN] candidate index=17 distance_from_block=0.300 inside_local_costmap=true static_safe=true global_safe=true planner_allowed=true static_reason=static_reference_free global_reason=global_safe local_reason=local_corridor_clear
[INFO] [1783787418.074941068] [coverage_follow_path_executor_node]: [DYNAMIC_REJOIN] candidate index=18 distance_from_block=0.350 inside_local_costmap=true static_safe=true global_safe=true planner_allowed=true static_reason=static_reference_free global_reason=global_safe local_reason=local_corridor_clear
[INFO] [1783787418.077696733] [coverage_follow_path_executor_node]: [DYNAMIC_REJOIN] candidate index=19 distance_from_block=0.400 inside_local_costmap=true static_safe=true global_safe=true planner_allowed=true static_reason=static_reference_free global_reason=global_safe local_reason=local_corridor_clear
[INFO] [1783787418.080432622] [coverage_follow_path_executor_node]: [DYNAMIC_REJOIN] candidate index=20 distance_from_block=0.450 inside_local_costmap=true static_safe=true global_safe=true planner_allowed=true static_reason=static_reference_free global_reason=global_safe local_reason=local_corridor_clear
[INFO] [1783787418.083006267] [coverage_follow_path_executor_node]: [DYNAMIC_REJOIN] candidate index=21 distance_from_block=0.500 inside_local_costmap=true static_safe=true global_safe=true planner_allowed=true static_reason=static_reference_free global_reason=global_safe local_reason=local_corridor_clear
[INFO] [1783787418.086283271] [coverage_follow_path_executor_node]: [DYNAMIC_REJOIN] candidate index=22 distance_from_block=0.550 inside_local_costmap=true static_safe=true global_safe=true planner_allowed=true static_reason=static_reference_free global_reason=global_safe local_reason=local_corridor_clear
[INFO] [1783787418.091334608] [coverage_follow_path_executor_node]: [DYNAMIC_REJOIN] candidate index=23 distance_from_block=0.600 inside_local_costmap=true static_safe=true global_safe=true planner_allowed=true static_reason=static_reference_free global_reason=global_safe local_reason=local_corridor_clear
[INFO] [1783787418.095319841] [coverage_follow_path_executor_node]: [DYNAMIC_REJOIN] candidate index=24 distance_from_block=0.650 inside_local_costmap=true static_safe=true global_safe=true planner_allowed=true static_reason=static_reference_free global_reason=global_safe local_reason=local_corridor_clear
[INFO] [1783787418.097769961] [coverage_follow_path_executor_node]: [DYNAMIC_REJOIN] candidate index=25 distance_from_block=0.700 inside_local_costmap=true static_safe=true global_safe=true planner_allowed=true static_reason=static_reference_free global_reason=global_safe local_reason=local_corridor_clear
[INFO] [1783787418.100710145] [coverage_follow_path_executor_node]: [DYNAMIC_REJOIN] candidate index=26 distance_from_block=0.750 inside_local_costmap=true static_safe=true global_safe=true planner_allowed=true static_reason=static_reference_free global_reason=global_safe local_reason=local_corridor_clear
[INFO] [1783787418.103438072] [coverage_follow_path_executor_node]: [DYNAMIC_REJOIN] candidate index=27 distance_from_block=0.800 inside_local_costmap=true static_safe=true global_safe=true planner_allowed=true static_reason=static_reference_free global_reason=global_safe local_reason=local_corridor_clear
[INFO] [1783787418.106568405] [coverage_follow_path_executor_node]: [DYNAMIC_REJOIN] candidate index=28 distance_from_block=0.850 inside_local_costmap=true static_safe=true global_safe=true planner_allowed=true static_reason=static_reference_free global_reason=global_safe local_reason=local_corridor_clear
[INFO] [1783787418.109824708] [coverage_follow_path_executor_node]: [DYNAMIC_REJOIN] candidate index=29 distance_from_block=0.900 inside_local_costmap=true static_safe=true global_safe=true planner_allowed=true static_reason=static_reference_free global_reason=global_safe local_reason=local_corridor_clear
[INFO] [1783787418.112554097] [coverage_follow_path_executor_node]: [DYNAMIC_REJOIN] candidate index=30 distance_from_block=0.950 inside_local_costmap=true static_safe=true global_safe=true planner_allowed=true static_reason=static_reference_free global_reason=global_safe local_reason=local_corridor_clear
[INFO] [1783787418.115428973] [coverage_follow_path_executor_node]: [DYNAMIC_REJOIN] candidate index=31 distance_from_block=1.000 inside_local_costmap=true static_safe=true global_safe=true planner_allowed=true static_reason=static_reference_free global_reason=global_safe local_reason=local_corridor_clear
[INFO] [1783787418.118352511] [coverage_follow_path_executor_node]: [DYNAMIC_REJOIN] candidate index=32 distance_from_block=1.050 inside_local_costmap=true static_safe=true global_safe=true planner_allowed=true static_reason=static_reference_free global_reason=global_safe local_reason=local_corridor_clear
[INFO] [1783787418.122215312] [coverage_follow_path_executor_node]: [DYNAMIC_REJOIN] candidate index=33 distance_from_block=1.453 inside_local_costmap=true static_safe=true global_safe=true planner_allowed=true static_reason=static_reference_free global_reason=global_safe local_reason=local_corridor_clear
[INFO] [1783787418.125570994] [coverage_follow_path_executor_node]: [DYNAMIC_REJOIN] candidate index=34 distance_from_block=1.503 inside_local_costmap=true static_safe=true global_safe=true planner_allowed=true static_reason=static_reference_free global_reason=global_safe local_reason=local_corridor_clear
[INFO] [1783787418.128359433] [coverage_follow_path_executor_node]: [DYNAMIC_REJOIN] candidate index=35 distance_from_block=1.553 inside_local_costmap=true static_safe=true global_safe=true planner_allowed=true static_reason=static_reference_free global_reason=global_safe local_reason=local_corridor_clear
[INFO] [1783787418.131032032] [coverage_follow_path_executor_node]: [DYNAMIC_REJOIN] candidate index=36 distance_from_block=1.603 inside_local_costmap=true static_safe=true global_safe=true planner_allowed=true static_reason=static_reference_free global_reason=global_safe local_reason=local_corridor_clear
[INFO] [1783787418.133568810] [coverage_follow_path_executor_node]: [DYNAMIC_REJOIN] candidate index=37 distance_from_block=1.653 inside_local_costmap=true static_safe=true global_safe=true planner_allowed=true static_reason=static_reference_free global_reason=global_safe local_reason=local_corridor_clear
[INFO] [1783787418.136308940] [coverage_follow_path_executor_node]: [DYNAMIC_REJOIN] candidate index=38 distance_from_block=1.703 inside_local_costmap=true static_safe=true global_safe=true planner_allowed=true static_reason=static_reference_free global_reason=global_safe local_reason=local_corridor_clear
[INFO] [1783787418.139167336] [coverage_follow_path_executor_node]: [DYNAMIC_REJOIN] candidate index=39 distance_from_block=1.753 inside_local_costmap=true static_safe=true global_safe=true planner_allowed=true static_reason=static_reference_free global_reason=global_safe local_reason=local_corridor_clear
[INFO] [1783787418.141991753] [coverage_follow_path_executor_node]: [DYNAMIC_REJOIN] candidate index=40 distance_from_block=1.803 inside_local_costmap=true static_safe=true global_safe=true planner_allowed=true static_reason=static_reference_free global_reason=global_safe local_reason=local_corridor_clear
[INFO] [1783787418.144231541] [coverage_follow_path_executor_node]: [DYNAMIC_REJOIN] candidate index=41 distance_from_block=1.853 inside_local_costmap=true static_safe=true global_safe=true planner_allowed=true static_reason=static_reference_free global_reason=global_safe local_reason=local_corridor_clear
[INFO] [1783787418.146930989] [coverage_follow_path_executor_node]: [DYNAMIC_REJOIN] candidate index=42 distance_from_block=1.903 inside_local_costmap=true static_safe=true global_safe=true planner_allowed=true static_reason=static_reference_free global_reason=global_safe local_reason=local_corridor_clear
[INFO] [1783787418.149669267] [coverage_follow_path_executor_node]: [DYNAMIC_REJOIN] candidate index=43 distance_from_block=1.953 inside_local_costmap=true static_safe=true global_safe=true planner_allowed=true static_reason=static_reference_free global_reason=global_safe local_reason=local_corridor_clear
[INFO] [1783787418.153342530] [coverage_follow_path_executor_node]: [DYNAMIC_REJOIN] candidate index=44 distance_from_block=2.003 inside_local_costmap=true static_safe=true global_safe=true planner_allowed=true static_reason=static_reference_free global_reason=global_safe local_reason=local_corridor_clear
[INFO] [1783787418.156500360] [coverage_follow_path_executor_node]: [DYNAMIC_REJOIN] candidate index=45 distance_from_block=2.053 inside_local_costmap=true static_safe=true global_safe=true planner_allowed=true static_reason=static_reference_free global_reason=global_safe local_reason=local_corridor_clear
[INFO] [1783787418.159497724] [coverage_follow_path_executor_node]: [DYNAMIC_REJOIN] candidate index=46 distance_from_block=2.103 inside_local_costmap=true static_safe=true global_safe=true planner_allowed=true static_reason=static_reference_free global_reason=global_safe local_reason=local_corridor_clear
[INFO] [1783787418.162825150] [coverage_follow_path_executor_node]: [DYNAMIC_REJOIN] candidate index=47 distance_from_block=2.153 inside_local_costmap=true static_safe=true global_safe=true planner_allowed=true static_reason=static_reference_free global_reason=global_safe local_reason=local_corridor_clear
[INFO] [1783787418.165782888] [coverage_follow_path_executor_node]: [DYNAMIC_REJOIN] candidate index=48 distance_from_block=2.203 inside_local_costmap=true static_safe=true global_safe=true planner_allowed=true static_reason=static_reference_free global_reason=global_safe local_reason=local_corridor_clear
[INFO] [1783787418.168329814] [coverage_follow_path_executor_node]: [DYNAMIC_REJOIN] candidate index=49 distance_from_block=2.253 inside_local_costmap=true static_safe=true global_safe=true planner_allowed=true static_reason=static_reference_free global_reason=global_safe local_reason=local_corridor_clear
[INFO] [1783787418.172084143] [coverage_follow_path_executor_node]: [DYNAMIC_REJOIN] candidate index=50 distance_from_block=2.303 inside_local_costmap=true static_safe=true global_safe=true planner_allowed=true static_reason=static_reference_free global_reason=global_safe local_reason=local_corridor_clear
[INFO] [1783787418.175200644] [coverage_follow_path_executor_node]: [DYNAMIC_REJOIN] candidate index=51 distance_from_block=2.353 inside_local_costmap=true static_safe=true global_safe=true planner_allowed=true static_reason=static_reference_free global_reason=global_safe local_reason=local_corridor_clear
[INFO] [1783787418.178618635] [coverage_follow_path_executor_node]: [DYNAMIC_REJOIN] candidate index=52 distance_from_block=2.403 inside_local_costmap=true static_safe=true global_safe=true planner_allowed=true static_reason=static_reference_free global_reason=global_safe local_reason=local_corridor_clear
[INFO] [1783787418.181860606] [coverage_follow_path_executor_node]: [DYNAMIC_REJOIN] candidate index=53 distance_from_block=2.453 inside_local_costmap=true static_safe=true global_safe=true planner_allowed=true static_reason=static_reference_free global_reason=global_safe local_reason=local_corridor_clear
[INFO] [1783787418.183855121] [coverage_follow_path_executor_node]: [DYNAMIC_REJOIN] candidate index=54 distance_from_block=2.503 inside_local_costmap=true static_safe=true global_safe=true planner_allowed=true static_reason=static_reference_free global_reason=global_safe local_reason=local_corridor_clear
[INFO] [1783787418.186807915] [coverage_follow_path_executor_node]: [DYNAMIC_REJOIN] candidate index=55 distance_from_block=2.553 inside_local_costmap=true static_safe=true global_safe=true planner_allowed=true static_reason=static_reference_free global_reason=global_safe local_reason=local_corridor_clear
[INFO] [1783787418.189836628] [coverage_follow_path_executor_node]: [DYNAMIC_REJOIN] candidate index=56 distance_from_block=2.603 inside_local_costmap=true static_safe=true global_safe=true planner_allowed=true static_reason=static_reference_free global_reason=global_safe local_reason=local_corridor_clear
[INFO] [1783787418.192749148] [coverage_follow_path_executor_node]: [DYNAMIC_REJOIN] candidate index=57 distance_from_block=2.653 inside_local_costmap=true static_safe=true global_safe=true planner_allowed=true static_reason=static_reference_free global_reason=global_safe local_reason=local_corridor_clear
[INFO] [1783787418.195695536] [coverage_follow_path_executor_node]: [DYNAMIC_REJOIN] candidate index=58 distance_from_block=2.703 inside_local_costmap=true static_safe=true global_safe=true planner_allowed=true static_reason=static_reference_free global_reason=global_safe local_reason=local_corridor_clear
[INFO] [1783787418.198581096] [coverage_follow_path_executor_node]: [DYNAMIC_REJOIN] candidate index=59 distance_from_block=3.175 inside_local_costmap=true static_safe=true global_safe=true planner_allowed=true static_reason=static_reference_free global_reason=global_safe local_reason=local_corridor_clear
[INFO] [1783787418.200482527] [coverage_follow_path_executor_node]: [DYNAMIC_REJOIN] candidate index=60 distance_from_block=3.225 inside_local_costmap=true static_safe=true global_safe=true planner_allowed=true static_reason=static_reference_free global_reason=global_safe local_reason=local_corridor_clear
[INFO] [1783787418.202663876] [coverage_follow_path_executor_node]: [DYNAMIC_REJOIN] candidate index=61 distance_from_block=3.275 inside_local_costmap=true static_safe=true global_safe=true planner_allowed=true static_reason=static_reference_free global_reason=global_safe local_reason=local_corridor_clear
[INFO] [1783787418.205481535] [coverage_follow_path_executor_node]: [DYNAMIC_REJOIN] candidate index=62 distance_from_block=3.325 inside_local_costmap=true static_safe=true global_safe=true planner_allowed=true static_reason=static_reference_free global_reason=global_safe local_reason=local_corridor_clear
[INFO] [1783787418.209274620] [coverage_follow_path_executor_node]: [DYNAMIC_REJOIN] candidate index=63 distance_from_block=3.375 inside_local_costmap=true static_safe=true global_safe=true planner_allowed=true static_reason=static_reference_free global_reason=global_safe local_reason=local_corridor_clear
[INFO] [1783787418.212645634] [coverage_follow_path_executor_node]: [DYNAMIC_REJOIN] candidate index=64 distance_from_block=3.425 inside_local_costmap=true static_safe=true global_safe=true planner_allowed=true static_reason=static_reference_free global_reason=global_safe local_reason=local_corridor_clear
[INFO] [1783787418.216239793] [coverage_follow_path_executor_node]: [DYNAMIC_REJOIN] candidate index=65 distance_from_block=3.475 inside_local_costmap=true static_safe=true global_safe=true planner_allowed=true static_reason=static_reference_free global_reason=global_safe local_reason=local_corridor_clear
[INFO] [1783787418.220092910] [coverage_follow_path_executor_node]: [DYNAMIC_REJOIN] candidate index=66 distance_from_block=3.525 inside_local_costmap=true static_safe=true global_safe=true planner_allowed=false static_reason=static_reference_free global_reason=global_safe local_reason=local_lethal_cell_in_robot_corridor
[INFO] [1783787418.224326213] [coverage_follow_path_executor_node]: [DYNAMIC_REJOIN] candidate index=67 distance_from_block=3.775 inside_local_costmap=true static_safe=true global_safe=true planner_allowed=true static_reason=static_reference_free global_reason=global_safe local_reason=local_corridor_clear
[INFO] [1783787418.227710744] [coverage_follow_path_executor_node]: [DYNAMIC_REJOIN] candidate index=68 distance_from_block=3.825 inside_local_costmap=true static_safe=true global_safe=true planner_allowed=true static_reason=static_reference_free global_reason=global_safe local_reason=local_corridor_clear
[INFO] [1783787418.229978510] [coverage_follow_path_executor_node]: [DYNAMIC_REJOIN] candidate index=69 distance_from_block=3.875 inside_local_costmap=true static_safe=true global_safe=true planner_allowed=true static_reason=static_reference_free global_reason=global_safe local_reason=local_corridor_clear
[INFO] [1783787418.232544841] [coverage_follow_path_executor_node]: [DYNAMIC_REJOIN] candidate index=70 distance_from_block=3.925 inside_local_costmap=true static_safe=true global_safe=true planner_allowed=true static_reason=static_reference_free global_reason=global_safe local_reason=local_corridor_clear
[INFO] [1783787418.235237401] [coverage_follow_path_executor_node]: [DYNAMIC_REJOIN] candidate index=71 distance_from_block=3.975 inside_local_costmap=true static_safe=true global_safe=true planner_allowed=true static_reason=static_reference_free global_reason=global_safe local_reason=local_corridor_clear
[INFO] [1783787418.239494035] [coverage_follow_path_executor_node]: [DYNAMIC_REJOIN] candidate index=72 distance_from_block=4.025 inside_local_costmap=true static_safe=true global_safe=true planner_allowed=true static_reason=static_reference_free global_reason=global_safe local_reason=local_corridor_clear
[INFO] [1783787418.243129431] [coverage_follow_path_executor_node]: [DYNAMIC_REJOIN] candidate index=73 distance_from_block=4.075 inside_local_costmap=true static_safe=true global_safe=true planner_allowed=true static_reason=static_reference_free global_reason=global_safe local_reason=local_corridor_clear
[INFO] [1783787418.247425969] [coverage_follow_path_executor_node]: [DYNAMIC_REJOIN] candidate index=74 distance_from_block=4.125 inside_local_costmap=true static_safe=true global_safe=true planner_allowed=true static_reason=static_reference_free global_reason=global_safe local_reason=local_corridor_clear
[INFO] [1783787418.249817075] [coverage_follow_path_executor_node]: [DYNAMIC_REJOIN] candidate index=75 distance_from_block=4.175 inside_local_costmap=true static_safe=true global_safe=true planner_allowed=true static_reason=static_reference_free global_reason=global_safe local_reason=local_corridor_clear
[INFO] [1783787418.252966333] [coverage_follow_path_executor_node]: [DYNAMIC_REJOIN] candidate index=76 distance_from_block=4.225 inside_local_costmap=true static_safe=true global_safe=true planner_allowed=true static_reason=static_reference_free global_reason=global_safe local_reason=local_corridor_clear
[INFO] [1783787418.256095277] [coverage_follow_path_executor_node]: [DYNAMIC_REJOIN] candidate index=77 distance_from_block=4.275 inside_local_costmap=true static_safe=true global_safe=true planner_allowed=true static_reason=static_reference_free global_reason=global_safe local_reason=local_corridor_clear
[INFO] [1783787418.258559284] [coverage_follow_path_executor_node]: [DYNAMIC_REJOIN] candidate index=78 distance_from_block=4.325 inside_local_costmap=true static_safe=true global_safe=true planner_allowed=true static_reason=static_reference_free global_reason=global_safe local_reason=local_corridor_clear
[INFO] [1783787418.261557334] [coverage_follow_path_executor_node]: [DYNAMIC_REJOIN] candidate index=79 distance_from_block=4.525 inside_local_costmap=true static_safe=true global_safe=true planner_allowed=true static_reason=static_reference_free global_reason=global_safe local_reason=local_corridor_clear
[INFO] [1783787418.264494796] [coverage_follow_path_executor_node]: [DYNAMIC_REJOIN] candidate index=80 distance_from_block=4.575 inside_local_costmap=true static_safe=true global_safe=true planner_allowed=true static_reason=static_reference_free global_reason=global_safe local_reason=local_corridor_clear
[INFO] [1783787418.267108771] [coverage_follow_path_executor_node]: [DYNAMIC_REJOIN] candidate index=81 distance_from_block=4.625 inside_local_costmap=true static_safe=true global_safe=true planner_allowed=true static_reason=static_reference_free global_reason=global_safe local_reason=local_corridor_clear
[INFO] [1783787418.271231954] [coverage_follow_path_executor_node]: [DYNAMIC_REJOIN] candidate index=82 distance_from_block=4.675 inside_local_costmap=true static_safe=true global_safe=true planner_allowed=true static_reason=static_reference_free global_reason=global_safe local_reason=local_corridor_clear
[INFO] [1783787418.273957307] [coverage_follow_path_executor_node]: [DYNAMIC_REJOIN] candidate index=83 distance_from_block=4.725 inside_local_costmap=true static_safe=true global_safe=true planner_allowed=true static_reason=static_reference_free global_reason=global_safe local_reason=local_corridor_clear
[INFO] [1783787418.277378187] [coverage_follow_path_executor_node]: [DYNAMIC_REJOIN] candidate index=84 distance_from_block=4.775 inside_local_costmap=true static_safe=true global_safe=true planner_allowed=true static_reason=static_reference_free global_reason=global_safe local_reason=local_corridor_clear
[INFO] [1783787418.280620361] [coverage_follow_path_executor_node]: [DYNAMIC_REJOIN] candidate index=85 distance_from_block=4.825 inside_local_costmap=true static_safe=true global_safe=true planner_allowed=true static_reason=static_reference_free global_reason=global_safe local_reason=local_corridor_clear
[INFO] [1783787418.284266460] [coverage_follow_path_executor_node]: [DYNAMIC_REJOIN] candidate index=86 distance_from_block=4.875 inside_local_costmap=true static_safe=true global_safe=true planner_allowed=true static_reason=static_reference_free global_reason=global_safe local_reason=local_corridor_clear
[INFO] [1783787418.287438326] [coverage_follow_path_executor_node]: [DYNAMIC_REJOIN] candidate index=87 distance_from_block=4.925 inside_local_costmap=true static_safe=true global_safe=true planner_allowed=true static_reason=static_reference_free global_reason=global_safe local_reason=local_corridor_clear
[INFO] [1783787418.290536829] [coverage_follow_path_executor_node]: [DYNAMIC_REJOIN] candidate index=88 distance_from_block=4.975 inside_local_costmap=true static_safe=true global_safe=true planner_allowed=true static_reason=static_reference_free global_reason=global_safe local_reason=local_corridor_clear
[INFO] [1783787418.293212039] [coverage_follow_path_executor_node]: [DYNAMIC_CONNECTOR] requesting Nav2 ComputePathToPose connector rejoin_index=12
[INFO] [1783787418.304014349] [coverage_follow_path_executor_node]: [DYNAMIC_CONNECTOR] Nav2 connector result status=4 error_code=0 error_msg=
[INFO] [1783787418.306261210] [coverage_follow_path_executor_node]: [DYNAMIC_CONNECTOR] Nav2 connector poses=30 length=0.806
[WARN] [1783787418.559360751] [coverage_follow_path_executor_node]: [DYNAMIC_CONNECTOR] planner connector rejected reason=connector_shortcut_would_skip_accessible_coverage connector_length=0.806 frozen_replaced_length=0.050 allowed_length=0.800 replacement_start_index=11 rejoin_index=12
[WARN] [1783787418.561331824] [coverage_follow_path_executor_node]: [DYNAMIC_CONNECTOR] planner connector rejected reason=planner_failed_status=4_error_code=0_poses=30
[INFO] [1783787418.562631386] [coverage_follow_path_executor_node]: [DYNAMIC_CONNECTOR] trying local A* fallback rejoin_index=12
[INFO] [1783787418.819568008] [coverage_follow_path_executor_node]: [DYNAMIC_VALIDATE] candidate valid before cancel
[INFO] [1783787418.822546207] [coverage_follow_path_executor_node]: [DYNAMIC_CONNECTOR] local A* fallback accepted poses=15 length=0.763
[WARN] [1783787418.828656665] [coverage_follow_path_executor_node]: [DYNAMIC_SKIP] skipped segment recorded segment_id=3 reason=ROBOT_STUCK_NO_PROGRESS poses=1 distance=0.000 rejoin_index=12 max_cost=0
[INFO] [1783787418.836554658] [coverage_follow_path_executor_node]: [DYNAMIC_SKIP] canceling current FollowPath to send dynamic bypass
[INFO] [1783787418.845250019] [coverage_follow_path_executor_node]: Ignoring /coverage_path update because active coverage path is frozen.
[INFO] [1783787418.852625302] [coverage_follow_path_executor_node]: [DYNAMIC_SKIP] sending rejoin FollowPath remaining_poses=114 remaining_distance=7.271
[INFO] [1783787418.855516658] [coverage_follow_path_executor_node]: Coverage FollowPath status: WAITING_FOR_NAV2
[INFO] [1783787418.897674294] [coverage_follow_path_executor_node]: Coverage FollowPath status: EXECUTING
[INFO] [1783787418.898606446] [coverage_follow_path_executor_node]: Sending final frozen path to Nav2 FollowPath: reason=dynamic_obstacle_bypass_rejoin action=/follow_path controller_id=FollowPath goal_checker_id=goal_checker poses=114 path_length=7.27m first=(x=0.009 y=0.021 yaw=-0.33) last=(x=-0.502 y=-1.041 yaw=0.00) robot=(x=0.009 y=0.021 yaw=-0.00) start_index=0. This is FollowPath, not NavigateThroughPoses.
[INFO] [1783787418.905420856] [coverage_follow_path_executor_node]: FollowPath goal accepted by Nav2
[INFO] [1783787418.938066856] [coverage_follow_path_executor_node]: FollowPath result: status=6 error_code=0 NONE error_msg=
[INFO] [1783787418.939709423] [coverage_follow_path_executor_node]: [DYNAMIC_SKIP] ignored stale FollowPath result from a previous goal
[INFO] [1783787419.134119086] [coverage_follow_path_executor_node]: FollowPath result: status=6 error_code=105 FAILED_TO_MAKE_PROGRESS error_msg=
[WARN] [1783787419.148190943] [coverage_follow_path_executor_node]: [DYNAMIC_SKIP] recoverable FollowPath error 105 FAILED_TO_MAKE_PROGRESS did not match a confirmed local-only obstacle; reason=clear local_lethal_count=0 local_inscribed_count=0 dynamic_only_blocked_count=0
[INFO] [1783787419.153985081] [coverage_follow_path_executor_node]: Coverage FollowPath status: SKIPPING_DYNAMIC_OBSTACLE
[WARN] [1783787419.155120159] [coverage_follow_path_executor_node]: [STUCK_SKIP] robot appears stuck; skipping current coverage points nearest_index=0 blocked_end_index=12 no_progress_sec=0.0 moved=0.000m
[WARN] [1783787419.157699934] [coverage_follow_path_executor_node]: [DYNAMIC_SKIP] refining temporary path against frozen original path active_rejoin_index=14 original_rejoin_index=12 projected_block_start=12 projected_block_end=12
[INFO] [1783787419.173420320] [coverage_follow_path_executor_node]: [DYNAMIC_REJOIN] searching original path from index=13 max_distance=5.00m
[INFO] [1783787419.176340822] [coverage_follow_path_executor_node]: [DYNAMIC_REJOIN] candidate index=13 distance_from_block=0.050 inside_local_costmap=true static_safe=true global_safe=true planner_allowed=true static_reason=static_reference_free global_reason=global_safe local_reason=local_corridor_clear
[INFO] [1783787419.179633049] [coverage_follow_path_executor_node]: [DYNAMIC_REJOIN] candidate index=14 distance_from_block=0.100 inside_local_costmap=true static_safe=true global_safe=true planner_allowed=true static_reason=static_reference_free global_reason=global_safe local_reason=local_corridor_clear
[INFO] [1783787419.183279297] [coverage_follow_path_executor_node]: [DYNAMIC_REJOIN] candidate index=15 distance_from_block=0.150 inside_local_costmap=true static_safe=true global_safe=true planner_allowed=true static_reason=static_reference_free global_reason=global_safe local_reason=local_corridor_clear
[INFO] [1783787419.186075977] [coverage_follow_path_executor_node]: [DYNAMIC_REJOIN] candidate index=16 distance_from_block=0.200 inside_local_costmap=true static_safe=true global_safe=true planner_allowed=true static_reason=static_reference_free global_reason=global_safe local_reason=local_corridor_clear
[INFO] [1783787419.192971549] [coverage_follow_path_executor_node]: [DYNAMIC_REJOIN] candidate index=17 distance_from_block=0.250 inside_local_costmap=true static_safe=true global_safe=true planner_allowed=true static_reason=static_reference_free global_reason=global_safe local_reason=local_corridor_clear
[INFO] [1783787419.196149619] [coverage_follow_path_executor_node]: [DYNAMIC_REJOIN] candidate index=18 distance_from_block=0.300 inside_local_costmap=true static_safe=true global_safe=true planner_allowed=true static_reason=static_reference_free global_reason=global_safe local_reason=local_corridor_clear
[INFO] [1783787419.198241995] [coverage_follow_path_executor_node]: [DYNAMIC_REJOIN] candidate index=19 distance_from_block=0.350 inside_local_costmap=true static_safe=true global_safe=true planner_allowed=true static_reason=static_reference_free global_reason=global_safe local_reason=local_corridor_clear
[INFO] [1783787419.200461712] [coverage_follow_path_executor_node]: [DYNAMIC_REJOIN] candidate index=20 distance_from_block=0.400 inside_local_costmap=true static_safe=true global_safe=true planner_allowed=true static_reason=static_reference_free global_reason=global_safe local_reason=local_corridor_clear
[INFO] [1783787419.203564400] [coverage_follow_path_executor_node]: [DYNAMIC_REJOIN] candidate index=21 distance_from_block=0.450 inside_local_costmap=true static_safe=true global_safe=true planner_allowed=true static_reason=static_reference_free global_reason=global_safe local_reason=local_corridor_clear
[INFO] [1783787419.209335059] [coverage_follow_path_executor_node]: [DYNAMIC_REJOIN] candidate index=22 distance_from_block=0.500 inside_local_costmap=true static_safe=true global_safe=true planner_allowed=true static_reason=static_reference_free global_reason=global_safe local_reason=local_corridor_clear
[INFO] [1783787419.213449689] [coverage_follow_path_executor_node]: [DYNAMIC_REJOIN] candidate index=23 distance_from_block=0.550 inside_local_costmap=true static_safe=true global_safe=true planner_allowed=true static_reason=static_reference_free global_reason=global_safe local_reason=local_corridor_clear
[INFO] [1783787419.217033203] [coverage_follow_path_executor_node]: [DYNAMIC_REJOIN] candidate index=24 distance_from_block=0.600 inside_local_costmap=true static_safe=true global_safe=true planner_allowed=true static_reason=static_reference_free global_reason=global_safe local_reason=local_corridor_clear
[INFO] [1783787419.220249362] [coverage_follow_path_executor_node]: [DYNAMIC_REJOIN] candidate index=25 distance_from_block=0.650 inside_local_costmap=true static_safe=true global_safe=true planner_allowed=true static_reason=static_reference_free global_reason=global_safe local_reason=local_corridor_clear
[INFO] [1783787419.222980956] [coverage_follow_path_executor_node]: [DYNAMIC_REJOIN] candidate index=26 distance_from_block=0.700 inside_local_costmap=true static_safe=true global_safe=true planner_allowed=true static_reason=static_reference_free global_reason=global_safe local_reason=local_corridor_clear
[INFO] [1783787419.226901345] [coverage_follow_path_executor_node]: [DYNAMIC_REJOIN] candidate index=27 distance_from_block=0.750 inside_local_costmap=true static_safe=true global_safe=true planner_allowed=true static_reason=static_reference_free global_reason=global_safe local_reason=local_corridor_clear
[INFO] [1783787419.229513747] [coverage_follow_path_executor_node]: [DYNAMIC_REJOIN] candidate index=28 distance_from_block=0.800 inside_local_costmap=true static_safe=true global_safe=true planner_allowed=true static_reason=static_reference_free global_reason=global_safe local_reason=local_corridor_clear
[INFO] [1783787419.233279151] [coverage_follow_path_executor_node]: [DYNAMIC_REJOIN] candidate index=29 distance_from_block=0.850 inside_local_costmap=true static_safe=true global_safe=true planner_allowed=true static_reason=static_reference_free global_reason=global_safe local_reason=local_corridor_clear
[INFO] [1783787419.236848406] [coverage_follow_path_executor_node]: [DYNAMIC_REJOIN] candidate index=30 distance_from_block=0.900 inside_local_costmap=true static_safe=true global_safe=true planner_allowed=true static_reason=static_reference_free global_reason=global_safe local_reason=local_corridor_clear
[INFO] [1783787419.241389755] [coverage_follow_path_executor_node]: [DYNAMIC_REJOIN] candidate index=31 distance_from_block=0.950 inside_local_costmap=true static_safe=true global_safe=true planner_allowed=true static_reason=static_reference_free global_reason=global_safe local_reason=local_corridor_clear
[INFO] [1783787419.244958955] [coverage_follow_path_executor_node]: [DYNAMIC_REJOIN] candidate index=32 distance_from_block=1.000 inside_local_costmap=true static_safe=true global_safe=true planner_allowed=true static_reason=static_reference_free global_reason=global_safe local_reason=local_corridor_clear
[INFO] [1783787419.249535875] [coverage_follow_path_executor_node]: [DYNAMIC_REJOIN] candidate index=33 distance_from_block=1.403 inside_local_costmap=true static_safe=true global_safe=true planner_allowed=true static_reason=static_reference_free global_reason=global_safe local_reason=local_corridor_clear
[INFO] [1783787419.255197878] [coverage_follow_path_executor_node]: [DYNAMIC_REJOIN] candidate index=34 distance_from_block=1.453 inside_local_costmap=true static_safe=true global_safe=true planner_allowed=true static_reason=static_reference_free global_reason=global_safe local_reason=local_corridor_clear
[INFO] [1783787419.259127451] [coverage_follow_path_executor_node]: [DYNAMIC_REJOIN] candidate index=35 distance_from_block=1.503 inside_local_costmap=true static_safe=true global_safe=true planner_allowed=true static_reason=static_reference_free global_reason=global_safe local_reason=local_corridor_clear
[INFO] [1783787419.264345662] [coverage_follow_path_executor_node]: [DYNAMIC_REJOIN] candidate index=36 distance_from_block=1.553 inside_local_costmap=true static_safe=true global_safe=true planner_allowed=true static_reason=static_reference_free global_reason=global_safe local_reason=local_corridor_clear
[INFO] [1783787419.267832851] [coverage_follow_path_executor_node]: [DYNAMIC_REJOIN] candidate index=37 distance_from_block=1.603 inside_local_costmap=true static_safe=true global_safe=true planner_allowed=true static_reason=static_reference_free global_reason=global_safe local_reason=local_corridor_clear
[INFO] [1783787419.271754296] [coverage_follow_path_executor_node]: [DYNAMIC_REJOIN] candidate index=38 distance_from_block=1.653 inside_local_costmap=true static_safe=true global_safe=true planner_allowed=true static_reason=static_reference_free global_reason=global_safe local_reason=local_corridor_clear
[INFO] [1783787419.276151011] [coverage_follow_path_executor_node]: [DYNAMIC_REJOIN] candidate index=39 distance_from_block=1.703 inside_local_costmap=true static_safe=true global_safe=true planner_allowed=true static_reason=static_reference_free global_reason=global_safe local_reason=local_corridor_clear
[INFO] [1783787419.279144172] [coverage_follow_path_executor_node]: [DYNAMIC_REJOIN] candidate index=40 distance_from_block=1.753 inside_local_costmap=true static_safe=true global_safe=true planner_allowed=true static_reason=static_reference_free global_reason=global_safe local_reason=local_corridor_clear
[INFO] [1783787419.282399439] [coverage_follow_path_executor_node]: [DYNAMIC_REJOIN] candidate index=41 distance_from_block=1.803 inside_local_costmap=true static_safe=true global_safe=true planner_allowed=true static_reason=static_reference_free global_reason=global_safe local_reason=local_corridor_clear
[INFO] [1783787419.285609932] [coverage_follow_path_executor_node]: [DYNAMIC_REJOIN] candidate index=42 distance_from_block=1.853 inside_local_costmap=true static_safe=true global_safe=true planner_allowed=true static_reason=static_reference_free global_reason=global_safe local_reason=local_corridor_clear
[INFO] [1783787419.290120247] [coverage_follow_path_executor_node]: [DYNAMIC_REJOIN] candidate index=43 distance_from_block=1.903 inside_local_costmap=true static_safe=true global_safe=true planner_allowed=true static_reason=static_reference_free global_reason=global_safe local_reason=local_corridor_clear
[INFO] [1783787419.293166349] [coverage_follow_path_executor_node]: [DYNAMIC_REJOIN] candidate index=44 distance_from_block=1.953 inside_local_costmap=true static_safe=true global_safe=true planner_allowed=true static_reason=static_reference_free global_reason=global_safe local_reason=local_corridor_clear
[INFO] [1783787419.296848168] [coverage_follow_path_executor_node]: [DYNAMIC_REJOIN] candidate index=45 distance_from_block=2.003 inside_local_costmap=true static_safe=true global_safe=true planner_allowed=true static_reason=static_reference_free global_reason=global_safe local_reason=local_corridor_clear
[INFO] [1783787419.300319692] [coverage_follow_path_executor_node]: [DYNAMIC_REJOIN] candidate index=46 distance_from_block=2.053 inside_local_costmap=true static_safe=true global_safe=true planner_allowed=true static_reason=static_reference_free global_reason=global_safe local_reason=local_corridor_clear
[INFO] [1783787419.306774397] [coverage_follow_path_executor_node]: [DYNAMIC_REJOIN] candidate index=47 distance_from_block=2.103 inside_local_costmap=true static_safe=true global_safe=true planner_allowed=true static_reason=static_reference_free global_reason=global_safe local_reason=local_corridor_clear
[INFO] [1783787419.309375837] [coverage_follow_path_executor_node]: [DYNAMIC_REJOIN] candidate index=48 distance_from_block=2.153 inside_local_costmap=true static_safe=true global_safe=true planner_allowed=true static_reason=static_reference_free global_reason=global_safe local_reason=local_corridor_clear
[INFO] [1783787419.311548002] [coverage_follow_path_executor_node]: [DYNAMIC_REJOIN] candidate index=49 distance_from_block=2.203 inside_local_costmap=true static_safe=true global_safe=true planner_allowed=true static_reason=static_reference_free global_reason=global_safe local_reason=local_corridor_clear
[INFO] [1783787419.314897908] [coverage_follow_path_executor_node]: [DYNAMIC_REJOIN] candidate index=50 distance_from_block=2.253 inside_local_costmap=true static_safe=true global_safe=true planner_allowed=true static_reason=static_reference_free global_reason=global_safe local_reason=local_corridor_clear
[INFO] [1783787419.317402412] [coverage_follow_path_executor_node]: [DYNAMIC_REJOIN] candidate index=51 distance_from_block=2.303 inside_local_costmap=true static_safe=true global_safe=true planner_allowed=true static_reason=static_reference_free global_reason=global_safe local_reason=local_corridor_clear
[INFO] [1783787419.323186070] [coverage_follow_path_executor_node]: [DYNAMIC_REJOIN] candidate index=52 distance_from_block=2.353 inside_local_costmap=true static_safe=true global_safe=true planner_allowed=true static_reason=static_reference_free global_reason=global_safe local_reason=local_corridor_clear
[INFO] [1783787419.330640977] [coverage_follow_path_executor_node]: [DYNAMIC_REJOIN] candidate index=53 distance_from_block=2.403 inside_local_costmap=true static_safe=true global_safe=true planner_allowed=true static_reason=static_reference_free global_reason=global_safe local_reason=local_corridor_clear
[INFO] [1783787419.336645503] [coverage_follow_path_executor_node]: [DYNAMIC_REJOIN] candidate index=54 distance_from_block=2.453 inside_local_costmap=true static_safe=true global_safe=true planner_allowed=true static_reason=static_reference_free global_reason=global_safe local_reason=local_corridor_clear
[INFO] [1783787419.338961414] [coverage_follow_path_executor_node]: [DYNAMIC_REJOIN] candidate index=55 distance_from_block=2.503 inside_local_costmap=true static_safe=true global_safe=true planner_allowed=true static_reason=static_reference_free global_reason=global_safe local_reason=local_corridor_clear
[INFO] [1783787419.341216516] [coverage_follow_path_executor_node]: [DYNAMIC_REJOIN] candidate index=56 distance_from_block=2.553 inside_local_costmap=true static_safe=true global_safe=true planner_allowed=true static_reason=static_reference_free global_reason=global_safe local_reason=local_corridor_clear
[INFO] [1783787419.344455470] [coverage_follow_path_executor_node]: [DYNAMIC_REJOIN] candidate index=57 distance_from_block=2.603 inside_local_costmap=true static_safe=true global_safe=true planner_allowed=true static_reason=static_reference_free global_reason=global_safe local_reason=local_corridor_clear
[INFO] [1783787419.347439151] [coverage_follow_path_executor_node]: [DYNAMIC_REJOIN] candidate index=58 distance_from_block=2.653 inside_local_costmap=true static_safe=true global_safe=true planner_allowed=true static_reason=static_reference_free global_reason=global_safe local_reason=local_corridor_clear
[INFO] [1783787419.350487308] [coverage_follow_path_executor_node]: [DYNAMIC_REJOIN] candidate index=59 distance_from_block=3.125 inside_local_costmap=true static_safe=true global_safe=true planner_allowed=true static_reason=static_reference_free global_reason=global_safe local_reason=local_corridor_clear
[INFO] [1783787419.354246749] [coverage_follow_path_executor_node]: [DYNAMIC_REJOIN] candidate index=60 distance_from_block=3.175 inside_local_costmap=true static_safe=true global_safe=true planner_allowed=true static_reason=static_reference_free global_reason=global_safe local_reason=local_corridor_clear
[INFO] [1783787419.361180928] [coverage_follow_path_executor_node]: [DYNAMIC_REJOIN] candidate index=61 distance_from_block=3.225 inside_local_costmap=true static_safe=true global_safe=true planner_allowed=true static_reason=static_reference_free global_reason=global_safe local_reason=local_corridor_clear
[INFO] [1783787419.369903697] [coverage_follow_path_executor_node]: [DYNAMIC_REJOIN] candidate index=62 distance_from_block=3.275 inside_local_costmap=true static_safe=true global_safe=true planner_allowed=true static_reason=static_reference_free global_reason=global_safe local_reason=local_corridor_clear
[INFO] [1783787419.378641650] [coverage_follow_path_executor_node]: [DYNAMIC_REJOIN] candidate index=63 distance_from_block=3.325 inside_local_costmap=true static_safe=true global_safe=true planner_allowed=true static_reason=static_reference_free global_reason=global_safe local_reason=local_corridor_clear
[INFO] [1783787419.382843512] [coverage_follow_path_executor_node]: [DYNAMIC_REJOIN] candidate index=64 distance_from_block=3.375 inside_local_costmap=true static_safe=true global_safe=true planner_allowed=true static_reason=static_reference_free global_reason=global_safe local_reason=local_corridor_clear
[INFO] [1783787419.388522550] [coverage_follow_path_executor_node]: [DYNAMIC_REJOIN] candidate index=65 distance_from_block=3.425 inside_local_costmap=true static_safe=true global_safe=true planner_allowed=true static_reason=static_reference_free global_reason=global_safe local_reason=local_corridor_clear
[INFO] [1783787419.395312965] [coverage_follow_path_executor_node]: [DYNAMIC_REJOIN] candidate index=66 distance_from_block=3.475 inside_local_costmap=true static_safe=true global_safe=true planner_allowed=false static_reason=static_reference_free global_reason=global_safe local_reason=local_lethal_cell_in_robot_corridor
[INFO] [1783787419.399192006] [coverage_follow_path_executor_node]: [DYNAMIC_REJOIN] candidate index=67 distance_from_block=3.725 inside_local_costmap=true static_safe=true global_safe=true planner_allowed=true static_reason=static_reference_free global_reason=global_safe local_reason=local_corridor_clear
[INFO] [1783787419.401938617] [coverage_follow_path_executor_node]: [DYNAMIC_REJOIN] candidate index=68 distance_from_block=3.775 inside_local_costmap=true static_safe=true global_safe=true planner_allowed=true static_reason=static_reference_free global_reason=global_safe local_reason=local_corridor_clear
[INFO] [1783787419.404981959] [coverage_follow_path_executor_node]: [DYNAMIC_REJOIN] candidate index=69 distance_from_block=3.825 inside_local_costmap=true static_safe=true global_safe=true planner_allowed=true static_reason=static_reference_free global_reason=global_safe local_reason=local_corridor_clear
[INFO] [1783787419.410944692] [coverage_follow_path_executor_node]: [DYNAMIC_REJOIN] candidate index=70 distance_from_block=3.875 inside_local_costmap=true static_safe=true global_safe=true planner_allowed=true static_reason=static_reference_free global_reason=global_safe local_reason=local_corridor_clear
[INFO] [1783787419.415997327] [coverage_follow_path_executor_node]: [DYNAMIC_REJOIN] candidate index=71 distance_from_block=3.925 inside_local_costmap=true static_safe=true global_safe=true planner_allowed=true static_reason=static_reference_free global_reason=global_safe local_reason=local_corridor_clear
[INFO] [1783787419.431124713] [coverage_follow_path_executor_node]: [DYNAMIC_REJOIN] candidate index=72 distance_from_block=3.975 inside_local_costmap=true static_safe=true global_safe=true planner_allowed=true static_reason=static_reference_free global_reason=global_safe local_reason=local_corridor_clear
[INFO] [1783787419.434160408] [coverage_follow_path_executor_node]: [DYNAMIC_REJOIN] candidate index=73 distance_from_block=4.025 inside_local_costmap=true static_safe=true global_safe=true planner_allowed=true static_reason=static_reference_free global_reason=global_safe local_reason=local_corridor_clear
[INFO] [1783787419.443623496] [coverage_follow_path_executor_node]: [DYNAMIC_REJOIN] candidate index=74 distance_from_block=4.075 inside_local_costmap=true static_safe=true global_safe=true planner_allowed=true static_reason=static_reference_free global_reason=global_safe local_reason=local_corridor_clear
[INFO] [1783787419.447593658] [coverage_follow_path_executor_node]: [DYNAMIC_REJOIN] candidate index=75 distance_from_block=4.125 inside_local_costmap=true static_safe=true global_safe=true planner_allowed=true static_reason=static_reference_free global_reason=global_safe local_reason=local_corridor_clear
[INFO] [1783787419.450526659] [coverage_follow_path_executor_node]: [DYNAMIC_REJOIN] candidate index=76 distance_from_block=4.175 inside_local_costmap=true static_safe=true global_safe=true planner_allowed=true static_reason=static_reference_free global_reason=global_safe local_reason=local_corridor_clear
[INFO] [1783787419.456141444] [coverage_follow_path_executor_node]: [DYNAMIC_REJOIN] candidate index=77 distance_from_block=4.225 inside_local_costmap=true static_safe=true global_safe=true planner_allowed=true static_reason=static_reference_free global_reason=global_safe local_reason=local_corridor_clear
[INFO] [1783787419.463617794] [coverage_follow_path_executor_node]: [DYNAMIC_REJOIN] candidate index=78 distance_from_block=4.275 inside_local_costmap=true static_safe=true global_safe=true planner_allowed=true static_reason=static_reference_free global_reason=global_safe local_reason=local_corridor_clear
[INFO] [1783787419.467024954] [coverage_follow_path_executor_node]: [DYNAMIC_REJOIN] candidate index=79 distance_from_block=4.475 inside_local_costmap=true static_safe=true global_safe=true planner_allowed=true static_reason=static_reference_free global_reason=global_safe local_reason=local_corridor_clear
[INFO] [1783787419.471257850] [coverage_follow_path_executor_node]: [DYNAMIC_REJOIN] candidate index=80 distance_from_block=4.525 inside_local_costmap=true static_safe=true global_safe=true planner_allowed=true static_reason=static_reference_free global_reason=global_safe local_reason=local_corridor_clear
[INFO] [1783787419.474602590] [coverage_follow_path_executor_node]: [DYNAMIC_REJOIN] candidate index=81 distance_from_block=4.575 inside_local_costmap=true static_safe=true global_safe=true planner_allowed=true static_reason=static_reference_free global_reason=global_safe local_reason=local_corridor_clear
[INFO] [1783787419.478815785] [coverage_follow_path_executor_node]: [DYNAMIC_REJOIN] candidate index=82 distance_from_block=4.625 inside_local_costmap=true static_safe=true global_safe=true planner_allowed=true static_reason=static_reference_free global_reason=global_safe local_reason=local_corridor_clear
[INFO] [1783787419.482038999] [coverage_follow_path_executor_node]: [DYNAMIC_REJOIN] candidate index=83 distance_from_block=4.675 inside_local_costmap=true static_safe=true global_safe=true planner_allowed=true static_reason=static_reference_free global_reason=global_safe local_reason=local_corridor_clear
[INFO] [1783787419.489851410] [coverage_follow_path_executor_node]: [DYNAMIC_REJOIN] candidate index=84 distance_from_block=4.725 inside_local_costmap=true static_safe=true global_safe=true planner_allowed=true static_reason=static_reference_free global_reason=global_safe local_reason=local_corridor_clear
[INFO] [1783787419.494637902] [coverage_follow_path_executor_node]: [DYNAMIC_REJOIN] candidate index=85 distance_from_block=4.775 inside_local_costmap=true static_safe=true global_safe=true planner_allowed=true static_reason=static_reference_free global_reason=global_safe local_reason=local_corridor_clear
[INFO] [1783787419.497662487] [coverage_follow_path_executor_node]: [DYNAMIC_REJOIN] candidate index=86 distance_from_block=4.825 inside_local_costmap=true static_safe=true global_safe=true planner_allowed=true static_reason=static_reference_free global_reason=global_safe local_reason=local_corridor_clear
[INFO] [1783787419.500023320] [coverage_follow_path_executor_node]: [DYNAMIC_REJOIN] candidate index=87 distance_from_block=4.875 inside_local_costmap=true static_safe=true global_safe=true planner_allowed=true static_reason=static_reference_free global_reason=global_safe local_reason=local_corridor_clear
[INFO] [1783787419.503656477] [coverage_follow_path_executor_node]: [DYNAMIC_REJOIN] candidate index=88 distance_from_block=4.925 inside_local_costmap=true static_safe=true global_safe=true planner_allowed=true static_reason=static_reference_free global_reason=global_safe local_reason=local_corridor_clear
[INFO] [1783787419.507280653] [coverage_follow_path_executor_node]: [DYNAMIC_REJOIN] candidate index=89 distance_from_block=4.975 inside_local_costmap=true static_safe=true global_safe=true planner_allowed=true static_reason=static_reference_free global_reason=global_safe local_reason=local_corridor_clear
[INFO] [1783787419.514053717] [coverage_follow_path_executor_node]: [DYNAMIC_CONNECTOR] requesting Nav2 ComputePathToPose connector rejoin_index=13
[INFO] [1783787419.527636880] [coverage_follow_path_executor_node]: Ignoring /coverage_path update because the first valid coverage path is already cached. Call /reset_coverage_follow_path to accept a new path.
[INFO] [1783787419.556335892] [coverage_follow_path_executor_node]: [DYNAMIC_CONNECTOR] Nav2 connector result status=4 error_code=0 error_msg=
[INFO] [1783787419.557721299] [coverage_follow_path_executor_node]: [DYNAMIC_CONNECTOR] Nav2 connector poses=32 length=0.856
[WARN] [1783787419.858132197] [coverage_follow_path_executor_node]: [DYNAMIC_CONNECTOR] planner connector rejected reason=connector_shortcut_would_skip_accessible_coverage connector_length=0.856 frozen_replaced_length=0.050 allowed_length=0.800 replacement_start_index=12 rejoin_index=13
[WARN] [1783787419.861776816] [coverage_follow_path_executor_node]: [DYNAMIC_CONNECTOR] planner connector rejected reason=planner_failed_status=4_error_code=0_poses=32
[INFO] [1783787419.864156684] [coverage_follow_path_executor_node]: [DYNAMIC_CONNECTOR] trying local A* fallback rejoin_index=13
[WARN] [1783787420.019844029] [coverage_follow_path_executor_node]: [DYNAMIC_CONNECTOR] local A* fallback rejected reason=connector_shortcut_would_skip_accessible_coverage connector_length=0.813 frozen_replaced_length=0.050 allowed_length=0.800 replacement_start_index=12 rejoin_index=13
[INFO] [1783787420.023695777] [coverage_follow_path_executor_node]: [DYNAMIC_CONNECTOR] trying lateral fallback rejoin_index=13
[INFO] [1783787420.034664505] [coverage_follow_path_executor_node]: [DYNAMIC_CONNECTOR] lateral connector selected rejoin_index=13 lateral_offset=0.100 poses=21 distance=0.992
[WARN] [1783787420.209170993] [coverage_follow_path_executor_node]: [DYNAMIC_CONNECTOR] lateral fallback rejected reason=connector_shortcut_would_skip_accessible_coverage connector_length=0.992 frozen_replaced_length=0.050 allowed_length=0.800 replacement_start_index=12 rejoin_index=13
[INFO] [1783787420.211133383] [coverage_follow_path_executor_node]: [DYNAMIC_CONNECTOR] requesting Nav2 ComputePathToPose connector rejoin_index=14
[INFO] [1783787420.233334238] [coverage_follow_path_executor_node]: [DYNAMIC_CONNECTOR] Nav2 connector result status=4 error_code=0 error_msg=
[INFO] [1783787420.235088833] [coverage_follow_path_executor_node]: [DYNAMIC_CONNECTOR] Nav2 connector poses=34 length=0.906
[WARN] [1783787420.511251924] [coverage_follow_path_executor_node]: [DYNAMIC_CONNECTOR] planner connector rejected reason=connector_shortcut_would_skip_accessible_coverage connector_length=0.906 frozen_replaced_length=0.100 allowed_length=0.850 replacement_start_index=12 rejoin_index=14
[WARN] [1783787420.512980557] [coverage_follow_path_executor_node]: [DYNAMIC_CONNECTOR] planner connector rejected reason=planner_failed_status=4_error_code=0_poses=34
[INFO] [1783787420.514099674] [coverage_follow_path_executor_node]: [DYNAMIC_CONNECTOR] trying local A* fallback rejoin_index=14
[WARN] [1783787420.669683221] [coverage_follow_path_executor_node]: [DYNAMIC_CONNECTOR] local A* fallback rejected reason=connector_shortcut_would_skip_accessible_coverage connector_length=0.864 frozen_replaced_length=0.100 allowed_length=0.850 replacement_start_index=12 rejoin_index=14
[INFO] [1783787420.672181653] [coverage_follow_path_executor_node]: [DYNAMIC_CONNECTOR] trying lateral fallback rejoin_index=14
[INFO] [1783787420.682573453] [coverage_follow_path_executor_node]: [DYNAMIC_CONNECTOR] lateral connector selected rejoin_index=14 lateral_offset=0.100 poses=22 distance=1.042
[WARN] [1783787420.836561613] [coverage_follow_path_executor_node]: [DYNAMIC_CONNECTOR] lateral fallback rejected reason=connector_shortcut_would_skip_accessible_coverage connector_length=1.042 frozen_replaced_length=0.100 allowed_length=0.850 replacement_start_index=12 rejoin_index=14
[INFO] [1783787420.839518094] [coverage_follow_path_executor_node]: [DYNAMIC_CONNECTOR] requesting Nav2 ComputePathToPose connector rejoin_index=15
[INFO] [1783787420.854245190] [coverage_follow_path_executor_node]: [DYNAMIC_CONNECTOR] Nav2 connector result status=4 error_code=0 error_msg=
[INFO] [1783787420.855573158] [coverage_follow_path_executor_node]: [DYNAMIC_CONNECTOR] Nav2 connector poses=36 length=0.956
[WARN] [1783787421.161966807] [coverage_follow_path_executor_node]: [DYNAMIC_CONNECTOR] planner connector rejected reason=connector_shortcut_would_skip_accessible_coverage connector_length=0.956 frozen_replaced_length=0.150 allowed_length=0.900 replacement_start_index=12 rejoin_index=15
[WARN] [1783787421.163620596] [coverage_follow_path_executor_node]: [DYNAMIC_CONNECTOR] planner connector rejected reason=planner_failed_status=4_error_code=0_poses=36
[INFO] [1783787421.167186207] [coverage_follow_path_executor_node]: [DYNAMIC_CONNECTOR] trying local A* fallback rejoin_index=15
[WARN] [1783787421.402492901] [coverage_follow_path_executor_node]: [DYNAMIC_CONNECTOR] local A* fallback rejected reason=connector_shortcut_would_skip_accessible_coverage connector_length=0.914 frozen_replaced_length=0.150 allowed_length=0.900 replacement_start_index=12 rejoin_index=15
[INFO] [1783787421.403470458] [coverage_follow_path_executor_node]: [DYNAMIC_CONNECTOR] trying lateral fallback rejoin_index=15
[INFO] [1783787421.412206083] [coverage_follow_path_executor_node]: [DYNAMIC_CONNECTOR] lateral connector selected rejoin_index=15 lateral_offset=0.100 poses=23 distance=1.092
[WARN] [1783787421.585751662] [coverage_follow_path_executor_node]: [DYNAMIC_CONNECTOR] lateral fallback rejected reason=connector_shortcut_would_skip_accessible_coverage connector_length=1.092 frozen_replaced_length=0.150 allowed_length=0.900 replacement_start_index=12 rejoin_index=15
[INFO] [1783787421.588602543] [coverage_follow_path_executor_node]: [DYNAMIC_CONNECTOR] requesting Nav2 ComputePathToPose connector rejoin_index=16
[INFO] [1783787421.614626399] [coverage_follow_path_executor_node]: [DYNAMIC_CONNECTOR] Nav2 connector result status=4 error_code=0 error_msg=
[INFO] [1783787421.615684429] [coverage_follow_path_executor_node]: [DYNAMIC_CONNECTOR] Nav2 connector poses=38 length=1.006
[WARN] [1783787421.936120993] [coverage_follow_path_executor_node]: [DYNAMIC_CONNECTOR] planner connector rejected reason=connector_shortcut_would_skip_accessible_coverage connector_length=1.006 frozen_replaced_length=0.200 allowed_length=0.950 replacement_start_index=12 rejoin_index=16
[WARN] [1783787421.937579894] [coverage_follow_path_executor_node]: [DYNAMIC_CONNECTOR] planner connector rejected reason=planner_failed_status=4_error_code=0_poses=38
[INFO] [1783787421.940330487] [coverage_follow_path_executor_node]: [DYNAMIC_CONNECTOR] trying local A* fallback rejoin_index=16
[WARN] [1783787422.103692738] [coverage_follow_path_executor_node]: [DYNAMIC_CONNECTOR] local A* fallback rejected reason=connector_shortcut_would_skip_accessible_coverage connector_length=0.964 frozen_replaced_length=0.200 allowed_length=0.950 replacement_start_index=12 rejoin_index=16
[INFO] [1783787422.104509958] [coverage_follow_path_executor_node]: [DYNAMIC_CONNECTOR] trying lateral fallback rejoin_index=16
[INFO] [1783787422.111918284] [coverage_follow_path_executor_node]: [DYNAMIC_CONNECTOR] lateral connector selected rejoin_index=16 lateral_offset=0.100 poses=24 distance=1.142
[WARN] [1783787422.324953615] [coverage_follow_path_executor_node]: [DYNAMIC_CONNECTOR] lateral fallback rejected reason=connector_shortcut_would_skip_accessible_coverage connector_length=1.142 frozen_replaced_length=0.200 allowed_length=0.950 replacement_start_index=12 rejoin_index=16
[INFO] [1783787422.327330245] [coverage_follow_path_executor_node]: [DYNAMIC_CONNECTOR] requesting Nav2 ComputePathToPose connector rejoin_index=17
[INFO] [1783787422.355612380] [coverage_follow_path_executor_node]: [DYNAMIC_CONNECTOR] Nav2 connector result status=4 error_code=0 error_msg=
[INFO] [1783787422.356905148] [coverage_follow_path_executor_node]: [DYNAMIC_CONNECTOR] Nav2 connector poses=40 length=1.056
[WARN] [1783787422.683778025] [coverage_follow_path_executor_node]: [DYNAMIC_CONNECTOR] planner connector rejected reason=connector_shortcut_would_skip_accessible_coverage connector_length=1.056 frozen_replaced_length=0.250 allowed_length=1.000 replacement_start_index=12 rejoin_index=17
[WARN] [1783787422.684854758] [coverage_follow_path_executor_node]: [DYNAMIC_CONNECTOR] planner connector rejected reason=planner_failed_status=4_error_code=0_poses=40
[INFO] [1783787422.687780410] [coverage_follow_path_executor_node]: [DYNAMIC_CONNECTOR] trying local A* fallback rejoin_index=17
[WARN] [1783787422.863613700] [coverage_follow_path_executor_node]: [DYNAMIC_CONNECTOR] local A* fallback rejected reason=connector_shortcut_would_skip_accessible_coverage connector_length=1.014 frozen_replaced_length=0.250 allowed_length=1.000 replacement_start_index=12 rejoin_index=17
[INFO] [1783787422.864915356] [coverage_follow_path_executor_node]: [DYNAMIC_CONNECTOR] trying lateral fallback rejoin_index=17
[INFO] [1783787422.876648537] [coverage_follow_path_executor_node]: [DYNAMIC_CONNECTOR] lateral connector selected rejoin_index=17 lateral_offset=0.100 poses=25 distance=1.192
[WARN] [1783787423.075457572] [coverage_follow_path_executor_node]: [DYNAMIC_CONNECTOR] lateral fallback rejected reason=connector_shortcut_would_skip_accessible_coverage connector_length=1.192 frozen_replaced_length=0.250 allowed_length=1.000 replacement_start_index=12 rejoin_index=17
[INFO] [1783787423.079584910] [coverage_follow_path_executor_node]: [DYNAMIC_CONNECTOR] requesting Nav2 ComputePathToPose connector rejoin_index=18
[INFO] [1783787423.100582825] [coverage_follow_path_executor_node]: [DYNAMIC_CONNECTOR] Nav2 connector result status=4 error_code=0 error_msg=
[INFO] [1783787423.101790805] [coverage_follow_path_executor_node]: [DYNAMIC_CONNECTOR] Nav2 connector poses=42 length=1.106
[WARN] [1783787423.469945622] [coverage_follow_path_executor_node]: [DYNAMIC_CONNECTOR] planner connector rejected reason=connector_shortcut_would_skip_accessible_coverage connector_length=1.106 frozen_replaced_length=0.300 allowed_length=1.050 replacement_start_index=12 rejoin_index=18
[WARN] [1783787423.472218633] [coverage_follow_path_executor_node]: [DYNAMIC_CONNECTOR] planner connector rejected reason=planner_failed_status=4_error_code=0_poses=42
[INFO] [1783787423.474004651] [coverage_follow_path_executor_node]: [DYNAMIC_CONNECTOR] trying local A* fallback rejoin_index=18
[WARN] [1783787423.660060987] [coverage_follow_path_executor_node]: [DYNAMIC_CONNECTOR] local A* fallback rejected reason=connector_shortcut_would_skip_accessible_coverage connector_length=1.065 frozen_replaced_length=0.300 allowed_length=1.050 replacement_start_index=12 rejoin_index=18
[INFO] [1783787423.661151867] [coverage_follow_path_executor_node]: [DYNAMIC_CONNECTOR] trying lateral fallback rejoin_index=18
[INFO] [1783787423.673012466] [coverage_follow_path_executor_node]: [DYNAMIC_CONNECTOR] lateral connector selected rejoin_index=18 lateral_offset=0.100 poses=26 distance=1.242
[WARN] [1783787423.873034259] [coverage_follow_path_executor_node]: [DYNAMIC_CONNECTOR] lateral fallback rejected reason=connector_shortcut_would_skip_accessible_coverage connector_length=1.242 frozen_replaced_length=0.300 allowed_length=1.050 replacement_start_index=12 rejoin_index=18
[INFO] [1783787423.875719880] [coverage_follow_path_executor_node]: [DYNAMIC_CONNECTOR] requesting Nav2 ComputePathToPose connector rejoin_index=19
[INFO] [1783787423.894367291] [coverage_follow_path_executor_node]: [DYNAMIC_CONNECTOR] Nav2 connector result status=4 error_code=0 error_msg=
[INFO] [1783787423.896069299] [coverage_follow_path_executor_node]: [DYNAMIC_CONNECTOR] Nav2 connector poses=44 length=1.156
[WARN] [1783787424.281580492] [coverage_follow_path_executor_node]: [DYNAMIC_CONNECTOR] planner connector rejected reason=connector_shortcut_would_skip_accessible_coverage connector_length=1.156 frozen_replaced_length=0.350 allowed_length=1.100 replacement_start_index=12 rejoin_index=19
[WARN] [1783787424.282653466] [coverage_follow_path_executor_node]: [DYNAMIC_CONNECTOR] planner connector rejected reason=planner_failed_status=4_error_code=0_poses=44
[INFO] [1783787424.283685185] [coverage_follow_path_executor_node]: [DYNAMIC_CONNECTOR] trying local A* fallback rejoin_index=19
[WARN] [1783787424.484704151] [coverage_follow_path_executor_node]: [DYNAMIC_CONNECTOR] local A* fallback rejected reason=connector_shortcut_would_skip_accessible_coverage connector_length=1.115 frozen_replaced_length=0.350 allowed_length=1.100 replacement_start_index=12 rejoin_index=19
[INFO] [1783787424.485765737] [coverage_follow_path_executor_node]: [DYNAMIC_CONNECTOR] trying lateral fallback rejoin_index=19
[INFO] [1783787424.493331405] [coverage_follow_path_executor_node]: [DYNAMIC_CONNECTOR] lateral connector selected rejoin_index=19 lateral_offset=0.100 poses=27 distance=1.291
[WARN] [1783787424.694251565] [coverage_follow_path_executor_node]: [DYNAMIC_CONNECTOR] lateral fallback rejected reason=connector_shortcut_would_skip_accessible_coverage connector_length=1.291 frozen_replaced_length=0.350 allowed_length=1.100 replacement_start_index=12 rejoin_index=19
[INFO] [1783787424.696395033] [coverage_follow_path_executor_node]: [DYNAMIC_CONNECTOR] requesting Nav2 ComputePathToPose connector rejoin_index=20
[INFO] [1783787424.716233617] [coverage_follow_path_executor_node]: Ignoring /coverage_path update because the first valid coverage path is already cached. Call /reset_coverage_follow_path to accept a new path.
[INFO] [1783787424.726706366] [coverage_follow_path_executor_node]: [DYNAMIC_CONNECTOR] Nav2 connector result status=4 error_code=0 error_msg=
[INFO] [1783787424.727972008] [coverage_follow_path_executor_node]: [DYNAMIC_CONNECTOR] Nav2 connector poses=46 length=1.206
[WARN] [1783787425.098091857] [coverage_follow_path_executor_node]: [DYNAMIC_CONNECTOR] planner connector rejected reason=connector_shortcut_would_skip_accessible_coverage connector_length=1.206 frozen_replaced_length=0.400 allowed_length=1.200 replacement_start_index=12 rejoin_index=20
[WARN] [1783787425.099024808] [coverage_follow_path_executor_node]: [DYNAMIC_CONNECTOR] planner connector rejected reason=planner_failed_status=4_error_code=0_poses=46
[INFO] [1783787425.099952852] [coverage_follow_path_executor_node]: [DYNAMIC_CONNECTOR] trying local A* fallback rejoin_index=20
[INFO] [1783787425.422156420] [coverage_follow_path_executor_node]: [DYNAMIC_VALIDATE] candidate valid before cancel
[INFO] [1783787425.423142200] [coverage_follow_path_executor_node]: [DYNAMIC_CONNECTOR] local A* fallback accepted poses=23 length=1.165
[WARN] [1783787425.425046523] [coverage_follow_path_executor_node]: [DYNAMIC_SKIP] skipped segment recorded segment_id=4 reason=ROBOT_STUCK_NO_PROGRESS poses=8 distance=0.350 rejoin_index=20 max_cost=0
[INFO] [1783787425.430300185] [coverage_follow_path_executor_node]: [DYNAMIC_SKIP] sending dynamic bypass FollowPath remaining_poses=114 remaining_distance=7.273
[INFO] [1783787425.431065114] [coverage_follow_path_executor_node]: Coverage FollowPath status: WAITING_FOR_NAV2
[INFO] [1783787425.463620083] [coverage_follow_path_executor_node]: Coverage FollowPath status: EXECUTING
[INFO] [1783787425.466567958] [coverage_follow_path_executor_node]: Sending final frozen path to Nav2 FollowPath: reason=dynamic_obstacle_bypass_rejoin_after_failure action=/follow_path controller_id=FollowPath goal_checker_id=goal_checker poses=114 path_length=7.27m first=(x=0.009 y=0.021 yaw=-0.33) last=(x=-0.502 y=-1.041 yaw=0.00) robot=(x=0.009 y=0.021 yaw=-0.00) start_index=0. This is FollowPath, not NavigateThroughPoses.
[INFO] [1783787425.503824566] [coverage_follow_path_executor_node]: Ignoring /coverage_path update because active coverage path is frozen.
[INFO] [1783787425.509696356] [coverage_follow_path_executor_node]: FollowPath goal accepted by Nav2
[INFO] [1783787431.329621906] [coverage_follow_path_executor_node]: Ignoring /coverage_path update because active coverage path is frozen.
[INFO] [1783787436.342565096] [coverage_follow_path_executor_node]: Ignoring /coverage_path update because active coverage path is frozen.
[INFO] [1783787439.798686820] [coverage_follow_path_executor_node]: Coverage FollowPath status: SKIPPING_DYNAMIC_OBSTACLE
[WARN] [1783787439.800680921] [coverage_follow_path_executor_node]: [STUCK_SKIP] robot appears stuck; skipping current coverage points nearest_index=0 blocked_end_index=12 no_progress_sec=10.2 moved=0.016m
[WARN] [1783787439.806835264] [coverage_follow_path_executor_node]: [DYNAMIC_SKIP] refining temporary path against frozen original path active_rejoin_index=22 original_rejoin_index=20 projected_block_start=20 projected_block_end=20
[INFO] [1783787439.825407654] [coverage_follow_path_executor_node]: [DYNAMIC_REJOIN] searching original path from index=21 max_distance=5.00m
[INFO] [1783787439.830132865] [coverage_follow_path_executor_node]: [DYNAMIC_REJOIN] candidate index=21 distance_from_block=0.050 inside_local_costmap=true static_safe=true global_safe=true planner_allowed=true static_reason=static_reference_free global_reason=global_safe local_reason=local_corridor_clear
[INFO] [1783787439.833263643] [coverage_follow_path_executor_node]: [DYNAMIC_REJOIN] candidate index=22 distance_from_block=0.100 inside_local_costmap=true static_safe=true global_safe=true planner_allowed=true static_reason=static_reference_free global_reason=global_safe local_reason=local_corridor_clear
[INFO] [1783787439.835729943] [coverage_follow_path_executor_node]: [DYNAMIC_REJOIN] candidate index=23 distance_from_block=0.150 inside_local_costmap=true static_safe=true global_safe=true planner_allowed=true static_reason=static_reference_free global_reason=global_safe local_reason=local_corridor_clear
[INFO] [1783787439.839378305] [coverage_follow_path_executor_node]: [DYNAMIC_REJOIN] candidate index=24 distance_from_block=0.200 inside_local_costmap=true static_safe=true global_safe=true planner_allowed=true static_reason=static_reference_free global_reason=global_safe local_reason=local_corridor_clear
[INFO] [1783787439.842342690] [coverage_follow_path_executor_node]: [DYNAMIC_REJOIN] candidate index=25 distance_from_block=0.250 inside_local_costmap=true static_safe=true global_safe=true planner_allowed=true static_reason=static_reference_free global_reason=global_safe local_reason=local_corridor_clear
[INFO] [1783787439.844890797] [coverage_follow_path_executor_node]: [DYNAMIC_REJOIN] candidate index=26 distance_from_block=0.300 inside_local_costmap=true static_safe=true global_safe=true planner_allowed=true static_reason=static_reference_free global_reason=global_safe local_reason=local_corridor_clear
[INFO] [1783787439.847924825] [coverage_follow_path_executor_node]: [DYNAMIC_REJOIN] candidate index=27 distance_from_block=0.350 inside_local_costmap=true static_safe=true global_safe=true planner_allowed=true static_reason=static_reference_free global_reason=global_safe local_reason=local_corridor_clear
[INFO] [1783787439.851305877] [coverage_follow_path_executor_node]: [DYNAMIC_REJOIN] candidate index=28 distance_from_block=0.400 inside_local_costmap=true static_safe=true global_safe=true planner_allowed=true static_reason=static_reference_free global_reason=global_safe local_reason=local_corridor_clear
[INFO] [1783787439.854811436] [coverage_follow_path_executor_node]: [DYNAMIC_REJOIN] candidate index=29 distance_from_block=0.450 inside_local_costmap=true static_safe=true global_safe=true planner_allowed=true static_reason=static_reference_free global_reason=global_safe local_reason=local_corridor_clear
[INFO] [1783787439.857489606] [coverage_follow_path_executor_node]: [DYNAMIC_REJOIN] candidate index=30 distance_from_block=0.500 inside_local_costmap=true static_safe=true global_safe=true planner_allowed=true static_reason=static_reference_free global_reason=global_safe local_reason=local_corridor_clear
[INFO] [1783787439.860171831] [coverage_follow_path_executor_node]: [DYNAMIC_REJOIN] candidate index=31 distance_from_block=0.550 inside_local_costmap=true static_safe=true global_safe=true planner_allowed=true static_reason=static_reference_free global_reason=global_safe local_reason=local_corridor_clear
[INFO] [1783787439.864700319] [coverage_follow_path_executor_node]: [DYNAMIC_REJOIN] candidate index=32 distance_from_block=0.600 inside_local_costmap=true static_safe=true global_safe=true planner_allowed=true static_reason=static_reference_free global_reason=global_safe local_reason=local_corridor_clear
[INFO] [1783787439.867930236] [coverage_follow_path_executor_node]: [DYNAMIC_REJOIN] candidate index=33 distance_from_block=1.003 inside_local_costmap=true static_safe=true global_safe=true planner_allowed=true static_reason=static_reference_free global_reason=global_safe local_reason=local_corridor_clear
[INFO] [1783787439.870976540] [coverage_follow_path_executor_node]: [DYNAMIC_REJOIN] candidate index=34 distance_from_block=1.053 inside_local_costmap=true static_safe=true global_safe=true planner_allowed=true static_reason=static_reference_free global_reason=global_safe local_reason=local_corridor_clear
[INFO] [1783787439.874073173] [coverage_follow_path_executor_node]: [DYNAMIC_REJOIN] candidate index=35 distance_from_block=1.103 inside_local_costmap=true static_safe=true global_safe=true planner_allowed=true static_reason=static_reference_free global_reason=global_safe local_reason=local_corridor_clear
[INFO] [1783787439.879210421] [coverage_follow_path_executor_node]: [DYNAMIC_REJOIN] candidate index=36 distance_from_block=1.153 inside_local_costmap=true static_safe=true global_safe=true planner_allowed=true static_reason=static_reference_free global_reason=global_safe local_reason=local_corridor_clear
[INFO] [1783787439.882860264] [coverage_follow_path_executor_node]: [DYNAMIC_REJOIN] candidate index=37 distance_from_block=1.203 inside_local_costmap=true static_safe=true global_safe=true planner_allowed=true static_reason=static_reference_free global_reason=global_safe local_reason=local_corridor_clear
[INFO] [1783787439.885078771] [coverage_follow_path_executor_node]: [DYNAMIC_REJOIN] candidate index=38 distance_from_block=1.253 inside_local_costmap=true static_safe=true global_safe=true planner_allowed=true static_reason=static_reference_free global_reason=global_safe local_reason=local_corridor_clear
[INFO] [1783787439.887964923] [coverage_follow_path_executor_node]: [DYNAMIC_REJOIN] candidate index=39 distance_from_block=1.303 inside_local_costmap=true static_safe=true global_safe=true planner_allowed=true static_reason=static_reference_free global_reason=global_safe local_reason=local_corridor_clear
[INFO] [1783787439.890564877] [coverage_follow_path_executor_node]: [DYNAMIC_REJOIN] candidate index=40 distance_from_block=1.353 inside_local_costmap=true static_safe=true global_safe=true planner_allowed=true static_reason=static_reference_free global_reason=global_safe local_reason=local_corridor_clear
[INFO] [1783787439.893122299] [coverage_follow_path_executor_node]: [DYNAMIC_REJOIN] candidate index=41 distance_from_block=1.403 inside_local_costmap=true static_safe=true global_safe=true planner_allowed=true static_reason=static_reference_free global_reason=global_safe local_reason=local_corridor_clear
[INFO] [1783787439.896011061] [coverage_follow_path_executor_node]: [DYNAMIC_REJOIN] candidate index=42 distance_from_block=1.453 inside_local_costmap=true static_safe=true global_safe=true planner_allowed=true static_reason=static_reference_free global_reason=global_safe local_reason=local_corridor_clear
[INFO] [1783787439.899073586] [coverage_follow_path_executor_node]: [DYNAMIC_REJOIN] candidate index=43 distance_from_block=1.503 inside_local_costmap=true static_safe=true global_safe=true planner_allowed=true static_reason=static_reference_free global_reason=global_safe local_reason=local_corridor_clear
[INFO] [1783787439.902383422] [coverage_follow_path_executor_node]: [DYNAMIC_REJOIN] candidate index=44 distance_from_block=1.553 inside_local_costmap=true static_safe=true global_safe=true planner_allowed=true static_reason=static_reference_free global_reason=global_safe local_reason=local_corridor_clear
[INFO] [1783787439.906641100] [coverage_follow_path_executor_node]: [DYNAMIC_REJOIN] candidate index=45 distance_from_block=1.603 inside_local_costmap=true static_safe=true global_safe=true planner_allowed=true static_reason=static_reference_free global_reason=global_safe local_reason=local_corridor_clear
[INFO] [1783787439.909888442] [coverage_follow_path_executor_node]: [DYNAMIC_REJOIN] candidate index=46 distance_from_block=1.653 inside_local_costmap=true static_safe=true global_safe=true planner_allowed=true static_reason=static_reference_free global_reason=global_safe local_reason=local_corridor_clear
[INFO] [1783787439.913505677] [coverage_follow_path_executor_node]: [DYNAMIC_REJOIN] candidate index=47 distance_from_block=1.703 inside_local_costmap=true static_safe=true global_safe=true planner_allowed=true static_reason=static_reference_free global_reason=global_safe local_reason=local_corridor_clear
[INFO] [1783787439.916645510] [coverage_follow_path_executor_node]: [DYNAMIC_REJOIN] candidate index=48 distance_from_block=1.753 inside_local_costmap=true static_safe=true global_safe=true planner_allowed=true static_reason=static_reference_free global_reason=global_safe local_reason=local_corridor_clear
[INFO] [1783787439.919242779] [coverage_follow_path_executor_node]: [DYNAMIC_REJOIN] candidate index=49 distance_from_block=1.803 inside_local_costmap=true static_safe=true global_safe=true planner_allowed=true static_reason=static_reference_free global_reason=global_safe local_reason=local_corridor_clear
[INFO] [1783787439.922704991] [coverage_follow_path_executor_node]: [DYNAMIC_REJOIN] candidate index=50 distance_from_block=1.853 inside_local_costmap=true static_safe=true global_safe=true planner_allowed=true static_reason=static_reference_free global_reason=global_safe local_reason=local_corridor_clear
[INFO] [1783787439.926125891] [coverage_follow_path_executor_node]: [DYNAMIC_REJOIN] candidate index=51 distance_from_block=1.903 inside_local_costmap=true static_safe=true global_safe=true planner_allowed=true static_reason=static_reference_free global_reason=global_safe local_reason=local_corridor_clear
[INFO] [1783787439.929405841] [coverage_follow_path_executor_node]: [DYNAMIC_REJOIN] candidate index=52 distance_from_block=1.953 inside_local_costmap=true static_safe=true global_safe=true planner_allowed=true static_reason=static_reference_free global_reason=global_safe local_reason=local_corridor_clear
[INFO] [1783787439.932750211] [coverage_follow_path_executor_node]: [DYNAMIC_REJOIN] candidate index=53 distance_from_block=2.003 inside_local_costmap=true static_safe=true global_safe=true planner_allowed=true static_reason=static_reference_free global_reason=global_safe local_reason=local_corridor_clear
[INFO] [1783787439.936202054] [coverage_follow_path_executor_node]: [DYNAMIC_REJOIN] candidate index=54 distance_from_block=2.053 inside_local_costmap=true static_safe=true global_safe=true planner_allowed=true static_reason=static_reference_free global_reason=global_safe local_reason=local_corridor_clear
[INFO] [1783787439.940733244] [coverage_follow_path_executor_node]: [DYNAMIC_REJOIN] candidate index=55 distance_from_block=2.103 inside_local_costmap=true static_safe=true global_safe=true planner_allowed=true static_reason=static_reference_free global_reason=global_safe local_reason=local_corridor_clear
[INFO] [1783787439.944804328] [coverage_follow_path_executor_node]: [DYNAMIC_REJOIN] candidate index=56 distance_from_block=2.153 inside_local_costmap=true static_safe=true global_safe=true planner_allowed=true static_reason=static_reference_free global_reason=global_safe local_reason=local_corridor_clear
[INFO] [1783787439.947340677] [coverage_follow_path_executor_node]: [DYNAMIC_REJOIN] candidate index=57 distance_from_block=2.203 inside_local_costmap=true static_safe=true global_safe=true planner_allowed=true static_reason=static_reference_free global_reason=global_safe local_reason=local_corridor_clear
[INFO] [1783787439.950044586] [coverage_follow_path_executor_node]: [DYNAMIC_REJOIN] candidate index=58 distance_from_block=2.253 inside_local_costmap=true static_safe=true global_safe=true planner_allowed=true static_reason=static_reference_free global_reason=global_safe local_reason=local_corridor_clear
[INFO] [1783787439.953311463] [coverage_follow_path_executor_node]: [DYNAMIC_REJOIN] candidate index=59 distance_from_block=2.725 inside_local_costmap=true static_safe=true global_safe=true planner_allowed=true static_reason=static_reference_free global_reason=global_safe local_reason=local_corridor_clear
[INFO] [1783787439.959771371] [coverage_follow_path_executor_node]: [DYNAMIC_REJOIN] candidate index=60 distance_from_block=2.775 inside_local_costmap=true static_safe=true global_safe=true planner_allowed=true static_reason=static_reference_free global_reason=global_safe local_reason=local_corridor_clear
[INFO] [1783787439.964233105] [coverage_follow_path_executor_node]: [DYNAMIC_REJOIN] candidate index=61 distance_from_block=2.825 inside_local_costmap=true static_safe=true global_safe=true planner_allowed=true static_reason=static_reference_free global_reason=global_safe local_reason=local_corridor_clear
[INFO] [1783787439.975272238] [coverage_follow_path_executor_node]: [DYNAMIC_REJOIN] candidate index=62 distance_from_block=2.875 inside_local_costmap=true static_safe=true global_safe=true planner_allowed=true static_reason=static_reference_free global_reason=global_safe local_reason=local_corridor_clear
[INFO] [1783787439.977926262] [coverage_follow_path_executor_node]: [DYNAMIC_REJOIN] candidate index=63 distance_from_block=2.925 inside_local_costmap=true static_safe=true global_safe=true planner_allowed=true static_reason=static_reference_free global_reason=global_safe local_reason=local_corridor_clear
[INFO] [1783787439.981103702] [coverage_follow_path_executor_node]: [DYNAMIC_REJOIN] candidate index=64 distance_from_block=2.975 inside_local_costmap=true static_safe=true global_safe=true planner_allowed=true static_reason=static_reference_free global_reason=global_safe local_reason=local_corridor_clear
[INFO] [1783787439.984366783] [coverage_follow_path_executor_node]: [DYNAMIC_REJOIN] candidate index=65 distance_from_block=3.025 inside_local_costmap=true static_safe=true global_safe=true planner_allowed=true static_reason=static_reference_free global_reason=global_safe local_reason=local_corridor_clear
[INFO] [1783787439.986994735] [coverage_follow_path_executor_node]: [DYNAMIC_REJOIN] candidate index=66 distance_from_block=3.075 inside_local_costmap=true static_safe=true global_safe=true planner_allowed=false static_reason=static_reference_free global_reason=global_safe local_reason=local_lethal_cell_in_robot_corridor
[INFO] [1783787439.993464032] [coverage_follow_path_executor_node]: [DYNAMIC_REJOIN] candidate index=67 distance_from_block=3.325 inside_local_costmap=true static_safe=true global_safe=true planner_allowed=true static_reason=static_reference_free global_reason=global_safe local_reason=local_corridor_clear
[INFO] [1783787439.997919119] [coverage_follow_path_executor_node]: [DYNAMIC_REJOIN] candidate index=68 distance_from_block=3.375 inside_local_costmap=true static_safe=true global_safe=true planner_allowed=true static_reason=static_reference_free global_reason=global_safe local_reason=local_corridor_clear
[INFO] [1783787440.006764599] [coverage_follow_path_executor_node]: [DYNAMIC_REJOIN] candidate index=69 distance_from_block=3.425 inside_local_costmap=true static_safe=true global_safe=true planner_allowed=true static_reason=static_reference_free global_reason=global_safe local_reason=local_corridor_clear
[INFO] [1783787440.011539661] [coverage_follow_path_executor_node]: [DYNAMIC_REJOIN] candidate index=70 distance_from_block=3.475 inside_local_costmap=true static_safe=true global_safe=true planner_allowed=true static_reason=static_reference_free global_reason=global_safe local_reason=local_corridor_clear
[INFO] [1783787440.019941703] [coverage_follow_path_executor_node]: [DYNAMIC_REJOIN] candidate index=71 distance_from_block=3.525 inside_local_costmap=true static_safe=true global_safe=true planner_allowed=true static_reason=static_reference_free global_reason=global_safe local_reason=local_corridor_clear
[INFO] [1783787440.024064276] [coverage_follow_path_executor_node]: [DYNAMIC_REJOIN] candidate index=72 distance_from_block=3.575 inside_local_costmap=true static_safe=true global_safe=true planner_allowed=true static_reason=static_reference_free global_reason=global_safe local_reason=local_corridor_clear
[INFO] [1783787440.028789676] [coverage_follow_path_executor_node]: [DYNAMIC_REJOIN] candidate index=73 distance_from_block=3.625 inside_local_costmap=true static_safe=true global_safe=true planner_allowed=true static_reason=static_reference_free global_reason=global_safe local_reason=local_corridor_clear
[INFO] [1783787440.033380548] [coverage_follow_path_executor_node]: [DYNAMIC_REJOIN] candidate index=74 distance_from_block=3.675 inside_local_costmap=true static_safe=true global_safe=true planner_allowed=true static_reason=static_reference_free global_reason=global_safe local_reason=local_corridor_clear
[INFO] [1783787440.043862718] [coverage_follow_path_executor_node]: [DYNAMIC_REJOIN] candidate index=75 distance_from_block=3.725 inside_local_costmap=true static_safe=true global_safe=true planner_allowed=true static_reason=static_reference_free global_reason=global_safe local_reason=local_corridor_clear
[INFO] [1783787440.049387171] [coverage_follow_path_executor_node]: [DYNAMIC_REJOIN] candidate index=76 distance_from_block=3.775 inside_local_costmap=true static_safe=true global_safe=true planner_allowed=true static_reason=static_reference_free global_reason=global_safe local_reason=local_corridor_clear
[INFO] [1783787440.052190117] [coverage_follow_path_executor_node]: [DYNAMIC_REJOIN] candidate index=77 distance_from_block=3.825 inside_local_costmap=true static_safe=true global_safe=true planner_allowed=true static_reason=static_reference_free global_reason=global_safe local_reason=local_corridor_clear
[INFO] [1783787440.055592668] [coverage_follow_path_executor_node]: [DYNAMIC_REJOIN] candidate index=78 distance_from_block=3.875 inside_local_costmap=true static_safe=true global_safe=true planner_allowed=true static_reason=static_reference_free global_reason=global_safe local_reason=local_corridor_clear
[INFO] [1783787440.058204053] [coverage_follow_path_executor_node]: [DYNAMIC_REJOIN] candidate index=79 distance_from_block=4.075 inside_local_costmap=true static_safe=true global_safe=true planner_allowed=true static_reason=static_reference_free global_reason=global_safe local_reason=local_corridor_clear
[INFO] [1783787440.061145175] [coverage_follow_path_executor_node]: [DYNAMIC_REJOIN] candidate index=80 distance_from_block=4.125 inside_local_costmap=true static_safe=true global_safe=true planner_allowed=true static_reason=static_reference_free global_reason=global_safe local_reason=local_corridor_clear
[INFO] [1783787440.064928624] [coverage_follow_path_executor_node]: [DYNAMIC_REJOIN] candidate index=81 distance_from_block=4.175 inside_local_costmap=true static_safe=true global_safe=true planner_allowed=true static_reason=static_reference_free global_reason=global_safe local_reason=local_corridor_clear
[INFO] [1783787440.067318377] [coverage_follow_path_executor_node]: [DYNAMIC_REJOIN] candidate index=82 distance_from_block=4.225 inside_local_costmap=true static_safe=true global_safe=true planner_allowed=true static_reason=static_reference_free global_reason=global_safe local_reason=local_corridor_clear
[INFO] [1783787440.070101899] [coverage_follow_path_executor_node]: [DYNAMIC_REJOIN] candidate index=83 distance_from_block=4.275 inside_local_costmap=true static_safe=true global_safe=true planner_allowed=true static_reason=static_reference_free global_reason=global_safe local_reason=local_corridor_clear
[INFO] [1783787440.073514560] [coverage_follow_path_executor_node]: [DYNAMIC_REJOIN] candidate index=84 distance_from_block=4.325 inside_local_costmap=true static_safe=true global_safe=true planner_allowed=true static_reason=static_reference_free global_reason=global_safe local_reason=local_corridor_clear
[INFO] [1783787440.077437943] [coverage_follow_path_executor_node]: [DYNAMIC_REJOIN] candidate index=85 distance_from_block=4.375 inside_local_costmap=true static_safe=true global_safe=true planner_allowed=true static_reason=static_reference_free global_reason=global_safe local_reason=local_corridor_clear
[INFO] [1783787440.081280722] [coverage_follow_path_executor_node]: [DYNAMIC_REJOIN] candidate index=86 distance_from_block=4.425 inside_local_costmap=true static_safe=true global_safe=true planner_allowed=true static_reason=static_reference_free global_reason=global_safe local_reason=local_corridor_clear
[INFO] [1783787440.085257842] [coverage_follow_path_executor_node]: [DYNAMIC_REJOIN] candidate index=87 distance_from_block=4.475 inside_local_costmap=true static_safe=true global_safe=true planner_allowed=true static_reason=static_reference_free global_reason=global_safe local_reason=local_corridor_clear
[INFO] [1783787440.090052792] [coverage_follow_path_executor_node]: [DYNAMIC_REJOIN] candidate index=88 distance_from_block=4.525 inside_local_costmap=true static_safe=true global_safe=true planner_allowed=true static_reason=static_reference_free global_reason=global_safe local_reason=local_corridor_clear
[INFO] [1783787440.092808371] [coverage_follow_path_executor_node]: [DYNAMIC_REJOIN] candidate index=89 distance_from_block=4.575 inside_local_costmap=true static_safe=true global_safe=true planner_allowed=true static_reason=static_reference_free global_reason=global_safe local_reason=local_corridor_clear
[INFO] [1783787440.095595170] [coverage_follow_path_executor_node]: [DYNAMIC_REJOIN] candidate index=90 distance_from_block=4.625 inside_local_costmap=true static_safe=true global_safe=true planner_allowed=true static_reason=static_reference_free global_reason=global_safe local_reason=local_corridor_clear
[INFO] [1783787440.099773591] [coverage_follow_path_executor_node]: [DYNAMIC_REJOIN] candidate index=91 distance_from_block=4.908 inside_local_costmap=true static_safe=true global_safe=true planner_allowed=true static_reason=static_reference_free global_reason=global_safe local_reason=local_corridor_clear
[INFO] [1783787440.102780800] [coverage_follow_path_executor_node]: [DYNAMIC_REJOIN] candidate index=92 distance_from_block=4.958 inside_local_costmap=true static_safe=true global_safe=true planner_allowed=true static_reason=static_reference_free global_reason=global_safe local_reason=local_corridor_clear
[INFO] [1783787440.106309434] [coverage_follow_path_executor_node]: [DYNAMIC_CONNECTOR] requesting Nav2 ComputePathToPose connector rejoin_index=21
[INFO] [1783787440.134941664] [coverage_follow_path_executor_node]: [DYNAMIC_CONNECTOR] Nav2 connector result status=4 error_code=0 error_msg=
[INFO] [1783787440.136580065] [coverage_follow_path_executor_node]: [DYNAMIC_CONNECTOR] Nav2 connector poses=54 length=1.374
[WARN] [1783787440.819331263] [coverage_follow_path_executor_node]: [DYNAMIC_CONNECTOR] planner connector rejected reason=connector_shortcut_would_skip_accessible_coverage connector_length=1.374 frozen_replaced_length=0.050 allowed_length=0.800 replacement_start_index=20 rejoin_index=21
[WARN] [1783787440.821057694] [coverage_follow_path_executor_node]: [DYNAMIC_CONNECTOR] planner connector rejected reason=planner_failed_status=4_error_code=0_poses=54
[INFO] [1783787440.822664707] [coverage_follow_path_executor_node]: [DYNAMIC_CONNECTOR] trying local A* fallback rejoin_index=21
[WARN] [1783787441.031524692] [coverage_follow_path_executor_node]: [DYNAMIC_CONNECTOR] local A* fallback rejected reason=connector_shortcut_would_skip_accessible_coverage connector_length=1.198 frozen_replaced_length=0.050 allowed_length=0.800 replacement_start_index=20 rejoin_index=21
[INFO] [1783787441.032376279] [coverage_follow_path_executor_node]: [DYNAMIC_CONNECTOR] trying lateral fallback rejoin_index=21
[INFO] [1783787441.042714107] [coverage_follow_path_executor_node]: [DYNAMIC_CONNECTOR] lateral connector selected rejoin_index=21 lateral_offset=0.100 poses=29 distance=1.375
[WARN] [1783787441.309684655] [coverage_follow_path_executor_node]: [DYNAMIC_CONNECTOR] lateral fallback rejected reason=connector_shortcut_would_skip_accessible_coverage connector_length=1.375 frozen_replaced_length=0.050 allowed_length=0.800 replacement_start_index=20 rejoin_index=21
[INFO] [1783787441.312116331] [coverage_follow_path_executor_node]: [DYNAMIC_CONNECTOR] requesting Nav2 ComputePathToPose connector rejoin_index=22
[INFO] [1783787441.357625213] [coverage_follow_path_executor_node]: [DYNAMIC_CONNECTOR] Nav2 connector result status=4 error_code=0 error_msg=
[INFO] [1783787441.359965007] [coverage_follow_path_executor_node]: [DYNAMIC_CONNECTOR] Nav2 connector poses=54 length=1.345
[WARN] [1783787441.944221954] [coverage_follow_path_executor_node]: [DYNAMIC_CONNECTOR] planner connector rejected reason=connector_shortcut_would_skip_accessible_coverage connector_length=1.345 frozen_replaced_length=0.100 allowed_length=0.850 replacement_start_index=20 rejoin_index=22
[WARN] [1783787441.945428330] [coverage_follow_path_executor_node]: [DYNAMIC_CONNECTOR] planner connector rejected reason=planner_failed_status=4_error_code=0_poses=54
[INFO] [1783787441.946600745] [coverage_follow_path_executor_node]: [DYNAMIC_CONNECTOR] trying local A* fallback rejoin_index=22
[WARN] [1783787442.180673258] [coverage_follow_path_executor_node]: [DYNAMIC_CONNECTOR] local A* fallback rejected reason=connector_shortcut_would_skip_accessible_coverage connector_length=1.248 frozen_replaced_length=0.100 allowed_length=0.850 replacement_start_index=20 rejoin_index=22
[INFO] [1783787442.182160595] [coverage_follow_path_executor_node]: [DYNAMIC_CONNECTOR] trying lateral fallback rejoin_index=22
[INFO] [1783787442.194536979] [coverage_follow_path_executor_node]: [DYNAMIC_CONNECTOR] lateral connector selected rejoin_index=22 lateral_offset=0.100 poses=30 distance=1.425
[WARN] [1783787442.489080145] [coverage_follow_path_executor_node]: [DYNAMIC_CONNECTOR] lateral fallback rejected reason=connector_shortcut_would_skip_accessible_coverage connector_length=1.425 frozen_replaced_length=0.100 allowed_length=0.850 replacement_start_index=20 rejoin_index=22
[INFO] [1783787442.491028134] [coverage_follow_path_executor_node]: [DYNAMIC_CONNECTOR] requesting Nav2 ComputePathToPose connector rejoin_index=23
[INFO] [1783787442.509621014] [coverage_follow_path_executor_node]: Ignoring /coverage_path update because active coverage path is frozen.
[INFO] [1783787442.520085370] [coverage_follow_path_executor_node]: [DYNAMIC_CONNECTOR] Nav2 connector result status=4 error_code=0 error_msg=
[INFO] [1783787442.521645646] [coverage_follow_path_executor_node]: [DYNAMIC_CONNECTOR] Nav2 connector poses=56 length=1.445
[WARN] [1783787442.980550930] [coverage_follow_path_executor_node]: [DYNAMIC_CONNECTOR] planner connector rejected reason=connector_shortcut_would_skip_accessible_coverage connector_length=1.445 frozen_replaced_length=0.150 allowed_length=0.900 replacement_start_index=20 rejoin_index=23
[WARN] [1783787442.981848670] [coverage_follow_path_executor_node]: [DYNAMIC_CONNECTOR] planner connector rejected reason=planner_failed_status=4_error_code=0_poses=56
[INFO] [1783787442.983043806] [coverage_follow_path_executor_node]: [DYNAMIC_CONNECTOR] trying local A* fallback rejoin_index=23
[WARN] [1783787443.197054042] [coverage_follow_path_executor_node]: [DYNAMIC_CONNECTOR] local A* fallback rejected reason=connector_shortcut_would_skip_accessible_coverage connector_length=1.298 frozen_replaced_length=0.150 allowed_length=0.900 replacement_start_index=20 rejoin_index=23
[INFO] [1783787443.197805265] [coverage_follow_path_executor_node]: [DYNAMIC_CONNECTOR] trying lateral fallback rejoin_index=23
[INFO] [1783787443.212920507] [coverage_follow_path_executor_node]: [DYNAMIC_CONNECTOR] lateral connector selected rejoin_index=23 lateral_offset=0.100 poses=31 distance=1.475
[WARN] [1783787443.479477523] [coverage_follow_path_executor_node]: [DYNAMIC_CONNECTOR] lateral fallback rejected reason=connector_shortcut_would_skip_accessible_coverage connector_length=1.475 frozen_replaced_length=0.150 allowed_length=0.900 replacement_start_index=20 rejoin_index=23
[INFO] [1783787443.481395774] [coverage_follow_path_executor_node]: [DYNAMIC_CONNECTOR] requesting Nav2 ComputePathToPose connector rejoin_index=24
[INFO] [1783787443.510287188] [coverage_follow_path_executor_node]: [DYNAMIC_CONNECTOR] Nav2 connector result status=4 error_code=0 error_msg=
[INFO] [1783787443.511667292] [coverage_follow_path_executor_node]: [DYNAMIC_CONNECTOR] Nav2 connector poses=54 length=1.406
[WARN] [1783787443.985273972] [coverage_follow_path_executor_node]: [DYNAMIC_CONNECTOR] planner connector rejected reason=connector_shortcut_would_skip_accessible_coverage connector_length=1.406 frozen_replaced_length=0.200 allowed_length=0.950 replacement_start_index=20 rejoin_index=24
[WARN] [1783787443.987031012] [coverage_follow_path_executor_node]: [DYNAMIC_CONNECTOR] planner connector rejected reason=planner_failed_status=4_error_code=0_poses=54
[INFO] [1783787443.988546958] [coverage_follow_path_executor_node]: [DYNAMIC_CONNECTOR] trying local A* fallback rejoin_index=24
[WARN] [1783787444.241642018] [coverage_follow_path_executor_node]: [DYNAMIC_CONNECTOR] local A* fallback rejected reason=connector_shortcut_would_skip_accessible_coverage connector_length=1.348 frozen_replaced_length=0.200 allowed_length=0.950 replacement_start_index=20 rejoin_index=24
[INFO] [1783787444.242492956] [coverage_follow_path_executor_node]: [DYNAMIC_CONNECTOR] trying lateral fallback rejoin_index=24
[INFO] [1783787444.253516179] [coverage_follow_path_executor_node]: [DYNAMIC_CONNECTOR] lateral connector selected rejoin_index=24 lateral_offset=0.100 poses=32 distance=1.525
[WARN] [1783787444.530562972] [coverage_follow_path_executor_node]: [DYNAMIC_CONNECTOR] lateral fallback rejected reason=connector_shortcut_would_skip_accessible_coverage connector_length=1.525 frozen_replaced_length=0.200 allowed_length=0.950 replacement_start_index=20 rejoin_index=24
[INFO] [1783787444.533016832] [coverage_follow_path_executor_node]: [DYNAMIC_CONNECTOR] requesting Nav2 ComputePathToPose connector rejoin_index=25
[INFO] [1783787444.565230247] [coverage_follow_path_executor_node]: [DYNAMIC_CONNECTOR] Nav2 connector result status=4 error_code=0 error_msg=
[INFO] [1783787444.568988179] [coverage_follow_path_executor_node]: [DYNAMIC_CONNECTOR] Nav2 connector poses=56 length=1.456
[WARN] [1783787445.081957826] [coverage_follow_path_executor_node]: [DYNAMIC_CONNECTOR] planner connector rejected reason=connector_shortcut_would_skip_accessible_coverage connector_length=1.456 frozen_replaced_length=0.250 allowed_length=1.000 replacement_start_index=20 rejoin_index=25
[WARN] [1783787445.082934496] [coverage_follow_path_executor_node]: [DYNAMIC_CONNECTOR] planner connector rejected reason=planner_failed_status=4_error_code=0_poses=56
[INFO] [1783787445.083957126] [coverage_follow_path_executor_node]: [DYNAMIC_CONNECTOR] trying local A* fallback rejoin_index=25
[WARN] [1783787445.312086337] [coverage_follow_path_executor_node]: [DYNAMIC_CONNECTOR] local A* fallback rejected reason=connector_shortcut_would_skip_accessible_coverage connector_length=1.399 frozen_replaced_length=0.250 allowed_length=1.000 replacement_start_index=20 rejoin_index=25
[INFO] [1783787445.313063414] [coverage_follow_path_executor_node]: [DYNAMIC_CONNECTOR] trying lateral fallback rejoin_index=25
[INFO] [1783787445.328236763] [coverage_follow_path_executor_node]: [DYNAMIC_CONNECTOR] lateral connector selected rejoin_index=25 lateral_offset=0.100 poses=33 distance=1.575
[WARN] [1783787445.603375394] [coverage_follow_path_executor_node]: [DYNAMIC_CONNECTOR] lateral fallback rejected reason=connector_shortcut_would_skip_accessible_coverage connector_length=1.575 frozen_replaced_length=0.250 allowed_length=1.000 replacement_start_index=20 rejoin_index=25
[INFO] [1783787445.606112956] [coverage_follow_path_executor_node]: [DYNAMIC_CONNECTOR] requesting Nav2 ComputePathToPose connector rejoin_index=26
[INFO] [1783787445.640677164] [coverage_follow_path_executor_node]: [DYNAMIC_CONNECTOR] Nav2 connector result status=4 error_code=0 error_msg=
[INFO] [1783787445.642522623] [coverage_follow_path_executor_node]: [DYNAMIC_CONNECTOR] Nav2 connector poses=59 length=1.512
[WARN] [1783787446.247318964] [coverage_follow_path_executor_node]: [DYNAMIC_CONNECTOR] planner connector rejected reason=connector_shortcut_would_skip_accessible_coverage connector_length=1.512 frozen_replaced_length=0.300 allowed_length=1.050 replacement_start_index=20 rejoin_index=26
[WARN] [1783787446.248500231] [coverage_follow_path_executor_node]: [DYNAMIC_CONNECTOR] planner connector rejected reason=planner_failed_status=4_error_code=0_poses=59
[INFO] [1783787446.249469291] [coverage_follow_path_executor_node]: [DYNAMIC_CONNECTOR] trying local A* fallback rejoin_index=26
[WARN] [1783787446.519055079] [coverage_follow_path_executor_node]: [DYNAMIC_CONNECTOR] local A* fallback rejected reason=connector_shortcut_would_skip_accessible_coverage connector_length=1.449 frozen_replaced_length=0.300 allowed_length=1.050 replacement_start_index=20 rejoin_index=26
[INFO] [1783787446.520097152] [coverage_follow_path_executor_node]: [DYNAMIC_CONNECTOR] trying lateral fallback rejoin_index=26
[INFO] [1783787446.532664318] [coverage_follow_path_executor_node]: [DYNAMIC_CONNECTOR] lateral connector selected rejoin_index=26 lateral_offset=0.100 poses=34 distance=1.625
[WARN] [1783787446.810793305] [coverage_follow_path_executor_node]: [DYNAMIC_CONNECTOR] lateral fallback rejected reason=connector_shortcut_would_skip_accessible_coverage connector_length=1.625 frozen_replaced_length=0.300 allowed_length=1.050 replacement_start_index=20 rejoin_index=26
[INFO] [1783787446.814782017] [coverage_follow_path_executor_node]: [DYNAMIC_CONNECTOR] requesting Nav2 ComputePathToPose connector rejoin_index=27
[INFO] [1783787446.856111346] [coverage_follow_path_executor_node]: [DYNAMIC_CONNECTOR] Nav2 connector result status=4 error_code=0 error_msg=
[INFO] [1783787446.857508301] [coverage_follow_path_executor_node]: [DYNAMIC_CONNECTOR] Nav2 connector poses=61 length=1.564
[WARN] [1783787447.417847160] [coverage_follow_path_executor_node]: [DYNAMIC_CONNECTOR] planner connector rejected reason=connector_shortcut_would_skip_accessible_coverage connector_length=1.564 frozen_replaced_length=0.350 allowed_length=1.100 replacement_start_index=20 rejoin_index=27
[WARN] [1783787447.419174990] [coverage_follow_path_executor_node]: [DYNAMIC_CONNECTOR] planner connector rejected reason=planner_failed_status=4_error_code=0_poses=61
[INFO] [1783787447.420371292] [coverage_follow_path_executor_node]: [DYNAMIC_CONNECTOR] trying local A* fallback rejoin_index=27
[WARN] [1783787447.725282730] [coverage_follow_path_executor_node]: [DYNAMIC_CONNECTOR] local A* fallback rejected reason=connector_shortcut_would_skip_accessible_coverage connector_length=1.500 frozen_replaced_length=0.350 allowed_length=1.100 replacement_start_index=20 rejoin_index=27
[INFO] [1783787447.726600653] [coverage_follow_path_executor_node]: [DYNAMIC_CONNECTOR] trying lateral fallback rejoin_index=27
[INFO] [1783787447.742497597] [coverage_follow_path_executor_node]: [DYNAMIC_CONNECTOR] lateral connector selected rejoin_index=27 lateral_offset=0.100 poses=35 distance=1.675
[WARN] [1783787448.036068002] [coverage_follow_path_executor_node]: [DYNAMIC_CONNECTOR] lateral fallback rejected reason=connector_shortcut_would_skip_accessible_coverage connector_length=1.675 frozen_replaced_length=0.350 allowed_length=1.100 replacement_start_index=20 rejoin_index=27
[INFO] [1783787448.040327064] [coverage_follow_path_executor_node]: [DYNAMIC_CONNECTOR] requesting Nav2 ComputePathToPose connector rejoin_index=28
[INFO] [1783787448.059039898] [coverage_follow_path_executor_node]: Ignoring /coverage_path update because active coverage path is frozen.
[INFO] [1783787448.077837391] [coverage_follow_path_executor_node]: [DYNAMIC_CONNECTOR] Nav2 connector result status=4 error_code=0 error_msg=
[INFO] [1783787448.079376762] [coverage_follow_path_executor_node]: [DYNAMIC_CONNECTOR] Nav2 connector poses=62 length=1.558
[WARN] [1783787448.750239498] [coverage_follow_path_executor_node]: [DYNAMIC_CONNECTOR] planner connector rejected reason=connector_shortcut_would_skip_accessible_coverage connector_length=1.558 frozen_replaced_length=0.400 allowed_length=1.200 replacement_start_index=20 rejoin_index=28
[WARN] [1783787448.752021036] [coverage_follow_path_executor_node]: [DYNAMIC_CONNECTOR] planner connector rejected reason=planner_failed_status=4_error_code=0_poses=62
[INFO] [1783787448.753269723] [coverage_follow_path_executor_node]: [DYNAMIC_CONNECTOR] trying local A* fallback rejoin_index=28
[WARN] [1783787449.047893437] [coverage_follow_path_executor_node]: [DYNAMIC_CONNECTOR] local A* fallback rejected reason=connector_shortcut_would_skip_accessible_coverage connector_length=1.550 frozen_replaced_length=0.400 allowed_length=1.200 replacement_start_index=20 rejoin_index=28
[INFO] [1783787449.048836517] [coverage_follow_path_executor_node]: [DYNAMIC_CONNECTOR] trying lateral fallback rejoin_index=28
[INFO] [1783787449.065656098] [coverage_follow_path_executor_node]: [DYNAMIC_CONNECTOR] lateral connector selected rejoin_index=28 lateral_offset=0.100 poses=36 distance=1.725
[INFO] [1783787449.360162059] [coverage_follow_path_executor_node]: [DYNAMIC_CONNECTOR] refined connector away from local obstacle moved_points=1 max_step=0.034 tracking_radius=0.270
[WARN] [1783787449.361556921] [coverage_follow_path_executor_node]: [DYNAMIC_CONNECTOR] lateral fallback rejected reason=connector_shortcut_would_skip_accessible_coverage connector_length=1.697 frozen_replaced_length=0.400 allowed_length=1.200 replacement_start_index=20 rejoin_index=28
[INFO] [1783787449.363999615] [coverage_follow_path_executor_node]: [DYNAMIC_CONNECTOR] requesting Nav2 ComputePathToPose connector rejoin_index=29
[INFO] [1783787449.411516385] [coverage_follow_path_executor_node]: [DYNAMIC_CONNECTOR] Nav2 connector result status=4 error_code=0 error_msg=
[INFO] [1783787449.414128659] [coverage_follow_path_executor_node]: [DYNAMIC_CONNECTOR] Nav2 connector poses=66 length=1.658
[WARN] [1783787450.092672943] [coverage_follow_path_executor_node]: [DYNAMIC_CONNECTOR] planner connector rejected reason=connector_shortcut_would_skip_accessible_coverage connector_length=1.658 frozen_replaced_length=0.450 allowed_length=1.350 replacement_start_index=20 rejoin_index=29
[WARN] [1783787450.093851395] [coverage_follow_path_executor_node]: [DYNAMIC_CONNECTOR] planner connector rejected reason=planner_failed_status=4_error_code=0_poses=66
[INFO] [1783787450.095208686] [coverage_follow_path_executor_node]: [DYNAMIC_CONNECTOR] trying local A* fallback rejoin_index=29
[WARN] [1783787450.395776428] [coverage_follow_path_executor_node]: [DYNAMIC_CONNECTOR] local A* fallback rejected reason=connector_shortcut_would_skip_accessible_coverage connector_length=1.601 frozen_replaced_length=0.450 allowed_length=1.350 replacement_start_index=20 rejoin_index=29
[INFO] [1783787450.396941547] [coverage_follow_path_executor_node]: [DYNAMIC_CONNECTOR] trying lateral fallback rejoin_index=29
[INFO] [1783787450.418188252] [coverage_follow_path_executor_node]: [DYNAMIC_CONNECTOR] lateral connector selected rejoin_index=29 lateral_offset=0.100 poses=37 distance=1.775
[INFO] [1783787450.760725998] [coverage_follow_path_executor_node]: [DYNAMIC_CONNECTOR] refined connector away from local obstacle moved_points=4 max_step=0.040 tracking_radius=0.270
[WARN] [1783787450.762276960] [coverage_follow_path_executor_node]: [DYNAMIC_CONNECTOR] lateral fallback rejected reason=connector_shortcut_would_skip_accessible_coverage connector_length=1.737 frozen_replaced_length=0.450 allowed_length=1.350 replacement_start_index=20 rejoin_index=29
[INFO] [1783787450.764700451] [coverage_follow_path_executor_node]: [DYNAMIC_CONNECTOR] requesting Nav2 ComputePathToPose connector rejoin_index=30
[INFO] [1783787450.803123656] [coverage_follow_path_executor_node]: [DYNAMIC_CONNECTOR] Nav2 connector result status=4 error_code=0 error_msg=
[INFO] [1783787450.804217170] [coverage_follow_path_executor_node]: [DYNAMIC_CONNECTOR] Nav2 connector poses=67 length=1.708
[WARN] [1783787451.511093931] [coverage_follow_path_executor_node]: [DYNAMIC_CONNECTOR] planner connector rejected reason=connector_shortcut_would_skip_accessible_coverage connector_length=1.708 frozen_replaced_length=0.500 allowed_length=1.500 replacement_start_index=20 rejoin_index=30
[WARN] [1783787451.512388467] [coverage_follow_path_executor_node]: [DYNAMIC_CONNECTOR] planner connector rejected reason=planner_failed_status=4_error_code=0_poses=67
[INFO] [1783787451.515029721] [coverage_follow_path_executor_node]: [DYNAMIC_CONNECTOR] trying local A* fallback rejoin_index=30
[INFO] [1783787451.864343825] [coverage_follow_path_executor_node]: [DYNAMIC_CONNECTOR] refined connector away from local obstacle moved_points=1 max_step=0.011 tracking_radius=0.270
[WARN] [1783787451.865649693] [coverage_follow_path_executor_node]: [DYNAMIC_CONNECTOR] local A* fallback rejected reason=connector_shortcut_would_skip_accessible_coverage connector_length=1.645 frozen_replaced_length=0.500 allowed_length=1.500 replacement_start_index=20 rejoin_index=30
[INFO] [1783787451.866794222] [coverage_follow_path_executor_node]: [DYNAMIC_CONNECTOR] trying lateral fallback rejoin_index=30
[INFO] [1783787451.895095139] [coverage_follow_path_executor_node]: [DYNAMIC_CONNECTOR] lateral connector selected rejoin_index=30 lateral_offset=-0.100 poses=38 distance=1.825
[WARN] [1783787452.444741462] [coverage_follow_path_executor_node]: [DYNAMIC_CONNECTOR] lateral fallback rejected reason=connector_shortcut_would_skip_accessible_coverage connector_length=1.825 frozen_replaced_length=0.500 allowed_length=1.500 replacement_start_index=20 rejoin_index=30
[INFO] [1783787452.447909104] [coverage_follow_path_executor_node]: [DYNAMIC_CONNECTOR] requesting Nav2 ComputePathToPose connector rejoin_index=31
[INFO] [1783787452.498581978] [coverage_follow_path_executor_node]: [DYNAMIC_CONNECTOR] Nav2 connector result status=4 error_code=0 error_msg=
[INFO] [1783787452.499657344] [coverage_follow_path_executor_node]: [DYNAMIC_CONNECTOR] Nav2 connector poses=69 length=1.734
[WARN] [1783787453.167020840] [coverage_follow_path_executor_node]: [DYNAMIC_CONNECTOR] planner connector rejected reason=connector_shortcut_would_skip_accessible_coverage connector_length=1.734 frozen_replaced_length=0.550 allowed_length=1.650 replacement_start_index=20 rejoin_index=31
[WARN] [1783787453.168630094] [coverage_follow_path_executor_node]: [DYNAMIC_CONNECTOR] planner connector rejected reason=planner_failed_status=4_error_code=0_poses=69
[INFO] [1783787453.170232404] [coverage_follow_path_executor_node]: [DYNAMIC_CONNECTOR] trying local A* fallback rejoin_index=31
[INFO] [1783787453.523740809] [coverage_follow_path_executor_node]: [DYNAMIC_CONNECTOR] refined connector away from local obstacle moved_points=2 max_step=0.025 tracking_radius=0.270
[WARN] [1783787453.524928019] [coverage_follow_path_executor_node]: [DYNAMIC_CONNECTOR] local A* fallback rejected reason=connector_shortcut_would_skip_accessible_coverage connector_length=1.690 frozen_replaced_length=0.550 allowed_length=1.650 replacement_start_index=20 rejoin_index=31
[INFO] [1783787453.525760311] [coverage_follow_path_executor_node]: [DYNAMIC_CONNECTOR] trying lateral fallback rejoin_index=31
[INFO] [1783787453.555970145] [coverage_follow_path_executor_node]: [DYNAMIC_CONNECTOR] lateral connector selected rejoin_index=31 lateral_offset=-0.100 poses=39 distance=1.875
[WARN] [1783787454.058233479] [coverage_follow_path_executor_node]: [DYNAMIC_CONNECTOR] lateral fallback rejected reason=connector_shortcut_would_skip_accessible_coverage connector_length=1.875 frozen_replaced_length=0.550 allowed_length=1.650 replacement_start_index=20 rejoin_index=31
[INFO] [1783787454.061516816] [coverage_follow_path_executor_node]: [DYNAMIC_CONNECTOR] requesting Nav2 ComputePathToPose connector rejoin_index=32
[INFO] [1783787454.081844253] [coverage_follow_path_executor_node]: Ignoring /coverage_path update because active coverage path is frozen.
[INFO] [1783787454.104587257] [coverage_follow_path_executor_node]: [DYNAMIC_CONNECTOR] Nav2 connector result status=4 error_code=0 error_msg=
[INFO] [1783787454.106125757] [coverage_follow_path_executor_node]: [DYNAMIC_CONNECTOR] Nav2 connector poses=73 length=1.812
[WARN] [1783787454.898625451] [coverage_follow_path_executor_node]: [DYNAMIC_CONNECTOR] planner connector rejected reason=connector_shortcut_would_skip_accessible_coverage connector_length=1.812 frozen_replaced_length=0.600 allowed_length=1.800 replacement_start_index=20 rejoin_index=32
[WARN] [1783787454.899762461] [coverage_follow_path_executor_node]: [DYNAMIC_CONNECTOR] planner connector rejected reason=planner_failed_status=4_error_code=0_poses=73
[INFO] [1783787454.902463451] [coverage_follow_path_executor_node]: [DYNAMIC_CONNECTOR] trying local A* fallback rejoin_index=32
[INFO] [1783787455.272393421] [coverage_follow_path_executor_node]: [DYNAMIC_CONNECTOR] refined connector away from local obstacle moved_points=2 max_step=0.025 tracking_radius=0.270
[WARN] [1783787455.449204986] [coverage_follow_path_executor_node]: [DYNAMIC_VALIDATE] candidate rejected before cancel reason=local_lethal_cell_in_robot_corridor sample=69 distance=1.874 collision_radius=0.230
[WARN] [1783787455.451015596] [coverage_follow_path_executor_node]: [DYNAMIC_CONNECTOR] local A* fallback rejected reason=local_lethal_cell_in_robot_corridor sample=69 distance=1.874 collision_radius=0.230
[INFO] [1783787455.452667143] [coverage_follow_path_executor_node]: [DYNAMIC_CONNECTOR] trying lateral fallback rejoin_index=32
[INFO] [1783787455.498097561] [coverage_follow_path_executor_node]: [DYNAMIC_CONNECTOR] lateral connector selected rejoin_index=32 lateral_offset=-0.100 poses=40 distance=1.925
[WARN] [1783787456.021009466] [coverage_follow_path_executor_node]: [DYNAMIC_CONNECTOR] lateral fallback rejected reason=connector_shortcut_would_skip_accessible_coverage connector_length=1.925 frozen_replaced_length=0.600 allowed_length=1.800 replacement_start_index=20 rejoin_index=32
[INFO] [1783787456.023533839] [coverage_follow_path_executor_node]: [DYNAMIC_CONNECTOR] requesting Nav2 ComputePathToPose connector rejoin_index=33
[INFO] [1783787456.044622776] [coverage_follow_path_executor_node]: FollowPath result: status=6 error_code=105 FAILED_TO_MAKE_PROGRESS error_msg=
[WARN] [1783787456.045800672] [coverage_follow_path_executor_node]: [DYNAMIC_SKIP] recoverable FollowPath error 105 FAILED_TO_MAKE_PROGRESS did not match a confirmed local-only obstacle; reason=none local_lethal_count=0 local_inscribed_count=0 dynamic_only_blocked_count=0
[WARN] [1783787456.051922730] [coverage_follow_path_executor_node]: FollowPath failed with FAILED_TO_MAKE_PROGRESS. Likely causes: progress checker too strict, local costmap collision checking, sharp turn, robot not near the selected start pose, or cmd_vel blocked. last_feedback="distance_to_goal=7.273 speed=0.100 elapsed=30.6"
[INFO] [1783787456.053655827] [coverage_follow_path_executor_node]: Coverage FollowPath status: FAILED
[INFO] [1783787456.327405063] [coverage_follow_path_executor_node]: Ignoring /coverage_path update because the first valid coverage path is already cached. Call /reset_coverage_follow_path to accept a new path.
[INFO] [1783787458.920383964] [coverage_follow_path_executor_node]: Coverage FollowPath status: WAITING_FOR_PATH
