[0.163s] DEBUG:colcon:Command line arguments: ['/usr/bin/colcon', '--log-base', 'log_diagnostic', 'build', '--symlink-install', '--build-base', 'build_diagnostic', '--install-base', 'install_diagnostic', '--event-handlers', 'console_direct+', '--packages-select', 'sweepi_api_bridge']
[0.164s] DEBUG:colcon:Parsed command line arguments: Namespace(log_base='log_diagnostic', log_level=None, verb_name='build', build_base='/home/sweepi/SweePi/build_diagnostic', install_base='/home/sweepi/SweePi/install_diagnostic', merge_install=False, symlink_install=True, test_result_base=None, continue_on_error=False, executor='parallel', parallel_workers=4, event_handlers=['console_direct+'], ignore_user_meta=False, metas=['./colcon.meta'], base_paths=['.'], packages_ignore=None, packages_ignore_regex=None, paths=None, packages_up_to=None, packages_up_to_regex=None, packages_above=None, packages_above_and_dependencies=None, packages_above_depth=None, packages_select_by_dep=None, packages_skip_by_dep=None, packages_skip_up_to=None, packages_select_build_failed=False, packages_skip_build_finished=False, packages_select_test_failures=False, packages_skip_test_passed=False, packages_select=['sweepi_api_bridge'], packages_skip=None, packages_select_regex=None, packages_skip_regex=None, packages_start=None, packages_end=None, allow_overriding=[], cmake_args=None, cmake_target=None, cmake_target_skip_unavailable=False, cmake_clean_cache=False, cmake_clean_first=False, cmake_force_configure=False, ament_cmake_args=None, catkin_cmake_args=None, catkin_skip_building_tests=False, mixin_files=None, mixin=None, verb_parser=<colcon_mixin.mixin.mixin_argument.MixinArgumentDecorator object at 0xffff92975cd0>, verb_extension=<colcon_core.verb.build.BuildVerb object at 0xffff92b4cc20>, main=<bound method BuildVerb.main of <colcon_core.verb.build.BuildVerb object at 0xffff92b4cc20>>, mixin_verb=('build',))
[0.224s] Level 1:colcon.colcon_core.package_discovery:discover_packages(colcon_meta) check parameters
[0.224s] Level 1:colcon.colcon_core.package_discovery:discover_packages(recursive) check parameters
[0.224s] Level 1:colcon.colcon_core.package_discovery:discover_packages(ignore) check parameters
[0.224s] Level 1:colcon.colcon_core.package_discovery:discover_packages(path) check parameters
[0.224s] Level 1:colcon.colcon_core.package_discovery:discover_packages(colcon_meta) discover
[0.224s] Level 1:colcon.colcon_core.package_discovery:discover_packages(recursive) discover
[0.225s] INFO:colcon.colcon_core.package_discovery:Crawling recursively for packages in '/home/sweepi/SweePi'
[0.225s] Level 1:colcon.colcon_core.package_identification:_identify(.) by extensions ['ignore', 'ignore_ament_install']
[0.225s] Level 1:colcon.colcon_core.package_identification:_identify(.) by extension 'ignore'
[0.225s] Level 1:colcon.colcon_core.package_identification:_identify(.) by extension 'ignore_ament_install'
[0.225s] Level 1:colcon.colcon_core.package_identification:_identify(.) by extensions ['colcon_pkg']
[0.225s] Level 1:colcon.colcon_core.package_identification:_identify(.) by extension 'colcon_pkg'
[0.225s] Level 1:colcon.colcon_core.package_identification:_identify(.) by extensions ['colcon_meta']
[0.225s] Level 1:colcon.colcon_core.package_identification:_identify(.) by extension 'colcon_meta'
[0.225s] Level 1:colcon.colcon_core.package_identification:_identify(.) by extensions ['ros']
[0.225s] Level 1:colcon.colcon_core.package_identification:_identify(.) by extension 'ros'
[0.266s] Level 1:colcon.colcon_core.package_identification:_identify(.) by extensions ['cmake', 'python']
[0.266s] Level 1:colcon.colcon_core.package_identification:_identify(.) by extension 'cmake'
[0.266s] Level 1:colcon.colcon_core.package_identification:_identify(.) by extension 'python'
[0.266s] Level 1:colcon.colcon_core.package_identification:_identify(.) by extensions ['python_setup_py']
[0.266s] Level 1:colcon.colcon_core.package_identification:_identify(.) by extension 'python_setup_py'
[0.267s] Level 1:colcon.colcon_core.package_identification:_identify(build) by extensions ['ignore', 'ignore_ament_install']
[0.267s] Level 1:colcon.colcon_core.package_identification:_identify(build) by extension 'ignore'
[0.267s] Level 1:colcon.colcon_core.package_identification:_identify(build) ignored
[0.267s] Level 1:colcon.colcon_core.package_identification:_identify(build_diagnostic) by extensions ['ignore', 'ignore_ament_install']
[0.267s] Level 1:colcon.colcon_core.package_identification:_identify(build_diagnostic) by extension 'ignore'
[0.267s] Level 1:colcon.colcon_core.package_identification:_identify(build_diagnostic) ignored
[0.267s] Level 1:colcon.colcon_core.package_identification:_identify(diagnostics) by extensions ['ignore', 'ignore_ament_install']
[0.267s] Level 1:colcon.colcon_core.package_identification:_identify(diagnostics) by extension 'ignore'
[0.267s] Level 1:colcon.colcon_core.package_identification:_identify(diagnostics) by extension 'ignore_ament_install'
[0.267s] Level 1:colcon.colcon_core.package_identification:_identify(diagnostics) by extensions ['colcon_pkg']
[0.267s] Level 1:colcon.colcon_core.package_identification:_identify(diagnostics) by extension 'colcon_pkg'
[0.268s] Level 1:colcon.colcon_core.package_identification:_identify(diagnostics) by extensions ['colcon_meta']
[0.268s] Level 1:colcon.colcon_core.package_identification:_identify(diagnostics) by extension 'colcon_meta'
[0.268s] Level 1:colcon.colcon_core.package_identification:_identify(diagnostics) by extensions ['ros']
[0.268s] Level 1:colcon.colcon_core.package_identification:_identify(diagnostics) by extension 'ros'
[0.268s] Level 1:colcon.colcon_core.package_identification:_identify(diagnostics) by extensions ['cmake', 'python']
[0.268s] Level 1:colcon.colcon_core.package_identification:_identify(diagnostics) by extension 'cmake'
[0.268s] Level 1:colcon.colcon_core.package_identification:_identify(diagnostics) by extension 'python'
[0.268s] Level 1:colcon.colcon_core.package_identification:_identify(diagnostics) by extensions ['python_setup_py']
[0.268s] Level 1:colcon.colcon_core.package_identification:_identify(diagnostics) by extension 'python_setup_py'
[0.268s] Level 1:colcon.colcon_core.package_identification:_identify(diagnostics/20260712_010514) by extensions ['ignore', 'ignore_ament_install']
[0.268s] Level 1:colcon.colcon_core.package_identification:_identify(diagnostics/20260712_010514) by extension 'ignore'
[0.268s] Level 1:colcon.colcon_core.package_identification:_identify(diagnostics/20260712_010514) by extension 'ignore_ament_install'
[0.268s] Level 1:colcon.colcon_core.package_identification:_identify(diagnostics/20260712_010514) by extensions ['colcon_pkg']
[0.268s] Level 1:colcon.colcon_core.package_identification:_identify(diagnostics/20260712_010514) by extension 'colcon_pkg'
[0.269s] Level 1:colcon.colcon_core.package_identification:_identify(diagnostics/20260712_010514) by extensions ['colcon_meta']
[0.269s] Level 1:colcon.colcon_core.package_identification:_identify(diagnostics/20260712_010514) by extension 'colcon_meta'
[0.269s] Level 1:colcon.colcon_core.package_identification:_identify(diagnostics/20260712_010514) by extensions ['ros']
[0.269s] Level 1:colcon.colcon_core.package_identification:_identify(diagnostics/20260712_010514) by extension 'ros'
[0.269s] Level 1:colcon.colcon_core.package_identification:_identify(diagnostics/20260712_010514) by extensions ['cmake', 'python']
[0.269s] Level 1:colcon.colcon_core.package_identification:_identify(diagnostics/20260712_010514) by extension 'cmake'
[0.269s] Level 1:colcon.colcon_core.package_identification:_identify(diagnostics/20260712_010514) by extension 'python'
[0.269s] Level 1:colcon.colcon_core.package_identification:_identify(diagnostics/20260712_010514) by extensions ['python_setup_py']
[0.269s] Level 1:colcon.colcon_core.package_identification:_identify(diagnostics/20260712_010514) by extension 'python_setup_py'
[0.270s] Level 1:colcon.colcon_core.package_identification:_identify(diagnostics/20260712_010514/ros_logs_snapshot) by extensions ['ignore', 'ignore_ament_install']
[0.270s] Level 1:colcon.colcon_core.package_identification:_identify(diagnostics/20260712_010514/ros_logs_snapshot) by extension 'ignore'
[0.270s] Level 1:colcon.colcon_core.package_identification:_identify(diagnostics/20260712_010514/ros_logs_snapshot) by extension 'ignore_ament_install'
[0.270s] Level 1:colcon.colcon_core.package_identification:_identify(diagnostics/20260712_010514/ros_logs_snapshot) by extensions ['colcon_pkg']
[0.270s] Level 1:colcon.colcon_core.package_identification:_identify(diagnostics/20260712_010514/ros_logs_snapshot) by extension 'colcon_pkg'
[0.270s] Level 1:colcon.colcon_core.package_identification:_identify(diagnostics/20260712_010514/ros_logs_snapshot) by extensions ['colcon_meta']
[0.270s] Level 1:colcon.colcon_core.package_identification:_identify(diagnostics/20260712_010514/ros_logs_snapshot) by extension 'colcon_meta'
[0.271s] Level 1:colcon.colcon_core.package_identification:_identify(diagnostics/20260712_010514/ros_logs_snapshot) by extensions ['ros']
[0.271s] Level 1:colcon.colcon_core.package_identification:_identify(diagnostics/20260712_010514/ros_logs_snapshot) by extension 'ros'
[0.271s] Level 1:colcon.colcon_core.package_identification:_identify(diagnostics/20260712_010514/ros_logs_snapshot) by extensions ['cmake', 'python']
[0.271s] Level 1:colcon.colcon_core.package_identification:_identify(diagnostics/20260712_010514/ros_logs_snapshot) by extension 'cmake'
[0.271s] Level 1:colcon.colcon_core.package_identification:_identify(diagnostics/20260712_010514/ros_logs_snapshot) by extension 'python'
[0.271s] Level 1:colcon.colcon_core.package_identification:_identify(diagnostics/20260712_010514/ros_logs_snapshot) by extensions ['python_setup_py']
[0.271s] Level 1:colcon.colcon_core.package_identification:_identify(diagnostics/20260712_010514/ros_logs_snapshot) by extension 'python_setup_py'
[0.271s] Level 1:colcon.colcon_core.package_identification:_identify(diagnostics/20260712_010514/ros_logs_snapshot/2026-07-11-18-52-11-415145-sweepi-2114) by extensions ['ignore', 'ignore_ament_install']
[0.271s] Level 1:colcon.colcon_core.package_identification:_identify(diagnostics/20260712_010514/ros_logs_snapshot/2026-07-11-18-52-11-415145-sweepi-2114) by extension 'ignore'
[0.271s] Level 1:colcon.colcon_core.package_identification:_identify(diagnostics/20260712_010514/ros_logs_snapshot/2026-07-11-18-52-11-415145-sweepi-2114) by extension 'ignore_ament_install'
[0.271s] Level 1:colcon.colcon_core.package_identification:_identify(diagnostics/20260712_010514/ros_logs_snapshot/2026-07-11-18-52-11-415145-sweepi-2114) by extensions ['colcon_pkg']
[0.271s] Level 1:colcon.colcon_core.package_identification:_identify(diagnostics/20260712_010514/ros_logs_snapshot/2026-07-11-18-52-11-415145-sweepi-2114) by extension 'colcon_pkg'
[0.271s] Level 1:colcon.colcon_core.package_identification:_identify(diagnostics/20260712_010514/ros_logs_snapshot/2026-07-11-18-52-11-415145-sweepi-2114) by extensions ['colcon_meta']
[0.272s] Level 1:colcon.colcon_core.package_identification:_identify(diagnostics/20260712_010514/ros_logs_snapshot/2026-07-11-18-52-11-415145-sweepi-2114) by extension 'colcon_meta'
[0.272s] Level 1:colcon.colcon_core.package_identification:_identify(diagnostics/20260712_010514/ros_logs_snapshot/2026-07-11-18-52-11-415145-sweepi-2114) by extensions ['ros']
[0.272s] Level 1:colcon.colcon_core.package_identification:_identify(diagnostics/20260712_010514/ros_logs_snapshot/2026-07-11-18-52-11-415145-sweepi-2114) by extension 'ros'
[0.272s] Level 1:colcon.colcon_core.package_identification:_identify(diagnostics/20260712_010514/ros_logs_snapshot/2026-07-11-18-52-11-415145-sweepi-2114) by extensions ['cmake', 'python']
[0.272s] Level 1:colcon.colcon_core.package_identification:_identify(diagnostics/20260712_010514/ros_logs_snapshot/2026-07-11-18-52-11-415145-sweepi-2114) by extension 'cmake'
[0.272s] Level 1:colcon.colcon_core.package_identification:_identify(diagnostics/20260712_010514/ros_logs_snapshot/2026-07-11-18-52-11-415145-sweepi-2114) by extension 'python'
[0.272s] Level 1:colcon.colcon_core.package_identification:_identify(diagnostics/20260712_010514/ros_logs_snapshot/2026-07-11-18-52-11-415145-sweepi-2114) by extensions ['python_setup_py']
[0.272s] Level 1:colcon.colcon_core.package_identification:_identify(diagnostics/20260712_010514/ros_logs_snapshot/2026-07-11-18-52-11-415145-sweepi-2114) by extension 'python_setup_py'
[0.272s] Level 1:colcon.colcon_core.package_identification:_identify(diagnostics/20260712_010514/ros_logs_snapshot/2026-07-11-19-00-26-560959-sweepi-2271) by extensions ['ignore', 'ignore_ament_install']
[0.272s] Level 1:colcon.colcon_core.package_identification:_identify(diagnostics/20260712_010514/ros_logs_snapshot/2026-07-11-19-00-26-560959-sweepi-2271) by extension 'ignore'
[0.272s] Level 1:colcon.colcon_core.package_identification:_identify(diagnostics/20260712_010514/ros_logs_snapshot/2026-07-11-19-00-26-560959-sweepi-2271) by extension 'ignore_ament_install'
[0.272s] Level 1:colcon.colcon_core.package_identification:_identify(diagnostics/20260712_010514/ros_logs_snapshot/2026-07-11-19-00-26-560959-sweepi-2271) by extensions ['colcon_pkg']
[0.272s] Level 1:colcon.colcon_core.package_identification:_identify(diagnostics/20260712_010514/ros_logs_snapshot/2026-07-11-19-00-26-560959-sweepi-2271) by extension 'colcon_pkg'
[0.272s] Level 1:colcon.colcon_core.package_identification:_identify(diagnostics/20260712_010514/ros_logs_snapshot/2026-07-11-19-00-26-560959-sweepi-2271) by extensions ['colcon_meta']
[0.272s] Level 1:colcon.colcon_core.package_identification:_identify(diagnostics/20260712_010514/ros_logs_snapshot/2026-07-11-19-00-26-560959-sweepi-2271) by extension 'colcon_meta'
[0.272s] Level 1:colcon.colcon_core.package_identification:_identify(diagnostics/20260712_010514/ros_logs_snapshot/2026-07-11-19-00-26-560959-sweepi-2271) by extensions ['ros']
[0.272s] Level 1:colcon.colcon_core.package_identification:_identify(diagnostics/20260712_010514/ros_logs_snapshot/2026-07-11-19-00-26-560959-sweepi-2271) by extension 'ros'
[0.272s] Level 1:colcon.colcon_core.package_identification:_identify(diagnostics/20260712_010514/ros_logs_snapshot/2026-07-11-19-00-26-560959-sweepi-2271) by extensions ['cmake', 'python']
[0.273s] Level 1:colcon.colcon_core.package_identification:_identify(diagnostics/20260712_010514/ros_logs_snapshot/2026-07-11-19-00-26-560959-sweepi-2271) by extension 'cmake'
[0.273s] Level 1:colcon.colcon_core.package_identification:_identify(diagnostics/20260712_010514/ros_logs_snapshot/2026-07-11-19-00-26-560959-sweepi-2271) by extension 'python'
[0.273s] Level 1:colcon.colcon_core.package_identification:_identify(diagnostics/20260712_010514/ros_logs_snapshot/2026-07-11-19-00-26-560959-sweepi-2271) by extensions ['python_setup_py']
[0.273s] Level 1:colcon.colcon_core.package_identification:_identify(diagnostics/20260712_010514/ros_logs_snapshot/2026-07-11-19-00-26-560959-sweepi-2271) by extension 'python_setup_py'
[0.273s] Level 1:colcon.colcon_core.package_identification:_identify(diagnostics/20260712_010514/ros_logs_snapshot/2026-07-11-19-04-16-895678-sweepi-2846) by extensions ['ignore', 'ignore_ament_install']
[0.273s] Level 1:colcon.colcon_core.package_identification:_identify(diagnostics/20260712_010514/ros_logs_snapshot/2026-07-11-19-04-16-895678-sweepi-2846) by extension 'ignore'
[0.273s] Level 1:colcon.colcon_core.package_identification:_identify(diagnostics/20260712_010514/ros_logs_snapshot/2026-07-11-19-04-16-895678-sweepi-2846) by extension 'ignore_ament_install'
[0.273s] Level 1:colcon.colcon_core.package_identification:_identify(diagnostics/20260712_010514/ros_logs_snapshot/2026-07-11-19-04-16-895678-sweepi-2846) by extensions ['colcon_pkg']
[0.273s] Level 1:colcon.colcon_core.package_identification:_identify(diagnostics/20260712_010514/ros_logs_snapshot/2026-07-11-19-04-16-895678-sweepi-2846) by extension 'colcon_pkg'
[0.273s] Level 1:colcon.colcon_core.package_identification:_identify(diagnostics/20260712_010514/ros_logs_snapshot/2026-07-11-19-04-16-895678-sweepi-2846) by extensions ['colcon_meta']
[0.273s] Level 1:colcon.colcon_core.package_identification:_identify(diagnostics/20260712_010514/ros_logs_snapshot/2026-07-11-19-04-16-895678-sweepi-2846) by extension 'colcon_meta'
[0.273s] Level 1:colcon.colcon_core.package_identification:_identify(diagnostics/20260712_010514/ros_logs_snapshot/2026-07-11-19-04-16-895678-sweepi-2846) by extensions ['ros']
[0.273s] Level 1:colcon.colcon_core.package_identification:_identify(diagnostics/20260712_010514/ros_logs_snapshot/2026-07-11-19-04-16-895678-sweepi-2846) by extension 'ros'
[0.273s] Level 1:colcon.colcon_core.package_identification:_identify(diagnostics/20260712_010514/ros_logs_snapshot/2026-07-11-19-04-16-895678-sweepi-2846) by extensions ['cmake', 'python']
[0.273s] Level 1:colcon.colcon_core.package_identification:_identify(diagnostics/20260712_010514/ros_logs_snapshot/2026-07-11-19-04-16-895678-sweepi-2846) by extension 'cmake'
[0.273s] Level 1:colcon.colcon_core.package_identification:_identify(diagnostics/20260712_010514/ros_logs_snapshot/2026-07-11-19-04-16-895678-sweepi-2846) by extension 'python'
[0.273s] Level 1:colcon.colcon_core.package_identification:_identify(diagnostics/20260712_010514/ros_logs_snapshot/2026-07-11-19-04-16-895678-sweepi-2846) by extensions ['python_setup_py']
[0.273s] Level 1:colcon.colcon_core.package_identification:_identify(diagnostics/20260712_010514/ros_logs_snapshot/2026-07-11-19-04-16-895678-sweepi-2846) by extension 'python_setup_py'
[0.274s] Level 1:colcon.colcon_core.package_identification:_identify(diagnostics/20260712_010514/ros_logs_snapshot/2026-07-11-19-04-56-601972-sweepi-3084) by extensions ['ignore', 'ignore_ament_install']
[0.274s] Level 1:colcon.colcon_core.package_identification:_identify(diagnostics/20260712_010514/ros_logs_snapshot/2026-07-11-19-04-56-601972-sweepi-3084) by extension 'ignore'
[0.274s] Level 1:colcon.colcon_core.package_identification:_identify(diagnostics/20260712_010514/ros_logs_snapshot/2026-07-11-19-04-56-601972-sweepi-3084) by extension 'ignore_ament_install'
[0.274s] Level 1:colcon.colcon_core.package_identification:_identify(diagnostics/20260712_010514/ros_logs_snapshot/2026-07-11-19-04-56-601972-sweepi-3084) by extensions ['colcon_pkg']
[0.274s] Level 1:colcon.colcon_core.package_identification:_identify(diagnostics/20260712_010514/ros_logs_snapshot/2026-07-11-19-04-56-601972-sweepi-3084) by extension 'colcon_pkg'
[0.274s] Level 1:colcon.colcon_core.package_identification:_identify(diagnostics/20260712_010514/ros_logs_snapshot/2026-07-11-19-04-56-601972-sweepi-3084) by extensions ['colcon_meta']
[0.274s] Level 1:colcon.colcon_core.package_identification:_identify(diagnostics/20260712_010514/ros_logs_snapshot/2026-07-11-19-04-56-601972-sweepi-3084) by extension 'colcon_meta'
[0.274s] Level 1:colcon.colcon_core.package_identification:_identify(diagnostics/20260712_010514/ros_logs_snapshot/2026-07-11-19-04-56-601972-sweepi-3084) by extensions ['ros']
[0.274s] Level 1:colcon.colcon_core.package_identification:_identify(diagnostics/20260712_010514/ros_logs_snapshot/2026-07-11-19-04-56-601972-sweepi-3084) by extension 'ros'
[0.274s] Level 1:colcon.colcon_core.package_identification:_identify(diagnostics/20260712_010514/ros_logs_snapshot/2026-07-11-19-04-56-601972-sweepi-3084) by extensions ['cmake', 'python']
[0.274s] Level 1:colcon.colcon_core.package_identification:_identify(diagnostics/20260712_010514/ros_logs_snapshot/2026-07-11-19-04-56-601972-sweepi-3084) by extension 'cmake'
[0.274s] Level 1:colcon.colcon_core.package_identification:_identify(diagnostics/20260712_010514/ros_logs_snapshot/2026-07-11-19-04-56-601972-sweepi-3084) by extension 'python'
[0.274s] Level 1:colcon.colcon_core.package_identification:_identify(diagnostics/20260712_010514/ros_logs_snapshot/2026-07-11-19-04-56-601972-sweepi-3084) by extensions ['python_setup_py']
[0.274s] Level 1:colcon.colcon_core.package_identification:_identify(diagnostics/20260712_010514/ros_logs_snapshot/2026-07-11-19-04-56-601972-sweepi-3084) by extension 'python_setup_py'
[0.274s] Level 1:colcon.colcon_core.package_identification:_identify(diagnostics/20260712_010514/ros_logs_snapshot/2026-07-11-19-06-39-202531-sweepi-3496) by extensions ['ignore', 'ignore_ament_install']
[0.274s] Level 1:colcon.colcon_core.package_identification:_identify(diagnostics/20260712_010514/ros_logs_snapshot/2026-07-11-19-06-39-202531-sweepi-3496) by extension 'ignore'
[0.275s] Level 1:colcon.colcon_core.package_identification:_identify(diagnostics/20260712_010514/ros_logs_snapshot/2026-07-11-19-06-39-202531-sweepi-3496) by extension 'ignore_ament_install'
[0.275s] Level 1:colcon.colcon_core.package_identification:_identify(diagnostics/20260712_010514/ros_logs_snapshot/2026-07-11-19-06-39-202531-sweepi-3496) by extensions ['colcon_pkg']
[0.275s] Level 1:colcon.colcon_core.package_identification:_identify(diagnostics/20260712_010514/ros_logs_snapshot/2026-07-11-19-06-39-202531-sweepi-3496) by extension 'colcon_pkg'
[0.275s] Level 1:colcon.colcon_core.package_identification:_identify(diagnostics/20260712_010514/ros_logs_snapshot/2026-07-11-19-06-39-202531-sweepi-3496) by extensions ['colcon_meta']
[0.275s] Level 1:colcon.colcon_core.package_identification:_identify(diagnostics/20260712_010514/ros_logs_snapshot/2026-07-11-19-06-39-202531-sweepi-3496) by extension 'colcon_meta'
[0.275s] Level 1:colcon.colcon_core.package_identification:_identify(diagnostics/20260712_010514/ros_logs_snapshot/2026-07-11-19-06-39-202531-sweepi-3496) by extensions ['ros']
[0.275s] Level 1:colcon.colcon_core.package_identification:_identify(diagnostics/20260712_010514/ros_logs_snapshot/2026-07-11-19-06-39-202531-sweepi-3496) by extension 'ros'
[0.275s] Level 1:colcon.colcon_core.package_identification:_identify(diagnostics/20260712_010514/ros_logs_snapshot/2026-07-11-19-06-39-202531-sweepi-3496) by extensions ['cmake', 'python']
[0.275s] Level 1:colcon.colcon_core.package_identification:_identify(diagnostics/20260712_010514/ros_logs_snapshot/2026-07-11-19-06-39-202531-sweepi-3496) by extension 'cmake'
[0.275s] Level 1:colcon.colcon_core.package_identification:_identify(diagnostics/20260712_010514/ros_logs_snapshot/2026-07-11-19-06-39-202531-sweepi-3496) by extension 'python'
[0.275s] Level 1:colcon.colcon_core.package_identification:_identify(diagnostics/20260712_010514/ros_logs_snapshot/2026-07-11-19-06-39-202531-sweepi-3496) by extensions ['python_setup_py']
[0.275s] Level 1:colcon.colcon_core.package_identification:_identify(diagnostics/20260712_010514/ros_logs_snapshot/2026-07-11-19-06-39-202531-sweepi-3496) by extension 'python_setup_py'
[0.275s] Level 1:colcon.colcon_core.package_identification:_identify(diagnostics/20260712_010514/ros_logs_snapshot/2026-07-11-19-14-26-729913-sweepi-4329) by extensions ['ignore', 'ignore_ament_install']
[0.275s] Level 1:colcon.colcon_core.package_identification:_identify(diagnostics/20260712_010514/ros_logs_snapshot/2026-07-11-19-14-26-729913-sweepi-4329) by extension 'ignore'
[0.275s] Level 1:colcon.colcon_core.package_identification:_identify(diagnostics/20260712_010514/ros_logs_snapshot/2026-07-11-19-14-26-729913-sweepi-4329) by extension 'ignore_ament_install'
[0.275s] Level 1:colcon.colcon_core.package_identification:_identify(diagnostics/20260712_010514/ros_logs_snapshot/2026-07-11-19-14-26-729913-sweepi-4329) by extensions ['colcon_pkg']
[0.275s] Level 1:colcon.colcon_core.package_identification:_identify(diagnostics/20260712_010514/ros_logs_snapshot/2026-07-11-19-14-26-729913-sweepi-4329) by extension 'colcon_pkg'
[0.275s] Level 1:colcon.colcon_core.package_identification:_identify(diagnostics/20260712_010514/ros_logs_snapshot/2026-07-11-19-14-26-729913-sweepi-4329) by extensions ['colcon_meta']
[0.275s] Level 1:colcon.colcon_core.package_identification:_identify(diagnostics/20260712_010514/ros_logs_snapshot/2026-07-11-19-14-26-729913-sweepi-4329) by extension 'colcon_meta'
[0.276s] Level 1:colcon.colcon_core.package_identification:_identify(diagnostics/20260712_010514/ros_logs_snapshot/2026-07-11-19-14-26-729913-sweepi-4329) by extensions ['ros']
[0.276s] Level 1:colcon.colcon_core.package_identification:_identify(diagnostics/20260712_010514/ros_logs_snapshot/2026-07-11-19-14-26-729913-sweepi-4329) by extension 'ros'
[0.276s] Level 1:colcon.colcon_core.package_identification:_identify(diagnostics/20260712_010514/ros_logs_snapshot/2026-07-11-19-14-26-729913-sweepi-4329) by extensions ['cmake', 'python']
[0.276s] Level 1:colcon.colcon_core.package_identification:_identify(diagnostics/20260712_010514/ros_logs_snapshot/2026-07-11-19-14-26-729913-sweepi-4329) by extension 'cmake'
[0.276s] Level 1:colcon.colcon_core.package_identification:_identify(diagnostics/20260712_010514/ros_logs_snapshot/2026-07-11-19-14-26-729913-sweepi-4329) by extension 'python'
[0.276s] Level 1:colcon.colcon_core.package_identification:_identify(diagnostics/20260712_010514/ros_logs_snapshot/2026-07-11-19-14-26-729913-sweepi-4329) by extensions ['python_setup_py']
[0.276s] Level 1:colcon.colcon_core.package_identification:_identify(diagnostics/20260712_010514/ros_logs_snapshot/2026-07-11-19-14-26-729913-sweepi-4329) by extension 'python_setup_py'
[0.276s] Level 1:colcon.colcon_core.package_identification:_identify(diagnostics/20260712_010514/ros_logs_snapshot/2026-07-11-19-16-35-670181-sweepi-4762) by extensions ['ignore', 'ignore_ament_install']
[0.276s] Level 1:colcon.colcon_core.package_identification:_identify(diagnostics/20260712_010514/ros_logs_snapshot/2026-07-11-19-16-35-670181-sweepi-4762) by extension 'ignore'
[0.276s] Level 1:colcon.colcon_core.package_identification:_identify(diagnostics/20260712_010514/ros_logs_snapshot/2026-07-11-19-16-35-670181-sweepi-4762) by extension 'ignore_ament_install'
[0.276s] Level 1:colcon.colcon_core.package_identification:_identify(diagnostics/20260712_010514/ros_logs_snapshot/2026-07-11-19-16-35-670181-sweepi-4762) by extensions ['colcon_pkg']
[0.276s] Level 1:colcon.colcon_core.package_identification:_identify(diagnostics/20260712_010514/ros_logs_snapshot/2026-07-11-19-16-35-670181-sweepi-4762) by extension 'colcon_pkg'
[0.276s] Level 1:colcon.colcon_core.package_identification:_identify(diagnostics/20260712_010514/ros_logs_snapshot/2026-07-11-19-16-35-670181-sweepi-4762) by extensions ['colcon_meta']
[0.276s] Level 1:colcon.colcon_core.package_identification:_identify(diagnostics/20260712_010514/ros_logs_snapshot/2026-07-11-19-16-35-670181-sweepi-4762) by extension 'colcon_meta'
[0.276s] Level 1:colcon.colcon_core.package_identification:_identify(diagnostics/20260712_010514/ros_logs_snapshot/2026-07-11-19-16-35-670181-sweepi-4762) by extensions ['ros']
[0.276s] Level 1:colcon.colcon_core.package_identification:_identify(diagnostics/20260712_010514/ros_logs_snapshot/2026-07-11-19-16-35-670181-sweepi-4762) by extension 'ros'
[0.276s] Level 1:colcon.colcon_core.package_identification:_identify(diagnostics/20260712_010514/ros_logs_snapshot/2026-07-11-19-16-35-670181-sweepi-4762) by extensions ['cmake', 'python']
[0.276s] Level 1:colcon.colcon_core.package_identification:_identify(diagnostics/20260712_010514/ros_logs_snapshot/2026-07-11-19-16-35-670181-sweepi-4762) by extension 'cmake'
[0.277s] Level 1:colcon.colcon_core.package_identification:_identify(diagnostics/20260712_010514/ros_logs_snapshot/2026-07-11-19-16-35-670181-sweepi-4762) by extension 'python'
[0.277s] Level 1:colcon.colcon_core.package_identification:_identify(diagnostics/20260712_010514/ros_logs_snapshot/2026-07-11-19-16-35-670181-sweepi-4762) by extensions ['python_setup_py']
[0.277s] Level 1:colcon.colcon_core.package_identification:_identify(diagnostics/20260712_010514/ros_logs_snapshot/2026-07-11-19-16-35-670181-sweepi-4762) by extension 'python_setup_py'
[0.277s] Level 1:colcon.colcon_core.package_identification:_identify(diagnostics/20260712_010514/ros_logs_snapshot/2026-07-11-19-16-58-906555-sweepi-4940) by extensions ['ignore', 'ignore_ament_install']
[0.277s] Level 1:colcon.colcon_core.package_identification:_identify(diagnostics/20260712_010514/ros_logs_snapshot/2026-07-11-19-16-58-906555-sweepi-4940) by extension 'ignore'
[0.277s] Level 1:colcon.colcon_core.package_identification:_identify(diagnostics/20260712_010514/ros_logs_snapshot/2026-07-11-19-16-58-906555-sweepi-4940) by extension 'ignore_ament_install'
[0.277s] Level 1:colcon.colcon_core.package_identification:_identify(diagnostics/20260712_010514/ros_logs_snapshot/2026-07-11-19-16-58-906555-sweepi-4940) by extensions ['colcon_pkg']
[0.277s] Level 1:colcon.colcon_core.package_identification:_identify(diagnostics/20260712_010514/ros_logs_snapshot/2026-07-11-19-16-58-906555-sweepi-4940) by extension 'colcon_pkg'
[0.277s] Level 1:colcon.colcon_core.package_identification:_identify(diagnostics/20260712_010514/ros_logs_snapshot/2026-07-11-19-16-58-906555-sweepi-4940) by extensions ['colcon_meta']
[0.277s] Level 1:colcon.colcon_core.package_identification:_identify(diagnostics/20260712_010514/ros_logs_snapshot/2026-07-11-19-16-58-906555-sweepi-4940) by extension 'colcon_meta'
[0.277s] Level 1:colcon.colcon_core.package_identification:_identify(diagnostics/20260712_010514/ros_logs_snapshot/2026-07-11-19-16-58-906555-sweepi-4940) by extensions ['ros']
[0.277s] Level 1:colcon.colcon_core.package_identification:_identify(diagnostics/20260712_010514/ros_logs_snapshot/2026-07-11-19-16-58-906555-sweepi-4940) by extension 'ros'
[0.277s] Level 1:colcon.colcon_core.package_identification:_identify(diagnostics/20260712_010514/ros_logs_snapshot/2026-07-11-19-16-58-906555-sweepi-4940) by extensions ['cmake', 'python']
[0.277s] Level 1:colcon.colcon_core.package_identification:_identify(diagnostics/20260712_010514/ros_logs_snapshot/2026-07-11-19-16-58-906555-sweepi-4940) by extension 'cmake'
[0.277s] Level 1:colcon.colcon_core.package_identification:_identify(diagnostics/20260712_010514/ros_logs_snapshot/2026-07-11-19-16-58-906555-sweepi-4940) by extension 'python'
[0.277s] Level 1:colcon.colcon_core.package_identification:_identify(diagnostics/20260712_010514/ros_logs_snapshot/2026-07-11-19-16-58-906555-sweepi-4940) by extensions ['python_setup_py']
[0.277s] Level 1:colcon.colcon_core.package_identification:_identify(diagnostics/20260712_010514/ros_logs_snapshot/2026-07-11-19-16-58-906555-sweepi-4940) by extension 'python_setup_py'
[0.278s] Level 1:colcon.colcon_core.package_identification:_identify(diagnostics/20260712_010514/ros_logs_snapshot/2026-07-11-19-25-11-341657-sweepi-7681) by extensions ['ignore', 'ignore_ament_install']
[0.278s] Level 1:colcon.colcon_core.package_identification:_identify(diagnostics/20260712_010514/ros_logs_snapshot/2026-07-11-19-25-11-341657-sweepi-7681) by extension 'ignore'
[0.278s] Level 1:colcon.colcon_core.package_identification:_identify(diagnostics/20260712_010514/ros_logs_snapshot/2026-07-11-19-25-11-341657-sweepi-7681) by extension 'ignore_ament_install'
[0.278s] Level 1:colcon.colcon_core.package_identification:_identify(diagnostics/20260712_010514/ros_logs_snapshot/2026-07-11-19-25-11-341657-sweepi-7681) by extensions ['colcon_pkg']
[0.278s] Level 1:colcon.colcon_core.package_identification:_identify(diagnostics/20260712_010514/ros_logs_snapshot/2026-07-11-19-25-11-341657-sweepi-7681) by extension 'colcon_pkg'
[0.278s] Level 1:colcon.colcon_core.package_identification:_identify(diagnostics/20260712_010514/ros_logs_snapshot/2026-07-11-19-25-11-341657-sweepi-7681) by extensions ['colcon_meta']
[0.278s] Level 1:colcon.colcon_core.package_identification:_identify(diagnostics/20260712_010514/ros_logs_snapshot/2026-07-11-19-25-11-341657-sweepi-7681) by extension 'colcon_meta'
[0.278s] Level 1:colcon.colcon_core.package_identification:_identify(diagnostics/20260712_010514/ros_logs_snapshot/2026-07-11-19-25-11-341657-sweepi-7681) by extensions ['ros']
[0.278s] Level 1:colcon.colcon_core.package_identification:_identify(diagnostics/20260712_010514/ros_logs_snapshot/2026-07-11-19-25-11-341657-sweepi-7681) by extension 'ros'
[0.278s] Level 1:colcon.colcon_core.package_identification:_identify(diagnostics/20260712_010514/ros_logs_snapshot/2026-07-11-19-25-11-341657-sweepi-7681) by extensions ['cmake', 'python']
[0.278s] Level 1:colcon.colcon_core.package_identification:_identify(diagnostics/20260712_010514/ros_logs_snapshot/2026-07-11-19-25-11-341657-sweepi-7681) by extension 'cmake'
[0.278s] Level 1:colcon.colcon_core.package_identification:_identify(diagnostics/20260712_010514/ros_logs_snapshot/2026-07-11-19-25-11-341657-sweepi-7681) by extension 'python'
[0.278s] Level 1:colcon.colcon_core.package_identification:_identify(diagnostics/20260712_010514/ros_logs_snapshot/2026-07-11-19-25-11-341657-sweepi-7681) by extensions ['python_setup_py']
[0.278s] Level 1:colcon.colcon_core.package_identification:_identify(diagnostics/20260712_010514/ros_logs_snapshot/2026-07-11-19-25-11-341657-sweepi-7681) by extension 'python_setup_py'
[0.278s] Level 1:colcon.colcon_core.package_identification:_identify(diagnostics/20260712_010514/ros_logs_snapshot/2026-07-11-19-25-54-370282-sweepi-7954) by extensions ['ignore', 'ignore_ament_install']
[0.278s] Level 1:colcon.colcon_core.package_identification:_identify(diagnostics/20260712_010514/ros_logs_snapshot/2026-07-11-19-25-54-370282-sweepi-7954) by extension 'ignore'
[0.279s] Level 1:colcon.colcon_core.package_identification:_identify(diagnostics/20260712_010514/ros_logs_snapshot/2026-07-11-19-25-54-370282-sweepi-7954) by extension 'ignore_ament_install'
[0.279s] Level 1:colcon.colcon_core.package_identification:_identify(diagnostics/20260712_010514/ros_logs_snapshot/2026-07-11-19-25-54-370282-sweepi-7954) by extensions ['colcon_pkg']
[0.279s] Level 1:colcon.colcon_core.package_identification:_identify(diagnostics/20260712_010514/ros_logs_snapshot/2026-07-11-19-25-54-370282-sweepi-7954) by extension 'colcon_pkg'
[0.279s] Level 1:colcon.colcon_core.package_identification:_identify(diagnostics/20260712_010514/ros_logs_snapshot/2026-07-11-19-25-54-370282-sweepi-7954) by extensions ['colcon_meta']
[0.279s] Level 1:colcon.colcon_core.package_identification:_identify(diagnostics/20260712_010514/ros_logs_snapshot/2026-07-11-19-25-54-370282-sweepi-7954) by extension 'colcon_meta'
[0.279s] Level 1:colcon.colcon_core.package_identification:_identify(diagnostics/20260712_010514/ros_logs_snapshot/2026-07-11-19-25-54-370282-sweepi-7954) by extensions ['ros']
[0.279s] Level 1:colcon.colcon_core.package_identification:_identify(diagnostics/20260712_010514/ros_logs_snapshot/2026-07-11-19-25-54-370282-sweepi-7954) by extension 'ros'
[0.279s] Level 1:colcon.colcon_core.package_identification:_identify(diagnostics/20260712_010514/ros_logs_snapshot/2026-07-11-19-25-54-370282-sweepi-7954) by extensions ['cmake', 'python']
[0.279s] Level 1:colcon.colcon_core.package_identification:_identify(diagnostics/20260712_010514/ros_logs_snapshot/2026-07-11-19-25-54-370282-sweepi-7954) by extension 'cmake'
[0.279s] Level 1:colcon.colcon_core.package_identification:_identify(diagnostics/20260712_010514/ros_logs_snapshot/2026-07-11-19-25-54-370282-sweepi-7954) by extension 'python'
[0.279s] Level 1:colcon.colcon_core.package_identification:_identify(diagnostics/20260712_010514/ros_logs_snapshot/2026-07-11-19-25-54-370282-sweepi-7954) by extensions ['python_setup_py']
[0.279s] Level 1:colcon.colcon_core.package_identification:_identify(diagnostics/20260712_010514/ros_logs_snapshot/2026-07-11-19-25-54-370282-sweepi-7954) by extension 'python_setup_py'
[0.279s] Level 1:colcon.colcon_core.package_identification:_identify(diagnostics/20260712_010514/ros_logs_snapshot/2026-07-11-19-28-38-464025-sweepi-8924) by extensions ['ignore', 'ignore_ament_install']
[0.279s] Level 1:colcon.colcon_core.package_identification:_identify(diagnostics/20260712_010514/ros_logs_snapshot/2026-07-11-19-28-38-464025-sweepi-8924) by extension 'ignore'
[0.279s] Level 1:colcon.colcon_core.package_identification:_identify(diagnostics/20260712_010514/ros_logs_snapshot/2026-07-11-19-28-38-464025-sweepi-8924) by extension 'ignore_ament_install'
[0.279s] Level 1:colcon.colcon_core.package_identification:_identify(diagnostics/20260712_010514/ros_logs_snapshot/2026-07-11-19-28-38-464025-sweepi-8924) by extensions ['colcon_pkg']
[0.279s] Level 1:colcon.colcon_core.package_identification:_identify(diagnostics/20260712_010514/ros_logs_snapshot/2026-07-11-19-28-38-464025-sweepi-8924) by extension 'colcon_pkg'
[0.279s] Level 1:colcon.colcon_core.package_identification:_identify(diagnostics/20260712_010514/ros_logs_snapshot/2026-07-11-19-28-38-464025-sweepi-8924) by extensions ['colcon_meta']
[0.279s] Level 1:colcon.colcon_core.package_identification:_identify(diagnostics/20260712_010514/ros_logs_snapshot/2026-07-11-19-28-38-464025-sweepi-8924) by extension 'colcon_meta'
[0.280s] Level 1:colcon.colcon_core.package_identification:_identify(diagnostics/20260712_010514/ros_logs_snapshot/2026-07-11-19-28-38-464025-sweepi-8924) by extensions ['ros']
[0.280s] Level 1:colcon.colcon_core.package_identification:_identify(diagnostics/20260712_010514/ros_logs_snapshot/2026-07-11-19-28-38-464025-sweepi-8924) by extension 'ros'
[0.280s] Level 1:colcon.colcon_core.package_identification:_identify(diagnostics/20260712_010514/ros_logs_snapshot/2026-07-11-19-28-38-464025-sweepi-8924) by extensions ['cmake', 'python']
[0.280s] Level 1:colcon.colcon_core.package_identification:_identify(diagnostics/20260712_010514/ros_logs_snapshot/2026-07-11-19-28-38-464025-sweepi-8924) by extension 'cmake'
[0.280s] Level 1:colcon.colcon_core.package_identification:_identify(diagnostics/20260712_010514/ros_logs_snapshot/2026-07-11-19-28-38-464025-sweepi-8924) by extension 'python'
[0.280s] Level 1:colcon.colcon_core.package_identification:_identify(diagnostics/20260712_010514/ros_logs_snapshot/2026-07-11-19-28-38-464025-sweepi-8924) by extensions ['python_setup_py']
[0.280s] Level 1:colcon.colcon_core.package_identification:_identify(diagnostics/20260712_010514/ros_logs_snapshot/2026-07-11-19-28-38-464025-sweepi-8924) by extension 'python_setup_py'
[0.280s] Level 1:colcon.colcon_core.package_identification:_identify(diagnostics/20260712_010514/ros_logs_snapshot/2026-07-11-19-29-46-844781-sweepi-9601) by extensions ['ignore', 'ignore_ament_install']
[0.280s] Level 1:colcon.colcon_core.package_identification:_identify(diagnostics/20260712_010514/ros_logs_snapshot/2026-07-11-19-29-46-844781-sweepi-9601) by extension 'ignore'
[0.280s] Level 1:colcon.colcon_core.package_identification:_identify(diagnostics/20260712_010514/ros_logs_snapshot/2026-07-11-19-29-46-844781-sweepi-9601) by extension 'ignore_ament_install'
[0.280s] Level 1:colcon.colcon_core.package_identification:_identify(diagnostics/20260712_010514/ros_logs_snapshot/2026-07-11-19-29-46-844781-sweepi-9601) by extensions ['colcon_pkg']
[0.280s] Level 1:colcon.colcon_core.package_identification:_identify(diagnostics/20260712_010514/ros_logs_snapshot/2026-07-11-19-29-46-844781-sweepi-9601) by extension 'colcon_pkg'
[0.280s] Level 1:colcon.colcon_core.package_identification:_identify(diagnostics/20260712_010514/ros_logs_snapshot/2026-07-11-19-29-46-844781-sweepi-9601) by extensions ['colcon_meta']
[0.280s] Level 1:colcon.colcon_core.package_identification:_identify(diagnostics/20260712_010514/ros_logs_snapshot/2026-07-11-19-29-46-844781-sweepi-9601) by extension 'colcon_meta'
[0.280s] Level 1:colcon.colcon_core.package_identification:_identify(diagnostics/20260712_010514/ros_logs_snapshot/2026-07-11-19-29-46-844781-sweepi-9601) by extensions ['ros']
[0.280s] Level 1:colcon.colcon_core.package_identification:_identify(diagnostics/20260712_010514/ros_logs_snapshot/2026-07-11-19-29-46-844781-sweepi-9601) by extension 'ros'
[0.280s] Level 1:colcon.colcon_core.package_identification:_identify(diagnostics/20260712_010514/ros_logs_snapshot/2026-07-11-19-29-46-844781-sweepi-9601) by extensions ['cmake', 'python']
[0.280s] Level 1:colcon.colcon_core.package_identification:_identify(diagnostics/20260712_010514/ros_logs_snapshot/2026-07-11-19-29-46-844781-sweepi-9601) by extension 'cmake'
[0.281s] Level 1:colcon.colcon_core.package_identification:_identify(diagnostics/20260712_010514/ros_logs_snapshot/2026-07-11-19-29-46-844781-sweepi-9601) by extension 'python'
[0.281s] Level 1:colcon.colcon_core.package_identification:_identify(diagnostics/20260712_010514/ros_logs_snapshot/2026-07-11-19-29-46-844781-sweepi-9601) by extensions ['python_setup_py']
[0.281s] Level 1:colcon.colcon_core.package_identification:_identify(diagnostics/20260712_010514/ros_logs_snapshot/2026-07-11-19-29-46-844781-sweepi-9601) by extension 'python_setup_py'
[0.281s] Level 1:colcon.colcon_core.package_identification:_identify(diagnostics/20260712_010514/ros_logs_snapshot/2026-07-11-19-37-45-991447-sweepi-3987) by extensions ['ignore', 'ignore_ament_install']
[0.281s] Level 1:colcon.colcon_core.package_identification:_identify(diagnostics/20260712_010514/ros_logs_snapshot/2026-07-11-19-37-45-991447-sweepi-3987) by extension 'ignore'
[0.281s] Level 1:colcon.colcon_core.package_identification:_identify(diagnostics/20260712_010514/ros_logs_snapshot/2026-07-11-19-37-45-991447-sweepi-3987) by extension 'ignore_ament_install'
[0.281s] Level 1:colcon.colcon_core.package_identification:_identify(diagnostics/20260712_010514/ros_logs_snapshot/2026-07-11-19-37-45-991447-sweepi-3987) by extensions ['colcon_pkg']
[0.281s] Level 1:colcon.colcon_core.package_identification:_identify(diagnostics/20260712_010514/ros_logs_snapshot/2026-07-11-19-37-45-991447-sweepi-3987) by extension 'colcon_pkg'
[0.281s] Level 1:colcon.colcon_core.package_identification:_identify(diagnostics/20260712_010514/ros_logs_snapshot/2026-07-11-19-37-45-991447-sweepi-3987) by extensions ['colcon_meta']
[0.281s] Level 1:colcon.colcon_core.package_identification:_identify(diagnostics/20260712_010514/ros_logs_snapshot/2026-07-11-19-37-45-991447-sweepi-3987) by extension 'colcon_meta'
[0.281s] Level 1:colcon.colcon_core.package_identification:_identify(diagnostics/20260712_010514/ros_logs_snapshot/2026-07-11-19-37-45-991447-sweepi-3987) by extensions ['ros']
[0.281s] Level 1:colcon.colcon_core.package_identification:_identify(diagnostics/20260712_010514/ros_logs_snapshot/2026-07-11-19-37-45-991447-sweepi-3987) by extension 'ros'
[0.281s] Level 1:colcon.colcon_core.package_identification:_identify(diagnostics/20260712_010514/ros_logs_snapshot/2026-07-11-19-37-45-991447-sweepi-3987) by extensions ['cmake', 'python']
[0.281s] Level 1:colcon.colcon_core.package_identification:_identify(diagnostics/20260712_010514/ros_logs_snapshot/2026-07-11-19-37-45-991447-sweepi-3987) by extension 'cmake'
[0.281s] Level 1:colcon.colcon_core.package_identification:_identify(diagnostics/20260712_010514/ros_logs_snapshot/2026-07-11-19-37-45-991447-sweepi-3987) by extension 'python'
[0.281s] Level 1:colcon.colcon_core.package_identification:_identify(diagnostics/20260712_010514/ros_logs_snapshot/2026-07-11-19-37-45-991447-sweepi-3987) by extensions ['python_setup_py']
[0.281s] Level 1:colcon.colcon_core.package_identification:_identify(diagnostics/20260712_010514/ros_logs_snapshot/2026-07-11-19-37-45-991447-sweepi-3987) by extension 'python_setup_py'
[0.282s] Level 1:colcon.colcon_core.package_identification:_identify(diagnostics/20260712_010514/ros_logs_snapshot/2026-07-11-19-39-40-711799-sweepi-5238) by extensions ['ignore', 'ignore_ament_install']
[0.282s] Level 1:colcon.colcon_core.package_identification:_identify(diagnostics/20260712_010514/ros_logs_snapshot/2026-07-11-19-39-40-711799-sweepi-5238) by extension 'ignore'
[0.282s] Level 1:colcon.colcon_core.package_identification:_identify(diagnostics/20260712_010514/ros_logs_snapshot/2026-07-11-19-39-40-711799-sweepi-5238) by extension 'ignore_ament_install'
[0.282s] Level 1:colcon.colcon_core.package_identification:_identify(diagnostics/20260712_010514/ros_logs_snapshot/2026-07-11-19-39-40-711799-sweepi-5238) by extensions ['colcon_pkg']
[0.282s] Level 1:colcon.colcon_core.package_identification:_identify(diagnostics/20260712_010514/ros_logs_snapshot/2026-07-11-19-39-40-711799-sweepi-5238) by extension 'colcon_pkg'
[0.282s] Level 1:colcon.colcon_core.package_identification:_identify(diagnostics/20260712_010514/ros_logs_snapshot/2026-07-11-19-39-40-711799-sweepi-5238) by extensions ['colcon_meta']
[0.282s] Level 1:colcon.colcon_core.package_identification:_identify(diagnostics/20260712_010514/ros_logs_snapshot/2026-07-11-19-39-40-711799-sweepi-5238) by extension 'colcon_meta'
[0.282s] Level 1:colcon.colcon_core.package_identification:_identify(diagnostics/20260712_010514/ros_logs_snapshot/2026-07-11-19-39-40-711799-sweepi-5238) by extensions ['ros']
[0.282s] Level 1:colcon.colcon_core.package_identification:_identify(diagnostics/20260712_010514/ros_logs_snapshot/2026-07-11-19-39-40-711799-sweepi-5238) by extension 'ros'
[0.282s] Level 1:colcon.colcon_core.package_identification:_identify(diagnostics/20260712_010514/ros_logs_snapshot/2026-07-11-19-39-40-711799-sweepi-5238) by extensions ['cmake', 'python']
[0.282s] Level 1:colcon.colcon_core.package_identification:_identify(diagnostics/20260712_010514/ros_logs_snapshot/2026-07-11-19-39-40-711799-sweepi-5238) by extension 'cmake'
[0.282s] Level 1:colcon.colcon_core.package_identification:_identify(diagnostics/20260712_010514/ros_logs_snapshot/2026-07-11-19-39-40-711799-sweepi-5238) by extension 'python'
[0.282s] Level 1:colcon.colcon_core.package_identification:_identify(diagnostics/20260712_010514/ros_logs_snapshot/2026-07-11-19-39-40-711799-sweepi-5238) by extensions ['python_setup_py']
[0.282s] Level 1:colcon.colcon_core.package_identification:_identify(diagnostics/20260712_010514/ros_logs_snapshot/2026-07-11-19-39-40-711799-sweepi-5238) by extension 'python_setup_py'
[0.283s] Level 1:colcon.colcon_core.package_identification:_identify(diagnostics/20260712_010514/ros_logs_snapshot/2026-07-11-19-40-03-541564-sweepi-5446) by extensions ['ignore', 'ignore_ament_install']
[0.283s] Level 1:colcon.colcon_core.package_identification:_identify(diagnostics/20260712_010514/ros_logs_snapshot/2026-07-11-19-40-03-541564-sweepi-5446) by extension 'ignore'
[0.283s] Level 1:colcon.colcon_core.package_identification:_identify(diagnostics/20260712_010514/ros_logs_snapshot/2026-07-11-19-40-03-541564-sweepi-5446) by extension 'ignore_ament_install'
[0.283s] Level 1:colcon.colcon_core.package_identification:_identify(diagnostics/20260712_010514/ros_logs_snapshot/2026-07-11-19-40-03-541564-sweepi-5446) by extensions ['colcon_pkg']
[0.283s] Level 1:colcon.colcon_core.package_identification:_identify(diagnostics/20260712_010514/ros_logs_snapshot/2026-07-11-19-40-03-541564-sweepi-5446) by extension 'colcon_pkg'
[0.283s] Level 1:colcon.colcon_core.package_identification:_identify(diagnostics/20260712_010514/ros_logs_snapshot/2026-07-11-19-40-03-541564-sweepi-5446) by extensions ['colcon_meta']
[0.283s] Level 1:colcon.colcon_core.package_identification:_identify(diagnostics/20260712_010514/ros_logs_snapshot/2026-07-11-19-40-03-541564-sweepi-5446) by extension 'colcon_meta'
[0.283s] Level 1:colcon.colcon_core.package_identification:_identify(diagnostics/20260712_010514/ros_logs_snapshot/2026-07-11-19-40-03-541564-sweepi-5446) by extensions ['ros']
[0.283s] Level 1:colcon.colcon_core.package_identification:_identify(diagnostics/20260712_010514/ros_logs_snapshot/2026-07-11-19-40-03-541564-sweepi-5446) by extension 'ros'
[0.283s] Level 1:colcon.colcon_core.package_identification:_identify(diagnostics/20260712_010514/ros_logs_snapshot/2026-07-11-19-40-03-541564-sweepi-5446) by extensions ['cmake', 'python']
[0.283s] Level 1:colcon.colcon_core.package_identification:_identify(diagnostics/20260712_010514/ros_logs_snapshot/2026-07-11-19-40-03-541564-sweepi-5446) by extension 'cmake'
[0.283s] Level 1:colcon.colcon_core.package_identification:_identify(diagnostics/20260712_010514/ros_logs_snapshot/2026-07-11-19-40-03-541564-sweepi-5446) by extension 'python'
[0.283s] Level 1:colcon.colcon_core.package_identification:_identify(diagnostics/20260712_010514/ros_logs_snapshot/2026-07-11-19-40-03-541564-sweepi-5446) by extensions ['python_setup_py']
[0.283s] Level 1:colcon.colcon_core.package_identification:_identify(diagnostics/20260712_010514/ros_logs_snapshot/2026-07-11-19-40-03-541564-sweepi-5446) by extension 'python_setup_py'
[0.283s] Level 1:colcon.colcon_core.package_identification:_identify(diagnostics/20260712_010514/ros_logs_snapshot/2026-07-11-19-43-04-415530-sweepi-6428) by extensions ['ignore', 'ignore_ament_install']
[0.283s] Level 1:colcon.colcon_core.package_identification:_identify(diagnostics/20260712_010514/ros_logs_snapshot/2026-07-11-19-43-04-415530-sweepi-6428) by extension 'ignore'
[0.284s] Level 1:colcon.colcon_core.package_identification:_identify(diagnostics/20260712_010514/ros_logs_snapshot/2026-07-11-19-43-04-415530-sweepi-6428) by extension 'ignore_ament_install'
[0.284s] Level 1:colcon.colcon_core.package_identification:_identify(diagnostics/20260712_010514/ros_logs_snapshot/2026-07-11-19-43-04-415530-sweepi-6428) by extensions ['colcon_pkg']
[0.284s] Level 1:colcon.colcon_core.package_identification:_identify(diagnostics/20260712_010514/ros_logs_snapshot/2026-07-11-19-43-04-415530-sweepi-6428) by extension 'colcon_pkg'
[0.284s] Level 1:colcon.colcon_core.package_identification:_identify(diagnostics/20260712_010514/ros_logs_snapshot/2026-07-11-19-43-04-415530-sweepi-6428) by extensions ['colcon_meta']
[0.284s] Level 1:colcon.colcon_core.package_identification:_identify(diagnostics/20260712_010514/ros_logs_snapshot/2026-07-11-19-43-04-415530-sweepi-6428) by extension 'colcon_meta'
[0.284s] Level 1:colcon.colcon_core.package_identification:_identify(diagnostics/20260712_010514/ros_logs_snapshot/2026-07-11-19-43-04-415530-sweepi-6428) by extensions ['ros']
[0.284s] Level 1:colcon.colcon_core.package_identification:_identify(diagnostics/20260712_010514/ros_logs_snapshot/2026-07-11-19-43-04-415530-sweepi-6428) by extension 'ros'
[0.284s] Level 1:colcon.colcon_core.package_identification:_identify(diagnostics/20260712_010514/ros_logs_snapshot/2026-07-11-19-43-04-415530-sweepi-6428) by extensions ['cmake', 'python']
[0.284s] Level 1:colcon.colcon_core.package_identification:_identify(diagnostics/20260712_010514/ros_logs_snapshot/2026-07-11-19-43-04-415530-sweepi-6428) by extension 'cmake'
[0.284s] Level 1:colcon.colcon_core.package_identification:_identify(diagnostics/20260712_010514/ros_logs_snapshot/2026-07-11-19-43-04-415530-sweepi-6428) by extension 'python'
[0.284s] Level 1:colcon.colcon_core.package_identification:_identify(diagnostics/20260712_010514/ros_logs_snapshot/2026-07-11-19-43-04-415530-sweepi-6428) by extensions ['python_setup_py']
[0.284s] Level 1:colcon.colcon_core.package_identification:_identify(diagnostics/20260712_010514/ros_logs_snapshot/2026-07-11-19-43-04-415530-sweepi-6428) by extension 'python_setup_py'
[0.284s] Level 1:colcon.colcon_core.package_identification:_identify(diagnostics/20260712_010514/ros_logs_snapshot/2026-07-11-19-43-38-874950-sweepi-6706) by extensions ['ignore', 'ignore_ament_install']
[0.284s] Level 1:colcon.colcon_core.package_identification:_identify(diagnostics/20260712_010514/ros_logs_snapshot/2026-07-11-19-43-38-874950-sweepi-6706) by extension 'ignore'
[0.284s] Level 1:colcon.colcon_core.package_identification:_identify(diagnostics/20260712_010514/ros_logs_snapshot/2026-07-11-19-43-38-874950-sweepi-6706) by extension 'ignore_ament_install'
[0.284s] Level 1:colcon.colcon_core.package_identification:_identify(diagnostics/20260712_010514/ros_logs_snapshot/2026-07-11-19-43-38-874950-sweepi-6706) by extensions ['colcon_pkg']
[0.284s] Level 1:colcon.colcon_core.package_identification:_identify(diagnostics/20260712_010514/ros_logs_snapshot/2026-07-11-19-43-38-874950-sweepi-6706) by extension 'colcon_pkg'
[0.284s] Level 1:colcon.colcon_core.package_identification:_identify(diagnostics/20260712_010514/ros_logs_snapshot/2026-07-11-19-43-38-874950-sweepi-6706) by extensions ['colcon_meta']
[0.284s] Level 1:colcon.colcon_core.package_identification:_identify(diagnostics/20260712_010514/ros_logs_snapshot/2026-07-11-19-43-38-874950-sweepi-6706) by extension 'colcon_meta'
[0.285s] Level 1:colcon.colcon_core.package_identification:_identify(diagnostics/20260712_010514/ros_logs_snapshot/2026-07-11-19-43-38-874950-sweepi-6706) by extensions ['ros']
[0.285s] Level 1:colcon.colcon_core.package_identification:_identify(diagnostics/20260712_010514/ros_logs_snapshot/2026-07-11-19-43-38-874950-sweepi-6706) by extension 'ros'
[0.285s] Level 1:colcon.colcon_core.package_identification:_identify(diagnostics/20260712_010514/ros_logs_snapshot/2026-07-11-19-43-38-874950-sweepi-6706) by extensions ['cmake', 'python']
[0.285s] Level 1:colcon.colcon_core.package_identification:_identify(diagnostics/20260712_010514/ros_logs_snapshot/2026-07-11-19-43-38-874950-sweepi-6706) by extension 'cmake'
[0.285s] Level 1:colcon.colcon_core.package_identification:_identify(diagnostics/20260712_010514/ros_logs_snapshot/2026-07-11-19-43-38-874950-sweepi-6706) by extension 'python'
[0.285s] Level 1:colcon.colcon_core.package_identification:_identify(diagnostics/20260712_010514/ros_logs_snapshot/2026-07-11-19-43-38-874950-sweepi-6706) by extensions ['python_setup_py']
[0.285s] Level 1:colcon.colcon_core.package_identification:_identify(diagnostics/20260712_010514/ros_logs_snapshot/2026-07-11-19-43-38-874950-sweepi-6706) by extension 'python_setup_py'
[0.285s] Level 1:colcon.colcon_core.package_identification:_identify(diagnostics/20260712_010514/ros_logs_snapshot/2026-07-11-19-48-21-006785-sweepi-8495) by extensions ['ignore', 'ignore_ament_install']
[0.285s] Level 1:colcon.colcon_core.package_identification:_identify(diagnostics/20260712_010514/ros_logs_snapshot/2026-07-11-19-48-21-006785-sweepi-8495) by extension 'ignore'
[0.285s] Level 1:colcon.colcon_core.package_identification:_identify(diagnostics/20260712_010514/ros_logs_snapshot/2026-07-11-19-48-21-006785-sweepi-8495) by extension 'ignore_ament_install'
[0.285s] Level 1:colcon.colcon_core.package_identification:_identify(diagnostics/20260712_010514/ros_logs_snapshot/2026-07-11-19-48-21-006785-sweepi-8495) by extensions ['colcon_pkg']
[0.285s] Level 1:colcon.colcon_core.package_identification:_identify(diagnostics/20260712_010514/ros_logs_snapshot/2026-07-11-19-48-21-006785-sweepi-8495) by extension 'colcon_pkg'
[0.285s] Level 1:colcon.colcon_core.package_identification:_identify(diagnostics/20260712_010514/ros_logs_snapshot/2026-07-11-19-48-21-006785-sweepi-8495) by extensions ['colcon_meta']
[0.285s] Level 1:colcon.colcon_core.package_identification:_identify(diagnostics/20260712_010514/ros_logs_snapshot/2026-07-11-19-48-21-006785-sweepi-8495) by extension 'colcon_meta'
[0.285s] Level 1:colcon.colcon_core.package_identification:_identify(diagnostics/20260712_010514/ros_logs_snapshot/2026-07-11-19-48-21-006785-sweepi-8495) by extensions ['ros']
[0.285s] Level 1:colcon.colcon_core.package_identification:_identify(diagnostics/20260712_010514/ros_logs_snapshot/2026-07-11-19-48-21-006785-sweepi-8495) by extension 'ros'
[0.285s] Level 1:colcon.colcon_core.package_identification:_identify(diagnostics/20260712_010514/ros_logs_snapshot/2026-07-11-19-48-21-006785-sweepi-8495) by extensions ['cmake', 'python']
[0.285s] Level 1:colcon.colcon_core.package_identification:_identify(diagnostics/20260712_010514/ros_logs_snapshot/2026-07-11-19-48-21-006785-sweepi-8495) by extension 'cmake'
[0.286s] Level 1:colcon.colcon_core.package_identification:_identify(diagnostics/20260712_010514/ros_logs_snapshot/2026-07-11-19-48-21-006785-sweepi-8495) by extension 'python'
[0.286s] Level 1:colcon.colcon_core.package_identification:_identify(diagnostics/20260712_010514/ros_logs_snapshot/2026-07-11-19-48-21-006785-sweepi-8495) by extensions ['python_setup_py']
[0.286s] Level 1:colcon.colcon_core.package_identification:_identify(diagnostics/20260712_010514/ros_logs_snapshot/2026-07-11-19-48-21-006785-sweepi-8495) by extension 'python_setup_py'
[0.286s] Level 1:colcon.colcon_core.package_identification:_identify(diagnostics/20260712_010514/ros_logs_snapshot/2026-07-11-19-48-39-681447-sweepi-8637) by extensions ['ignore', 'ignore_ament_install']
[0.286s] Level 1:colcon.colcon_core.package_identification:_identify(diagnostics/20260712_010514/ros_logs_snapshot/2026-07-11-19-48-39-681447-sweepi-8637) by extension 'ignore'
[0.286s] Level 1:colcon.colcon_core.package_identification:_identify(diagnostics/20260712_010514/ros_logs_snapshot/2026-07-11-19-48-39-681447-sweepi-8637) by extension 'ignore_ament_install'
[0.286s] Level 1:colcon.colcon_core.package_identification:_identify(diagnostics/20260712_010514/ros_logs_snapshot/2026-07-11-19-48-39-681447-sweepi-8637) by extensions ['colcon_pkg']
[0.286s] Level 1:colcon.colcon_core.package_identification:_identify(diagnostics/20260712_010514/ros_logs_snapshot/2026-07-11-19-48-39-681447-sweepi-8637) by extension 'colcon_pkg'
[0.286s] Level 1:colcon.colcon_core.package_identification:_identify(diagnostics/20260712_010514/ros_logs_snapshot/2026-07-11-19-48-39-681447-sweepi-8637) by extensions ['colcon_meta']
[0.286s] Level 1:colcon.colcon_core.package_identification:_identify(diagnostics/20260712_010514/ros_logs_snapshot/2026-07-11-19-48-39-681447-sweepi-8637) by extension 'colcon_meta'
[0.286s] Level 1:colcon.colcon_core.package_identification:_identify(diagnostics/20260712_010514/ros_logs_snapshot/2026-07-11-19-48-39-681447-sweepi-8637) by extensions ['ros']
[0.286s] Level 1:colcon.colcon_core.package_identification:_identify(diagnostics/20260712_010514/ros_logs_snapshot/2026-07-11-19-48-39-681447-sweepi-8637) by extension 'ros'
[0.286s] Level 1:colcon.colcon_core.package_identification:_identify(diagnostics/20260712_010514/ros_logs_snapshot/2026-07-11-19-48-39-681447-sweepi-8637) by extensions ['cmake', 'python']
[0.286s] Level 1:colcon.colcon_core.package_identification:_identify(diagnostics/20260712_010514/ros_logs_snapshot/2026-07-11-19-48-39-681447-sweepi-8637) by extension 'cmake'
[0.286s] Level 1:colcon.colcon_core.package_identification:_identify(diagnostics/20260712_010514/ros_logs_snapshot/2026-07-11-19-48-39-681447-sweepi-8637) by extension 'python'
[0.286s] Level 1:colcon.colcon_core.package_identification:_identify(diagnostics/20260712_010514/ros_logs_snapshot/2026-07-11-19-48-39-681447-sweepi-8637) by extensions ['python_setup_py']
[0.286s] Level 1:colcon.colcon_core.package_identification:_identify(diagnostics/20260712_010514/ros_logs_snapshot/2026-07-11-19-48-39-681447-sweepi-8637) by extension 'python_setup_py'
[0.286s] Level 1:colcon.colcon_core.package_identification:_identify(diagnostics/20260712_010514/ros_logs_snapshot/2026-07-11-19-55-13-897426-sweepi-11473) by extensions ['ignore', 'ignore_ament_install']
[0.287s] Level 1:colcon.colcon_core.package_identification:_identify(diagnostics/20260712_010514/ros_logs_snapshot/2026-07-11-19-55-13-897426-sweepi-11473) by extension 'ignore'
[0.287s] Level 1:colcon.colcon_core.package_identification:_identify(diagnostics/20260712_010514/ros_logs_snapshot/2026-07-11-19-55-13-897426-sweepi-11473) by extension 'ignore_ament_install'
[0.287s] Level 1:colcon.colcon_core.package_identification:_identify(diagnostics/20260712_010514/ros_logs_snapshot/2026-07-11-19-55-13-897426-sweepi-11473) by extensions ['colcon_pkg']
[0.287s] Level 1:colcon.colcon_core.package_identification:_identify(diagnostics/20260712_010514/ros_logs_snapshot/2026-07-11-19-55-13-897426-sweepi-11473) by extension 'colcon_pkg'
[0.287s] Level 1:colcon.colcon_core.package_identification:_identify(diagnostics/20260712_010514/ros_logs_snapshot/2026-07-11-19-55-13-897426-sweepi-11473) by extensions ['colcon_meta']
[0.287s] Level 1:colcon.colcon_core.package_identification:_identify(diagnostics/20260712_010514/ros_logs_snapshot/2026-07-11-19-55-13-897426-sweepi-11473) by extension 'colcon_meta'
[0.287s] Level 1:colcon.colcon_core.package_identification:_identify(diagnostics/20260712_010514/ros_logs_snapshot/2026-07-11-19-55-13-897426-sweepi-11473) by extensions ['ros']
[0.287s] Level 1:colcon.colcon_core.package_identification:_identify(diagnostics/20260712_010514/ros_logs_snapshot/2026-07-11-19-55-13-897426-sweepi-11473) by extension 'ros'
[0.287s] Level 1:colcon.colcon_core.package_identification:_identify(diagnostics/20260712_010514/ros_logs_snapshot/2026-07-11-19-55-13-897426-sweepi-11473) by extensions ['cmake', 'python']
[0.287s] Level 1:colcon.colcon_core.package_identification:_identify(diagnostics/20260712_010514/ros_logs_snapshot/2026-07-11-19-55-13-897426-sweepi-11473) by extension 'cmake'
[0.287s] Level 1:colcon.colcon_core.package_identification:_identify(diagnostics/20260712_010514/ros_logs_snapshot/2026-07-11-19-55-13-897426-sweepi-11473) by extension 'python'
[0.287s] Level 1:colcon.colcon_core.package_identification:_identify(diagnostics/20260712_010514/ros_logs_snapshot/2026-07-11-19-55-13-897426-sweepi-11473) by extensions ['python_setup_py']
[0.287s] Level 1:colcon.colcon_core.package_identification:_identify(diagnostics/20260712_010514/ros_logs_snapshot/2026-07-11-19-55-13-897426-sweepi-11473) by extension 'python_setup_py'
[0.287s] Level 1:colcon.colcon_core.package_identification:_identify(diagnostics/20260712_010514/ros_logs_snapshot/2026-07-11-19-55-39-632339-sweepi-11636) by extensions ['ignore', 'ignore_ament_install']
[0.287s] Level 1:colcon.colcon_core.package_identification:_identify(diagnostics/20260712_010514/ros_logs_snapshot/2026-07-11-19-55-39-632339-sweepi-11636) by extension 'ignore'
[0.287s] Level 1:colcon.colcon_core.package_identification:_identify(diagnostics/20260712_010514/ros_logs_snapshot/2026-07-11-19-55-39-632339-sweepi-11636) by extension 'ignore_ament_install'
[0.287s] Level 1:colcon.colcon_core.package_identification:_identify(diagnostics/20260712_010514/ros_logs_snapshot/2026-07-11-19-55-39-632339-sweepi-11636) by extensions ['colcon_pkg']
[0.287s] Level 1:colcon.colcon_core.package_identification:_identify(diagnostics/20260712_010514/ros_logs_snapshot/2026-07-11-19-55-39-632339-sweepi-11636) by extension 'colcon_pkg'
[0.288s] Level 1:colcon.colcon_core.package_identification:_identify(diagnostics/20260712_010514/ros_logs_snapshot/2026-07-11-19-55-39-632339-sweepi-11636) by extensions ['colcon_meta']
[0.288s] Level 1:colcon.colcon_core.package_identification:_identify(diagnostics/20260712_010514/ros_logs_snapshot/2026-07-11-19-55-39-632339-sweepi-11636) by extension 'colcon_meta'
[0.288s] Level 1:colcon.colcon_core.package_identification:_identify(diagnostics/20260712_010514/ros_logs_snapshot/2026-07-11-19-55-39-632339-sweepi-11636) by extensions ['ros']
[0.288s] Level 1:colcon.colcon_core.package_identification:_identify(diagnostics/20260712_010514/ros_logs_snapshot/2026-07-11-19-55-39-632339-sweepi-11636) by extension 'ros'
[0.288s] Level 1:colcon.colcon_core.package_identification:_identify(diagnostics/20260712_010514/ros_logs_snapshot/2026-07-11-19-55-39-632339-sweepi-11636) by extensions ['cmake', 'python']
[0.288s] Level 1:colcon.colcon_core.package_identification:_identify(diagnostics/20260712_010514/ros_logs_snapshot/2026-07-11-19-55-39-632339-sweepi-11636) by extension 'cmake'
[0.288s] Level 1:colcon.colcon_core.package_identification:_identify(diagnostics/20260712_010514/ros_logs_snapshot/2026-07-11-19-55-39-632339-sweepi-11636) by extension 'python'
[0.288s] Level 1:colcon.colcon_core.package_identification:_identify(diagnostics/20260712_010514/ros_logs_snapshot/2026-07-11-19-55-39-632339-sweepi-11636) by extensions ['python_setup_py']
[0.288s] Level 1:colcon.colcon_core.package_identification:_identify(diagnostics/20260712_010514/ros_logs_snapshot/2026-07-11-19-55-39-632339-sweepi-11636) by extension 'python_setup_py'
[0.288s] Level 1:colcon.colcon_core.package_identification:_identify(diagnostics/20260712_010514/ros_logs_snapshot/2026-07-11-20-05-29-647395-sweepi-14159) by extensions ['ignore', 'ignore_ament_install']
[0.288s] Level 1:colcon.colcon_core.package_identification:_identify(diagnostics/20260712_010514/ros_logs_snapshot/2026-07-11-20-05-29-647395-sweepi-14159) by extension 'ignore'
[0.288s] Level 1:colcon.colcon_core.package_identification:_identify(diagnostics/20260712_010514/ros_logs_snapshot/2026-07-11-20-05-29-647395-sweepi-14159) by extension 'ignore_ament_install'
[0.288s] Level 1:colcon.colcon_core.package_identification:_identify(diagnostics/20260712_010514/ros_logs_snapshot/2026-07-11-20-05-29-647395-sweepi-14159) by extensions ['colcon_pkg']
[0.288s] Level 1:colcon.colcon_core.package_identification:_identify(diagnostics/20260712_010514/ros_logs_snapshot/2026-07-11-20-05-29-647395-sweepi-14159) by extension 'colcon_pkg'
[0.288s] Level 1:colcon.colcon_core.package_identification:_identify(diagnostics/20260712_010514/ros_logs_snapshot/2026-07-11-20-05-29-647395-sweepi-14159) by extensions ['colcon_meta']
[0.288s] Level 1:colcon.colcon_core.package_identification:_identify(diagnostics/20260712_010514/ros_logs_snapshot/2026-07-11-20-05-29-647395-sweepi-14159) by extension 'colcon_meta'
[0.288s] Level 1:colcon.colcon_core.package_identification:_identify(diagnostics/20260712_010514/ros_logs_snapshot/2026-07-11-20-05-29-647395-sweepi-14159) by extensions ['ros']
[0.288s] Level 1:colcon.colcon_core.package_identification:_identify(diagnostics/20260712_010514/ros_logs_snapshot/2026-07-11-20-05-29-647395-sweepi-14159) by extension 'ros'
[0.289s] Level 1:colcon.colcon_core.package_identification:_identify(diagnostics/20260712_010514/ros_logs_snapshot/2026-07-11-20-05-29-647395-sweepi-14159) by extensions ['cmake', 'python']
[0.289s] Level 1:colcon.colcon_core.package_identification:_identify(diagnostics/20260712_010514/ros_logs_snapshot/2026-07-11-20-05-29-647395-sweepi-14159) by extension 'cmake'
[0.289s] Level 1:colcon.colcon_core.package_identification:_identify(diagnostics/20260712_010514/ros_logs_snapshot/2026-07-11-20-05-29-647395-sweepi-14159) by extension 'python'
[0.289s] Level 1:colcon.colcon_core.package_identification:_identify(diagnostics/20260712_010514/ros_logs_snapshot/2026-07-11-20-05-29-647395-sweepi-14159) by extensions ['python_setup_py']
[0.289s] Level 1:colcon.colcon_core.package_identification:_identify(diagnostics/20260712_010514/ros_logs_snapshot/2026-07-11-20-05-29-647395-sweepi-14159) by extension 'python_setup_py'
[0.289s] Level 1:colcon.colcon_core.package_identification:_identify(diagnostics/20260712_010514/ros_logs_snapshot/2026-07-11-20-14-38-952762-sweepi-18353) by extensions ['ignore', 'ignore_ament_install']
[0.289s] Level 1:colcon.colcon_core.package_identification:_identify(diagnostics/20260712_010514/ros_logs_snapshot/2026-07-11-20-14-38-952762-sweepi-18353) by extension 'ignore'
[0.289s] Level 1:colcon.colcon_core.package_identification:_identify(diagnostics/20260712_010514/ros_logs_snapshot/2026-07-11-20-14-38-952762-sweepi-18353) by extension 'ignore_ament_install'
[0.289s] Level 1:colcon.colcon_core.package_identification:_identify(diagnostics/20260712_010514/ros_logs_snapshot/2026-07-11-20-14-38-952762-sweepi-18353) by extensions ['colcon_pkg']
[0.289s] Level 1:colcon.colcon_core.package_identification:_identify(diagnostics/20260712_010514/ros_logs_snapshot/2026-07-11-20-14-38-952762-sweepi-18353) by extension 'colcon_pkg'
[0.289s] Level 1:colcon.colcon_core.package_identification:_identify(diagnostics/20260712_010514/ros_logs_snapshot/2026-07-11-20-14-38-952762-sweepi-18353) by extensions ['colcon_meta']
[0.289s] Level 1:colcon.colcon_core.package_identification:_identify(diagnostics/20260712_010514/ros_logs_snapshot/2026-07-11-20-14-38-952762-sweepi-18353) by extension 'colcon_meta'
[0.289s] Level 1:colcon.colcon_core.package_identification:_identify(diagnostics/20260712_010514/ros_logs_snapshot/2026-07-11-20-14-38-952762-sweepi-18353) by extensions ['ros']
[0.289s] Level 1:colcon.colcon_core.package_identification:_identify(diagnostics/20260712_010514/ros_logs_snapshot/2026-07-11-20-14-38-952762-sweepi-18353) by extension 'ros'
[0.289s] Level 1:colcon.colcon_core.package_identification:_identify(diagnostics/20260712_010514/ros_logs_snapshot/2026-07-11-20-14-38-952762-sweepi-18353) by extensions ['cmake', 'python']
[0.289s] Level 1:colcon.colcon_core.package_identification:_identify(diagnostics/20260712_010514/ros_logs_snapshot/2026-07-11-20-14-38-952762-sweepi-18353) by extension 'cmake'
[0.289s] Level 1:colcon.colcon_core.package_identification:_identify(diagnostics/20260712_010514/ros_logs_snapshot/2026-07-11-20-14-38-952762-sweepi-18353) by extension 'python'
[0.289s] Level 1:colcon.colcon_core.package_identification:_identify(diagnostics/20260712_010514/ros_logs_snapshot/2026-07-11-20-14-38-952762-sweepi-18353) by extensions ['python_setup_py']
[0.289s] Level 1:colcon.colcon_core.package_identification:_identify(diagnostics/20260712_010514/ros_logs_snapshot/2026-07-11-20-14-38-952762-sweepi-18353) by extension 'python_setup_py'
[0.290s] Level 1:colcon.colcon_core.package_identification:_identify(diagnostics/20260712_010514/ros_logs_snapshot/2026-07-11-20-14-52-035203-sweepi-18508) by extensions ['ignore', 'ignore_ament_install']
[0.290s] Level 1:colcon.colcon_core.package_identification:_identify(diagnostics/20260712_010514/ros_logs_snapshot/2026-07-11-20-14-52-035203-sweepi-18508) by extension 'ignore'
[0.290s] Level 1:colcon.colcon_core.package_identification:_identify(diagnostics/20260712_010514/ros_logs_snapshot/2026-07-11-20-14-52-035203-sweepi-18508) by extension 'ignore_ament_install'
[0.290s] Level 1:colcon.colcon_core.package_identification:_identify(diagnostics/20260712_010514/ros_logs_snapshot/2026-07-11-20-14-52-035203-sweepi-18508) by extensions ['colcon_pkg']
[0.290s] Level 1:colcon.colcon_core.package_identification:_identify(diagnostics/20260712_010514/ros_logs_snapshot/2026-07-11-20-14-52-035203-sweepi-18508) by extension 'colcon_pkg'
[0.290s] Level 1:colcon.colcon_core.package_identification:_identify(diagnostics/20260712_010514/ros_logs_snapshot/2026-07-11-20-14-52-035203-sweepi-18508) by extensions ['colcon_meta']
[0.290s] Level 1:colcon.colcon_core.package_identification:_identify(diagnostics/20260712_010514/ros_logs_snapshot/2026-07-11-20-14-52-035203-sweepi-18508) by extension 'colcon_meta'
[0.290s] Level 1:colcon.colcon_core.package_identification:_identify(diagnostics/20260712_010514/ros_logs_snapshot/2026-07-11-20-14-52-035203-sweepi-18508) by extensions ['ros']
[0.290s] Level 1:colcon.colcon_core.package_identification:_identify(diagnostics/20260712_010514/ros_logs_snapshot/2026-07-11-20-14-52-035203-sweepi-18508) by extension 'ros'
[0.290s] Level 1:colcon.colcon_core.package_identification:_identify(diagnostics/20260712_010514/ros_logs_snapshot/2026-07-11-20-14-52-035203-sweepi-18508) by extensions ['cmake', 'python']
[0.290s] Level 1:colcon.colcon_core.package_identification:_identify(diagnostics/20260712_010514/ros_logs_snapshot/2026-07-11-20-14-52-035203-sweepi-18508) by extension 'cmake'
[0.290s] Level 1:colcon.colcon_core.package_identification:_identify(diagnostics/20260712_010514/ros_logs_snapshot/2026-07-11-20-14-52-035203-sweepi-18508) by extension 'python'
[0.290s] Level 1:colcon.colcon_core.package_identification:_identify(diagnostics/20260712_010514/ros_logs_snapshot/2026-07-11-20-14-52-035203-sweepi-18508) by extensions ['python_setup_py']
[0.290s] Level 1:colcon.colcon_core.package_identification:_identify(diagnostics/20260712_010514/ros_logs_snapshot/2026-07-11-20-14-52-035203-sweepi-18508) by extension 'python_setup_py'
[0.290s] Level 1:colcon.colcon_core.package_identification:_identify(diagnostics/20260712_010514/ros_logs_snapshot/2026-07-11-20-17-38-200142-sweepi-19379) by extensions ['ignore', 'ignore_ament_install']
[0.290s] Level 1:colcon.colcon_core.package_identification:_identify(diagnostics/20260712_010514/ros_logs_snapshot/2026-07-11-20-17-38-200142-sweepi-19379) by extension 'ignore'
[0.290s] Level 1:colcon.colcon_core.package_identification:_identify(diagnostics/20260712_010514/ros_logs_snapshot/2026-07-11-20-17-38-200142-sweepi-19379) by extension 'ignore_ament_install'
[0.291s] Level 1:colcon.colcon_core.package_identification:_identify(diagnostics/20260712_010514/ros_logs_snapshot/2026-07-11-20-17-38-200142-sweepi-19379) by extensions ['colcon_pkg']
[0.291s] Level 1:colcon.colcon_core.package_identification:_identify(diagnostics/20260712_010514/ros_logs_snapshot/2026-07-11-20-17-38-200142-sweepi-19379) by extension 'colcon_pkg'
[0.291s] Level 1:colcon.colcon_core.package_identification:_identify(diagnostics/20260712_010514/ros_logs_snapshot/2026-07-11-20-17-38-200142-sweepi-19379) by extensions ['colcon_meta']
[0.291s] Level 1:colcon.colcon_core.package_identification:_identify(diagnostics/20260712_010514/ros_logs_snapshot/2026-07-11-20-17-38-200142-sweepi-19379) by extension 'colcon_meta'
[0.291s] Level 1:colcon.colcon_core.package_identification:_identify(diagnostics/20260712_010514/ros_logs_snapshot/2026-07-11-20-17-38-200142-sweepi-19379) by extensions ['ros']
[0.291s] Level 1:colcon.colcon_core.package_identification:_identify(diagnostics/20260712_010514/ros_logs_snapshot/2026-07-11-20-17-38-200142-sweepi-19379) by extension 'ros'
[0.291s] Level 1:colcon.colcon_core.package_identification:_identify(diagnostics/20260712_010514/ros_logs_snapshot/2026-07-11-20-17-38-200142-sweepi-19379) by extensions ['cmake', 'python']
[0.291s] Level 1:colcon.colcon_core.package_identification:_identify(diagnostics/20260712_010514/ros_logs_snapshot/2026-07-11-20-17-38-200142-sweepi-19379) by extension 'cmake'
[0.291s] Level 1:colcon.colcon_core.package_identification:_identify(diagnostics/20260712_010514/ros_logs_snapshot/2026-07-11-20-17-38-200142-sweepi-19379) by extension 'python'
[0.291s] Level 1:colcon.colcon_core.package_identification:_identify(diagnostics/20260712_010514/ros_logs_snapshot/2026-07-11-20-17-38-200142-sweepi-19379) by extensions ['python_setup_py']
[0.291s] Level 1:colcon.colcon_core.package_identification:_identify(diagnostics/20260712_010514/ros_logs_snapshot/2026-07-11-20-17-38-200142-sweepi-19379) by extension 'python_setup_py'
[0.291s] Level 1:colcon.colcon_core.package_identification:_identify(diagnostics/20260712_010514/ros_logs_snapshot/2026-07-11-20-18-04-025838-sweepi-19558) by extensions ['ignore', 'ignore_ament_install']
[0.291s] Level 1:colcon.colcon_core.package_identification:_identify(diagnostics/20260712_010514/ros_logs_snapshot/2026-07-11-20-18-04-025838-sweepi-19558) by extension 'ignore'
[0.291s] Level 1:colcon.colcon_core.package_identification:_identify(diagnostics/20260712_010514/ros_logs_snapshot/2026-07-11-20-18-04-025838-sweepi-19558) by extension 'ignore_ament_install'
[0.291s] Level 1:colcon.colcon_core.package_identification:_identify(diagnostics/20260712_010514/ros_logs_snapshot/2026-07-11-20-18-04-025838-sweepi-19558) by extensions ['colcon_pkg']
[0.291s] Level 1:colcon.colcon_core.package_identification:_identify(diagnostics/20260712_010514/ros_logs_snapshot/2026-07-11-20-18-04-025838-sweepi-19558) by extension 'colcon_pkg'
[0.291s] Level 1:colcon.colcon_core.package_identification:_identify(diagnostics/20260712_010514/ros_logs_snapshot/2026-07-11-20-18-04-025838-sweepi-19558) by extensions ['colcon_meta']
[0.292s] Level 1:colcon.colcon_core.package_identification:_identify(diagnostics/20260712_010514/ros_logs_snapshot/2026-07-11-20-18-04-025838-sweepi-19558) by extension 'colcon_meta'
[0.292s] Level 1:colcon.colcon_core.package_identification:_identify(diagnostics/20260712_010514/ros_logs_snapshot/2026-07-11-20-18-04-025838-sweepi-19558) by extensions ['ros']
[0.292s] Level 1:colcon.colcon_core.package_identification:_identify(diagnostics/20260712_010514/ros_logs_snapshot/2026-07-11-20-18-04-025838-sweepi-19558) by extension 'ros'
[0.292s] Level 1:colcon.colcon_core.package_identification:_identify(diagnostics/20260712_010514/ros_logs_snapshot/2026-07-11-20-18-04-025838-sweepi-19558) by extensions ['cmake', 'python']
[0.292s] Level 1:colcon.colcon_core.package_identification:_identify(diagnostics/20260712_010514/ros_logs_snapshot/2026-07-11-20-18-04-025838-sweepi-19558) by extension 'cmake'
[0.292s] Level 1:colcon.colcon_core.package_identification:_identify(diagnostics/20260712_010514/ros_logs_snapshot/2026-07-11-20-18-04-025838-sweepi-19558) by extension 'python'
[0.292s] Level 1:colcon.colcon_core.package_identification:_identify(diagnostics/20260712_010514/ros_logs_snapshot/2026-07-11-20-18-04-025838-sweepi-19558) by extensions ['python_setup_py']
[0.292s] Level 1:colcon.colcon_core.package_identification:_identify(diagnostics/20260712_010514/ros_logs_snapshot/2026-07-11-20-18-04-025838-sweepi-19558) by extension 'python_setup_py'
[0.292s] Level 1:colcon.colcon_core.package_identification:_identify(diagnostics/20260712_010514/ros_logs_snapshot/2026-07-11-20-51-14-033573-sweepi-4835) by extensions ['ignore', 'ignore_ament_install']
[0.292s] Level 1:colcon.colcon_core.package_identification:_identify(diagnostics/20260712_010514/ros_logs_snapshot/2026-07-11-20-51-14-033573-sweepi-4835) by extension 'ignore'
[0.292s] Level 1:colcon.colcon_core.package_identification:_identify(diagnostics/20260712_010514/ros_logs_snapshot/2026-07-11-20-51-14-033573-sweepi-4835) by extension 'ignore_ament_install'
[0.292s] Level 1:colcon.colcon_core.package_identification:_identify(diagnostics/20260712_010514/ros_logs_snapshot/2026-07-11-20-51-14-033573-sweepi-4835) by extensions ['colcon_pkg']
[0.292s] Level 1:colcon.colcon_core.package_identification:_identify(diagnostics/20260712_010514/ros_logs_snapshot/2026-07-11-20-51-14-033573-sweepi-4835) by extension 'colcon_pkg'
[0.292s] Level 1:colcon.colcon_core.package_identification:_identify(diagnostics/20260712_010514/ros_logs_snapshot/2026-07-11-20-51-14-033573-sweepi-4835) by extensions ['colcon_meta']
[0.292s] Level 1:colcon.colcon_core.package_identification:_identify(diagnostics/20260712_010514/ros_logs_snapshot/2026-07-11-20-51-14-033573-sweepi-4835) by extension 'colcon_meta'
[0.292s] Level 1:colcon.colcon_core.package_identification:_identify(diagnostics/20260712_010514/ros_logs_snapshot/2026-07-11-20-51-14-033573-sweepi-4835) by extensions ['ros']
[0.292s] Level 1:colcon.colcon_core.package_identification:_identify(diagnostics/20260712_010514/ros_logs_snapshot/2026-07-11-20-51-14-033573-sweepi-4835) by extension 'ros'
[0.292s] Level 1:colcon.colcon_core.package_identification:_identify(diagnostics/20260712_010514/ros_logs_snapshot/2026-07-11-20-51-14-033573-sweepi-4835) by extensions ['cmake', 'python']
[0.292s] Level 1:colcon.colcon_core.package_identification:_identify(diagnostics/20260712_010514/ros_logs_snapshot/2026-07-11-20-51-14-033573-sweepi-4835) by extension 'cmake'
[0.293s] Level 1:colcon.colcon_core.package_identification:_identify(diagnostics/20260712_010514/ros_logs_snapshot/2026-07-11-20-51-14-033573-sweepi-4835) by extension 'python'
[0.293s] Level 1:colcon.colcon_core.package_identification:_identify(diagnostics/20260712_010514/ros_logs_snapshot/2026-07-11-20-51-14-033573-sweepi-4835) by extensions ['python_setup_py']
[0.293s] Level 1:colcon.colcon_core.package_identification:_identify(diagnostics/20260712_010514/ros_logs_snapshot/2026-07-11-20-51-14-033573-sweepi-4835) by extension 'python_setup_py'
[0.293s] Level 1:colcon.colcon_core.package_identification:_identify(diagnostics/20260712_010514/ros_logs_snapshot/2026-07-11-20-51-55-394184-sweepi-5262) by extensions ['ignore', 'ignore_ament_install']
[0.293s] Level 1:colcon.colcon_core.package_identification:_identify(diagnostics/20260712_010514/ros_logs_snapshot/2026-07-11-20-51-55-394184-sweepi-5262) by extension 'ignore'
[0.293s] Level 1:colcon.colcon_core.package_identification:_identify(diagnostics/20260712_010514/ros_logs_snapshot/2026-07-11-20-51-55-394184-sweepi-5262) by extension 'ignore_ament_install'
[0.293s] Level 1:colcon.colcon_core.package_identification:_identify(diagnostics/20260712_010514/ros_logs_snapshot/2026-07-11-20-51-55-394184-sweepi-5262) by extensions ['colcon_pkg']
[0.293s] Level 1:colcon.colcon_core.package_identification:_identify(diagnostics/20260712_010514/ros_logs_snapshot/2026-07-11-20-51-55-394184-sweepi-5262) by extension 'colcon_pkg'
[0.293s] Level 1:colcon.colcon_core.package_identification:_identify(diagnostics/20260712_010514/ros_logs_snapshot/2026-07-11-20-51-55-394184-sweepi-5262) by extensions ['colcon_meta']
[0.293s] Level 1:colcon.colcon_core.package_identification:_identify(diagnostics/20260712_010514/ros_logs_snapshot/2026-07-11-20-51-55-394184-sweepi-5262) by extension 'colcon_meta'
[0.293s] Level 1:colcon.colcon_core.package_identification:_identify(diagnostics/20260712_010514/ros_logs_snapshot/2026-07-11-20-51-55-394184-sweepi-5262) by extensions ['ros']
[0.293s] Level 1:colcon.colcon_core.package_identification:_identify(diagnostics/20260712_010514/ros_logs_snapshot/2026-07-11-20-51-55-394184-sweepi-5262) by extension 'ros'
[0.293s] Level 1:colcon.colcon_core.package_identification:_identify(diagnostics/20260712_010514/ros_logs_snapshot/2026-07-11-20-51-55-394184-sweepi-5262) by extensions ['cmake', 'python']
[0.293s] Level 1:colcon.colcon_core.package_identification:_identify(diagnostics/20260712_010514/ros_logs_snapshot/2026-07-11-20-51-55-394184-sweepi-5262) by extension 'cmake'
[0.293s] Level 1:colcon.colcon_core.package_identification:_identify(diagnostics/20260712_010514/ros_logs_snapshot/2026-07-11-20-51-55-394184-sweepi-5262) by extension 'python'
[0.293s] Level 1:colcon.colcon_core.package_identification:_identify(diagnostics/20260712_010514/ros_logs_snapshot/2026-07-11-20-51-55-394184-sweepi-5262) by extensions ['python_setup_py']
[0.293s] Level 1:colcon.colcon_core.package_identification:_identify(diagnostics/20260712_010514/ros_logs_snapshot/2026-07-11-20-51-55-394184-sweepi-5262) by extension 'python_setup_py'
[0.293s] Level 1:colcon.colcon_core.package_identification:_identify(diagnostics/20260712_010514/ros_logs_snapshot/2026-07-11-20-53-30-306985-sweepi-5673) by extensions ['ignore', 'ignore_ament_install']
[0.294s] Level 1:colcon.colcon_core.package_identification:_identify(diagnostics/20260712_010514/ros_logs_snapshot/2026-07-11-20-53-30-306985-sweepi-5673) by extension 'ignore'
[0.294s] Level 1:colcon.colcon_core.package_identification:_identify(diagnostics/20260712_010514/ros_logs_snapshot/2026-07-11-20-53-30-306985-sweepi-5673) by extension 'ignore_ament_install'
[0.294s] Level 1:colcon.colcon_core.package_identification:_identify(diagnostics/20260712_010514/ros_logs_snapshot/2026-07-11-20-53-30-306985-sweepi-5673) by extensions ['colcon_pkg']
[0.294s] Level 1:colcon.colcon_core.package_identification:_identify(diagnostics/20260712_010514/ros_logs_snapshot/2026-07-11-20-53-30-306985-sweepi-5673) by extension 'colcon_pkg'
[0.294s] Level 1:colcon.colcon_core.package_identification:_identify(diagnostics/20260712_010514/ros_logs_snapshot/2026-07-11-20-53-30-306985-sweepi-5673) by extensions ['colcon_meta']
[0.294s] Level 1:colcon.colcon_core.package_identification:_identify(diagnostics/20260712_010514/ros_logs_snapshot/2026-07-11-20-53-30-306985-sweepi-5673) by extension 'colcon_meta'
[0.294s] Level 1:colcon.colcon_core.package_identification:_identify(diagnostics/20260712_010514/ros_logs_snapshot/2026-07-11-20-53-30-306985-sweepi-5673) by extensions ['ros']
[0.294s] Level 1:colcon.colcon_core.package_identification:_identify(diagnostics/20260712_010514/ros_logs_snapshot/2026-07-11-20-53-30-306985-sweepi-5673) by extension 'ros'
[0.294s] Level 1:colcon.colcon_core.package_identification:_identify(diagnostics/20260712_010514/ros_logs_snapshot/2026-07-11-20-53-30-306985-sweepi-5673) by extensions ['cmake', 'python']
[0.294s] Level 1:colcon.colcon_core.package_identification:_identify(diagnostics/20260712_010514/ros_logs_snapshot/2026-07-11-20-53-30-306985-sweepi-5673) by extension 'cmake'
[0.294s] Level 1:colcon.colcon_core.package_identification:_identify(diagnostics/20260712_010514/ros_logs_snapshot/2026-07-11-20-53-30-306985-sweepi-5673) by extension 'python'
[0.294s] Level 1:colcon.colcon_core.package_identification:_identify(diagnostics/20260712_010514/ros_logs_snapshot/2026-07-11-20-53-30-306985-sweepi-5673) by extensions ['python_setup_py']
[0.294s] Level 1:colcon.colcon_core.package_identification:_identify(diagnostics/20260712_010514/ros_logs_snapshot/2026-07-11-20-53-30-306985-sweepi-5673) by extension 'python_setup_py'
[0.294s] Level 1:colcon.colcon_core.package_identification:_identify(diagnostics/20260712_010514/ros_logs_snapshot/2026-07-11-20-54-45-694585-sweepi-6118) by extensions ['ignore', 'ignore_ament_install']
[0.295s] Level 1:colcon.colcon_core.package_identification:_identify(diagnostics/20260712_010514/ros_logs_snapshot/2026-07-11-20-54-45-694585-sweepi-6118) by extension 'ignore'
[0.295s] Level 1:colcon.colcon_core.package_identification:_identify(diagnostics/20260712_010514/ros_logs_snapshot/2026-07-11-20-54-45-694585-sweepi-6118) by extension 'ignore_ament_install'
[0.295s] Level 1:colcon.colcon_core.package_identification:_identify(diagnostics/20260712_010514/ros_logs_snapshot/2026-07-11-20-54-45-694585-sweepi-6118) by extensions ['colcon_pkg']
[0.295s] Level 1:colcon.colcon_core.package_identification:_identify(diagnostics/20260712_010514/ros_logs_snapshot/2026-07-11-20-54-45-694585-sweepi-6118) by extension 'colcon_pkg'
[0.295s] Level 1:colcon.colcon_core.package_identification:_identify(diagnostics/20260712_010514/ros_logs_snapshot/2026-07-11-20-54-45-694585-sweepi-6118) by extensions ['colcon_meta']
[0.295s] Level 1:colcon.colcon_core.package_identification:_identify(diagnostics/20260712_010514/ros_logs_snapshot/2026-07-11-20-54-45-694585-sweepi-6118) by extension 'colcon_meta'
[0.295s] Level 1:colcon.colcon_core.package_identification:_identify(diagnostics/20260712_010514/ros_logs_snapshot/2026-07-11-20-54-45-694585-sweepi-6118) by extensions ['ros']
[0.295s] Level 1:colcon.colcon_core.package_identification:_identify(diagnostics/20260712_010514/ros_logs_snapshot/2026-07-11-20-54-45-694585-sweepi-6118) by extension 'ros'
[0.295s] Level 1:colcon.colcon_core.package_identification:_identify(diagnostics/20260712_010514/ros_logs_snapshot/2026-07-11-20-54-45-694585-sweepi-6118) by extensions ['cmake', 'python']
[0.295s] Level 1:colcon.colcon_core.package_identification:_identify(diagnostics/20260712_010514/ros_logs_snapshot/2026-07-11-20-54-45-694585-sweepi-6118) by extension 'cmake'
[0.295s] Level 1:colcon.colcon_core.package_identification:_identify(diagnostics/20260712_010514/ros_logs_snapshot/2026-07-11-20-54-45-694585-sweepi-6118) by extension 'python'
[0.295s] Level 1:colcon.colcon_core.package_identification:_identify(diagnostics/20260712_010514/ros_logs_snapshot/2026-07-11-20-54-45-694585-sweepi-6118) by extensions ['python_setup_py']
[0.295s] Level 1:colcon.colcon_core.package_identification:_identify(diagnostics/20260712_010514/ros_logs_snapshot/2026-07-11-20-54-45-694585-sweepi-6118) by extension 'python_setup_py'
[0.295s] Level 1:colcon.colcon_core.package_identification:_identify(diagnostics/20260712_010514/ros_logs_snapshot/2026-07-11-20-57-56-216412-sweepi-7252) by extensions ['ignore', 'ignore_ament_install']
[0.296s] Level 1:colcon.colcon_core.package_identification:_identify(diagnostics/20260712_010514/ros_logs_snapshot/2026-07-11-20-57-56-216412-sweepi-7252) by extension 'ignore'
[0.296s] Level 1:colcon.colcon_core.package_identification:_identify(diagnostics/20260712_010514/ros_logs_snapshot/2026-07-11-20-57-56-216412-sweepi-7252) by extension 'ignore_ament_install'
[0.296s] Level 1:colcon.colcon_core.package_identification:_identify(diagnostics/20260712_010514/ros_logs_snapshot/2026-07-11-20-57-56-216412-sweepi-7252) by extensions ['colcon_pkg']
[0.296s] Level 1:colcon.colcon_core.package_identification:_identify(diagnostics/20260712_010514/ros_logs_snapshot/2026-07-11-20-57-56-216412-sweepi-7252) by extension 'colcon_pkg'
[0.296s] Level 1:colcon.colcon_core.package_identification:_identify(diagnostics/20260712_010514/ros_logs_snapshot/2026-07-11-20-57-56-216412-sweepi-7252) by extensions ['colcon_meta']
[0.296s] Level 1:colcon.colcon_core.package_identification:_identify(diagnostics/20260712_010514/ros_logs_snapshot/2026-07-11-20-57-56-216412-sweepi-7252) by extension 'colcon_meta'
[0.296s] Level 1:colcon.colcon_core.package_identification:_identify(diagnostics/20260712_010514/ros_logs_snapshot/2026-07-11-20-57-56-216412-sweepi-7252) by extensions ['ros']
[0.296s] Level 1:colcon.colcon_core.package_identification:_identify(diagnostics/20260712_010514/ros_logs_snapshot/2026-07-11-20-57-56-216412-sweepi-7252) by extension 'ros'
[0.296s] Level 1:colcon.colcon_core.package_identification:_identify(diagnostics/20260712_010514/ros_logs_snapshot/2026-07-11-20-57-56-216412-sweepi-7252) by extensions ['cmake', 'python']
[0.296s] Level 1:colcon.colcon_core.package_identification:_identify(diagnostics/20260712_010514/ros_logs_snapshot/2026-07-11-20-57-56-216412-sweepi-7252) by extension 'cmake'
[0.296s] Level 1:colcon.colcon_core.package_identification:_identify(diagnostics/20260712_010514/ros_logs_snapshot/2026-07-11-20-57-56-216412-sweepi-7252) by extension 'python'
[0.296s] Level 1:colcon.colcon_core.package_identification:_identify(diagnostics/20260712_010514/ros_logs_snapshot/2026-07-11-20-57-56-216412-sweepi-7252) by extensions ['python_setup_py']
[0.296s] Level 1:colcon.colcon_core.package_identification:_identify(diagnostics/20260712_010514/ros_logs_snapshot/2026-07-11-20-57-56-216412-sweepi-7252) by extension 'python_setup_py'
[0.296s] Level 1:colcon.colcon_core.package_identification:_identify(diagnostics/20260712_010514/ros_logs_snapshot/2026-07-11-20-58-27-652049-sweepi-7508) by extensions ['ignore', 'ignore_ament_install']
[0.296s] Level 1:colcon.colcon_core.package_identification:_identify(diagnostics/20260712_010514/ros_logs_snapshot/2026-07-11-20-58-27-652049-sweepi-7508) by extension 'ignore'
[0.296s] Level 1:colcon.colcon_core.package_identification:_identify(diagnostics/20260712_010514/ros_logs_snapshot/2026-07-11-20-58-27-652049-sweepi-7508) by extension 'ignore_ament_install'
[0.297s] Level 1:colcon.colcon_core.package_identification:_identify(diagnostics/20260712_010514/ros_logs_snapshot/2026-07-11-20-58-27-652049-sweepi-7508) by extensions ['colcon_pkg']
[0.297s] Level 1:colcon.colcon_core.package_identification:_identify(diagnostics/20260712_010514/ros_logs_snapshot/2026-07-11-20-58-27-652049-sweepi-7508) by extension 'colcon_pkg'
[0.297s] Level 1:colcon.colcon_core.package_identification:_identify(diagnostics/20260712_010514/ros_logs_snapshot/2026-07-11-20-58-27-652049-sweepi-7508) by extensions ['colcon_meta']
[0.297s] Level 1:colcon.colcon_core.package_identification:_identify(diagnostics/20260712_010514/ros_logs_snapshot/2026-07-11-20-58-27-652049-sweepi-7508) by extension 'colcon_meta'
[0.297s] Level 1:colcon.colcon_core.package_identification:_identify(diagnostics/20260712_010514/ros_logs_snapshot/2026-07-11-20-58-27-652049-sweepi-7508) by extensions ['ros']
[0.297s] Level 1:colcon.colcon_core.package_identification:_identify(diagnostics/20260712_010514/ros_logs_snapshot/2026-07-11-20-58-27-652049-sweepi-7508) by extension 'ros'
[0.297s] Level 1:colcon.colcon_core.package_identification:_identify(diagnostics/20260712_010514/ros_logs_snapshot/2026-07-11-20-58-27-652049-sweepi-7508) by extensions ['cmake', 'python']
[0.297s] Level 1:colcon.colcon_core.package_identification:_identify(diagnostics/20260712_010514/ros_logs_snapshot/2026-07-11-20-58-27-652049-sweepi-7508) by extension 'cmake'
[0.297s] Level 1:colcon.colcon_core.package_identification:_identify(diagnostics/20260712_010514/ros_logs_snapshot/2026-07-11-20-58-27-652049-sweepi-7508) by extension 'python'
[0.297s] Level 1:colcon.colcon_core.package_identification:_identify(diagnostics/20260712_010514/ros_logs_snapshot/2026-07-11-20-58-27-652049-sweepi-7508) by extensions ['python_setup_py']
[0.297s] Level 1:colcon.colcon_core.package_identification:_identify(diagnostics/20260712_010514/ros_logs_snapshot/2026-07-11-20-58-27-652049-sweepi-7508) by extension 'python_setup_py'
[0.297s] Level 1:colcon.colcon_core.package_identification:_identify(diagnostics/20260712_010514/ros_logs_snapshot/2026-07-11-21-07-37-959413-sweepi-11679) by extensions ['ignore', 'ignore_ament_install']
[0.297s] Level 1:colcon.colcon_core.package_identification:_identify(diagnostics/20260712_010514/ros_logs_snapshot/2026-07-11-21-07-37-959413-sweepi-11679) by extension 'ignore'
[0.297s] Level 1:colcon.colcon_core.package_identification:_identify(diagnostics/20260712_010514/ros_logs_snapshot/2026-07-11-21-07-37-959413-sweepi-11679) by extension 'ignore_ament_install'
[0.297s] Level 1:colcon.colcon_core.package_identification:_identify(diagnostics/20260712_010514/ros_logs_snapshot/2026-07-11-21-07-37-959413-sweepi-11679) by extensions ['colcon_pkg']
[0.297s] Level 1:colcon.colcon_core.package_identification:_identify(diagnostics/20260712_010514/ros_logs_snapshot/2026-07-11-21-07-37-959413-sweepi-11679) by extension 'colcon_pkg'
[0.297s] Level 1:colcon.colcon_core.package_identification:_identify(diagnostics/20260712_010514/ros_logs_snapshot/2026-07-11-21-07-37-959413-sweepi-11679) by extensions ['colcon_meta']
[0.297s] Level 1:colcon.colcon_core.package_identification:_identify(diagnostics/20260712_010514/ros_logs_snapshot/2026-07-11-21-07-37-959413-sweepi-11679) by extension 'colcon_meta'
[0.297s] Level 1:colcon.colcon_core.package_identification:_identify(diagnostics/20260712_010514/ros_logs_snapshot/2026-07-11-21-07-37-959413-sweepi-11679) by extensions ['ros']
[0.297s] Level 1:colcon.colcon_core.package_identification:_identify(diagnostics/20260712_010514/ros_logs_snapshot/2026-07-11-21-07-37-959413-sweepi-11679) by extension 'ros'
[0.298s] Level 1:colcon.colcon_core.package_identification:_identify(diagnostics/20260712_010514/ros_logs_snapshot/2026-07-11-21-07-37-959413-sweepi-11679) by extensions ['cmake', 'python']
[0.298s] Level 1:colcon.colcon_core.package_identification:_identify(diagnostics/20260712_010514/ros_logs_snapshot/2026-07-11-21-07-37-959413-sweepi-11679) by extension 'cmake'
[0.298s] Level 1:colcon.colcon_core.package_identification:_identify(diagnostics/20260712_010514/ros_logs_snapshot/2026-07-11-21-07-37-959413-sweepi-11679) by extension 'python'
[0.298s] Level 1:colcon.colcon_core.package_identification:_identify(diagnostics/20260712_010514/ros_logs_snapshot/2026-07-11-21-07-37-959413-sweepi-11679) by extensions ['python_setup_py']
[0.298s] Level 1:colcon.colcon_core.package_identification:_identify(diagnostics/20260712_010514/ros_logs_snapshot/2026-07-11-21-07-37-959413-sweepi-11679) by extension 'python_setup_py'
[0.298s] Level 1:colcon.colcon_core.package_identification:_identify(diagnostics/20260712_010514/ros_logs_snapshot/2026-07-11-21-08-19-395035-sweepi-11824) by extensions ['ignore', 'ignore_ament_install']
[0.298s] Level 1:colcon.colcon_core.package_identification:_identify(diagnostics/20260712_010514/ros_logs_snapshot/2026-07-11-21-08-19-395035-sweepi-11824) by extension 'ignore'
[0.298s] Level 1:colcon.colcon_core.package_identification:_identify(diagnostics/20260712_010514/ros_logs_snapshot/2026-07-11-21-08-19-395035-sweepi-11824) by extension 'ignore_ament_install'
[0.298s] Level 1:colcon.colcon_core.package_identification:_identify(diagnostics/20260712_010514/ros_logs_snapshot/2026-07-11-21-08-19-395035-sweepi-11824) by extensions ['colcon_pkg']
[0.298s] Level 1:colcon.colcon_core.package_identification:_identify(diagnostics/20260712_010514/ros_logs_snapshot/2026-07-11-21-08-19-395035-sweepi-11824) by extension 'colcon_pkg'
[0.298s] Level 1:colcon.colcon_core.package_identification:_identify(diagnostics/20260712_010514/ros_logs_snapshot/2026-07-11-21-08-19-395035-sweepi-11824) by extensions ['colcon_meta']
[0.298s] Level 1:colcon.colcon_core.package_identification:_identify(diagnostics/20260712_010514/ros_logs_snapshot/2026-07-11-21-08-19-395035-sweepi-11824) by extension 'colcon_meta'
[0.298s] Level 1:colcon.colcon_core.package_identification:_identify(diagnostics/20260712_010514/ros_logs_snapshot/2026-07-11-21-08-19-395035-sweepi-11824) by extensions ['ros']
[0.298s] Level 1:colcon.colcon_core.package_identification:_identify(diagnostics/20260712_010514/ros_logs_snapshot/2026-07-11-21-08-19-395035-sweepi-11824) by extension 'ros'
[0.298s] Level 1:colcon.colcon_core.package_identification:_identify(diagnostics/20260712_010514/ros_logs_snapshot/2026-07-11-21-08-19-395035-sweepi-11824) by extensions ['cmake', 'python']
[0.298s] Level 1:colcon.colcon_core.package_identification:_identify(diagnostics/20260712_010514/ros_logs_snapshot/2026-07-11-21-08-19-395035-sweepi-11824) by extension 'cmake'
[0.298s] Level 1:colcon.colcon_core.package_identification:_identify(diagnostics/20260712_010514/ros_logs_snapshot/2026-07-11-21-08-19-395035-sweepi-11824) by extension 'python'
[0.298s] Level 1:colcon.colcon_core.package_identification:_identify(diagnostics/20260712_010514/ros_logs_snapshot/2026-07-11-21-08-19-395035-sweepi-11824) by extensions ['python_setup_py']
[0.298s] Level 1:colcon.colcon_core.package_identification:_identify(diagnostics/20260712_010514/ros_logs_snapshot/2026-07-11-21-08-19-395035-sweepi-11824) by extension 'python_setup_py'
[0.299s] Level 1:colcon.colcon_core.package_identification:_identify(diagnostics/20260712_010514/ros_logs_snapshot/2026-07-11-21-09-13-180145-sweepi-12426) by extensions ['ignore', 'ignore_ament_install']
[0.299s] Level 1:colcon.colcon_core.package_identification:_identify(diagnostics/20260712_010514/ros_logs_snapshot/2026-07-11-21-09-13-180145-sweepi-12426) by extension 'ignore'
[0.299s] Level 1:colcon.colcon_core.package_identification:_identify(diagnostics/20260712_010514/ros_logs_snapshot/2026-07-11-21-09-13-180145-sweepi-12426) by extension 'ignore_ament_install'
[0.299s] Level 1:colcon.colcon_core.package_identification:_identify(diagnostics/20260712_010514/ros_logs_snapshot/2026-07-11-21-09-13-180145-sweepi-12426) by extensions ['colcon_pkg']
[0.299s] Level 1:colcon.colcon_core.package_identification:_identify(diagnostics/20260712_010514/ros_logs_snapshot/2026-07-11-21-09-13-180145-sweepi-12426) by extension 'colcon_pkg'
[0.299s] Level 1:colcon.colcon_core.package_identification:_identify(diagnostics/20260712_010514/ros_logs_snapshot/2026-07-11-21-09-13-180145-sweepi-12426) by extensions ['colcon_meta']
[0.299s] Level 1:colcon.colcon_core.package_identification:_identify(diagnostics/20260712_010514/ros_logs_snapshot/2026-07-11-21-09-13-180145-sweepi-12426) by extension 'colcon_meta'
[0.299s] Level 1:colcon.colcon_core.package_identification:_identify(diagnostics/20260712_010514/ros_logs_snapshot/2026-07-11-21-09-13-180145-sweepi-12426) by extensions ['ros']
[0.299s] Level 1:colcon.colcon_core.package_identification:_identify(diagnostics/20260712_010514/ros_logs_snapshot/2026-07-11-21-09-13-180145-sweepi-12426) by extension 'ros'
[0.299s] Level 1:colcon.colcon_core.package_identification:_identify(diagnostics/20260712_010514/ros_logs_snapshot/2026-07-11-21-09-13-180145-sweepi-12426) by extensions ['cmake', 'python']
[0.299s] Level 1:colcon.colcon_core.package_identification:_identify(diagnostics/20260712_010514/ros_logs_snapshot/2026-07-11-21-09-13-180145-sweepi-12426) by extension 'cmake'
[0.299s] Level 1:colcon.colcon_core.package_identification:_identify(diagnostics/20260712_010514/ros_logs_snapshot/2026-07-11-21-09-13-180145-sweepi-12426) by extension 'python'
[0.299s] Level 1:colcon.colcon_core.package_identification:_identify(diagnostics/20260712_010514/ros_logs_snapshot/2026-07-11-21-09-13-180145-sweepi-12426) by extensions ['python_setup_py']
[0.299s] Level 1:colcon.colcon_core.package_identification:_identify(diagnostics/20260712_010514/ros_logs_snapshot/2026-07-11-21-09-13-180145-sweepi-12426) by extension 'python_setup_py'
[0.299s] Level 1:colcon.colcon_core.package_identification:_identify(diagnostics/20260712_010514/ros_logs_snapshot/2026-07-11-21-09-20-253469-sweepi-12554) by extensions ['ignore', 'ignore_ament_install']
[0.299s] Level 1:colcon.colcon_core.package_identification:_identify(diagnostics/20260712_010514/ros_logs_snapshot/2026-07-11-21-09-20-253469-sweepi-12554) by extension 'ignore'
[0.300s] Level 1:colcon.colcon_core.package_identification:_identify(diagnostics/20260712_010514/ros_logs_snapshot/2026-07-11-21-09-20-253469-sweepi-12554) by extension 'ignore_ament_install'
[0.300s] Level 1:colcon.colcon_core.package_identification:_identify(diagnostics/20260712_010514/ros_logs_snapshot/2026-07-11-21-09-20-253469-sweepi-12554) by extensions ['colcon_pkg']
[0.300s] Level 1:colcon.colcon_core.package_identification:_identify(diagnostics/20260712_010514/ros_logs_snapshot/2026-07-11-21-09-20-253469-sweepi-12554) by extension 'colcon_pkg'
[0.300s] Level 1:colcon.colcon_core.package_identification:_identify(diagnostics/20260712_010514/ros_logs_snapshot/2026-07-11-21-09-20-253469-sweepi-12554) by extensions ['colcon_meta']
[0.300s] Level 1:colcon.colcon_core.package_identification:_identify(diagnostics/20260712_010514/ros_logs_snapshot/2026-07-11-21-09-20-253469-sweepi-12554) by extension 'colcon_meta'
[0.300s] Level 1:colcon.colcon_core.package_identification:_identify(diagnostics/20260712_010514/ros_logs_snapshot/2026-07-11-21-09-20-253469-sweepi-12554) by extensions ['ros']
[0.300s] Level 1:colcon.colcon_core.package_identification:_identify(diagnostics/20260712_010514/ros_logs_snapshot/2026-07-11-21-09-20-253469-sweepi-12554) by extension 'ros'
[0.300s] Level 1:colcon.colcon_core.package_identification:_identify(diagnostics/20260712_010514/ros_logs_snapshot/2026-07-11-21-09-20-253469-sweepi-12554) by extensions ['cmake', 'python']
[0.300s] Level 1:colcon.colcon_core.package_identification:_identify(diagnostics/20260712_010514/ros_logs_snapshot/2026-07-11-21-09-20-253469-sweepi-12554) by extension 'cmake'
[0.300s] Level 1:colcon.colcon_core.package_identification:_identify(diagnostics/20260712_010514/ros_logs_snapshot/2026-07-11-21-09-20-253469-sweepi-12554) by extension 'python'
[0.300s] Level 1:colcon.colcon_core.package_identification:_identify(diagnostics/20260712_010514/ros_logs_snapshot/2026-07-11-21-09-20-253469-sweepi-12554) by extensions ['python_setup_py']
[0.300s] Level 1:colcon.colcon_core.package_identification:_identify(diagnostics/20260712_010514/ros_logs_snapshot/2026-07-11-21-09-20-253469-sweepi-12554) by extension 'python_setup_py'
[0.300s] Level 1:colcon.colcon_core.package_identification:_identify(diagnostics/20260712_010514/ros_logs_snapshot/2026-07-11-21-09-43-347654-sweepi-13196) by extensions ['ignore', 'ignore_ament_install']
[0.300s] Level 1:colcon.colcon_core.package_identification:_identify(diagnostics/20260712_010514/ros_logs_snapshot/2026-07-11-21-09-43-347654-sweepi-13196) by extension 'ignore'
[0.300s] Level 1:colcon.colcon_core.package_identification:_identify(diagnostics/20260712_010514/ros_logs_snapshot/2026-07-11-21-09-43-347654-sweepi-13196) by extension 'ignore_ament_install'
[0.300s] Level 1:colcon.colcon_core.package_identification:_identify(diagnostics/20260712_010514/ros_logs_snapshot/2026-07-11-21-09-43-347654-sweepi-13196) by extensions ['colcon_pkg']
[0.300s] Level 1:colcon.colcon_core.package_identification:_identify(diagnostics/20260712_010514/ros_logs_snapshot/2026-07-11-21-09-43-347654-sweepi-13196) by extension 'colcon_pkg'
[0.300s] Level 1:colcon.colcon_core.package_identification:_identify(diagnostics/20260712_010514/ros_logs_snapshot/2026-07-11-21-09-43-347654-sweepi-13196) by extensions ['colcon_meta']
[0.301s] Level 1:colcon.colcon_core.package_identification:_identify(diagnostics/20260712_010514/ros_logs_snapshot/2026-07-11-21-09-43-347654-sweepi-13196) by extension 'colcon_meta'
[0.301s] Level 1:colcon.colcon_core.package_identification:_identify(diagnostics/20260712_010514/ros_logs_snapshot/2026-07-11-21-09-43-347654-sweepi-13196) by extensions ['ros']
[0.301s] Level 1:colcon.colcon_core.package_identification:_identify(diagnostics/20260712_010514/ros_logs_snapshot/2026-07-11-21-09-43-347654-sweepi-13196) by extension 'ros'
[0.301s] Level 1:colcon.colcon_core.package_identification:_identify(diagnostics/20260712_010514/ros_logs_snapshot/2026-07-11-21-09-43-347654-sweepi-13196) by extensions ['cmake', 'python']
[0.301s] Level 1:colcon.colcon_core.package_identification:_identify(diagnostics/20260712_010514/ros_logs_snapshot/2026-07-11-21-09-43-347654-sweepi-13196) by extension 'cmake'
[0.301s] Level 1:colcon.colcon_core.package_identification:_identify(diagnostics/20260712_010514/ros_logs_snapshot/2026-07-11-21-09-43-347654-sweepi-13196) by extension 'python'
[0.301s] Level 1:colcon.colcon_core.package_identification:_identify(diagnostics/20260712_010514/ros_logs_snapshot/2026-07-11-21-09-43-347654-sweepi-13196) by extensions ['python_setup_py']
[0.301s] Level 1:colcon.colcon_core.package_identification:_identify(diagnostics/20260712_010514/ros_logs_snapshot/2026-07-11-21-09-43-347654-sweepi-13196) by extension 'python_setup_py'
[0.301s] Level 1:colcon.colcon_core.package_identification:_identify(diagnostics/20260712_010514/ros_logs_snapshot/2026-07-11-21-09-51-434429-sweepi-13352) by extensions ['ignore', 'ignore_ament_install']
[0.301s] Level 1:colcon.colcon_core.package_identification:_identify(diagnostics/20260712_010514/ros_logs_snapshot/2026-07-11-21-09-51-434429-sweepi-13352) by extension 'ignore'
[0.301s] Level 1:colcon.colcon_core.package_identification:_identify(diagnostics/20260712_010514/ros_logs_snapshot/2026-07-11-21-09-51-434429-sweepi-13352) by extension 'ignore_ament_install'
[0.301s] Level 1:colcon.colcon_core.package_identification:_identify(diagnostics/20260712_010514/ros_logs_snapshot/2026-07-11-21-09-51-434429-sweepi-13352) by extensions ['colcon_pkg']
[0.301s] Level 1:colcon.colcon_core.package_identification:_identify(diagnostics/20260712_010514/ros_logs_snapshot/2026-07-11-21-09-51-434429-sweepi-13352) by extension 'colcon_pkg'
[0.301s] Level 1:colcon.colcon_core.package_identification:_identify(diagnostics/20260712_010514/ros_logs_snapshot/2026-07-11-21-09-51-434429-sweepi-13352) by extensions ['colcon_meta']
[0.301s] Level 1:colcon.colcon_core.package_identification:_identify(diagnostics/20260712_010514/ros_logs_snapshot/2026-07-11-21-09-51-434429-sweepi-13352) by extension 'colcon_meta'
[0.301s] Level 1:colcon.colcon_core.package_identification:_identify(diagnostics/20260712_010514/ros_logs_snapshot/2026-07-11-21-09-51-434429-sweepi-13352) by extensions ['ros']
[0.301s] Level 1:colcon.colcon_core.package_identification:_identify(diagnostics/20260712_010514/ros_logs_snapshot/2026-07-11-21-09-51-434429-sweepi-13352) by extension 'ros'
[0.302s] Level 1:colcon.colcon_core.package_identification:_identify(diagnostics/20260712_010514/ros_logs_snapshot/2026-07-11-21-09-51-434429-sweepi-13352) by extensions ['cmake', 'python']
[0.302s] Level 1:colcon.colcon_core.package_identification:_identify(diagnostics/20260712_010514/ros_logs_snapshot/2026-07-11-21-09-51-434429-sweepi-13352) by extension 'cmake'
[0.302s] Level 1:colcon.colcon_core.package_identification:_identify(diagnostics/20260712_010514/ros_logs_snapshot/2026-07-11-21-09-51-434429-sweepi-13352) by extension 'python'
[0.302s] Level 1:colcon.colcon_core.package_identification:_identify(diagnostics/20260712_010514/ros_logs_snapshot/2026-07-11-21-09-51-434429-sweepi-13352) by extensions ['python_setup_py']
[0.302s] Level 1:colcon.colcon_core.package_identification:_identify(diagnostics/20260712_010514/ros_logs_snapshot/2026-07-11-21-09-51-434429-sweepi-13352) by extension 'python_setup_py'
[0.302s] Level 1:colcon.colcon_core.package_identification:_identify(diagnostics/20260712_010514/ros_logs_snapshot/2026-07-11-21-18-53-333026-sweepi-3668) by extensions ['ignore', 'ignore_ament_install']
[0.302s] Level 1:colcon.colcon_core.package_identification:_identify(diagnostics/20260712_010514/ros_logs_snapshot/2026-07-11-21-18-53-333026-sweepi-3668) by extension 'ignore'
[0.302s] Level 1:colcon.colcon_core.package_identification:_identify(diagnostics/20260712_010514/ros_logs_snapshot/2026-07-11-21-18-53-333026-sweepi-3668) by extension 'ignore_ament_install'
[0.302s] Level 1:colcon.colcon_core.package_identification:_identify(diagnostics/20260712_010514/ros_logs_snapshot/2026-07-11-21-18-53-333026-sweepi-3668) by extensions ['colcon_pkg']
[0.302s] Level 1:colcon.colcon_core.package_identification:_identify(diagnostics/20260712_010514/ros_logs_snapshot/2026-07-11-21-18-53-333026-sweepi-3668) by extension 'colcon_pkg'
[0.302s] Level 1:colcon.colcon_core.package_identification:_identify(diagnostics/20260712_010514/ros_logs_snapshot/2026-07-11-21-18-53-333026-sweepi-3668) by extensions ['colcon_meta']
[0.302s] Level 1:colcon.colcon_core.package_identification:_identify(diagnostics/20260712_010514/ros_logs_snapshot/2026-07-11-21-18-53-333026-sweepi-3668) by extension 'colcon_meta'
[0.302s] Level 1:colcon.colcon_core.package_identification:_identify(diagnostics/20260712_010514/ros_logs_snapshot/2026-07-11-21-18-53-333026-sweepi-3668) by extensions ['ros']
[0.302s] Level 1:colcon.colcon_core.package_identification:_identify(diagnostics/20260712_010514/ros_logs_snapshot/2026-07-11-21-18-53-333026-sweepi-3668) by extension 'ros'
[0.302s] Level 1:colcon.colcon_core.package_identification:_identify(diagnostics/20260712_010514/ros_logs_snapshot/2026-07-11-21-18-53-333026-sweepi-3668) by extensions ['cmake', 'python']
[0.302s] Level 1:colcon.colcon_core.package_identification:_identify(diagnostics/20260712_010514/ros_logs_snapshot/2026-07-11-21-18-53-333026-sweepi-3668) by extension 'cmake'
[0.303s] Level 1:colcon.colcon_core.package_identification:_identify(diagnostics/20260712_010514/ros_logs_snapshot/2026-07-11-21-18-53-333026-sweepi-3668) by extension 'python'
[0.303s] Level 1:colcon.colcon_core.package_identification:_identify(diagnostics/20260712_010514/ros_logs_snapshot/2026-07-11-21-18-53-333026-sweepi-3668) by extensions ['python_setup_py']
[0.303s] Level 1:colcon.colcon_core.package_identification:_identify(diagnostics/20260712_010514/ros_logs_snapshot/2026-07-11-21-18-53-333026-sweepi-3668) by extension 'python_setup_py'
[0.303s] Level 1:colcon.colcon_core.package_identification:_identify(diagnostics/20260712_010514/ros_logs_snapshot/2026-07-11-21-19-00-828557-sweepi-3872) by extensions ['ignore', 'ignore_ament_install']
[0.303s] Level 1:colcon.colcon_core.package_identification:_identify(diagnostics/20260712_010514/ros_logs_snapshot/2026-07-11-21-19-00-828557-sweepi-3872) by extension 'ignore'
[0.303s] Level 1:colcon.colcon_core.package_identification:_identify(diagnostics/20260712_010514/ros_logs_snapshot/2026-07-11-21-19-00-828557-sweepi-3872) by extension 'ignore_ament_install'
[0.303s] Level 1:colcon.colcon_core.package_identification:_identify(diagnostics/20260712_010514/ros_logs_snapshot/2026-07-11-21-19-00-828557-sweepi-3872) by extensions ['colcon_pkg']
[0.303s] Level 1:colcon.colcon_core.package_identification:_identify(diagnostics/20260712_010514/ros_logs_snapshot/2026-07-11-21-19-00-828557-sweepi-3872) by extension 'colcon_pkg'
[0.303s] Level 1:colcon.colcon_core.package_identification:_identify(diagnostics/20260712_010514/ros_logs_snapshot/2026-07-11-21-19-00-828557-sweepi-3872) by extensions ['colcon_meta']
[0.303s] Level 1:colcon.colcon_core.package_identification:_identify(diagnostics/20260712_010514/ros_logs_snapshot/2026-07-11-21-19-00-828557-sweepi-3872) by extension 'colcon_meta'
[0.303s] Level 1:colcon.colcon_core.package_identification:_identify(diagnostics/20260712_010514/ros_logs_snapshot/2026-07-11-21-19-00-828557-sweepi-3872) by extensions ['ros']
[0.303s] Level 1:colcon.colcon_core.package_identification:_identify(diagnostics/20260712_010514/ros_logs_snapshot/2026-07-11-21-19-00-828557-sweepi-3872) by extension 'ros'
[0.303s] Level 1:colcon.colcon_core.package_identification:_identify(diagnostics/20260712_010514/ros_logs_snapshot/2026-07-11-21-19-00-828557-sweepi-3872) by extensions ['cmake', 'python']
[0.303s] Level 1:colcon.colcon_core.package_identification:_identify(diagnostics/20260712_010514/ros_logs_snapshot/2026-07-11-21-19-00-828557-sweepi-3872) by extension 'cmake'
[0.303s] Level 1:colcon.colcon_core.package_identification:_identify(diagnostics/20260712_010514/ros_logs_snapshot/2026-07-11-21-19-00-828557-sweepi-3872) by extension 'python'
[0.303s] Level 1:colcon.colcon_core.package_identification:_identify(diagnostics/20260712_010514/ros_logs_snapshot/2026-07-11-21-19-00-828557-sweepi-3872) by extensions ['python_setup_py']
[0.303s] Level 1:colcon.colcon_core.package_identification:_identify(diagnostics/20260712_010514/ros_logs_snapshot/2026-07-11-21-19-00-828557-sweepi-3872) by extension 'python_setup_py'
[0.303s] Level 1:colcon.colcon_core.package_identification:_identify(diagnostics/20260712_010514/ros_logs_snapshot/2026-07-11-21-20-23-719284-sweepi-4451) by extensions ['ignore', 'ignore_ament_install']
[0.304s] Level 1:colcon.colcon_core.package_identification:_identify(diagnostics/20260712_010514/ros_logs_snapshot/2026-07-11-21-20-23-719284-sweepi-4451) by extension 'ignore'
[0.304s] Level 1:colcon.colcon_core.package_identification:_identify(diagnostics/20260712_010514/ros_logs_snapshot/2026-07-11-21-20-23-719284-sweepi-4451) by extension 'ignore_ament_install'
[0.304s] Level 1:colcon.colcon_core.package_identification:_identify(diagnostics/20260712_010514/ros_logs_snapshot/2026-07-11-21-20-23-719284-sweepi-4451) by extensions ['colcon_pkg']
[0.304s] Level 1:colcon.colcon_core.package_identification:_identify(diagnostics/20260712_010514/ros_logs_snapshot/2026-07-11-21-20-23-719284-sweepi-4451) by extension 'colcon_pkg'
[0.304s] Level 1:colcon.colcon_core.package_identification:_identify(diagnostics/20260712_010514/ros_logs_snapshot/2026-07-11-21-20-23-719284-sweepi-4451) by extensions ['colcon_meta']
[0.304s] Level 1:colcon.colcon_core.package_identification:_identify(diagnostics/20260712_010514/ros_logs_snapshot/2026-07-11-21-20-23-719284-sweepi-4451) by extension 'colcon_meta'
[0.304s] Level 1:colcon.colcon_core.package_identification:_identify(diagnostics/20260712_010514/ros_logs_snapshot/2026-07-11-21-20-23-719284-sweepi-4451) by extensions ['ros']
[0.304s] Level 1:colcon.colcon_core.package_identification:_identify(diagnostics/20260712_010514/ros_logs_snapshot/2026-07-11-21-20-23-719284-sweepi-4451) by extension 'ros'
[0.304s] Level 1:colcon.colcon_core.package_identification:_identify(diagnostics/20260712_010514/ros_logs_snapshot/2026-07-11-21-20-23-719284-sweepi-4451) by extensions ['cmake', 'python']
[0.304s] Level 1:colcon.colcon_core.package_identification:_identify(diagnostics/20260712_010514/ros_logs_snapshot/2026-07-11-21-20-23-719284-sweepi-4451) by extension 'cmake'
[0.304s] Level 1:colcon.colcon_core.package_identification:_identify(diagnostics/20260712_010514/ros_logs_snapshot/2026-07-11-21-20-23-719284-sweepi-4451) by extension 'python'
[0.304s] Level 1:colcon.colcon_core.package_identification:_identify(diagnostics/20260712_010514/ros_logs_snapshot/2026-07-11-21-20-23-719284-sweepi-4451) by extensions ['python_setup_py']
[0.304s] Level 1:colcon.colcon_core.package_identification:_identify(diagnostics/20260712_010514/ros_logs_snapshot/2026-07-11-21-20-23-719284-sweepi-4451) by extension 'python_setup_py'
[0.304s] Level 1:colcon.colcon_core.package_identification:_identify(diagnostics/20260712_010514/ros_logs_snapshot/2026-07-11-21-20-40-404655-sweepi-4695) by extensions ['ignore', 'ignore_ament_install']
[0.304s] Level 1:colcon.colcon_core.package_identification:_identify(diagnostics/20260712_010514/ros_logs_snapshot/2026-07-11-21-20-40-404655-sweepi-4695) by extension 'ignore'
[0.305s] Level 1:colcon.colcon_core.package_identification:_identify(diagnostics/20260712_010514/ros_logs_snapshot/2026-07-11-21-20-40-404655-sweepi-4695) by extension 'ignore_ament_install'
[0.305s] Level 1:colcon.colcon_core.package_identification:_identify(diagnostics/20260712_010514/ros_logs_snapshot/2026-07-11-21-20-40-404655-sweepi-4695) by extensions ['colcon_pkg']
[0.305s] Level 1:colcon.colcon_core.package_identification:_identify(diagnostics/20260712_010514/ros_logs_snapshot/2026-07-11-21-20-40-404655-sweepi-4695) by extension 'colcon_pkg'
[0.305s] Level 1:colcon.colcon_core.package_identification:_identify(diagnostics/20260712_010514/ros_logs_snapshot/2026-07-11-21-20-40-404655-sweepi-4695) by extensions ['colcon_meta']
[0.305s] Level 1:colcon.colcon_core.package_identification:_identify(diagnostics/20260712_010514/ros_logs_snapshot/2026-07-11-21-20-40-404655-sweepi-4695) by extension 'colcon_meta'
[0.305s] Level 1:colcon.colcon_core.package_identification:_identify(diagnostics/20260712_010514/ros_logs_snapshot/2026-07-11-21-20-40-404655-sweepi-4695) by extensions ['ros']
[0.305s] Level 1:colcon.colcon_core.package_identification:_identify(diagnostics/20260712_010514/ros_logs_snapshot/2026-07-11-21-20-40-404655-sweepi-4695) by extension 'ros'
[0.305s] Level 1:colcon.colcon_core.package_identification:_identify(diagnostics/20260712_010514/ros_logs_snapshot/2026-07-11-21-20-40-404655-sweepi-4695) by extensions ['cmake', 'python']
[0.305s] Level 1:colcon.colcon_core.package_identification:_identify(diagnostics/20260712_010514/ros_logs_snapshot/2026-07-11-21-20-40-404655-sweepi-4695) by extension 'cmake'
[0.305s] Level 1:colcon.colcon_core.package_identification:_identify(diagnostics/20260712_010514/ros_logs_snapshot/2026-07-11-21-20-40-404655-sweepi-4695) by extension 'python'
[0.305s] Level 1:colcon.colcon_core.package_identification:_identify(diagnostics/20260712_010514/ros_logs_snapshot/2026-07-11-21-20-40-404655-sweepi-4695) by extensions ['python_setup_py']
[0.305s] Level 1:colcon.colcon_core.package_identification:_identify(diagnostics/20260712_010514/ros_logs_snapshot/2026-07-11-21-20-40-404655-sweepi-4695) by extension 'python_setup_py'
[0.305s] Level 1:colcon.colcon_core.package_identification:_identify(diagnostics/20260712_010514/ros_logs_snapshot/2026-07-11-21-26-25-103142-sweepi-6315) by extensions ['ignore', 'ignore_ament_install']
[0.305s] Level 1:colcon.colcon_core.package_identification:_identify(diagnostics/20260712_010514/ros_logs_snapshot/2026-07-11-21-26-25-103142-sweepi-6315) by extension 'ignore'
[0.305s] Level 1:colcon.colcon_core.package_identification:_identify(diagnostics/20260712_010514/ros_logs_snapshot/2026-07-11-21-26-25-103142-sweepi-6315) by extension 'ignore_ament_install'
[0.305s] Level 1:colcon.colcon_core.package_identification:_identify(diagnostics/20260712_010514/ros_logs_snapshot/2026-07-11-21-26-25-103142-sweepi-6315) by extensions ['colcon_pkg']
[0.305s] Level 1:colcon.colcon_core.package_identification:_identify(diagnostics/20260712_010514/ros_logs_snapshot/2026-07-11-21-26-25-103142-sweepi-6315) by extension 'colcon_pkg'
[0.305s] Level 1:colcon.colcon_core.package_identification:_identify(diagnostics/20260712_010514/ros_logs_snapshot/2026-07-11-21-26-25-103142-sweepi-6315) by extensions ['colcon_meta']
[0.305s] Level 1:colcon.colcon_core.package_identification:_identify(diagnostics/20260712_010514/ros_logs_snapshot/2026-07-11-21-26-25-103142-sweepi-6315) by extension 'colcon_meta'
[0.305s] Level 1:colcon.colcon_core.package_identification:_identify(diagnostics/20260712_010514/ros_logs_snapshot/2026-07-11-21-26-25-103142-sweepi-6315) by extensions ['ros']
[0.306s] Level 1:colcon.colcon_core.package_identification:_identify(diagnostics/20260712_010514/ros_logs_snapshot/2026-07-11-21-26-25-103142-sweepi-6315) by extension 'ros'
[0.306s] Level 1:colcon.colcon_core.package_identification:_identify(diagnostics/20260712_010514/ros_logs_snapshot/2026-07-11-21-26-25-103142-sweepi-6315) by extensions ['cmake', 'python']
[0.306s] Level 1:colcon.colcon_core.package_identification:_identify(diagnostics/20260712_010514/ros_logs_snapshot/2026-07-11-21-26-25-103142-sweepi-6315) by extension 'cmake'
[0.306s] Level 1:colcon.colcon_core.package_identification:_identify(diagnostics/20260712_010514/ros_logs_snapshot/2026-07-11-21-26-25-103142-sweepi-6315) by extension 'python'
[0.306s] Level 1:colcon.colcon_core.package_identification:_identify(diagnostics/20260712_010514/ros_logs_snapshot/2026-07-11-21-26-25-103142-sweepi-6315) by extensions ['python_setup_py']
[0.306s] Level 1:colcon.colcon_core.package_identification:_identify(diagnostics/20260712_010514/ros_logs_snapshot/2026-07-11-21-26-25-103142-sweepi-6315) by extension 'python_setup_py'
[0.306s] Level 1:colcon.colcon_core.package_identification:_identify(diagnostics/20260712_010514/ros_logs_snapshot/2026-07-11-21-26-46-230844-sweepi-6558) by extensions ['ignore', 'ignore_ament_install']
[0.306s] Level 1:colcon.colcon_core.package_identification:_identify(diagnostics/20260712_010514/ros_logs_snapshot/2026-07-11-21-26-46-230844-sweepi-6558) by extension 'ignore'
[0.306s] Level 1:colcon.colcon_core.package_identification:_identify(diagnostics/20260712_010514/ros_logs_snapshot/2026-07-11-21-26-46-230844-sweepi-6558) by extension 'ignore_ament_install'
[0.306s] Level 1:colcon.colcon_core.package_identification:_identify(diagnostics/20260712_010514/ros_logs_snapshot/2026-07-11-21-26-46-230844-sweepi-6558) by extensions ['colcon_pkg']
[0.306s] Level 1:colcon.colcon_core.package_identification:_identify(diagnostics/20260712_010514/ros_logs_snapshot/2026-07-11-21-26-46-230844-sweepi-6558) by extension 'colcon_pkg'
[0.306s] Level 1:colcon.colcon_core.package_identification:_identify(diagnostics/20260712_010514/ros_logs_snapshot/2026-07-11-21-26-46-230844-sweepi-6558) by extensions ['colcon_meta']
[0.306s] Level 1:colcon.colcon_core.package_identification:_identify(diagnostics/20260712_010514/ros_logs_snapshot/2026-07-11-21-26-46-230844-sweepi-6558) by extension 'colcon_meta'
[0.306s] Level 1:colcon.colcon_core.package_identification:_identify(diagnostics/20260712_010514/ros_logs_snapshot/2026-07-11-21-26-46-230844-sweepi-6558) by extensions ['ros']
[0.306s] Level 1:colcon.colcon_core.package_identification:_identify(diagnostics/20260712_010514/ros_logs_snapshot/2026-07-11-21-26-46-230844-sweepi-6558) by extension 'ros'
[0.307s] Level 1:colcon.colcon_core.package_identification:_identify(diagnostics/20260712_010514/ros_logs_snapshot/2026-07-11-21-26-46-230844-sweepi-6558) by extensions ['cmake', 'python']
[0.307s] Level 1:colcon.colcon_core.package_identification:_identify(diagnostics/20260712_010514/ros_logs_snapshot/2026-07-11-21-26-46-230844-sweepi-6558) by extension 'cmake'
[0.307s] Level 1:colcon.colcon_core.package_identification:_identify(diagnostics/20260712_010514/ros_logs_snapshot/2026-07-11-21-26-46-230844-sweepi-6558) by extension 'python'
[0.307s] Level 1:colcon.colcon_core.package_identification:_identify(diagnostics/20260712_010514/ros_logs_snapshot/2026-07-11-21-26-46-230844-sweepi-6558) by extensions ['python_setup_py']
[0.307s] Level 1:colcon.colcon_core.package_identification:_identify(diagnostics/20260712_010514/ros_logs_snapshot/2026-07-11-21-26-46-230844-sweepi-6558) by extension 'python_setup_py'
[0.307s] Level 1:colcon.colcon_core.package_identification:_identify(diagnostics/20260712_010514/ros_logs_snapshot/2026-07-11-21-36-53-191081-sweepi-3881) by extensions ['ignore', 'ignore_ament_install']
[0.307s] Level 1:colcon.colcon_core.package_identification:_identify(diagnostics/20260712_010514/ros_logs_snapshot/2026-07-11-21-36-53-191081-sweepi-3881) by extension 'ignore'
[0.307s] Level 1:colcon.colcon_core.package_identification:_identify(diagnostics/20260712_010514/ros_logs_snapshot/2026-07-11-21-36-53-191081-sweepi-3881) by extension 'ignore_ament_install'
[0.307s] Level 1:colcon.colcon_core.package_identification:_identify(diagnostics/20260712_010514/ros_logs_snapshot/2026-07-11-21-36-53-191081-sweepi-3881) by extensions ['colcon_pkg']
[0.307s] Level 1:colcon.colcon_core.package_identification:_identify(diagnostics/20260712_010514/ros_logs_snapshot/2026-07-11-21-36-53-191081-sweepi-3881) by extension 'colcon_pkg'
[0.307s] Level 1:colcon.colcon_core.package_identification:_identify(diagnostics/20260712_010514/ros_logs_snapshot/2026-07-11-21-36-53-191081-sweepi-3881) by extensions ['colcon_meta']
[0.307s] Level 1:colcon.colcon_core.package_identification:_identify(diagnostics/20260712_010514/ros_logs_snapshot/2026-07-11-21-36-53-191081-sweepi-3881) by extension 'colcon_meta'
[0.307s] Level 1:colcon.colcon_core.package_identification:_identify(diagnostics/20260712_010514/ros_logs_snapshot/2026-07-11-21-36-53-191081-sweepi-3881) by extensions ['ros']
[0.307s] Level 1:colcon.colcon_core.package_identification:_identify(diagnostics/20260712_010514/ros_logs_snapshot/2026-07-11-21-36-53-191081-sweepi-3881) by extension 'ros'
[0.307s] Level 1:colcon.colcon_core.package_identification:_identify(diagnostics/20260712_010514/ros_logs_snapshot/2026-07-11-21-36-53-191081-sweepi-3881) by extensions ['cmake', 'python']
[0.307s] Level 1:colcon.colcon_core.package_identification:_identify(diagnostics/20260712_010514/ros_logs_snapshot/2026-07-11-21-36-53-191081-sweepi-3881) by extension 'cmake'
[0.307s] Level 1:colcon.colcon_core.package_identification:_identify(diagnostics/20260712_010514/ros_logs_snapshot/2026-07-11-21-36-53-191081-sweepi-3881) by extension 'python'
[0.307s] Level 1:colcon.colcon_core.package_identification:_identify(diagnostics/20260712_010514/ros_logs_snapshot/2026-07-11-21-36-53-191081-sweepi-3881) by extensions ['python_setup_py']
[0.307s] Level 1:colcon.colcon_core.package_identification:_identify(diagnostics/20260712_010514/ros_logs_snapshot/2026-07-11-21-36-53-191081-sweepi-3881) by extension 'python_setup_py'
[0.308s] Level 1:colcon.colcon_core.package_identification:_identify(diagnostics/20260712_010514/ros_logs_snapshot/2026-07-11-21-38-06-221051-sweepi-4328) by extensions ['ignore', 'ignore_ament_install']
[0.308s] Level 1:colcon.colcon_core.package_identification:_identify(diagnostics/20260712_010514/ros_logs_snapshot/2026-07-11-21-38-06-221051-sweepi-4328) by extension 'ignore'
[0.308s] Level 1:colcon.colcon_core.package_identification:_identify(diagnostics/20260712_010514/ros_logs_snapshot/2026-07-11-21-38-06-221051-sweepi-4328) by extension 'ignore_ament_install'
[0.308s] Level 1:colcon.colcon_core.package_identification:_identify(diagnostics/20260712_010514/ros_logs_snapshot/2026-07-11-21-38-06-221051-sweepi-4328) by extensions ['colcon_pkg']
[0.308s] Level 1:colcon.colcon_core.package_identification:_identify(diagnostics/20260712_010514/ros_logs_snapshot/2026-07-11-21-38-06-221051-sweepi-4328) by extension 'colcon_pkg'
[0.308s] Level 1:colcon.colcon_core.package_identification:_identify(diagnostics/20260712_010514/ros_logs_snapshot/2026-07-11-21-38-06-221051-sweepi-4328) by extensions ['colcon_meta']
[0.308s] Level 1:colcon.colcon_core.package_identification:_identify(diagnostics/20260712_010514/ros_logs_snapshot/2026-07-11-21-38-06-221051-sweepi-4328) by extension 'colcon_meta'
[0.308s] Level 1:colcon.colcon_core.package_identification:_identify(diagnostics/20260712_010514/ros_logs_snapshot/2026-07-11-21-38-06-221051-sweepi-4328) by extensions ['ros']
[0.308s] Level 1:colcon.colcon_core.package_identification:_identify(diagnostics/20260712_010514/ros_logs_snapshot/2026-07-11-21-38-06-221051-sweepi-4328) by extension 'ros'
[0.308s] Level 1:colcon.colcon_core.package_identification:_identify(diagnostics/20260712_010514/ros_logs_snapshot/2026-07-11-21-38-06-221051-sweepi-4328) by extensions ['cmake', 'python']
[0.308s] Level 1:colcon.colcon_core.package_identification:_identify(diagnostics/20260712_010514/ros_logs_snapshot/2026-07-11-21-38-06-221051-sweepi-4328) by extension 'cmake'
[0.308s] Level 1:colcon.colcon_core.package_identification:_identify(diagnostics/20260712_010514/ros_logs_snapshot/2026-07-11-21-38-06-221051-sweepi-4328) by extension 'python'
[0.308s] Level 1:colcon.colcon_core.package_identification:_identify(diagnostics/20260712_010514/ros_logs_snapshot/2026-07-11-21-38-06-221051-sweepi-4328) by extensions ['python_setup_py']
[0.308s] Level 1:colcon.colcon_core.package_identification:_identify(diagnostics/20260712_010514/ros_logs_snapshot/2026-07-11-21-38-06-221051-sweepi-4328) by extension 'python_setup_py'
[0.308s] Level 1:colcon.colcon_core.package_identification:_identify(diagnostics/20260712_010514/ros_logs_snapshot/2026-07-11-21-38-13-946320-sweepi-4464) by extensions ['ignore', 'ignore_ament_install']
[0.308s] Level 1:colcon.colcon_core.package_identification:_identify(diagnostics/20260712_010514/ros_logs_snapshot/2026-07-11-21-38-13-946320-sweepi-4464) by extension 'ignore'
[0.309s] Level 1:colcon.colcon_core.package_identification:_identify(diagnostics/20260712_010514/ros_logs_snapshot/2026-07-11-21-38-13-946320-sweepi-4464) by extension 'ignore_ament_install'
[0.309s] Level 1:colcon.colcon_core.package_identification:_identify(diagnostics/20260712_010514/ros_logs_snapshot/2026-07-11-21-38-13-946320-sweepi-4464) by extensions ['colcon_pkg']
[0.309s] Level 1:colcon.colcon_core.package_identification:_identify(diagnostics/20260712_010514/ros_logs_snapshot/2026-07-11-21-38-13-946320-sweepi-4464) by extension 'colcon_pkg'
[0.309s] Level 1:colcon.colcon_core.package_identification:_identify(diagnostics/20260712_010514/ros_logs_snapshot/2026-07-11-21-38-13-946320-sweepi-4464) by extensions ['colcon_meta']
[0.309s] Level 1:colcon.colcon_core.package_identification:_identify(diagnostics/20260712_010514/ros_logs_snapshot/2026-07-11-21-38-13-946320-sweepi-4464) by extension 'colcon_meta'
[0.309s] Level 1:colcon.colcon_core.package_identification:_identify(diagnostics/20260712_010514/ros_logs_snapshot/2026-07-11-21-38-13-946320-sweepi-4464) by extensions ['ros']
[0.309s] Level 1:colcon.colcon_core.package_identification:_identify(diagnostics/20260712_010514/ros_logs_snapshot/2026-07-11-21-38-13-946320-sweepi-4464) by extension 'ros'
[0.309s] Level 1:colcon.colcon_core.package_identification:_identify(diagnostics/20260712_010514/ros_logs_snapshot/2026-07-11-21-38-13-946320-sweepi-4464) by extensions ['cmake', 'python']
[0.309s] Level 1:colcon.colcon_core.package_identification:_identify(diagnostics/20260712_010514/ros_logs_snapshot/2026-07-11-21-38-13-946320-sweepi-4464) by extension 'cmake'
[0.309s] Level 1:colcon.colcon_core.package_identification:_identify(diagnostics/20260712_010514/ros_logs_snapshot/2026-07-11-21-38-13-946320-sweepi-4464) by extension 'python'
[0.309s] Level 1:colcon.colcon_core.package_identification:_identify(diagnostics/20260712_010514/ros_logs_snapshot/2026-07-11-21-38-13-946320-sweepi-4464) by extensions ['python_setup_py']
[0.309s] Level 1:colcon.colcon_core.package_identification:_identify(diagnostics/20260712_010514/ros_logs_snapshot/2026-07-11-21-38-13-946320-sweepi-4464) by extension 'python_setup_py'
[0.309s] Level 1:colcon.colcon_core.package_identification:_identify(diagnostics/20260712_010514/ros_logs_snapshot/2026-07-11-21-43-38-607990-sweepi-5240) by extensions ['ignore', 'ignore_ament_install']
[0.309s] Level 1:colcon.colcon_core.package_identification:_identify(diagnostics/20260712_010514/ros_logs_snapshot/2026-07-11-21-43-38-607990-sweepi-5240) by extension 'ignore'
[0.309s] Level 1:colcon.colcon_core.package_identification:_identify(diagnostics/20260712_010514/ros_logs_snapshot/2026-07-11-21-43-38-607990-sweepi-5240) by extension 'ignore_ament_install'
[0.309s] Level 1:colcon.colcon_core.package_identification:_identify(diagnostics/20260712_010514/ros_logs_snapshot/2026-07-11-21-43-38-607990-sweepi-5240) by extensions ['colcon_pkg']
[0.309s] Level 1:colcon.colcon_core.package_identification:_identify(diagnostics/20260712_010514/ros_logs_snapshot/2026-07-11-21-43-38-607990-sweepi-5240) by extension 'colcon_pkg'
[0.309s] Level 1:colcon.colcon_core.package_identification:_identify(diagnostics/20260712_010514/ros_logs_snapshot/2026-07-11-21-43-38-607990-sweepi-5240) by extensions ['colcon_meta']
[0.309s] Level 1:colcon.colcon_core.package_identification:_identify(diagnostics/20260712_010514/ros_logs_snapshot/2026-07-11-21-43-38-607990-sweepi-5240) by extension 'colcon_meta'
[0.310s] Level 1:colcon.colcon_core.package_identification:_identify(diagnostics/20260712_010514/ros_logs_snapshot/2026-07-11-21-43-38-607990-sweepi-5240) by extensions ['ros']
[0.310s] Level 1:colcon.colcon_core.package_identification:_identify(diagnostics/20260712_010514/ros_logs_snapshot/2026-07-11-21-43-38-607990-sweepi-5240) by extension 'ros'
[0.310s] Level 1:colcon.colcon_core.package_identification:_identify(diagnostics/20260712_010514/ros_logs_snapshot/2026-07-11-21-43-38-607990-sweepi-5240) by extensions ['cmake', 'python']
[0.310s] Level 1:colcon.colcon_core.package_identification:_identify(diagnostics/20260712_010514/ros_logs_snapshot/2026-07-11-21-43-38-607990-sweepi-5240) by extension 'cmake'
[0.310s] Level 1:colcon.colcon_core.package_identification:_identify(diagnostics/20260712_010514/ros_logs_snapshot/2026-07-11-21-43-38-607990-sweepi-5240) by extension 'python'
[0.310s] Level 1:colcon.colcon_core.package_identification:_identify(diagnostics/20260712_010514/ros_logs_snapshot/2026-07-11-21-43-38-607990-sweepi-5240) by extensions ['python_setup_py']
[0.310s] Level 1:colcon.colcon_core.package_identification:_identify(diagnostics/20260712_010514/ros_logs_snapshot/2026-07-11-21-43-38-607990-sweepi-5240) by extension 'python_setup_py'
[0.310s] Level 1:colcon.colcon_core.package_identification:_identify(diagnostics/20260712_010514/ros_logs_snapshot/2026-07-11-21-43-50-670860-sweepi-5425) by extensions ['ignore', 'ignore_ament_install']
[0.310s] Level 1:colcon.colcon_core.package_identification:_identify(diagnostics/20260712_010514/ros_logs_snapshot/2026-07-11-21-43-50-670860-sweepi-5425) by extension 'ignore'
[0.310s] Level 1:colcon.colcon_core.package_identification:_identify(diagnostics/20260712_010514/ros_logs_snapshot/2026-07-11-21-43-50-670860-sweepi-5425) by extension 'ignore_ament_install'
[0.310s] Level 1:colcon.colcon_core.package_identification:_identify(diagnostics/20260712_010514/ros_logs_snapshot/2026-07-11-21-43-50-670860-sweepi-5425) by extensions ['colcon_pkg']
[0.310s] Level 1:colcon.colcon_core.package_identification:_identify(diagnostics/20260712_010514/ros_logs_snapshot/2026-07-11-21-43-50-670860-sweepi-5425) by extension 'colcon_pkg'
[0.310s] Level 1:colcon.colcon_core.package_identification:_identify(diagnostics/20260712_010514/ros_logs_snapshot/2026-07-11-21-43-50-670860-sweepi-5425) by extensions ['colcon_meta']
[0.310s] Level 1:colcon.colcon_core.package_identification:_identify(diagnostics/20260712_010514/ros_logs_snapshot/2026-07-11-21-43-50-670860-sweepi-5425) by extension 'colcon_meta'
[0.310s] Level 1:colcon.colcon_core.package_identification:_identify(diagnostics/20260712_010514/ros_logs_snapshot/2026-07-11-21-43-50-670860-sweepi-5425) by extensions ['ros']
[0.310s] Level 1:colcon.colcon_core.package_identification:_identify(diagnostics/20260712_010514/ros_logs_snapshot/2026-07-11-21-43-50-670860-sweepi-5425) by extension 'ros'
[0.311s] Level 1:colcon.colcon_core.package_identification:_identify(diagnostics/20260712_010514/ros_logs_snapshot/2026-07-11-21-43-50-670860-sweepi-5425) by extensions ['cmake', 'python']
[0.311s] Level 1:colcon.colcon_core.package_identification:_identify(diagnostics/20260712_010514/ros_logs_snapshot/2026-07-11-21-43-50-670860-sweepi-5425) by extension 'cmake'
[0.311s] Level 1:colcon.colcon_core.package_identification:_identify(diagnostics/20260712_010514/ros_logs_snapshot/2026-07-11-21-43-50-670860-sweepi-5425) by extension 'python'
[0.311s] Level 1:colcon.colcon_core.package_identification:_identify(diagnostics/20260712_010514/ros_logs_snapshot/2026-07-11-21-43-50-670860-sweepi-5425) by extensions ['python_setup_py']
[0.311s] Level 1:colcon.colcon_core.package_identification:_identify(diagnostics/20260712_010514/ros_logs_snapshot/2026-07-11-21-43-50-670860-sweepi-5425) by extension 'python_setup_py'
[0.311s] Level 1:colcon.colcon_core.package_identification:_identify(diagnostics/20260712_010514/ros_logs_snapshot/2026-07-11-21-46-44-465676-sweepi-6288) by extensions ['ignore', 'ignore_ament_install']
[0.311s] Level 1:colcon.colcon_core.package_identification:_identify(diagnostics/20260712_010514/ros_logs_snapshot/2026-07-11-21-46-44-465676-sweepi-6288) by extension 'ignore'
[0.311s] Level 1:colcon.colcon_core.package_identification:_identify(diagnostics/20260712_010514/ros_logs_snapshot/2026-07-11-21-46-44-465676-sweepi-6288) by extension 'ignore_ament_install'
[0.311s] Level 1:colcon.colcon_core.package_identification:_identify(diagnostics/20260712_010514/ros_logs_snapshot/2026-07-11-21-46-44-465676-sweepi-6288) by extensions ['colcon_pkg']
[0.311s] Level 1:colcon.colcon_core.package_identification:_identify(diagnostics/20260712_010514/ros_logs_snapshot/2026-07-11-21-46-44-465676-sweepi-6288) by extension 'colcon_pkg'
[0.311s] Level 1:colcon.colcon_core.package_identification:_identify(diagnostics/20260712_010514/ros_logs_snapshot/2026-07-11-21-46-44-465676-sweepi-6288) by extensions ['colcon_meta']
[0.311s] Level 1:colcon.colcon_core.package_identification:_identify(diagnostics/20260712_010514/ros_logs_snapshot/2026-07-11-21-46-44-465676-sweepi-6288) by extension 'colcon_meta'
[0.311s] Level 1:colcon.colcon_core.package_identification:_identify(diagnostics/20260712_010514/ros_logs_snapshot/2026-07-11-21-46-44-465676-sweepi-6288) by extensions ['ros']
[0.311s] Level 1:colcon.colcon_core.package_identification:_identify(diagnostics/20260712_010514/ros_logs_snapshot/2026-07-11-21-46-44-465676-sweepi-6288) by extension 'ros'
[0.311s] Level 1:colcon.colcon_core.package_identification:_identify(diagnostics/20260712_010514/ros_logs_snapshot/2026-07-11-21-46-44-465676-sweepi-6288) by extensions ['cmake', 'python']
[0.311s] Level 1:colcon.colcon_core.package_identification:_identify(diagnostics/20260712_010514/ros_logs_snapshot/2026-07-11-21-46-44-465676-sweepi-6288) by extension 'cmake'
[0.311s] Level 1:colcon.colcon_core.package_identification:_identify(diagnostics/20260712_010514/ros_logs_snapshot/2026-07-11-21-46-44-465676-sweepi-6288) by extension 'python'
[0.312s] Level 1:colcon.colcon_core.package_identification:_identify(diagnostics/20260712_010514/ros_logs_snapshot/2026-07-11-21-46-44-465676-sweepi-6288) by extensions ['python_setup_py']
[0.312s] Level 1:colcon.colcon_core.package_identification:_identify(diagnostics/20260712_010514/ros_logs_snapshot/2026-07-11-21-46-44-465676-sweepi-6288) by extension 'python_setup_py'
[0.312s] Level 1:colcon.colcon_core.package_identification:_identify(diagnostics/20260712_010514/ros_logs_snapshot/2026-07-11-21-46-57-333069-sweepi-6486) by extensions ['ignore', 'ignore_ament_install']
[0.312s] Level 1:colcon.colcon_core.package_identification:_identify(diagnostics/20260712_010514/ros_logs_snapshot/2026-07-11-21-46-57-333069-sweepi-6486) by extension 'ignore'
[0.312s] Level 1:colcon.colcon_core.package_identification:_identify(diagnostics/20260712_010514/ros_logs_snapshot/2026-07-11-21-46-57-333069-sweepi-6486) by extension 'ignore_ament_install'
[0.312s] Level 1:colcon.colcon_core.package_identification:_identify(diagnostics/20260712_010514/ros_logs_snapshot/2026-07-11-21-46-57-333069-sweepi-6486) by extensions ['colcon_pkg']
[0.312s] Level 1:colcon.colcon_core.package_identification:_identify(diagnostics/20260712_010514/ros_logs_snapshot/2026-07-11-21-46-57-333069-sweepi-6486) by extension 'colcon_pkg'
[0.312s] Level 1:colcon.colcon_core.package_identification:_identify(diagnostics/20260712_010514/ros_logs_snapshot/2026-07-11-21-46-57-333069-sweepi-6486) by extensions ['colcon_meta']
[0.312s] Level 1:colcon.colcon_core.package_identification:_identify(diagnostics/20260712_010514/ros_logs_snapshot/2026-07-11-21-46-57-333069-sweepi-6486) by extension 'colcon_meta'
[0.312s] Level 1:colcon.colcon_core.package_identification:_identify(diagnostics/20260712_010514/ros_logs_snapshot/2026-07-11-21-46-57-333069-sweepi-6486) by extensions ['ros']
[0.312s] Level 1:colcon.colcon_core.package_identification:_identify(diagnostics/20260712_010514/ros_logs_snapshot/2026-07-11-21-46-57-333069-sweepi-6486) by extension 'ros'
[0.312s] Level 1:colcon.colcon_core.package_identification:_identify(diagnostics/20260712_010514/ros_logs_snapshot/2026-07-11-21-46-57-333069-sweepi-6486) by extensions ['cmake', 'python']
[0.312s] Level 1:colcon.colcon_core.package_identification:_identify(diagnostics/20260712_010514/ros_logs_snapshot/2026-07-11-21-46-57-333069-sweepi-6486) by extension 'cmake'
[0.312s] Level 1:colcon.colcon_core.package_identification:_identify(diagnostics/20260712_010514/ros_logs_snapshot/2026-07-11-21-46-57-333069-sweepi-6486) by extension 'python'
[0.312s] Level 1:colcon.colcon_core.package_identification:_identify(diagnostics/20260712_010514/ros_logs_snapshot/2026-07-11-21-46-57-333069-sweepi-6486) by extensions ['python_setup_py']
[0.312s] Level 1:colcon.colcon_core.package_identification:_identify(diagnostics/20260712_010514/ros_logs_snapshot/2026-07-11-21-46-57-333069-sweepi-6486) by extension 'python_setup_py'
[0.313s] Level 1:colcon.colcon_core.package_identification:_identify(diagnostics/20260712_010514/ros_logs_snapshot/2026-07-11-21-52-01-362541-sweepi-7358) by extensions ['ignore', 'ignore_ament_install']
[0.313s] Level 1:colcon.colcon_core.package_identification:_identify(diagnostics/20260712_010514/ros_logs_snapshot/2026-07-11-21-52-01-362541-sweepi-7358) by extension 'ignore'
[0.313s] Level 1:colcon.colcon_core.package_identification:_identify(diagnostics/20260712_010514/ros_logs_snapshot/2026-07-11-21-52-01-362541-sweepi-7358) by extension 'ignore_ament_install'
[0.313s] Level 1:colcon.colcon_core.package_identification:_identify(diagnostics/20260712_010514/ros_logs_snapshot/2026-07-11-21-52-01-362541-sweepi-7358) by extensions ['colcon_pkg']
[0.313s] Level 1:colcon.colcon_core.package_identification:_identify(diagnostics/20260712_010514/ros_logs_snapshot/2026-07-11-21-52-01-362541-sweepi-7358) by extension 'colcon_pkg'
[0.313s] Level 1:colcon.colcon_core.package_identification:_identify(diagnostics/20260712_010514/ros_logs_snapshot/2026-07-11-21-52-01-362541-sweepi-7358) by extensions ['colcon_meta']
[0.313s] Level 1:colcon.colcon_core.package_identification:_identify(diagnostics/20260712_010514/ros_logs_snapshot/2026-07-11-21-52-01-362541-sweepi-7358) by extension 'colcon_meta'
[0.313s] Level 1:colcon.colcon_core.package_identification:_identify(diagnostics/20260712_010514/ros_logs_snapshot/2026-07-11-21-52-01-362541-sweepi-7358) by extensions ['ros']
[0.313s] Level 1:colcon.colcon_core.package_identification:_identify(diagnostics/20260712_010514/ros_logs_snapshot/2026-07-11-21-52-01-362541-sweepi-7358) by extension 'ros'
[0.313s] Level 1:colcon.colcon_core.package_identification:_identify(diagnostics/20260712_010514/ros_logs_snapshot/2026-07-11-21-52-01-362541-sweepi-7358) by extensions ['cmake', 'python']
[0.313s] Level 1:colcon.colcon_core.package_identification:_identify(diagnostics/20260712_010514/ros_logs_snapshot/2026-07-11-21-52-01-362541-sweepi-7358) by extension 'cmake'
[0.313s] Level 1:colcon.colcon_core.package_identification:_identify(diagnostics/20260712_010514/ros_logs_snapshot/2026-07-11-21-52-01-362541-sweepi-7358) by extension 'python'
[0.313s] Level 1:colcon.colcon_core.package_identification:_identify(diagnostics/20260712_010514/ros_logs_snapshot/2026-07-11-21-52-01-362541-sweepi-7358) by extensions ['python_setup_py']
[0.313s] Level 1:colcon.colcon_core.package_identification:_identify(diagnostics/20260712_010514/ros_logs_snapshot/2026-07-11-21-52-01-362541-sweepi-7358) by extension 'python_setup_py'
[0.313s] Level 1:colcon.colcon_core.package_identification:_identify(diagnostics/20260712_010514/ros_logs_snapshot/2026-07-11-21-52-21-648443-sweepi-7910) by extensions ['ignore', 'ignore_ament_install']
[0.313s] Level 1:colcon.colcon_core.package_identification:_identify(diagnostics/20260712_010514/ros_logs_snapshot/2026-07-11-21-52-21-648443-sweepi-7910) by extension 'ignore'
[0.313s] Level 1:colcon.colcon_core.package_identification:_identify(diagnostics/20260712_010514/ros_logs_snapshot/2026-07-11-21-52-21-648443-sweepi-7910) by extension 'ignore_ament_install'
[0.314s] Level 1:colcon.colcon_core.package_identification:_identify(diagnostics/20260712_010514/ros_logs_snapshot/2026-07-11-21-52-21-648443-sweepi-7910) by extensions ['colcon_pkg']
[0.314s] Level 1:colcon.colcon_core.package_identification:_identify(diagnostics/20260712_010514/ros_logs_snapshot/2026-07-11-21-52-21-648443-sweepi-7910) by extension 'colcon_pkg'
[0.314s] Level 1:colcon.colcon_core.package_identification:_identify(diagnostics/20260712_010514/ros_logs_snapshot/2026-07-11-21-52-21-648443-sweepi-7910) by extensions ['colcon_meta']
[0.314s] Level 1:colcon.colcon_core.package_identification:_identify(diagnostics/20260712_010514/ros_logs_snapshot/2026-07-11-21-52-21-648443-sweepi-7910) by extension 'colcon_meta'
[0.314s] Level 1:colcon.colcon_core.package_identification:_identify(diagnostics/20260712_010514/ros_logs_snapshot/2026-07-11-21-52-21-648443-sweepi-7910) by extensions ['ros']
[0.314s] Level 1:colcon.colcon_core.package_identification:_identify(diagnostics/20260712_010514/ros_logs_snapshot/2026-07-11-21-52-21-648443-sweepi-7910) by extension 'ros'
[0.314s] Level 1:colcon.colcon_core.package_identification:_identify(diagnostics/20260712_010514/ros_logs_snapshot/2026-07-11-21-52-21-648443-sweepi-7910) by extensions ['cmake', 'python']
[0.314s] Level 1:colcon.colcon_core.package_identification:_identify(diagnostics/20260712_010514/ros_logs_snapshot/2026-07-11-21-52-21-648443-sweepi-7910) by extension 'cmake'
[0.314s] Level 1:colcon.colcon_core.package_identification:_identify(diagnostics/20260712_010514/ros_logs_snapshot/2026-07-11-21-52-21-648443-sweepi-7910) by extension 'python'
[0.314s] Level 1:colcon.colcon_core.package_identification:_identify(diagnostics/20260712_010514/ros_logs_snapshot/2026-07-11-21-52-21-648443-sweepi-7910) by extensions ['python_setup_py']
[0.314s] Level 1:colcon.colcon_core.package_identification:_identify(diagnostics/20260712_010514/ros_logs_snapshot/2026-07-11-21-52-21-648443-sweepi-7910) by extension 'python_setup_py'
[0.314s] Level 1:colcon.colcon_core.package_identification:_identify(diagnostics/20260712_010514/ros_logs_snapshot/2026-07-11-21-53-21-823563-sweepi-8238) by extensions ['ignore', 'ignore_ament_install']
[0.314s] Level 1:colcon.colcon_core.package_identification:_identify(diagnostics/20260712_010514/ros_logs_snapshot/2026-07-11-21-53-21-823563-sweepi-8238) by extension 'ignore'
[0.314s] Level 1:colcon.colcon_core.package_identification:_identify(diagnostics/20260712_010514/ros_logs_snapshot/2026-07-11-21-53-21-823563-sweepi-8238) by extension 'ignore_ament_install'
[0.314s] Level 1:colcon.colcon_core.package_identification:_identify(diagnostics/20260712_010514/ros_logs_snapshot/2026-07-11-21-53-21-823563-sweepi-8238) by extensions ['colcon_pkg']
[0.314s] Level 1:colcon.colcon_core.package_identification:_identify(diagnostics/20260712_010514/ros_logs_snapshot/2026-07-11-21-53-21-823563-sweepi-8238) by extension 'colcon_pkg'
[0.314s] Level 1:colcon.colcon_core.package_identification:_identify(diagnostics/20260712_010514/ros_logs_snapshot/2026-07-11-21-53-21-823563-sweepi-8238) by extensions ['colcon_meta']
[0.314s] Level 1:colcon.colcon_core.package_identification:_identify(diagnostics/20260712_010514/ros_logs_snapshot/2026-07-11-21-53-21-823563-sweepi-8238) by extension 'colcon_meta'
[0.314s] Level 1:colcon.colcon_core.package_identification:_identify(diagnostics/20260712_010514/ros_logs_snapshot/2026-07-11-21-53-21-823563-sweepi-8238) by extensions ['ros']
[0.315s] Level 1:colcon.colcon_core.package_identification:_identify(diagnostics/20260712_010514/ros_logs_snapshot/2026-07-11-21-53-21-823563-sweepi-8238) by extension 'ros'
[0.315s] Level 1:colcon.colcon_core.package_identification:_identify(diagnostics/20260712_010514/ros_logs_snapshot/2026-07-11-21-53-21-823563-sweepi-8238) by extensions ['cmake', 'python']
[0.315s] Level 1:colcon.colcon_core.package_identification:_identify(diagnostics/20260712_010514/ros_logs_snapshot/2026-07-11-21-53-21-823563-sweepi-8238) by extension 'cmake'
[0.315s] Level 1:colcon.colcon_core.package_identification:_identify(diagnostics/20260712_010514/ros_logs_snapshot/2026-07-11-21-53-21-823563-sweepi-8238) by extension 'python'
[0.315s] Level 1:colcon.colcon_core.package_identification:_identify(diagnostics/20260712_010514/ros_logs_snapshot/2026-07-11-21-53-21-823563-sweepi-8238) by extensions ['python_setup_py']
[0.315s] Level 1:colcon.colcon_core.package_identification:_identify(diagnostics/20260712_010514/ros_logs_snapshot/2026-07-11-21-53-21-823563-sweepi-8238) by extension 'python_setup_py'
[0.315s] Level 1:colcon.colcon_core.package_identification:_identify(diagnostics/20260712_010514/ros_logs_snapshot/2026-07-11-21-53-28-248001-sweepi-8390) by extensions ['ignore', 'ignore_ament_install']
[0.315s] Level 1:colcon.colcon_core.package_identification:_identify(diagnostics/20260712_010514/ros_logs_snapshot/2026-07-11-21-53-28-248001-sweepi-8390) by extension 'ignore'
[0.315s] Level 1:colcon.colcon_core.package_identification:_identify(diagnostics/20260712_010514/ros_logs_snapshot/2026-07-11-21-53-28-248001-sweepi-8390) by extension 'ignore_ament_install'
[0.315s] Level 1:colcon.colcon_core.package_identification:_identify(diagnostics/20260712_010514/ros_logs_snapshot/2026-07-11-21-53-28-248001-sweepi-8390) by extensions ['colcon_pkg']
[0.315s] Level 1:colcon.colcon_core.package_identification:_identify(diagnostics/20260712_010514/ros_logs_snapshot/2026-07-11-21-53-28-248001-sweepi-8390) by extension 'colcon_pkg'
[0.315s] Level 1:colcon.colcon_core.package_identification:_identify(diagnostics/20260712_010514/ros_logs_snapshot/2026-07-11-21-53-28-248001-sweepi-8390) by extensions ['colcon_meta']
[0.315s] Level 1:colcon.colcon_core.package_identification:_identify(diagnostics/20260712_010514/ros_logs_snapshot/2026-07-11-21-53-28-248001-sweepi-8390) by extension 'colcon_meta'
[0.315s] Level 1:colcon.colcon_core.package_identification:_identify(diagnostics/20260712_010514/ros_logs_snapshot/2026-07-11-21-53-28-248001-sweepi-8390) by extensions ['ros']
[0.315s] Level 1:colcon.colcon_core.package_identification:_identify(diagnostics/20260712_010514/ros_logs_snapshot/2026-07-11-21-53-28-248001-sweepi-8390) by extension 'ros'
[0.315s] Level 1:colcon.colcon_core.package_identification:_identify(diagnostics/20260712_010514/ros_logs_snapshot/2026-07-11-21-53-28-248001-sweepi-8390) by extensions ['cmake', 'python']
[0.315s] Level 1:colcon.colcon_core.package_identification:_identify(diagnostics/20260712_010514/ros_logs_snapshot/2026-07-11-21-53-28-248001-sweepi-8390) by extension 'cmake'
[0.315s] Level 1:colcon.colcon_core.package_identification:_identify(diagnostics/20260712_010514/ros_logs_snapshot/2026-07-11-21-53-28-248001-sweepi-8390) by extension 'python'
[0.315s] Level 1:colcon.colcon_core.package_identification:_identify(diagnostics/20260712_010514/ros_logs_snapshot/2026-07-11-21-53-28-248001-sweepi-8390) by extensions ['python_setup_py']
[0.315s] Level 1:colcon.colcon_core.package_identification:_identify(diagnostics/20260712_010514/ros_logs_snapshot/2026-07-11-21-53-28-248001-sweepi-8390) by extension 'python_setup_py'
[0.316s] Level 1:colcon.colcon_core.package_identification:_identify(diagnostics/20260712_010514/ros_logs_snapshot/2026-07-11-21-58-41-890658-sweepi-9795) by extensions ['ignore', 'ignore_ament_install']
[0.316s] Level 1:colcon.colcon_core.package_identification:_identify(diagnostics/20260712_010514/ros_logs_snapshot/2026-07-11-21-58-41-890658-sweepi-9795) by extension 'ignore'
[0.316s] Level 1:colcon.colcon_core.package_identification:_identify(diagnostics/20260712_010514/ros_logs_snapshot/2026-07-11-21-58-41-890658-sweepi-9795) by extension 'ignore_ament_install'
[0.316s] Level 1:colcon.colcon_core.package_identification:_identify(diagnostics/20260712_010514/ros_logs_snapshot/2026-07-11-21-58-41-890658-sweepi-9795) by extensions ['colcon_pkg']
[0.316s] Level 1:colcon.colcon_core.package_identification:_identify(diagnostics/20260712_010514/ros_logs_snapshot/2026-07-11-21-58-41-890658-sweepi-9795) by extension 'colcon_pkg'
[0.316s] Level 1:colcon.colcon_core.package_identification:_identify(diagnostics/20260712_010514/ros_logs_snapshot/2026-07-11-21-58-41-890658-sweepi-9795) by extensions ['colcon_meta']
[0.316s] Level 1:colcon.colcon_core.package_identification:_identify(diagnostics/20260712_010514/ros_logs_snapshot/2026-07-11-21-58-41-890658-sweepi-9795) by extension 'colcon_meta'
[0.316s] Level 1:colcon.colcon_core.package_identification:_identify(diagnostics/20260712_010514/ros_logs_snapshot/2026-07-11-21-58-41-890658-sweepi-9795) by extensions ['ros']
[0.316s] Level 1:colcon.colcon_core.package_identification:_identify(diagnostics/20260712_010514/ros_logs_snapshot/2026-07-11-21-58-41-890658-sweepi-9795) by extension 'ros'
[0.316s] Level 1:colcon.colcon_core.package_identification:_identify(diagnostics/20260712_010514/ros_logs_snapshot/2026-07-11-21-58-41-890658-sweepi-9795) by extensions ['cmake', 'python']
[0.316s] Level 1:colcon.colcon_core.package_identification:_identify(diagnostics/20260712_010514/ros_logs_snapshot/2026-07-11-21-58-41-890658-sweepi-9795) by extension 'cmake'
[0.316s] Level 1:colcon.colcon_core.package_identification:_identify(diagnostics/20260712_010514/ros_logs_snapshot/2026-07-11-21-58-41-890658-sweepi-9795) by extension 'python'
[0.316s] Level 1:colcon.colcon_core.package_identification:_identify(diagnostics/20260712_010514/ros_logs_snapshot/2026-07-11-21-58-41-890658-sweepi-9795) by extensions ['python_setup_py']
[0.316s] Level 1:colcon.colcon_core.package_identification:_identify(diagnostics/20260712_010514/ros_logs_snapshot/2026-07-11-21-58-41-890658-sweepi-9795) by extension 'python_setup_py'
[0.316s] Level 1:colcon.colcon_core.package_identification:_identify(diagnostics/20260712_010514/ros_logs_snapshot/2026-07-11-21-59-01-963720-sweepi-9972) by extensions ['ignore', 'ignore_ament_install']
[0.316s] Level 1:colcon.colcon_core.package_identification:_identify(diagnostics/20260712_010514/ros_logs_snapshot/2026-07-11-21-59-01-963720-sweepi-9972) by extension 'ignore'
[0.317s] Level 1:colcon.colcon_core.package_identification:_identify(diagnostics/20260712_010514/ros_logs_snapshot/2026-07-11-21-59-01-963720-sweepi-9972) by extension 'ignore_ament_install'
[0.317s] Level 1:colcon.colcon_core.package_identification:_identify(diagnostics/20260712_010514/ros_logs_snapshot/2026-07-11-21-59-01-963720-sweepi-9972) by extensions ['colcon_pkg']
[0.317s] Level 1:colcon.colcon_core.package_identification:_identify(diagnostics/20260712_010514/ros_logs_snapshot/2026-07-11-21-59-01-963720-sweepi-9972) by extension 'colcon_pkg'
[0.317s] Level 1:colcon.colcon_core.package_identification:_identify(diagnostics/20260712_010514/ros_logs_snapshot/2026-07-11-21-59-01-963720-sweepi-9972) by extensions ['colcon_meta']
[0.317s] Level 1:colcon.colcon_core.package_identification:_identify(diagnostics/20260712_010514/ros_logs_snapshot/2026-07-11-21-59-01-963720-sweepi-9972) by extension 'colcon_meta'
[0.317s] Level 1:colcon.colcon_core.package_identification:_identify(diagnostics/20260712_010514/ros_logs_snapshot/2026-07-11-21-59-01-963720-sweepi-9972) by extensions ['ros']
[0.317s] Level 1:colcon.colcon_core.package_identification:_identify(diagnostics/20260712_010514/ros_logs_snapshot/2026-07-11-21-59-01-963720-sweepi-9972) by extension 'ros'
[0.317s] Level 1:colcon.colcon_core.package_identification:_identify(diagnostics/20260712_010514/ros_logs_snapshot/2026-07-11-21-59-01-963720-sweepi-9972) by extensions ['cmake', 'python']
[0.317s] Level 1:colcon.colcon_core.package_identification:_identify(diagnostics/20260712_010514/ros_logs_snapshot/2026-07-11-21-59-01-963720-sweepi-9972) by extension 'cmake'
[0.317s] Level 1:colcon.colcon_core.package_identification:_identify(diagnostics/20260712_010514/ros_logs_snapshot/2026-07-11-21-59-01-963720-sweepi-9972) by extension 'python'
[0.317s] Level 1:colcon.colcon_core.package_identification:_identify(diagnostics/20260712_010514/ros_logs_snapshot/2026-07-11-21-59-01-963720-sweepi-9972) by extensions ['python_setup_py']
[0.317s] Level 1:colcon.colcon_core.package_identification:_identify(diagnostics/20260712_010514/ros_logs_snapshot/2026-07-11-21-59-01-963720-sweepi-9972) by extension 'python_setup_py'
[0.317s] Level 1:colcon.colcon_core.package_identification:_identify(diagnostics/20260712_010514/ros_logs_snapshot/2026-07-11-22-04-09-451726-sweepi-11213) by extensions ['ignore', 'ignore_ament_install']
[0.317s] Level 1:colcon.colcon_core.package_identification:_identify(diagnostics/20260712_010514/ros_logs_snapshot/2026-07-11-22-04-09-451726-sweepi-11213) by extension 'ignore'
[0.317s] Level 1:colcon.colcon_core.package_identification:_identify(diagnostics/20260712_010514/ros_logs_snapshot/2026-07-11-22-04-09-451726-sweepi-11213) by extension 'ignore_ament_install'
[0.317s] Level 1:colcon.colcon_core.package_identification:_identify(diagnostics/20260712_010514/ros_logs_snapshot/2026-07-11-22-04-09-451726-sweepi-11213) by extensions ['colcon_pkg']
[0.317s] Level 1:colcon.colcon_core.package_identification:_identify(diagnostics/20260712_010514/ros_logs_snapshot/2026-07-11-22-04-09-451726-sweepi-11213) by extension 'colcon_pkg'
[0.317s] Level 1:colcon.colcon_core.package_identification:_identify(diagnostics/20260712_010514/ros_logs_snapshot/2026-07-11-22-04-09-451726-sweepi-11213) by extensions ['colcon_meta']
[0.317s] Level 1:colcon.colcon_core.package_identification:_identify(diagnostics/20260712_010514/ros_logs_snapshot/2026-07-11-22-04-09-451726-sweepi-11213) by extension 'colcon_meta'
[0.318s] Level 1:colcon.colcon_core.package_identification:_identify(diagnostics/20260712_010514/ros_logs_snapshot/2026-07-11-22-04-09-451726-sweepi-11213) by extensions ['ros']
[0.318s] Level 1:colcon.colcon_core.package_identification:_identify(diagnostics/20260712_010514/ros_logs_snapshot/2026-07-11-22-04-09-451726-sweepi-11213) by extension 'ros'
[0.318s] Level 1:colcon.colcon_core.package_identification:_identify(diagnostics/20260712_010514/ros_logs_snapshot/2026-07-11-22-04-09-451726-sweepi-11213) by extensions ['cmake', 'python']
[0.318s] Level 1:colcon.colcon_core.package_identification:_identify(diagnostics/20260712_010514/ros_logs_snapshot/2026-07-11-22-04-09-451726-sweepi-11213) by extension 'cmake'
[0.318s] Level 1:colcon.colcon_core.package_identification:_identify(diagnostics/20260712_010514/ros_logs_snapshot/2026-07-11-22-04-09-451726-sweepi-11213) by extension 'python'
[0.318s] Level 1:colcon.colcon_core.package_identification:_identify(diagnostics/20260712_010514/ros_logs_snapshot/2026-07-11-22-04-09-451726-sweepi-11213) by extensions ['python_setup_py']
[0.318s] Level 1:colcon.colcon_core.package_identification:_identify(diagnostics/20260712_010514/ros_logs_snapshot/2026-07-11-22-04-09-451726-sweepi-11213) by extension 'python_setup_py'
[0.318s] Level 1:colcon.colcon_core.package_identification:_identify(diagnostics/20260712_010514/ros_logs_snapshot/2026-07-11-22-04-24-476066-sweepi-11439) by extensions ['ignore', 'ignore_ament_install']
[0.318s] Level 1:colcon.colcon_core.package_identification:_identify(diagnostics/20260712_010514/ros_logs_snapshot/2026-07-11-22-04-24-476066-sweepi-11439) by extension 'ignore'
[0.318s] Level 1:colcon.colcon_core.package_identification:_identify(diagnostics/20260712_010514/ros_logs_snapshot/2026-07-11-22-04-24-476066-sweepi-11439) by extension 'ignore_ament_install'
[0.318s] Level 1:colcon.colcon_core.package_identification:_identify(diagnostics/20260712_010514/ros_logs_snapshot/2026-07-11-22-04-24-476066-sweepi-11439) by extensions ['colcon_pkg']
[0.318s] Level 1:colcon.colcon_core.package_identification:_identify(diagnostics/20260712_010514/ros_logs_snapshot/2026-07-11-22-04-24-476066-sweepi-11439) by extension 'colcon_pkg'
[0.318s] Level 1:colcon.colcon_core.package_identification:_identify(diagnostics/20260712_010514/ros_logs_snapshot/2026-07-11-22-04-24-476066-sweepi-11439) by extensions ['colcon_meta']
[0.318s] Level 1:colcon.colcon_core.package_identification:_identify(diagnostics/20260712_010514/ros_logs_snapshot/2026-07-11-22-04-24-476066-sweepi-11439) by extension 'colcon_meta'
[0.318s] Level 1:colcon.colcon_core.package_identification:_identify(diagnostics/20260712_010514/ros_logs_snapshot/2026-07-11-22-04-24-476066-sweepi-11439) by extensions ['ros']
[0.318s] Level 1:colcon.colcon_core.package_identification:_identify(diagnostics/20260712_010514/ros_logs_snapshot/2026-07-11-22-04-24-476066-sweepi-11439) by extension 'ros'
[0.318s] Level 1:colcon.colcon_core.package_identification:_identify(diagnostics/20260712_010514/ros_logs_snapshot/2026-07-11-22-04-24-476066-sweepi-11439) by extensions ['cmake', 'python']
[0.318s] Level 1:colcon.colcon_core.package_identification:_identify(diagnostics/20260712_010514/ros_logs_snapshot/2026-07-11-22-04-24-476066-sweepi-11439) by extension 'cmake'
[0.318s] Level 1:colcon.colcon_core.package_identification:_identify(diagnostics/20260712_010514/ros_logs_snapshot/2026-07-11-22-04-24-476066-sweepi-11439) by extension 'python'
[0.318s] Level 1:colcon.colcon_core.package_identification:_identify(diagnostics/20260712_010514/ros_logs_snapshot/2026-07-11-22-04-24-476066-sweepi-11439) by extensions ['python_setup_py']
[0.319s] Level 1:colcon.colcon_core.package_identification:_identify(diagnostics/20260712_010514/ros_logs_snapshot/2026-07-11-22-04-24-476066-sweepi-11439) by extension 'python_setup_py'
[0.319s] Level 1:colcon.colcon_core.package_identification:_identify(diagnostics/20260712_010514/ros_logs_snapshot/2026-07-11-22-09-54-904089-sweepi-3055) by extensions ['ignore', 'ignore_ament_install']
[0.319s] Level 1:colcon.colcon_core.package_identification:_identify(diagnostics/20260712_010514/ros_logs_snapshot/2026-07-11-22-09-54-904089-sweepi-3055) by extension 'ignore'
[0.319s] Level 1:colcon.colcon_core.package_identification:_identify(diagnostics/20260712_010514/ros_logs_snapshot/2026-07-11-22-09-54-904089-sweepi-3055) by extension 'ignore_ament_install'
[0.319s] Level 1:colcon.colcon_core.package_identification:_identify(diagnostics/20260712_010514/ros_logs_snapshot/2026-07-11-22-09-54-904089-sweepi-3055) by extensions ['colcon_pkg']
[0.319s] Level 1:colcon.colcon_core.package_identification:_identify(diagnostics/20260712_010514/ros_logs_snapshot/2026-07-11-22-09-54-904089-sweepi-3055) by extension 'colcon_pkg'
[0.319s] Level 1:colcon.colcon_core.package_identification:_identify(diagnostics/20260712_010514/ros_logs_snapshot/2026-07-11-22-09-54-904089-sweepi-3055) by extensions ['colcon_meta']
[0.319s] Level 1:colcon.colcon_core.package_identification:_identify(diagnostics/20260712_010514/ros_logs_snapshot/2026-07-11-22-09-54-904089-sweepi-3055) by extension 'colcon_meta'
[0.319s] Level 1:colcon.colcon_core.package_identification:_identify(diagnostics/20260712_010514/ros_logs_snapshot/2026-07-11-22-09-54-904089-sweepi-3055) by extensions ['ros']
[0.319s] Level 1:colcon.colcon_core.package_identification:_identify(diagnostics/20260712_010514/ros_logs_snapshot/2026-07-11-22-09-54-904089-sweepi-3055) by extension 'ros'
[0.319s] Level 1:colcon.colcon_core.package_identification:_identify(diagnostics/20260712_010514/ros_logs_snapshot/2026-07-11-22-09-54-904089-sweepi-3055) by extensions ['cmake', 'python']
[0.319s] Level 1:colcon.colcon_core.package_identification:_identify(diagnostics/20260712_010514/ros_logs_snapshot/2026-07-11-22-09-54-904089-sweepi-3055) by extension 'cmake'
[0.319s] Level 1:colcon.colcon_core.package_identification:_identify(diagnostics/20260712_010514/ros_logs_snapshot/2026-07-11-22-09-54-904089-sweepi-3055) by extension 'python'
[0.319s] Level 1:colcon.colcon_core.package_identification:_identify(diagnostics/20260712_010514/ros_logs_snapshot/2026-07-11-22-09-54-904089-sweepi-3055) by extensions ['python_setup_py']
[0.319s] Level 1:colcon.colcon_core.package_identification:_identify(diagnostics/20260712_010514/ros_logs_snapshot/2026-07-11-22-09-54-904089-sweepi-3055) by extension 'python_setup_py'
[0.320s] Level 1:colcon.colcon_core.package_identification:_identify(diagnostics/20260712_010514/ros_logs_snapshot/2026-07-11-22-10-07-252207-sweepi-3427) by extensions ['ignore', 'ignore_ament_install']
[0.320s] Level 1:colcon.colcon_core.package_identification:_identify(diagnostics/20260712_010514/ros_logs_snapshot/2026-07-11-22-10-07-252207-sweepi-3427) by extension 'ignore'
[0.320s] Level 1:colcon.colcon_core.package_identification:_identify(diagnostics/20260712_010514/ros_logs_snapshot/2026-07-11-22-10-07-252207-sweepi-3427) by extension 'ignore_ament_install'
[0.320s] Level 1:colcon.colcon_core.package_identification:_identify(diagnostics/20260712_010514/ros_logs_snapshot/2026-07-11-22-10-07-252207-sweepi-3427) by extensions ['colcon_pkg']
[0.320s] Level 1:colcon.colcon_core.package_identification:_identify(diagnostics/20260712_010514/ros_logs_snapshot/2026-07-11-22-10-07-252207-sweepi-3427) by extension 'colcon_pkg'
[0.320s] Level 1:colcon.colcon_core.package_identification:_identify(diagnostics/20260712_010514/ros_logs_snapshot/2026-07-11-22-10-07-252207-sweepi-3427) by extensions ['colcon_meta']
[0.320s] Level 1:colcon.colcon_core.package_identification:_identify(diagnostics/20260712_010514/ros_logs_snapshot/2026-07-11-22-10-07-252207-sweepi-3427) by extension 'colcon_meta'
[0.320s] Level 1:colcon.colcon_core.package_identification:_identify(diagnostics/20260712_010514/ros_logs_snapshot/2026-07-11-22-10-07-252207-sweepi-3427) by extensions ['ros']
[0.320s] Level 1:colcon.colcon_core.package_identification:_identify(diagnostics/20260712_010514/ros_logs_snapshot/2026-07-11-22-10-07-252207-sweepi-3427) by extension 'ros'
[0.320s] Level 1:colcon.colcon_core.package_identification:_identify(diagnostics/20260712_010514/ros_logs_snapshot/2026-07-11-22-10-07-252207-sweepi-3427) by extensions ['cmake', 'python']
[0.320s] Level 1:colcon.colcon_core.package_identification:_identify(diagnostics/20260712_010514/ros_logs_snapshot/2026-07-11-22-10-07-252207-sweepi-3427) by extension 'cmake'
[0.320s] Level 1:colcon.colcon_core.package_identification:_identify(diagnostics/20260712_010514/ros_logs_snapshot/2026-07-11-22-10-07-252207-sweepi-3427) by extension 'python'
[0.320s] Level 1:colcon.colcon_core.package_identification:_identify(diagnostics/20260712_010514/ros_logs_snapshot/2026-07-11-22-10-07-252207-sweepi-3427) by extensions ['python_setup_py']
[0.320s] Level 1:colcon.colcon_core.package_identification:_identify(diagnostics/20260712_010514/ros_logs_snapshot/2026-07-11-22-10-07-252207-sweepi-3427) by extension 'python_setup_py'
[0.320s] Level 1:colcon.colcon_core.package_identification:_identify(diagnostics/20260712_010514/ros_logs_snapshot/2026-07-11-22-25-29-636050-sweepi-3478) by extensions ['ignore', 'ignore_ament_install']
[0.321s] Level 1:colcon.colcon_core.package_identification:_identify(diagnostics/20260712_010514/ros_logs_snapshot/2026-07-11-22-25-29-636050-sweepi-3478) by extension 'ignore'
[0.321s] Level 1:colcon.colcon_core.package_identification:_identify(diagnostics/20260712_010514/ros_logs_snapshot/2026-07-11-22-25-29-636050-sweepi-3478) by extension 'ignore_ament_install'
[0.321s] Level 1:colcon.colcon_core.package_identification:_identify(diagnostics/20260712_010514/ros_logs_snapshot/2026-07-11-22-25-29-636050-sweepi-3478) by extensions ['colcon_pkg']
[0.321s] Level 1:colcon.colcon_core.package_identification:_identify(diagnostics/20260712_010514/ros_logs_snapshot/2026-07-11-22-25-29-636050-sweepi-3478) by extension 'colcon_pkg'
[0.321s] Level 1:colcon.colcon_core.package_identification:_identify(diagnostics/20260712_010514/ros_logs_snapshot/2026-07-11-22-25-29-636050-sweepi-3478) by extensions ['colcon_meta']
[0.321s] Level 1:colcon.colcon_core.package_identification:_identify(diagnostics/20260712_010514/ros_logs_snapshot/2026-07-11-22-25-29-636050-sweepi-3478) by extension 'colcon_meta'
[0.321s] Level 1:colcon.colcon_core.package_identification:_identify(diagnostics/20260712_010514/ros_logs_snapshot/2026-07-11-22-25-29-636050-sweepi-3478) by extensions ['ros']
[0.321s] Level 1:colcon.colcon_core.package_identification:_identify(diagnostics/20260712_010514/ros_logs_snapshot/2026-07-11-22-25-29-636050-sweepi-3478) by extension 'ros'
[0.321s] Level 1:colcon.colcon_core.package_identification:_identify(diagnostics/20260712_010514/ros_logs_snapshot/2026-07-11-22-25-29-636050-sweepi-3478) by extensions ['cmake', 'python']
[0.321s] Level 1:colcon.colcon_core.package_identification:_identify(diagnostics/20260712_010514/ros_logs_snapshot/2026-07-11-22-25-29-636050-sweepi-3478) by extension 'cmake'
[0.321s] Level 1:colcon.colcon_core.package_identification:_identify(diagnostics/20260712_010514/ros_logs_snapshot/2026-07-11-22-25-29-636050-sweepi-3478) by extension 'python'
[0.321s] Level 1:colcon.colcon_core.package_identification:_identify(diagnostics/20260712_010514/ros_logs_snapshot/2026-07-11-22-25-29-636050-sweepi-3478) by extensions ['python_setup_py']
[0.321s] Level 1:colcon.colcon_core.package_identification:_identify(diagnostics/20260712_010514/ros_logs_snapshot/2026-07-11-22-25-29-636050-sweepi-3478) by extension 'python_setup_py'
[0.321s] Level 1:colcon.colcon_core.package_identification:_identify(diagnostics/20260712_010514/ros_logs_snapshot/2026-07-11-22-31-37-639719-sweepi-3865) by extensions ['ignore', 'ignore_ament_install']
[0.321s] Level 1:colcon.colcon_core.package_identification:_identify(diagnostics/20260712_010514/ros_logs_snapshot/2026-07-11-22-31-37-639719-sweepi-3865) by extension 'ignore'
[0.322s] Level 1:colcon.colcon_core.package_identification:_identify(diagnostics/20260712_010514/ros_logs_snapshot/2026-07-11-22-31-37-639719-sweepi-3865) by extension 'ignore_ament_install'
[0.322s] Level 1:colcon.colcon_core.package_identification:_identify(diagnostics/20260712_010514/ros_logs_snapshot/2026-07-11-22-31-37-639719-sweepi-3865) by extensions ['colcon_pkg']
[0.322s] Level 1:colcon.colcon_core.package_identification:_identify(diagnostics/20260712_010514/ros_logs_snapshot/2026-07-11-22-31-37-639719-sweepi-3865) by extension 'colcon_pkg'
[0.322s] Level 1:colcon.colcon_core.package_identification:_identify(diagnostics/20260712_010514/ros_logs_snapshot/2026-07-11-22-31-37-639719-sweepi-3865) by extensions ['colcon_meta']
[0.322s] Level 1:colcon.colcon_core.package_identification:_identify(diagnostics/20260712_010514/ros_logs_snapshot/2026-07-11-22-31-37-639719-sweepi-3865) by extension 'colcon_meta'
[0.322s] Level 1:colcon.colcon_core.package_identification:_identify(diagnostics/20260712_010514/ros_logs_snapshot/2026-07-11-22-31-37-639719-sweepi-3865) by extensions ['ros']
[0.322s] Level 1:colcon.colcon_core.package_identification:_identify(diagnostics/20260712_010514/ros_logs_snapshot/2026-07-11-22-31-37-639719-sweepi-3865) by extension 'ros'
[0.322s] Level 1:colcon.colcon_core.package_identification:_identify(diagnostics/20260712_010514/ros_logs_snapshot/2026-07-11-22-31-37-639719-sweepi-3865) by extensions ['cmake', 'python']
[0.322s] Level 1:colcon.colcon_core.package_identification:_identify(diagnostics/20260712_010514/ros_logs_snapshot/2026-07-11-22-31-37-639719-sweepi-3865) by extension 'cmake'
[0.322s] Level 1:colcon.colcon_core.package_identification:_identify(diagnostics/20260712_010514/ros_logs_snapshot/2026-07-11-22-31-37-639719-sweepi-3865) by extension 'python'
[0.322s] Level 1:colcon.colcon_core.package_identification:_identify(diagnostics/20260712_010514/ros_logs_snapshot/2026-07-11-22-31-37-639719-sweepi-3865) by extensions ['python_setup_py']
[0.322s] Level 1:colcon.colcon_core.package_identification:_identify(diagnostics/20260712_010514/ros_logs_snapshot/2026-07-11-22-31-37-639719-sweepi-3865) by extension 'python_setup_py'
[0.322s] Level 1:colcon.colcon_core.package_identification:_identify(diagnostics/20260712_010514/ros_logs_snapshot/2026-07-11-22-31-48-747761-sweepi-4199) by extensions ['ignore', 'ignore_ament_install']
[0.322s] Level 1:colcon.colcon_core.package_identification:_identify(diagnostics/20260712_010514/ros_logs_snapshot/2026-07-11-22-31-48-747761-sweepi-4199) by extension 'ignore'
[0.322s] Level 1:colcon.colcon_core.package_identification:_identify(diagnostics/20260712_010514/ros_logs_snapshot/2026-07-11-22-31-48-747761-sweepi-4199) by extension 'ignore_ament_install'
[0.323s] Level 1:colcon.colcon_core.package_identification:_identify(diagnostics/20260712_010514/ros_logs_snapshot/2026-07-11-22-31-48-747761-sweepi-4199) by extensions ['colcon_pkg']
[0.323s] Level 1:colcon.colcon_core.package_identification:_identify(diagnostics/20260712_010514/ros_logs_snapshot/2026-07-11-22-31-48-747761-sweepi-4199) by extension 'colcon_pkg'
[0.323s] Level 1:colcon.colcon_core.package_identification:_identify(diagnostics/20260712_010514/ros_logs_snapshot/2026-07-11-22-31-48-747761-sweepi-4199) by extensions ['colcon_meta']
[0.323s] Level 1:colcon.colcon_core.package_identification:_identify(diagnostics/20260712_010514/ros_logs_snapshot/2026-07-11-22-31-48-747761-sweepi-4199) by extension 'colcon_meta'
[0.323s] Level 1:colcon.colcon_core.package_identification:_identify(diagnostics/20260712_010514/ros_logs_snapshot/2026-07-11-22-31-48-747761-sweepi-4199) by extensions ['ros']
[0.323s] Level 1:colcon.colcon_core.package_identification:_identify(diagnostics/20260712_010514/ros_logs_snapshot/2026-07-11-22-31-48-747761-sweepi-4199) by extension 'ros'
[0.323s] Level 1:colcon.colcon_core.package_identification:_identify(diagnostics/20260712_010514/ros_logs_snapshot/2026-07-11-22-31-48-747761-sweepi-4199) by extensions ['cmake', 'python']
[0.323s] Level 1:colcon.colcon_core.package_identification:_identify(diagnostics/20260712_010514/ros_logs_snapshot/2026-07-11-22-31-48-747761-sweepi-4199) by extension 'cmake'
[0.323s] Level 1:colcon.colcon_core.package_identification:_identify(diagnostics/20260712_010514/ros_logs_snapshot/2026-07-11-22-31-48-747761-sweepi-4199) by extension 'python'
[0.323s] Level 1:colcon.colcon_core.package_identification:_identify(diagnostics/20260712_010514/ros_logs_snapshot/2026-07-11-22-31-48-747761-sweepi-4199) by extensions ['python_setup_py']
[0.323s] Level 1:colcon.colcon_core.package_identification:_identify(diagnostics/20260712_010514/ros_logs_snapshot/2026-07-11-22-31-48-747761-sweepi-4199) by extension 'python_setup_py'
[0.323s] Level 1:colcon.colcon_core.package_identification:_identify(diagnostics/20260712_010514/ros_logs_snapshot/2026-07-11-22-32-59-895227-sweepi-5391) by extensions ['ignore', 'ignore_ament_install']
[0.323s] Level 1:colcon.colcon_core.package_identification:_identify(diagnostics/20260712_010514/ros_logs_snapshot/2026-07-11-22-32-59-895227-sweepi-5391) by extension 'ignore'
[0.323s] Level 1:colcon.colcon_core.package_identification:_identify(diagnostics/20260712_010514/ros_logs_snapshot/2026-07-11-22-32-59-895227-sweepi-5391) by extension 'ignore_ament_install'
[0.323s] Level 1:colcon.colcon_core.package_identification:_identify(diagnostics/20260712_010514/ros_logs_snapshot/2026-07-11-22-32-59-895227-sweepi-5391) by extensions ['colcon_pkg']
[0.323s] Level 1:colcon.colcon_core.package_identification:_identify(diagnostics/20260712_010514/ros_logs_snapshot/2026-07-11-22-32-59-895227-sweepi-5391) by extension 'colcon_pkg'
[0.323s] Level 1:colcon.colcon_core.package_identification:_identify(diagnostics/20260712_010514/ros_logs_snapshot/2026-07-11-22-32-59-895227-sweepi-5391) by extensions ['colcon_meta']
[0.323s] Level 1:colcon.colcon_core.package_identification:_identify(diagnostics/20260712_010514/ros_logs_snapshot/2026-07-11-22-32-59-895227-sweepi-5391) by extension 'colcon_meta'
[0.323s] Level 1:colcon.colcon_core.package_identification:_identify(diagnostics/20260712_010514/ros_logs_snapshot/2026-07-11-22-32-59-895227-sweepi-5391) by extensions ['ros']
[0.324s] Level 1:colcon.colcon_core.package_identification:_identify(diagnostics/20260712_010514/ros_logs_snapshot/2026-07-11-22-32-59-895227-sweepi-5391) by extension 'ros'
[0.324s] Level 1:colcon.colcon_core.package_identification:_identify(diagnostics/20260712_010514/ros_logs_snapshot/2026-07-11-22-32-59-895227-sweepi-5391) by extensions ['cmake', 'python']
[0.324s] Level 1:colcon.colcon_core.package_identification:_identify(diagnostics/20260712_010514/ros_logs_snapshot/2026-07-11-22-32-59-895227-sweepi-5391) by extension 'cmake'
[0.324s] Level 1:colcon.colcon_core.package_identification:_identify(diagnostics/20260712_010514/ros_logs_snapshot/2026-07-11-22-32-59-895227-sweepi-5391) by extension 'python'
[0.324s] Level 1:colcon.colcon_core.package_identification:_identify(diagnostics/20260712_010514/ros_logs_snapshot/2026-07-11-22-32-59-895227-sweepi-5391) by extensions ['python_setup_py']
[0.324s] Level 1:colcon.colcon_core.package_identification:_identify(diagnostics/20260712_010514/ros_logs_snapshot/2026-07-11-22-32-59-895227-sweepi-5391) by extension 'python_setup_py'
[0.324s] Level 1:colcon.colcon_core.package_identification:_identify(diagnostics/20260712_010514/ros_logs_snapshot/2026-07-11-22-33-07-932610-sweepi-5554) by extensions ['ignore', 'ignore_ament_install']
[0.324s] Level 1:colcon.colcon_core.package_identification:_identify(diagnostics/20260712_010514/ros_logs_snapshot/2026-07-11-22-33-07-932610-sweepi-5554) by extension 'ignore'
[0.324s] Level 1:colcon.colcon_core.package_identification:_identify(diagnostics/20260712_010514/ros_logs_snapshot/2026-07-11-22-33-07-932610-sweepi-5554) by extension 'ignore_ament_install'
[0.324s] Level 1:colcon.colcon_core.package_identification:_identify(diagnostics/20260712_010514/ros_logs_snapshot/2026-07-11-22-33-07-932610-sweepi-5554) by extensions ['colcon_pkg']
[0.324s] Level 1:colcon.colcon_core.package_identification:_identify(diagnostics/20260712_010514/ros_logs_snapshot/2026-07-11-22-33-07-932610-sweepi-5554) by extension 'colcon_pkg'
[0.324s] Level 1:colcon.colcon_core.package_identification:_identify(diagnostics/20260712_010514/ros_logs_snapshot/2026-07-11-22-33-07-932610-sweepi-5554) by extensions ['colcon_meta']
[0.324s] Level 1:colcon.colcon_core.package_identification:_identify(diagnostics/20260712_010514/ros_logs_snapshot/2026-07-11-22-33-07-932610-sweepi-5554) by extension 'colcon_meta'
[0.324s] Level 1:colcon.colcon_core.package_identification:_identify(diagnostics/20260712_010514/ros_logs_snapshot/2026-07-11-22-33-07-932610-sweepi-5554) by extensions ['ros']
[0.324s] Level 1:colcon.colcon_core.package_identification:_identify(diagnostics/20260712_010514/ros_logs_snapshot/2026-07-11-22-33-07-932610-sweepi-5554) by extension 'ros'
[0.324s] Level 1:colcon.colcon_core.package_identification:_identify(diagnostics/20260712_010514/ros_logs_snapshot/2026-07-11-22-33-07-932610-sweepi-5554) by extensions ['cmake', 'python']
[0.324s] Level 1:colcon.colcon_core.package_identification:_identify(diagnostics/20260712_010514/ros_logs_snapshot/2026-07-11-22-33-07-932610-sweepi-5554) by extension 'cmake'
[0.325s] Level 1:colcon.colcon_core.package_identification:_identify(diagnostics/20260712_010514/ros_logs_snapshot/2026-07-11-22-33-07-932610-sweepi-5554) by extension 'python'
[0.325s] Level 1:colcon.colcon_core.package_identification:_identify(diagnostics/20260712_010514/ros_logs_snapshot/2026-07-11-22-33-07-932610-sweepi-5554) by extensions ['python_setup_py']
[0.325s] Level 1:colcon.colcon_core.package_identification:_identify(diagnostics/20260712_010514/ros_logs_snapshot/2026-07-11-22-33-07-932610-sweepi-5554) by extension 'python_setup_py'
[0.325s] Level 1:colcon.colcon_core.package_identification:_identify(diagnostics/20260712_010514/ros_logs_snapshot/2026-07-11-22-35-34-862276-sweepi-6556) by extensions ['ignore', 'ignore_ament_install']
[0.325s] Level 1:colcon.colcon_core.package_identification:_identify(diagnostics/20260712_010514/ros_logs_snapshot/2026-07-11-22-35-34-862276-sweepi-6556) by extension 'ignore'
[0.325s] Level 1:colcon.colcon_core.package_identification:_identify(diagnostics/20260712_010514/ros_logs_snapshot/2026-07-11-22-35-34-862276-sweepi-6556) by extension 'ignore_ament_install'
[0.325s] Level 1:colcon.colcon_core.package_identification:_identify(diagnostics/20260712_010514/ros_logs_snapshot/2026-07-11-22-35-34-862276-sweepi-6556) by extensions ['colcon_pkg']
[0.325s] Level 1:colcon.colcon_core.package_identification:_identify(diagnostics/20260712_010514/ros_logs_snapshot/2026-07-11-22-35-34-862276-sweepi-6556) by extension 'colcon_pkg'
[0.325s] Level 1:colcon.colcon_core.package_identification:_identify(diagnostics/20260712_010514/ros_logs_snapshot/2026-07-11-22-35-34-862276-sweepi-6556) by extensions ['colcon_meta']
[0.325s] Level 1:colcon.colcon_core.package_identification:_identify(diagnostics/20260712_010514/ros_logs_snapshot/2026-07-11-22-35-34-862276-sweepi-6556) by extension 'colcon_meta'
[0.325s] Level 1:colcon.colcon_core.package_identification:_identify(diagnostics/20260712_010514/ros_logs_snapshot/2026-07-11-22-35-34-862276-sweepi-6556) by extensions ['ros']
[0.325s] Level 1:colcon.colcon_core.package_identification:_identify(diagnostics/20260712_010514/ros_logs_snapshot/2026-07-11-22-35-34-862276-sweepi-6556) by extension 'ros'
[0.325s] Level 1:colcon.colcon_core.package_identification:_identify(diagnostics/20260712_010514/ros_logs_snapshot/2026-07-11-22-35-34-862276-sweepi-6556) by extensions ['cmake', 'python']
[0.325s] Level 1:colcon.colcon_core.package_identification:_identify(diagnostics/20260712_010514/ros_logs_snapshot/2026-07-11-22-35-34-862276-sweepi-6556) by extension 'cmake'
[0.325s] Level 1:colcon.colcon_core.package_identification:_identify(diagnostics/20260712_010514/ros_logs_snapshot/2026-07-11-22-35-34-862276-sweepi-6556) by extension 'python'
[0.325s] Level 1:colcon.colcon_core.package_identification:_identify(diagnostics/20260712_010514/ros_logs_snapshot/2026-07-11-22-35-34-862276-sweepi-6556) by extensions ['python_setup_py']
[0.325s] Level 1:colcon.colcon_core.package_identification:_identify(diagnostics/20260712_010514/ros_logs_snapshot/2026-07-11-22-35-34-862276-sweepi-6556) by extension 'python_setup_py'
[0.326s] Level 1:colcon.colcon_core.package_identification:_identify(diagnostics/20260712_010514/ros_logs_snapshot/2026-07-11-22-35-43-565057-sweepi-6691) by extensions ['ignore', 'ignore_ament_install']
[0.326s] Level 1:colcon.colcon_core.package_identification:_identify(diagnostics/20260712_010514/ros_logs_snapshot/2026-07-11-22-35-43-565057-sweepi-6691) by extension 'ignore'
[0.326s] Level 1:colcon.colcon_core.package_identification:_identify(diagnostics/20260712_010514/ros_logs_snapshot/2026-07-11-22-35-43-565057-sweepi-6691) by extension 'ignore_ament_install'
[0.326s] Level 1:colcon.colcon_core.package_identification:_identify(diagnostics/20260712_010514/ros_logs_snapshot/2026-07-11-22-35-43-565057-sweepi-6691) by extensions ['colcon_pkg']
[0.326s] Level 1:colcon.colcon_core.package_identification:_identify(diagnostics/20260712_010514/ros_logs_snapshot/2026-07-11-22-35-43-565057-sweepi-6691) by extension 'colcon_pkg'
[0.326s] Level 1:colcon.colcon_core.package_identification:_identify(diagnostics/20260712_010514/ros_logs_snapshot/2026-07-11-22-35-43-565057-sweepi-6691) by extensions ['colcon_meta']
[0.326s] Level 1:colcon.colcon_core.package_identification:_identify(diagnostics/20260712_010514/ros_logs_snapshot/2026-07-11-22-35-43-565057-sweepi-6691) by extension 'colcon_meta'
[0.326s] Level 1:colcon.colcon_core.package_identification:_identify(diagnostics/20260712_010514/ros_logs_snapshot/2026-07-11-22-35-43-565057-sweepi-6691) by extensions ['ros']
[0.326s] Level 1:colcon.colcon_core.package_identification:_identify(diagnostics/20260712_010514/ros_logs_snapshot/2026-07-11-22-35-43-565057-sweepi-6691) by extension 'ros'
[0.326s] Level 1:colcon.colcon_core.package_identification:_identify(diagnostics/20260712_010514/ros_logs_snapshot/2026-07-11-22-35-43-565057-sweepi-6691) by extensions ['cmake', 'python']
[0.326s] Level 1:colcon.colcon_core.package_identification:_identify(diagnostics/20260712_010514/ros_logs_snapshot/2026-07-11-22-35-43-565057-sweepi-6691) by extension 'cmake'
[0.326s] Level 1:colcon.colcon_core.package_identification:_identify(diagnostics/20260712_010514/ros_logs_snapshot/2026-07-11-22-35-43-565057-sweepi-6691) by extension 'python'
[0.326s] Level 1:colcon.colcon_core.package_identification:_identify(diagnostics/20260712_010514/ros_logs_snapshot/2026-07-11-22-35-43-565057-sweepi-6691) by extensions ['python_setup_py']
[0.326s] Level 1:colcon.colcon_core.package_identification:_identify(diagnostics/20260712_010514/ros_logs_snapshot/2026-07-11-22-35-43-565057-sweepi-6691) by extension 'python_setup_py'
[0.326s] Level 1:colcon.colcon_core.package_identification:_identify(diagnostics/20260712_010514/ros_logs_snapshot/2026-07-11-22-36-36-387318-sweepi-7427) by extensions ['ignore', 'ignore_ament_install']
[0.327s] Level 1:colcon.colcon_core.package_identification:_identify(diagnostics/20260712_010514/ros_logs_snapshot/2026-07-11-22-36-36-387318-sweepi-7427) by extension 'ignore'
[0.327s] Level 1:colcon.colcon_core.package_identification:_identify(diagnostics/20260712_010514/ros_logs_snapshot/2026-07-11-22-36-36-387318-sweepi-7427) by extension 'ignore_ament_install'
[0.327s] Level 1:colcon.colcon_core.package_identification:_identify(diagnostics/20260712_010514/ros_logs_snapshot/2026-07-11-22-36-36-387318-sweepi-7427) by extensions ['colcon_pkg']
[0.327s] Level 1:colcon.colcon_core.package_identification:_identify(diagnostics/20260712_010514/ros_logs_snapshot/2026-07-11-22-36-36-387318-sweepi-7427) by extension 'colcon_pkg'
[0.327s] Level 1:colcon.colcon_core.package_identification:_identify(diagnostics/20260712_010514/ros_logs_snapshot/2026-07-11-22-36-36-387318-sweepi-7427) by extensions ['colcon_meta']
[0.327s] Level 1:colcon.colcon_core.package_identification:_identify(diagnostics/20260712_010514/ros_logs_snapshot/2026-07-11-22-36-36-387318-sweepi-7427) by extension 'colcon_meta'
[0.327s] Level 1:colcon.colcon_core.package_identification:_identify(diagnostics/20260712_010514/ros_logs_snapshot/2026-07-11-22-36-36-387318-sweepi-7427) by extensions ['ros']
[0.327s] Level 1:colcon.colcon_core.package_identification:_identify(diagnostics/20260712_010514/ros_logs_snapshot/2026-07-11-22-36-36-387318-sweepi-7427) by extension 'ros'
[0.327s] Level 1:colcon.colcon_core.package_identification:_identify(diagnostics/20260712_010514/ros_logs_snapshot/2026-07-11-22-36-36-387318-sweepi-7427) by extensions ['cmake', 'python']
[0.327s] Level 1:colcon.colcon_core.package_identification:_identify(diagnostics/20260712_010514/ros_logs_snapshot/2026-07-11-22-36-36-387318-sweepi-7427) by extension 'cmake'
[0.327s] Level 1:colcon.colcon_core.package_identification:_identify(diagnostics/20260712_010514/ros_logs_snapshot/2026-07-11-22-36-36-387318-sweepi-7427) by extension 'python'
[0.327s] Level 1:colcon.colcon_core.package_identification:_identify(diagnostics/20260712_010514/ros_logs_snapshot/2026-07-11-22-36-36-387318-sweepi-7427) by extensions ['python_setup_py']
[0.327s] Level 1:colcon.colcon_core.package_identification:_identify(diagnostics/20260712_010514/ros_logs_snapshot/2026-07-11-22-36-36-387318-sweepi-7427) by extension 'python_setup_py'
[0.327s] Level 1:colcon.colcon_core.package_identification:_identify(diagnostics/20260712_010514/ros_logs_snapshot/2026-07-11-22-36-46-879439-sweepi-7554) by extensions ['ignore', 'ignore_ament_install']
[0.327s] Level 1:colcon.colcon_core.package_identification:_identify(diagnostics/20260712_010514/ros_logs_snapshot/2026-07-11-22-36-46-879439-sweepi-7554) by extension 'ignore'
[0.327s] Level 1:colcon.colcon_core.package_identification:_identify(diagnostics/20260712_010514/ros_logs_snapshot/2026-07-11-22-36-46-879439-sweepi-7554) by extension 'ignore_ament_install'
[0.327s] Level 1:colcon.colcon_core.package_identification:_identify(diagnostics/20260712_010514/ros_logs_snapshot/2026-07-11-22-36-46-879439-sweepi-7554) by extensions ['colcon_pkg']
[0.327s] Level 1:colcon.colcon_core.package_identification:_identify(diagnostics/20260712_010514/ros_logs_snapshot/2026-07-11-22-36-46-879439-sweepi-7554) by extension 'colcon_pkg'
[0.327s] Level 1:colcon.colcon_core.package_identification:_identify(diagnostics/20260712_010514/ros_logs_snapshot/2026-07-11-22-36-46-879439-sweepi-7554) by extensions ['colcon_meta']
[0.328s] Level 1:colcon.colcon_core.package_identification:_identify(diagnostics/20260712_010514/ros_logs_snapshot/2026-07-11-22-36-46-879439-sweepi-7554) by extension 'colcon_meta'
[0.328s] Level 1:colcon.colcon_core.package_identification:_identify(diagnostics/20260712_010514/ros_logs_snapshot/2026-07-11-22-36-46-879439-sweepi-7554) by extensions ['ros']
[0.328s] Level 1:colcon.colcon_core.package_identification:_identify(diagnostics/20260712_010514/ros_logs_snapshot/2026-07-11-22-36-46-879439-sweepi-7554) by extension 'ros'
[0.328s] Level 1:colcon.colcon_core.package_identification:_identify(diagnostics/20260712_010514/ros_logs_snapshot/2026-07-11-22-36-46-879439-sweepi-7554) by extensions ['cmake', 'python']
[0.328s] Level 1:colcon.colcon_core.package_identification:_identify(diagnostics/20260712_010514/ros_logs_snapshot/2026-07-11-22-36-46-879439-sweepi-7554) by extension 'cmake'
[0.328s] Level 1:colcon.colcon_core.package_identification:_identify(diagnostics/20260712_010514/ros_logs_snapshot/2026-07-11-22-36-46-879439-sweepi-7554) by extension 'python'
[0.328s] Level 1:colcon.colcon_core.package_identification:_identify(diagnostics/20260712_010514/ros_logs_snapshot/2026-07-11-22-36-46-879439-sweepi-7554) by extensions ['python_setup_py']
[0.328s] Level 1:colcon.colcon_core.package_identification:_identify(diagnostics/20260712_010514/ros_logs_snapshot/2026-07-11-22-36-46-879439-sweepi-7554) by extension 'python_setup_py'
[0.328s] Level 1:colcon.colcon_core.package_identification:_identify(diagnostics/20260712_010514/ros_logs_snapshot/2026-07-12-00-43-26-655051-sweepi-3749) by extensions ['ignore', 'ignore_ament_install']
[0.328s] Level 1:colcon.colcon_core.package_identification:_identify(diagnostics/20260712_010514/ros_logs_snapshot/2026-07-12-00-43-26-655051-sweepi-3749) by extension 'ignore'
[0.328s] Level 1:colcon.colcon_core.package_identification:_identify(diagnostics/20260712_010514/ros_logs_snapshot/2026-07-12-00-43-26-655051-sweepi-3749) by extension 'ignore_ament_install'
[0.328s] Level 1:colcon.colcon_core.package_identification:_identify(diagnostics/20260712_010514/ros_logs_snapshot/2026-07-12-00-43-26-655051-sweepi-3749) by extensions ['colcon_pkg']
[0.328s] Level 1:colcon.colcon_core.package_identification:_identify(diagnostics/20260712_010514/ros_logs_snapshot/2026-07-12-00-43-26-655051-sweepi-3749) by extension 'colcon_pkg'
[0.328s] Level 1:colcon.colcon_core.package_identification:_identify(diagnostics/20260712_010514/ros_logs_snapshot/2026-07-12-00-43-26-655051-sweepi-3749) by extensions ['colcon_meta']
[0.328s] Level 1:colcon.colcon_core.package_identification:_identify(diagnostics/20260712_010514/ros_logs_snapshot/2026-07-12-00-43-26-655051-sweepi-3749) by extension 'colcon_meta'
[0.328s] Level 1:colcon.colcon_core.package_identification:_identify(diagnostics/20260712_010514/ros_logs_snapshot/2026-07-12-00-43-26-655051-sweepi-3749) by extensions ['ros']
[0.328s] Level 1:colcon.colcon_core.package_identification:_identify(diagnostics/20260712_010514/ros_logs_snapshot/2026-07-12-00-43-26-655051-sweepi-3749) by extension 'ros'
[0.328s] Level 1:colcon.colcon_core.package_identification:_identify(diagnostics/20260712_010514/ros_logs_snapshot/2026-07-12-00-43-26-655051-sweepi-3749) by extensions ['cmake', 'python']
[0.328s] Level 1:colcon.colcon_core.package_identification:_identify(diagnostics/20260712_010514/ros_logs_snapshot/2026-07-12-00-43-26-655051-sweepi-3749) by extension 'cmake'
[0.329s] Level 1:colcon.colcon_core.package_identification:_identify(diagnostics/20260712_010514/ros_logs_snapshot/2026-07-12-00-43-26-655051-sweepi-3749) by extension 'python'
[0.329s] Level 1:colcon.colcon_core.package_identification:_identify(diagnostics/20260712_010514/ros_logs_snapshot/2026-07-12-00-43-26-655051-sweepi-3749) by extensions ['python_setup_py']
[0.329s] Level 1:colcon.colcon_core.package_identification:_identify(diagnostics/20260712_010514/ros_logs_snapshot/2026-07-12-00-43-26-655051-sweepi-3749) by extension 'python_setup_py'
[0.329s] Level 1:colcon.colcon_core.package_identification:_identify(diagnostics/20260712_010514/ros_logs_snapshot/2026-07-12-00-44-07-578533-sweepi-4423) by extensions ['ignore', 'ignore_ament_install']
[0.329s] Level 1:colcon.colcon_core.package_identification:_identify(diagnostics/20260712_010514/ros_logs_snapshot/2026-07-12-00-44-07-578533-sweepi-4423) by extension 'ignore'
[0.329s] Level 1:colcon.colcon_core.package_identification:_identify(diagnostics/20260712_010514/ros_logs_snapshot/2026-07-12-00-44-07-578533-sweepi-4423) by extension 'ignore_ament_install'
[0.329s] Level 1:colcon.colcon_core.package_identification:_identify(diagnostics/20260712_010514/ros_logs_snapshot/2026-07-12-00-44-07-578533-sweepi-4423) by extensions ['colcon_pkg']
[0.329s] Level 1:colcon.colcon_core.package_identification:_identify(diagnostics/20260712_010514/ros_logs_snapshot/2026-07-12-00-44-07-578533-sweepi-4423) by extension 'colcon_pkg'
[0.329s] Level 1:colcon.colcon_core.package_identification:_identify(diagnostics/20260712_010514/ros_logs_snapshot/2026-07-12-00-44-07-578533-sweepi-4423) by extensions ['colcon_meta']
[0.329s] Level 1:colcon.colcon_core.package_identification:_identify(diagnostics/20260712_010514/ros_logs_snapshot/2026-07-12-00-44-07-578533-sweepi-4423) by extension 'colcon_meta'
[0.329s] Level 1:colcon.colcon_core.package_identification:_identify(diagnostics/20260712_010514/ros_logs_snapshot/2026-07-12-00-44-07-578533-sweepi-4423) by extensions ['ros']
[0.329s] Level 1:colcon.colcon_core.package_identification:_identify(diagnostics/20260712_010514/ros_logs_snapshot/2026-07-12-00-44-07-578533-sweepi-4423) by extension 'ros'
[0.329s] Level 1:colcon.colcon_core.package_identification:_identify(diagnostics/20260712_010514/ros_logs_snapshot/2026-07-12-00-44-07-578533-sweepi-4423) by extensions ['cmake', 'python']
[0.329s] Level 1:colcon.colcon_core.package_identification:_identify(diagnostics/20260712_010514/ros_logs_snapshot/2026-07-12-00-44-07-578533-sweepi-4423) by extension 'cmake'
[0.329s] Level 1:colcon.colcon_core.package_identification:_identify(diagnostics/20260712_010514/ros_logs_snapshot/2026-07-12-00-44-07-578533-sweepi-4423) by extension 'python'
[0.329s] Level 1:colcon.colcon_core.package_identification:_identify(diagnostics/20260712_010514/ros_logs_snapshot/2026-07-12-00-44-07-578533-sweepi-4423) by extensions ['python_setup_py']
[0.329s] Level 1:colcon.colcon_core.package_identification:_identify(diagnostics/20260712_010514/ros_logs_snapshot/2026-07-12-00-44-07-578533-sweepi-4423) by extension 'python_setup_py'
[0.329s] Level 1:colcon.colcon_core.package_identification:_identify(diagnostics/20260712_010514/ros_logs_snapshot/2026-07-12-00-44-26-314920-sweepi-4580) by extensions ['ignore', 'ignore_ament_install']
[0.330s] Level 1:colcon.colcon_core.package_identification:_identify(diagnostics/20260712_010514/ros_logs_snapshot/2026-07-12-00-44-26-314920-sweepi-4580) by extension 'ignore'
[0.330s] Level 1:colcon.colcon_core.package_identification:_identify(diagnostics/20260712_010514/ros_logs_snapshot/2026-07-12-00-44-26-314920-sweepi-4580) by extension 'ignore_ament_install'
[0.330s] Level 1:colcon.colcon_core.package_identification:_identify(diagnostics/20260712_010514/ros_logs_snapshot/2026-07-12-00-44-26-314920-sweepi-4580) by extensions ['colcon_pkg']
[0.330s] Level 1:colcon.colcon_core.package_identification:_identify(diagnostics/20260712_010514/ros_logs_snapshot/2026-07-12-00-44-26-314920-sweepi-4580) by extension 'colcon_pkg'
[0.330s] Level 1:colcon.colcon_core.package_identification:_identify(diagnostics/20260712_010514/ros_logs_snapshot/2026-07-12-00-44-26-314920-sweepi-4580) by extensions ['colcon_meta']
[0.330s] Level 1:colcon.colcon_core.package_identification:_identify(diagnostics/20260712_010514/ros_logs_snapshot/2026-07-12-00-44-26-314920-sweepi-4580) by extension 'colcon_meta'
[0.330s] Level 1:colcon.colcon_core.package_identification:_identify(diagnostics/20260712_010514/ros_logs_snapshot/2026-07-12-00-44-26-314920-sweepi-4580) by extensions ['ros']
[0.330s] Level 1:colcon.colcon_core.package_identification:_identify(diagnostics/20260712_010514/ros_logs_snapshot/2026-07-12-00-44-26-314920-sweepi-4580) by extension 'ros'
[0.330s] Level 1:colcon.colcon_core.package_identification:_identify(diagnostics/20260712_010514/ros_logs_snapshot/2026-07-12-00-44-26-314920-sweepi-4580) by extensions ['cmake', 'python']
[0.330s] Level 1:colcon.colcon_core.package_identification:_identify(diagnostics/20260712_010514/ros_logs_snapshot/2026-07-12-00-44-26-314920-sweepi-4580) by extension 'cmake'
[0.330s] Level 1:colcon.colcon_core.package_identification:_identify(diagnostics/20260712_010514/ros_logs_snapshot/2026-07-12-00-44-26-314920-sweepi-4580) by extension 'python'
[0.330s] Level 1:colcon.colcon_core.package_identification:_identify(diagnostics/20260712_010514/ros_logs_snapshot/2026-07-12-00-44-26-314920-sweepi-4580) by extensions ['python_setup_py']
[0.330s] Level 1:colcon.colcon_core.package_identification:_identify(diagnostics/20260712_010514/ros_logs_snapshot/2026-07-12-00-44-26-314920-sweepi-4580) by extension 'python_setup_py'
[0.330s] Level 1:colcon.colcon_core.package_identification:_identify(diagnostics/20260712_010514/ros_logs_snapshot/latest) by extensions ['ignore', 'ignore_ament_install']
[0.330s] Level 1:colcon.colcon_core.package_identification:_identify(diagnostics/20260712_010514/ros_logs_snapshot/latest) by extension 'ignore'
[0.330s] Level 1:colcon.colcon_core.package_identification:_identify(diagnostics/20260712_010514/ros_logs_snapshot/latest) by extension 'ignore_ament_install'
[0.331s] Level 1:colcon.colcon_core.package_identification:_identify(diagnostics/20260712_010514/ros_logs_snapshot/latest) by extensions ['colcon_pkg']
[0.331s] Level 1:colcon.colcon_core.package_identification:_identify(diagnostics/20260712_010514/ros_logs_snapshot/latest) by extension 'colcon_pkg'
[0.331s] Level 1:colcon.colcon_core.package_identification:_identify(diagnostics/20260712_010514/ros_logs_snapshot/latest) by extensions ['colcon_meta']
[0.331s] Level 1:colcon.colcon_core.package_identification:_identify(diagnostics/20260712_010514/ros_logs_snapshot/latest) by extension 'colcon_meta'
[0.331s] Level 1:colcon.colcon_core.package_identification:_identify(diagnostics/20260712_010514/ros_logs_snapshot/latest) by extensions ['ros']
[0.331s] Level 1:colcon.colcon_core.package_identification:_identify(diagnostics/20260712_010514/ros_logs_snapshot/latest) by extension 'ros'
[0.331s] Level 1:colcon.colcon_core.package_identification:_identify(diagnostics/20260712_010514/ros_logs_snapshot/latest) by extensions ['cmake', 'python']
[0.331s] Level 1:colcon.colcon_core.package_identification:_identify(diagnostics/20260712_010514/ros_logs_snapshot/latest) by extension 'cmake'
[0.331s] Level 1:colcon.colcon_core.package_identification:_identify(diagnostics/20260712_010514/ros_logs_snapshot/latest) by extension 'python'
[0.331s] Level 1:colcon.colcon_core.package_identification:_identify(diagnostics/20260712_010514/ros_logs_snapshot/latest) by extensions ['python_setup_py']
[0.331s] Level 1:colcon.colcon_core.package_identification:_identify(diagnostics/20260712_010514/ros_logs_snapshot/latest) by extension 'python_setup_py'
[0.331s] Level 1:colcon.colcon_core.package_identification:_identify(diagnostics/20260712_010514/tools) by extensions ['ignore', 'ignore_ament_install']
[0.331s] Level 1:colcon.colcon_core.package_identification:_identify(diagnostics/20260712_010514/tools) by extension 'ignore'
[0.331s] Level 1:colcon.colcon_core.package_identification:_identify(diagnostics/20260712_010514/tools) by extension 'ignore_ament_install'
[0.331s] Level 1:colcon.colcon_core.package_identification:_identify(diagnostics/20260712_010514/tools) by extensions ['colcon_pkg']
[0.331s] Level 1:colcon.colcon_core.package_identification:_identify(diagnostics/20260712_010514/tools) by extension 'colcon_pkg'
[0.331s] Level 1:colcon.colcon_core.package_identification:_identify(diagnostics/20260712_010514/tools) by extensions ['colcon_meta']
[0.332s] Level 1:colcon.colcon_core.package_identification:_identify(diagnostics/20260712_010514/tools) by extension 'colcon_meta'
[0.332s] Level 1:colcon.colcon_core.package_identification:_identify(diagnostics/20260712_010514/tools) by extensions ['ros']
[0.332s] Level 1:colcon.colcon_core.package_identification:_identify(diagnostics/20260712_010514/tools) by extension 'ros'
[0.332s] Level 1:colcon.colcon_core.package_identification:_identify(diagnostics/20260712_010514/tools) by extensions ['cmake', 'python']
[0.332s] Level 1:colcon.colcon_core.package_identification:_identify(diagnostics/20260712_010514/tools) by extension 'cmake'
[0.332s] Level 1:colcon.colcon_core.package_identification:_identify(diagnostics/20260712_010514/tools) by extension 'python'
[0.332s] Level 1:colcon.colcon_core.package_identification:_identify(diagnostics/20260712_010514/tools) by extensions ['python_setup_py']
[0.332s] Level 1:colcon.colcon_core.package_identification:_identify(diagnostics/20260712_010514/tools) by extension 'python_setup_py'
[0.332s] Level 1:colcon.colcon_core.package_identification:_identify(docs) by extensions ['ignore', 'ignore_ament_install']
[0.332s] Level 1:colcon.colcon_core.package_identification:_identify(docs) by extension 'ignore'
[0.332s] Level 1:colcon.colcon_core.package_identification:_identify(docs) by extension 'ignore_ament_install'
[0.332s] Level 1:colcon.colcon_core.package_identification:_identify(docs) by extensions ['colcon_pkg']
[0.332s] Level 1:colcon.colcon_core.package_identification:_identify(docs) by extension 'colcon_pkg'
[0.332s] Level 1:colcon.colcon_core.package_identification:_identify(docs) by extensions ['colcon_meta']
[0.332s] Level 1:colcon.colcon_core.package_identification:_identify(docs) by extension 'colcon_meta'
[0.332s] Level 1:colcon.colcon_core.package_identification:_identify(docs) by extensions ['ros']
[0.332s] Level 1:colcon.colcon_core.package_identification:_identify(docs) by extension 'ros'
[0.332s] Level 1:colcon.colcon_core.package_identification:_identify(docs) by extensions ['cmake', 'python']
[0.332s] Level 1:colcon.colcon_core.package_identification:_identify(docs) by extension 'cmake'
[0.332s] Level 1:colcon.colcon_core.package_identification:_identify(docs) by extension 'python'
[0.333s] Level 1:colcon.colcon_core.package_identification:_identify(docs) by extensions ['python_setup_py']
[0.333s] Level 1:colcon.colcon_core.package_identification:_identify(docs) by extension 'python_setup_py'
[0.333s] Level 1:colcon.colcon_core.package_identification:_identify(install) by extensions ['ignore', 'ignore_ament_install']
[0.333s] Level 1:colcon.colcon_core.package_identification:_identify(install) by extension 'ignore'
[0.333s] Level 1:colcon.colcon_core.package_identification:_identify(install) ignored
[0.333s] Level 1:colcon.colcon_core.package_identification:_identify(install_diagnostic) by extensions ['ignore', 'ignore_ament_install']
[0.333s] Level 1:colcon.colcon_core.package_identification:_identify(install_diagnostic) by extension 'ignore'
[0.333s] Level 1:colcon.colcon_core.package_identification:_identify(install_diagnostic) ignored
[0.333s] Level 1:colcon.colcon_core.package_identification:_identify(log) by extensions ['ignore', 'ignore_ament_install']
[0.333s] Level 1:colcon.colcon_core.package_identification:_identify(log) by extension 'ignore'
[0.333s] Level 1:colcon.colcon_core.package_identification:_identify(log) ignored
[0.333s] Level 1:colcon.colcon_core.package_identification:_identify(log_diagnostic) by extensions ['ignore', 'ignore_ament_install']
[0.334s] Level 1:colcon.colcon_core.package_identification:_identify(log_diagnostic) by extension 'ignore'
[0.334s] Level 1:colcon.colcon_core.package_identification:_identify(log_diagnostic) ignored
[0.334s] Level 1:colcon.colcon_core.package_identification:_identify(maps) by extensions ['ignore', 'ignore_ament_install']
[0.334s] Level 1:colcon.colcon_core.package_identification:_identify(maps) by extension 'ignore'
[0.334s] Level 1:colcon.colcon_core.package_identification:_identify(maps) by extension 'ignore_ament_install'
[0.334s] Level 1:colcon.colcon_core.package_identification:_identify(maps) by extensions ['colcon_pkg']
[0.334s] Level 1:colcon.colcon_core.package_identification:_identify(maps) by extension 'colcon_pkg'
[0.334s] Level 1:colcon.colcon_core.package_identification:_identify(maps) by extensions ['colcon_meta']
[0.334s] Level 1:colcon.colcon_core.package_identification:_identify(maps) by extension 'colcon_meta'
[0.334s] Level 1:colcon.colcon_core.package_identification:_identify(maps) by extensions ['ros']
[0.334s] Level 1:colcon.colcon_core.package_identification:_identify(maps) by extension 'ros'
[0.334s] Level 1:colcon.colcon_core.package_identification:_identify(maps) by extensions ['cmake', 'python']
[0.334s] Level 1:colcon.colcon_core.package_identification:_identify(maps) by extension 'cmake'
[0.334s] Level 1:colcon.colcon_core.package_identification:_identify(maps) by extension 'python'
[0.334s] Level 1:colcon.colcon_core.package_identification:_identify(maps) by extensions ['python_setup_py']
[0.334s] Level 1:colcon.colcon_core.package_identification:_identify(maps) by extension 'python_setup_py'
[0.334s] Level 1:colcon.colcon_core.package_identification:_identify(src) by extensions ['ignore', 'ignore_ament_install']
[0.334s] Level 1:colcon.colcon_core.package_identification:_identify(src) by extension 'ignore'
[0.335s] Level 1:colcon.colcon_core.package_identification:_identify(src) by extension 'ignore_ament_install'
[0.335s] Level 1:colcon.colcon_core.package_identification:_identify(src) by extensions ['colcon_pkg']
[0.335s] Level 1:colcon.colcon_core.package_identification:_identify(src) by extension 'colcon_pkg'
[0.335s] Level 1:colcon.colcon_core.package_identification:_identify(src) by extensions ['colcon_meta']
[0.335s] Level 1:colcon.colcon_core.package_identification:_identify(src) by extension 'colcon_meta'
[0.335s] Level 1:colcon.colcon_core.package_identification:_identify(src) by extensions ['ros']
[0.335s] Level 1:colcon.colcon_core.package_identification:_identify(src) by extension 'ros'
[0.335s] Level 1:colcon.colcon_core.package_identification:_identify(src) by extensions ['cmake', 'python']
[0.335s] Level 1:colcon.colcon_core.package_identification:_identify(src) by extension 'cmake'
[0.335s] Level 1:colcon.colcon_core.package_identification:_identify(src) by extension 'python'
[0.335s] Level 1:colcon.colcon_core.package_identification:_identify(src) by extensions ['python_setup_py']
[0.335s] Level 1:colcon.colcon_core.package_identification:_identify(src) by extension 'python_setup_py'
[0.335s] Level 1:colcon.colcon_core.package_identification:_identify(src/sllidar_ros2) by extensions ['ignore', 'ignore_ament_install']
[0.335s] Level 1:colcon.colcon_core.package_identification:_identify(src/sllidar_ros2) by extension 'ignore'
[0.335s] Level 1:colcon.colcon_core.package_identification:_identify(src/sllidar_ros2) by extension 'ignore_ament_install'
[0.335s] Level 1:colcon.colcon_core.package_identification:_identify(src/sllidar_ros2) by extensions ['colcon_pkg']
[0.335s] Level 1:colcon.colcon_core.package_identification:_identify(src/sllidar_ros2) by extension 'colcon_pkg'
[0.335s] Level 1:colcon.colcon_core.package_identification:_identify(src/sllidar_ros2) by extensions ['colcon_meta']
[0.335s] Level 1:colcon.colcon_core.package_identification:_identify(src/sllidar_ros2) by extension 'colcon_meta'
[0.335s] Level 1:colcon.colcon_core.package_identification:_identify(src/sllidar_ros2) by extensions ['ros']
[0.336s] Level 1:colcon.colcon_core.package_identification:_identify(src/sllidar_ros2) by extension 'ros'
[0.339s] DEBUG:colcon.colcon_core.package_identification:Package 'src/sllidar_ros2' with type 'ros.ament_cmake' and name 'sllidar_ros2'
[0.339s] Level 1:colcon.colcon_core.package_identification:_identify(src/sweepi_api_bridge) by extensions ['ignore', 'ignore_ament_install']
[0.339s] Level 1:colcon.colcon_core.package_identification:_identify(src/sweepi_api_bridge) by extension 'ignore'
[0.339s] Level 1:colcon.colcon_core.package_identification:_identify(src/sweepi_api_bridge) by extension 'ignore_ament_install'
[0.339s] Level 1:colcon.colcon_core.package_identification:_identify(src/sweepi_api_bridge) by extensions ['colcon_pkg']
[0.339s] Level 1:colcon.colcon_core.package_identification:_identify(src/sweepi_api_bridge) by extension 'colcon_pkg'
[0.339s] Level 1:colcon.colcon_core.package_identification:_identify(src/sweepi_api_bridge) by extensions ['colcon_meta']
[0.339s] Level 1:colcon.colcon_core.package_identification:_identify(src/sweepi_api_bridge) by extension 'colcon_meta'
[0.339s] Level 1:colcon.colcon_core.package_identification:_identify(src/sweepi_api_bridge) by extensions ['ros']
[0.340s] Level 1:colcon.colcon_core.package_identification:_identify(src/sweepi_api_bridge) by extension 'ros'
[0.341s] DEBUG:colcon.colcon_core.package_identification:Package 'src/sweepi_api_bridge' with type 'ros.ament_python' and name 'sweepi_api_bridge'
[0.341s] Level 1:colcon.colcon_core.package_identification:_identify(src/sweepi_base_driver) by extensions ['ignore', 'ignore_ament_install']
[0.341s] Level 1:colcon.colcon_core.package_identification:_identify(src/sweepi_base_driver) by extension 'ignore'
[0.341s] Level 1:colcon.colcon_core.package_identification:_identify(src/sweepi_base_driver) by extension 'ignore_ament_install'
[0.341s] Level 1:colcon.colcon_core.package_identification:_identify(src/sweepi_base_driver) by extensions ['colcon_pkg']
[0.341s] Level 1:colcon.colcon_core.package_identification:_identify(src/sweepi_base_driver) by extension 'colcon_pkg'
[0.341s] Level 1:colcon.colcon_core.package_identification:_identify(src/sweepi_base_driver) by extensions ['colcon_meta']
[0.341s] Level 1:colcon.colcon_core.package_identification:_identify(src/sweepi_base_driver) by extension 'colcon_meta'
[0.341s] Level 1:colcon.colcon_core.package_identification:_identify(src/sweepi_base_driver) by extensions ['ros']
[0.341s] Level 1:colcon.colcon_core.package_identification:_identify(src/sweepi_base_driver) by extension 'ros'
[0.342s] DEBUG:colcon.colcon_core.package_identification:Package 'src/sweepi_base_driver' with type 'ros.ament_python' and name 'sweepi_base_driver'
[0.343s] Level 1:colcon.colcon_core.package_identification:_identify(src/sweepi_bringup) by extensions ['ignore', 'ignore_ament_install']
[0.343s] Level 1:colcon.colcon_core.package_identification:_identify(src/sweepi_bringup) by extension 'ignore'
[0.343s] Level 1:colcon.colcon_core.package_identification:_identify(src/sweepi_bringup) by extension 'ignore_ament_install'
[0.343s] Level 1:colcon.colcon_core.package_identification:_identify(src/sweepi_bringup) by extensions ['colcon_pkg']
[0.343s] Level 1:colcon.colcon_core.package_identification:_identify(src/sweepi_bringup) by extension 'colcon_pkg'
[0.343s] Level 1:colcon.colcon_core.package_identification:_identify(src/sweepi_bringup) by extensions ['colcon_meta']
[0.343s] Level 1:colcon.colcon_core.package_identification:_identify(src/sweepi_bringup) by extension 'colcon_meta'
[0.343s] Level 1:colcon.colcon_core.package_identification:_identify(src/sweepi_bringup) by extensions ['ros']
[0.343s] Level 1:colcon.colcon_core.package_identification:_identify(src/sweepi_bringup) by extension 'ros'
[0.347s] DEBUG:colcon.colcon_core.package_identification:Package 'src/sweepi_bringup' with type 'ros.ament_cmake' and name 'sweepi_bringup'
[0.347s] Level 1:colcon.colcon_core.package_identification:_identify(src/sweepi_coverage) by extensions ['ignore', 'ignore_ament_install']
[0.347s] Level 1:colcon.colcon_core.package_identification:_identify(src/sweepi_coverage) by extension 'ignore'
[0.347s] Level 1:colcon.colcon_core.package_identification:_identify(src/sweepi_coverage) by extension 'ignore_ament_install'
[0.347s] Level 1:colcon.colcon_core.package_identification:_identify(src/sweepi_coverage) by extensions ['colcon_pkg']
[0.347s] Level 1:colcon.colcon_core.package_identification:_identify(src/sweepi_coverage) by extension 'colcon_pkg'
[0.347s] Level 1:colcon.colcon_core.package_identification:_identify(src/sweepi_coverage) by extensions ['colcon_meta']
[0.347s] Level 1:colcon.colcon_core.package_identification:_identify(src/sweepi_coverage) by extension 'colcon_meta'
[0.347s] Level 1:colcon.colcon_core.package_identification:_identify(src/sweepi_coverage) by extensions ['ros']
[0.347s] Level 1:colcon.colcon_core.package_identification:_identify(src/sweepi_coverage) by extension 'ros'
[0.349s] DEBUG:colcon.colcon_core.package_identification:Package 'src/sweepi_coverage' with type 'ros.ament_cmake' and name 'sweepi_coverage'
[0.349s] Level 1:colcon.colcon_core.package_identification:_identify(src/sweepi_description) by extensions ['ignore', 'ignore_ament_install']
[0.349s] Level 1:colcon.colcon_core.package_identification:_identify(src/sweepi_description) by extension 'ignore'
[0.349s] Level 1:colcon.colcon_core.package_identification:_identify(src/sweepi_description) by extension 'ignore_ament_install'
[0.349s] Level 1:colcon.colcon_core.package_identification:_identify(src/sweepi_description) by extensions ['colcon_pkg']
[0.349s] Level 1:colcon.colcon_core.package_identification:_identify(src/sweepi_description) by extension 'colcon_pkg'
[0.349s] Level 1:colcon.colcon_core.package_identification:_identify(src/sweepi_description) by extensions ['colcon_meta']
[0.349s] Level 1:colcon.colcon_core.package_identification:_identify(src/sweepi_description) by extension 'colcon_meta'
[0.349s] Level 1:colcon.colcon_core.package_identification:_identify(src/sweepi_description) by extensions ['ros']
[0.349s] Level 1:colcon.colcon_core.package_identification:_identify(src/sweepi_description) by extension 'ros'
[0.350s] DEBUG:colcon.colcon_core.package_identification:Package 'src/sweepi_description' with type 'ros.ament_cmake' and name 'sweepi_description'
[0.350s] Level 1:colcon.colcon_core.package_identification:_identify(src/sweepi_exploration) by extensions ['ignore', 'ignore_ament_install']
[0.350s] Level 1:colcon.colcon_core.package_identification:_identify(src/sweepi_exploration) by extension 'ignore'
[0.350s] Level 1:colcon.colcon_core.package_identification:_identify(src/sweepi_exploration) by extension 'ignore_ament_install'
[0.350s] Level 1:colcon.colcon_core.package_identification:_identify(src/sweepi_exploration) by extensions ['colcon_pkg']
[0.350s] Level 1:colcon.colcon_core.package_identification:_identify(src/sweepi_exploration) by extension 'colcon_pkg'
[0.350s] Level 1:colcon.colcon_core.package_identification:_identify(src/sweepi_exploration) by extensions ['colcon_meta']
[0.350s] Level 1:colcon.colcon_core.package_identification:_identify(src/sweepi_exploration) by extension 'colcon_meta'
[0.350s] Level 1:colcon.colcon_core.package_identification:_identify(src/sweepi_exploration) by extensions ['ros']
[0.351s] Level 1:colcon.colcon_core.package_identification:_identify(src/sweepi_exploration) by extension 'ros'
[0.352s] DEBUG:colcon.colcon_core.package_identification:Package 'src/sweepi_exploration' with type 'ros.ament_cmake' and name 'sweepi_exploration'
[0.352s] Level 1:colcon.colcon_core.package_identification:_identify(src/sweepi_real_bringup) by extensions ['ignore', 'ignore_ament_install']
[0.352s] Level 1:colcon.colcon_core.package_identification:_identify(src/sweepi_real_bringup) by extension 'ignore'
[0.352s] Level 1:colcon.colcon_core.package_identification:_identify(src/sweepi_real_bringup) by extension 'ignore_ament_install'
[0.352s] Level 1:colcon.colcon_core.package_identification:_identify(src/sweepi_real_bringup) by extensions ['colcon_pkg']
[0.352s] Level 1:colcon.colcon_core.package_identification:_identify(src/sweepi_real_bringup) by extension 'colcon_pkg'
[0.352s] Level 1:colcon.colcon_core.package_identification:_identify(src/sweepi_real_bringup) by extensions ['colcon_meta']
[0.352s] Level 1:colcon.colcon_core.package_identification:_identify(src/sweepi_real_bringup) by extension 'colcon_meta'
[0.352s] Level 1:colcon.colcon_core.package_identification:_identify(src/sweepi_real_bringup) by extensions ['ros']
[0.352s] Level 1:colcon.colcon_core.package_identification:_identify(src/sweepi_real_bringup) by extension 'ros'
[0.353s] DEBUG:colcon.colcon_core.package_identification:Package 'src/sweepi_real_bringup' with type 'ros.ament_cmake' and name 'sweepi_real_bringup'
[0.353s] Level 1:colcon.colcon_core.package_identification:_identify(src/sweepi_robot_manager) by extensions ['ignore', 'ignore_ament_install']
[0.353s] Level 1:colcon.colcon_core.package_identification:_identify(src/sweepi_robot_manager) by extension 'ignore'
[0.353s] Level 1:colcon.colcon_core.package_identification:_identify(src/sweepi_robot_manager) by extension 'ignore_ament_install'
[0.353s] Level 1:colcon.colcon_core.package_identification:_identify(src/sweepi_robot_manager) by extensions ['colcon_pkg']
[0.353s] Level 1:colcon.colcon_core.package_identification:_identify(src/sweepi_robot_manager) by extension 'colcon_pkg'
[0.354s] Level 1:colcon.colcon_core.package_identification:_identify(src/sweepi_robot_manager) by extensions ['colcon_meta']
[0.354s] Level 1:colcon.colcon_core.package_identification:_identify(src/sweepi_robot_manager) by extension 'colcon_meta'
[0.354s] Level 1:colcon.colcon_core.package_identification:_identify(src/sweepi_robot_manager) by extensions ['ros']
[0.354s] Level 1:colcon.colcon_core.package_identification:_identify(src/sweepi_robot_manager) by extension 'ros'
[0.355s] DEBUG:colcon.colcon_core.package_identification:Package 'src/sweepi_robot_manager' with type 'ros.ament_cmake' and name 'sweepi_robot_manager'
[0.355s] Level 1:colcon.colcon_core.package_identification:_identify(src/sweepi_robot_manager_interfaces) by extensions ['ignore', 'ignore_ament_install']
[0.355s] Level 1:colcon.colcon_core.package_identification:_identify(src/sweepi_robot_manager_interfaces) by extension 'ignore'
[0.355s] Level 1:colcon.colcon_core.package_identification:_identify(src/sweepi_robot_manager_interfaces) by extension 'ignore_ament_install'
[0.355s] Level 1:colcon.colcon_core.package_identification:_identify(src/sweepi_robot_manager_interfaces) by extensions ['colcon_pkg']
[0.355s] Level 1:colcon.colcon_core.package_identification:_identify(src/sweepi_robot_manager_interfaces) by extension 'colcon_pkg'
[0.355s] Level 1:colcon.colcon_core.package_identification:_identify(src/sweepi_robot_manager_interfaces) by extensions ['colcon_meta']
[0.355s] Level 1:colcon.colcon_core.package_identification:_identify(src/sweepi_robot_manager_interfaces) by extension 'colcon_meta'
[0.355s] Level 1:colcon.colcon_core.package_identification:_identify(src/sweepi_robot_manager_interfaces) by extensions ['ros']
[0.355s] Level 1:colcon.colcon_core.package_identification:_identify(src/sweepi_robot_manager_interfaces) by extension 'ros'
[0.356s] DEBUG:colcon.colcon_core.package_identification:Package 'src/sweepi_robot_manager_interfaces' with type 'ros.ament_cmake' and name 'sweepi_robot_manager_interfaces'
[0.356s] Level 1:colcon.colcon_core.package_identification:_identify(src/sweepi_slam) by extensions ['ignore', 'ignore_ament_install']
[0.356s] Level 1:colcon.colcon_core.package_identification:_identify(src/sweepi_slam) by extension 'ignore'
[0.356s] Level 1:colcon.colcon_core.package_identification:_identify(src/sweepi_slam) by extension 'ignore_ament_install'
[0.356s] Level 1:colcon.colcon_core.package_identification:_identify(src/sweepi_slam) by extensions ['colcon_pkg']
[0.356s] Level 1:colcon.colcon_core.package_identification:_identify(src/sweepi_slam) by extension 'colcon_pkg'
[0.356s] Level 1:colcon.colcon_core.package_identification:_identify(src/sweepi_slam) by extensions ['colcon_meta']
[0.356s] Level 1:colcon.colcon_core.package_identification:_identify(src/sweepi_slam) by extension 'colcon_meta'
[0.357s] Level 1:colcon.colcon_core.package_identification:_identify(src/sweepi_slam) by extensions ['ros']
[0.357s] Level 1:colcon.colcon_core.package_identification:_identify(src/sweepi_slam) by extension 'ros'
[0.358s] DEBUG:colcon.colcon_core.package_identification:Package 'src/sweepi_slam' with type 'ros.ament_cmake' and name 'sweepi_slam'
[0.358s] Level 1:colcon.colcon_core.package_identification:_identify(src/sweepi_state_estimation) by extensions ['ignore', 'ignore_ament_install']
[0.358s] Level 1:colcon.colcon_core.package_identification:_identify(src/sweepi_state_estimation) by extension 'ignore'
[0.358s] Level 1:colcon.colcon_core.package_identification:_identify(src/sweepi_state_estimation) by extension 'ignore_ament_install'
[0.358s] Level 1:colcon.colcon_core.package_identification:_identify(src/sweepi_state_estimation) by extensions ['colcon_pkg']
[0.358s] Level 1:colcon.colcon_core.package_identification:_identify(src/sweepi_state_estimation) by extension 'colcon_pkg'
[0.358s] Level 1:colcon.colcon_core.package_identification:_identify(src/sweepi_state_estimation) by extensions ['colcon_meta']
[0.358s] Level 1:colcon.colcon_core.package_identification:_identify(src/sweepi_state_estimation) by extension 'colcon_meta'
[0.358s] Level 1:colcon.colcon_core.package_identification:_identify(src/sweepi_state_estimation) by extensions ['ros']
[0.358s] Level 1:colcon.colcon_core.package_identification:_identify(src/sweepi_state_estimation) by extension 'ros'
[0.359s] DEBUG:colcon.colcon_core.package_identification:Package 'src/sweepi_state_estimation' with type 'ros.ament_cmake' and name 'sweepi_state_estimation'
[0.359s] Level 1:colcon.colcon_core.package_identification:_identify(src/sweepi_temp_rpi_hardware) by extensions ['ignore', 'ignore_ament_install']
[0.359s] Level 1:colcon.colcon_core.package_identification:_identify(src/sweepi_temp_rpi_hardware) by extension 'ignore'
[0.359s] Level 1:colcon.colcon_core.package_identification:_identify(src/sweepi_temp_rpi_hardware) by extension 'ignore_ament_install'
[0.359s] Level 1:colcon.colcon_core.package_identification:_identify(src/sweepi_temp_rpi_hardware) by extensions ['colcon_pkg']
[0.359s] Level 1:colcon.colcon_core.package_identification:_identify(src/sweepi_temp_rpi_hardware) by extension 'colcon_pkg'
[0.359s] Level 1:colcon.colcon_core.package_identification:_identify(src/sweepi_temp_rpi_hardware) by extensions ['colcon_meta']
[0.359s] Level 1:colcon.colcon_core.package_identification:_identify(src/sweepi_temp_rpi_hardware) by extension 'colcon_meta'
[0.359s] Level 1:colcon.colcon_core.package_identification:_identify(src/sweepi_temp_rpi_hardware) by extensions ['ros']
[0.359s] Level 1:colcon.colcon_core.package_identification:_identify(src/sweepi_temp_rpi_hardware) by extension 'ros'
[0.361s] DEBUG:colcon.colcon_core.package_identification:Package 'src/sweepi_temp_rpi_hardware' with type 'ros.ament_python' and name 'sweepi_temp_rpi_hardware'
[0.361s] Level 1:colcon.colcon_core.package_discovery:discover_packages(recursive) using defaults
[0.361s] Level 1:colcon.colcon_core.package_discovery:discover_packages(ignore) discover
[0.361s] Level 1:colcon.colcon_core.package_discovery:discover_packages(ignore) using defaults
[0.361s] Level 1:colcon.colcon_core.package_discovery:discover_packages(path) discover
[0.361s] Level 1:colcon.colcon_core.package_discovery:discover_packages(path) using defaults
[0.395s] INFO:colcon.colcon_core.package_selection:Skipping not selected package 'sllidar_ros2' in 'src/sllidar_ros2'
[0.395s] INFO:colcon.colcon_core.package_selection:Skipping not selected package 'sweepi_base_driver' in 'src/sweepi_base_driver'
[0.395s] INFO:colcon.colcon_core.package_selection:Skipping not selected package 'sweepi_coverage' in 'src/sweepi_coverage'
[0.395s] INFO:colcon.colcon_core.package_selection:Skipping not selected package 'sweepi_description' in 'src/sweepi_description'
[0.395s] INFO:colcon.colcon_core.package_selection:Skipping not selected package 'sweepi_robot_manager_interfaces' in 'src/sweepi_robot_manager_interfaces'
[0.395s] INFO:colcon.colcon_core.package_selection:Skipping not selected package 'sweepi_slam' in 'src/sweepi_slam'
[0.395s] INFO:colcon.colcon_core.package_selection:Skipping not selected package 'sweepi_state_estimation' in 'src/sweepi_state_estimation'
[0.395s] INFO:colcon.colcon_core.package_selection:Skipping not selected package 'sweepi_temp_rpi_hardware' in 'src/sweepi_temp_rpi_hardware'
[0.395s] INFO:colcon.colcon_core.package_selection:Skipping not selected package 'sweepi_bringup' in 'src/sweepi_bringup'
[0.395s] INFO:colcon.colcon_core.package_selection:Skipping not selected package 'sweepi_exploration' in 'src/sweepi_exploration'
[0.395s] INFO:colcon.colcon_core.package_selection:Skipping not selected package 'sweepi_real_bringup' in 'src/sweepi_real_bringup'
[0.395s] INFO:colcon.colcon_core.package_selection:Skipping not selected package 'sweepi_robot_manager' in 'src/sweepi_robot_manager'
[0.396s] Level 1:colcon.colcon_core.package_discovery:discover_packages(prefix_path) check parameters
[0.396s] Level 1:colcon.colcon_core.package_discovery:discover_packages(prefix_path) discover
[0.400s] DEBUG:colcon.colcon_installed_package_information.package_discovery:Found 13 installed packages in /home/sweepi/SweePi/install
[0.402s] DEBUG:colcon.colcon_installed_package_information.package_discovery:Found 395 installed packages in /opt/ros/jazzy
[0.404s] Level 1:colcon.colcon_core.package_discovery:discover_packages(prefix_path) using defaults
[0.484s] WARNING:colcon.colcon_core.package_selection:Some selected packages are already built in one or more underlay workspaces:
	'sweepi_api_bridge' is in: /home/sweepi/SweePi/install/sweepi_api_bridge
If a package in a merged underlay workspace is overridden and it installs headers, then all packages in the overlay must sort their include directories by workspace order. Failure to do so may result in build failures or undefined behavior at run time.
If the overridden package is used by another package in any underlay, then the overriding package in the overlay must be API and ABI compatible or undefined behavior at run time may occur.

If you understand the risks and want to override a package anyways, add the following to the command line:
	--allow-overriding sweepi_api_bridge

This may be promoted to an error in a future release of colcon-override-check.
[0.487s] Level 5:colcon.colcon_core.verb:set package 'sweepi_api_bridge' build argument 'cmake_args' from command line to 'None'
[0.487s] Level 5:colcon.colcon_core.verb:set package 'sweepi_api_bridge' build argument 'cmake_target' from command line to 'None'
[0.487s] Level 5:colcon.colcon_core.verb:set package 'sweepi_api_bridge' build argument 'cmake_target_skip_unavailable' from command line to 'False'
[0.487s] Level 5:colcon.colcon_core.verb:set package 'sweepi_api_bridge' build argument 'cmake_clean_cache' from command line to 'False'
[0.487s] Level 5:colcon.colcon_core.verb:set package 'sweepi_api_bridge' build argument 'cmake_clean_first' from command line to 'False'
[0.487s] Level 5:colcon.colcon_core.verb:set package 'sweepi_api_bridge' build argument 'cmake_force_configure' from command line to 'False'
[0.487s] Level 5:colcon.colcon_core.verb:set package 'sweepi_api_bridge' build argument 'ament_cmake_args' from command line to 'None'
[0.487s] Level 5:colcon.colcon_core.verb:set package 'sweepi_api_bridge' build argument 'catkin_cmake_args' from command line to 'None'
[0.487s] Level 5:colcon.colcon_core.verb:set package 'sweepi_api_bridge' build argument 'catkin_skip_building_tests' from command line to 'False'
[0.487s] DEBUG:colcon.colcon_core.verb:Building package 'sweepi_api_bridge' with the following arguments: {'ament_cmake_args': None, 'build_base': '/home/sweepi/SweePi/build_diagnostic/sweepi_api_bridge', 'catkin_cmake_args': None, 'catkin_skip_building_tests': False, 'cmake_args': None, 'cmake_clean_cache': False, 'cmake_clean_first': False, 'cmake_force_configure': False, 'cmake_target': None, 'cmake_target_skip_unavailable': False, 'install_base': '/home/sweepi/SweePi/install_diagnostic/sweepi_api_bridge', 'merge_install': False, 'path': '/home/sweepi/SweePi/src/sweepi_api_bridge', 'symlink_install': True, 'test_result_base': None}
[0.488s] INFO:colcon.colcon_core.executor:Executing jobs using 'parallel' executor
[0.489s] DEBUG:colcon.colcon_parallel_executor.executor.parallel:run_until_complete
[0.489s] INFO:colcon.colcon_ros.task.ament_python.build:Building ROS package in '/home/sweepi/SweePi/src/sweepi_api_bridge' with build type 'ament_python'
[0.489s] Level 1:colcon.colcon_core.shell:create_environment_hook('sweepi_api_bridge', 'ament_prefix_path')
[0.492s] INFO:colcon.colcon_core.plugin_system:Skipping extension 'colcon_core.shell.bat': Not used on non-Windows systems
[0.492s] INFO:colcon.colcon_core.shell:Creating environment hook '/home/sweepi/SweePi/install_diagnostic/sweepi_api_bridge/share/sweepi_api_bridge/hook/ament_prefix_path.ps1'
[0.493s] INFO:colcon.colcon_core.shell:Creating environment descriptor '/home/sweepi/SweePi/install_diagnostic/sweepi_api_bridge/share/sweepi_api_bridge/hook/ament_prefix_path.dsv'
[0.496s] INFO:colcon.colcon_core.shell:Creating environment hook '/home/sweepi/SweePi/install_diagnostic/sweepi_api_bridge/share/sweepi_api_bridge/hook/ament_prefix_path.sh'
[0.498s] INFO:colcon.colcon_core.shell:Skip shell extension 'powershell' for command environment: Not usable outside of PowerShell
[0.498s] DEBUG:colcon.colcon_core.shell:Skip shell extension 'dsv' for command environment
[0.866s] INFO:colcon.colcon_core.task.python.build:Building Python package in '/home/sweepi/SweePi/src/sweepi_api_bridge'
[0.867s] INFO:colcon.colcon_core.shell:Skip shell extension 'powershell' for command environment: Not usable outside of PowerShell
[0.867s] DEBUG:colcon.colcon_core.shell:Skip shell extension 'dsv' for command environment
[1.818s] DEBUG:colcon.colcon_core.task.python.build:Available setuptools commands: build_scripts, editable_wheel, extract_messages, saveopts, bdist_rpm, bdist_dumb, rotate, bdist_wheel, easy_install, egg_info, upload, alias, install_egg_info, install_headers, init_catalog, check, clean, build_py, bdist, sdist, build, build_clib, develop, install_scripts, install_lib, build_ext, register, setopt, install, install_data, update_catalog, symlink_data, bdist_egg, upload_docs, compile_catalog, test, dist_info
[2.366s] DEBUG:colcon.colcon_core.task.python.build:Available setuptools 'develop' options: --verbose, --build-directory, --version, --uninstall, --allow-hosts, --no-find-links, --no-deps, --prefix, --script-dir, --index-url, --upgrade, --user, --always-unzip, --find-links, --install-dir, --always-copy, --record, --egg-path, --multi-version, --quiet, --force-installation-into-system-dir, --optimize, --help, --no-user-cfg, --install-layout, --editable, --dry-run, --zip-ok, --local-snapshots-ok, --exclude-scripts, --site-dirs
[2.368s] DEBUG:colcon.colcon_core.event_handler.log_command:Invoking command in '/home/sweepi/SweePi/build_diagnostic/sweepi_api_bridge': AMENT_PREFIX_PATH=/home/sweepi/SweePi/install_diagnostic/sweepi_robot_manager_interfaces:${AMENT_PREFIX_PATH} CMAKE_PREFIX_PATH=/home/sweepi/SweePi/install_diagnostic/sweepi_robot_manager_interfaces:${CMAKE_PREFIX_PATH} LD_LIBRARY_PATH=/home/sweepi/SweePi/install_diagnostic/sweepi_robot_manager_interfaces/lib:${LD_LIBRARY_PATH} PYTHONPATH=/home/sweepi/SweePi/build_diagnostic/sweepi_api_bridge/prefix_override:/usr/lib/python3/dist-packages/colcon_core/task/python/colcon_distutils_commands:/home/sweepi/SweePi/install_diagnostic/sweepi_api_bridge/lib/python3.12/site-packages:/home/sweepi/SweePi/install_diagnostic/sweepi_robot_manager_interfaces/lib/python3.12/site-packages:${PYTHONPATH} /usr/bin/python3 -W ignore:setup.py install is deprecated -W ignore:easy_install command is deprecated setup.py develop --editable --build-directory /home/sweepi/SweePi/build_diagnostic/sweepi_api_bridge/build --no-deps symlink_data
[3.432s] Level 1:colcon.colcon_core.shell:create_environment_hook('sweepi_api_bridge', 'pythonpath_develop')
[3.433s] INFO:colcon.colcon_core.shell:Creating environment hook '/home/sweepi/SweePi/build_diagnostic/sweepi_api_bridge/share/sweepi_api_bridge/hook/pythonpath_develop.ps1'
[3.433s] DEBUG:colcon.colcon_core.event_handler.log_command:Invoked command in '/home/sweepi/SweePi/build_diagnostic/sweepi_api_bridge' returned '0': AMENT_PREFIX_PATH=/home/sweepi/SweePi/install_diagnostic/sweepi_robot_manager_interfaces:${AMENT_PREFIX_PATH} CMAKE_PREFIX_PATH=/home/sweepi/SweePi/install_diagnostic/sweepi_robot_manager_interfaces:${CMAKE_PREFIX_PATH} LD_LIBRARY_PATH=/home/sweepi/SweePi/install_diagnostic/sweepi_robot_manager_interfaces/lib:${LD_LIBRARY_PATH} PYTHONPATH=/home/sweepi/SweePi/build_diagnostic/sweepi_api_bridge/prefix_override:/usr/lib/python3/dist-packages/colcon_core/task/python/colcon_distutils_commands:/home/sweepi/SweePi/install_diagnostic/sweepi_api_bridge/lib/python3.12/site-packages:/home/sweepi/SweePi/install_diagnostic/sweepi_robot_manager_interfaces/lib/python3.12/site-packages:${PYTHONPATH} /usr/bin/python3 -W ignore:setup.py install is deprecated -W ignore:easy_install command is deprecated setup.py develop --editable --build-directory /home/sweepi/SweePi/build_diagnostic/sweepi_api_bridge/build --no-deps symlink_data
[3.434s] INFO:colcon.colcon_core.shell:Creating environment descriptor '/home/sweepi/SweePi/build_diagnostic/sweepi_api_bridge/share/sweepi_api_bridge/hook/pythonpath_develop.dsv'
[3.435s] INFO:colcon.colcon_core.shell:Creating environment hook '/home/sweepi/SweePi/build_diagnostic/sweepi_api_bridge/share/sweepi_api_bridge/hook/pythonpath_develop.sh'
[3.439s] Level 1:colcon.colcon_core.environment:checking '/home/sweepi/SweePi/install_diagnostic/sweepi_api_bridge' for CMake module files
[3.440s] Level 1:colcon.colcon_core.environment:checking '/home/sweepi/SweePi/install_diagnostic/sweepi_api_bridge' for CMake config files
[3.441s] Level 1:colcon.colcon_core.environment:checking '/home/sweepi/SweePi/install_diagnostic/sweepi_api_bridge/lib'
[3.442s] Level 1:colcon.colcon_core.environment:checking '/home/sweepi/SweePi/install_diagnostic/sweepi_api_bridge/bin'
[3.442s] Level 1:colcon.colcon_core.environment:checking '/home/sweepi/SweePi/install_diagnostic/sweepi_api_bridge/lib/pkgconfig/sweepi_api_bridge.pc'
[3.442s] Level 1:colcon.colcon_core.environment:checking '/home/sweepi/SweePi/install_diagnostic/sweepi_api_bridge/lib/python3.12/site-packages'
[3.442s] Level 1:colcon.colcon_core.shell:create_environment_hook('sweepi_api_bridge', 'pythonpath')
[3.443s] INFO:colcon.colcon_core.shell:Creating environment hook '/home/sweepi/SweePi/install_diagnostic/sweepi_api_bridge/share/sweepi_api_bridge/hook/pythonpath.ps1'
[3.443s] INFO:colcon.colcon_core.shell:Creating environment descriptor '/home/sweepi/SweePi/install_diagnostic/sweepi_api_bridge/share/sweepi_api_bridge/hook/pythonpath.dsv'
[3.445s] INFO:colcon.colcon_core.shell:Creating environment hook '/home/sweepi/SweePi/install_diagnostic/sweepi_api_bridge/share/sweepi_api_bridge/hook/pythonpath.sh'
[3.446s] Level 1:colcon.colcon_core.environment:checking '/home/sweepi/SweePi/install_diagnostic/sweepi_api_bridge/bin'
[3.446s] Level 1:colcon.colcon_core.environment:create_environment_scripts_only(sweepi_api_bridge)
[3.447s] INFO:colcon.colcon_core.shell:Creating package script '/home/sweepi/SweePi/install_diagnostic/sweepi_api_bridge/share/sweepi_api_bridge/package.ps1'
[3.448s] INFO:colcon.colcon_core.shell:Creating package descriptor '/home/sweepi/SweePi/install_diagnostic/sweepi_api_bridge/share/sweepi_api_bridge/package.dsv'
[3.449s] INFO:colcon.colcon_core.shell:Creating package script '/home/sweepi/SweePi/install_diagnostic/sweepi_api_bridge/share/sweepi_api_bridge/package.sh'
[3.450s] INFO:colcon.colcon_core.shell:Creating package script '/home/sweepi/SweePi/install_diagnostic/sweepi_api_bridge/share/sweepi_api_bridge/package.bash'
[3.451s] INFO:colcon.colcon_core.shell:Creating package script '/home/sweepi/SweePi/install_diagnostic/sweepi_api_bridge/share/sweepi_api_bridge/package.zsh'
[3.452s] Level 1:colcon.colcon_core.environment:create_file_with_runtime_dependencies(/home/sweepi/SweePi/install_diagnostic/sweepi_api_bridge/share/colcon-core/packages/sweepi_api_bridge)
[3.454s] DEBUG:colcon.colcon_parallel_executor.executor.parallel:closing loop
[3.454s] DEBUG:colcon.colcon_parallel_executor.executor.parallel:loop closed
[3.454s] DEBUG:colcon.colcon_parallel_executor.executor.parallel:run_until_complete finished with '0'
[3.454s] DEBUG:colcon.colcon_core.event_reactor:joining thread
[3.455s] DEBUG:colcon.colcon_core.event_reactor:joined thread
[3.455s] INFO:colcon.colcon_core.shell:Creating prefix script '/home/sweepi/SweePi/install_diagnostic/local_setup.ps1'
[3.456s] INFO:colcon.colcon_core.shell:Creating prefix util module '/home/sweepi/SweePi/install_diagnostic/_local_setup_util_ps1.py'
[3.459s] INFO:colcon.colcon_core.shell:Creating prefix chain script '/home/sweepi/SweePi/install_diagnostic/setup.ps1'
[3.462s] INFO:colcon.colcon_core.shell:Creating prefix script '/home/sweepi/SweePi/install_diagnostic/local_setup.sh'
[3.492s] INFO:colcon.colcon_core.shell:Creating prefix util module '/home/sweepi/SweePi/install_diagnostic/_local_setup_util_sh.py'
[3.494s] INFO:colcon.colcon_core.shell:Creating prefix chain script '/home/sweepi/SweePi/install_diagnostic/setup.sh'
[3.496s] INFO:colcon.colcon_core.shell:Creating prefix script '/home/sweepi/SweePi/install_diagnostic/local_setup.bash'
[3.497s] INFO:colcon.colcon_core.shell:Creating prefix chain script '/home/sweepi/SweePi/install_diagnostic/setup.bash'
[3.499s] INFO:colcon.colcon_core.shell:Creating prefix script '/home/sweepi/SweePi/install_diagnostic/local_setup.zsh'
[3.500s] INFO:colcon.colcon_core.shell:Creating prefix chain script '/home/sweepi/SweePi/install_diagnostic/setup.zsh'
